date;tmin;tmax;month;day;year;yearday;output
2008-01-01;7.2;14.4;1;1;2008;1;10.8
2008-01-02;9.6;14.0;1;2;2008;2;11.8
2008-01-03;8.2;12.3;1;3;2008;3;10.2
2008-01-04;7.4;14.2;1;4;2008;4;10.8
2008-01-05;12.0;17.0;1;5;2008;5;14.5
2008-01-06;12.4;16.8;1;6;2008;6;14.6
2008-01-07;9.8;13.6;1;7;2008;7;11.7
2008-01-08;7.0;13.2;1;8;2008;8;10.1
2008-01-09;10.8;12.6;1;9;2008;9;11.7
2008-01-10;11.4;15.4;1;10;2008;10;13.4
2008-01-11;7.4;13.0;1;11;2008;11;10.2
2008-01-12;8.4;13.4;1;12;2008;12;10.9
2008-01-13;9.8;13.5;1;13;2008;13;11.6
2008-01-14;9.6;14.6;1;14;2008;14;12.1
2008-01-15;11.2;15.4;1;15;2008;15;13.3
2008-01-16;10.4;14.6;1;16;2008;16;12.5
2008-01-17;12.6;16.2;1;17;2008;17;14.4
2008-01-18;13.8;16.5;1;18;2008;18;15.2
2008-01-19;10.0;17.0;1;19;2008;19;13.5
2008-01-20;9.2;19.6;1;20;2008;20;14.4
2008-01-21;9.7;16.2;1;21;2008;21;13.0
2008-01-22;9.8;13.8;1;22;2008;22;11.8
2008-01-23;7.4;16.0;1;23;2008;23;11.7
2008-01-24;10.3;15.9;1;24;2008;24;13.1
2008-01-25;10.7;16.5;1;25;2008;25;13.6
2008-01-26;9.5;17.6;1;26;2008;26;13.6
2008-01-27;8.4;16.6;1;27;2008;27;12.5
2008-01-28;6.8;13.4;1;28;2008;28;10.1
2008-01-29;5.2;14.4;1;29;2008;29;9.8
2008-01-30;7.2;12.0;1;30;2008;30;9.6
2008-01-31;5.0;12.2;1;31;2008;31;8.6
2008-02-01;9.7;14.2;2;1;2008;32;12.0
2008-02-02;6.2;12.6;2;2;2008;33;9.4
2008-02-03;7.0;12.4;2;3;2008;34;9.7
2008-02-04;7.2;14.8;2;4;2008;35;11.0
2008-02-05;12.2;17.6;2;5;2008;36;14.9
2008-02-06;11.8;18.5;2;6;2008;37;15.2
2008-02-07;10.0;21.9;2;7;2008;38;16.0
2008-02-08;9.4;20.4;2;8;2008;39;14.9
2008-02-09;11.2;22.2;2;9;2008;40;16.7
2008-02-10;9.4;18.6;2;10;2008;41;14.0
2008-02-11;9.1;19.1;2;11;2008;42;14.1
2008-02-12;8.1;19.0;2;12;2008;43;13.6
2008-02-13;9.0;18.0;2;13;2008;44;13.5
2008-02-14;7.7;17.9;2;14;2008;45;12.8
2008-02-15;8.4;18.6;2;15;2008;46;13.5
2008-02-16;9.4;17.0;2;16;2008;47;13.2
2008-02-17;9.2;18.8;2;17;2008;48;14.0
2008-02-18;11.6;17.4;2;18;2008;49;14.5
2008-02-19;13.2;16.6;2;19;2008;50;14.9
2008-02-20;13.0;19.2;2;20;2008;51;16.1
2008-02-21;9.5;18.6;2;21;2008;52;14.0
2008-02-22;10.2;18.8;2;22;2008;53;14.5
2008-02-23;10.4;22.4;2;23;2008;54;16.4
2008-02-24;12.5;17.6;2;24;2008;55;15.0
2008-02-25;11.4;17.6;2;25;2008;56;14.5
2008-02-26;13.0;16.7;2;26;2008;57;14.8
2008-02-27;13.2;16.6;2;27;2008;58;14.9
2008-02-28;11.2;19.8;2;28;2008;59;15.5
2008-02-29;12.8;16.6;2;29;2008;60;14.7
2008-03-01;11.4;15.6;3;1;2008;61;13.5
2008-03-02;9.4;14.6;3;2;2008;62;12.0
2008-03-03;10.8;13.5;3;3;2008;63;12.2
2008-03-04;9.1;12.6;3;4;2008;64;10.8
2008-03-05;8.6;13.4;3;5;2008;65;11.0
2008-03-06;6.5;15.0;3;6;2008;66;10.8
2008-03-07;4.0;14.0;3;7;2008;67;9.0
2008-03-08;10.2;13.0;3;8;2008;68;11.6
2008-03-09;9.2;13.6;3;9;2008;69;11.4
2008-03-10;9.5;14.4;3;10;2008;70;12.0
2008-03-11;11.8;16.6;3;11;2008;71;14.2
2008-03-12;13.0;18.5;3;12;2008;72;15.8
2008-03-13;10.4;17.6;3;13;2008;73;14.0
2008-03-14;9.0;16.0;3;14;2008;74;12.5
2008-03-15;11.6;15.8;3;15;2008;75;13.7
2008-03-16;11.2;17.0;3;16;2008;76;14.1
2008-03-17;9.9;14.6;3;17;2008;77;12.2
2008-03-18;9.0;14.4;3;18;2008;78;11.7
2008-03-19;8.8;13.6;3;19;2008;79;11.2
2008-03-20;8.8;13.2;3;20;2008;80;11.0
2008-03-21;8.0;14.0;3;21;2008;81;11.0
2008-03-22;6.6;11.7;3;22;2008;82;9.2
2008-03-23;5.5;12.5;3;23;2008;83;9.0
2008-03-24;9.3;15.0;3;24;2008;84;12.2
2008-03-25;10.4;14.8;3;25;2008;85;12.6
2008-03-26;8.6;12.6;3;26;2008;86;10.6
2008-03-27;8.2;14.5;3;27;2008;87;11.4
2008-03-28;9.6;17.0;3;28;2008;88;13.3
2008-03-29;6.8;18.6;3;29;2008;89;12.7
2008-03-30;7.8;14.6;3;30;2008;90;11.2
2008-03-31;10.0;16.4;3;31;2008;91;13.2
2008-04-01;12.2;18.4;4;1;2008;92;15.3
2008-04-02;9.8;19.6;4;2;2008;93;14.7
2008-04-03;10.8;22.7;4;3;2008;94;16.8
2008-04-04;10.9;22.8;4;4;2008;95;16.8
2008-04-05;11.5;22.7;4;5;2008;96;17.1
2008-04-06;9.2;17.0;4;6;2008;97;13.1
2008-04-07;7.6;12.8;4;7;2008;98;10.2
2008-04-08;9.4;13.0;4;8;2008;99;11.2
2008-04-09;8.2;9.8;4;9;2008;100;9.0
2008-04-10;7.5;11.0;4;10;2008;101;9.2
2008-04-11;7.8;14.8;4;11;2008;102;11.3
2008-04-12;9.6;16.0;4;12;2008;103;12.8
2008-04-13;10.0;15.2;4;13;2008;104;12.6
2008-04-14;7.4;15.2;4;14;2008;105;11.3
2008-04-15;8.8;20.6;4;15;2008;106;14.7
2008-04-16;11.0;21.7;4;16;2008;107;16.4
2008-04-17;9.8;14.8;4;17;2008;108;12.3
2008-04-18;8.8;15.0;4;18;2008;109;11.9
2008-04-19;10.0;14.8;4;19;2008;110;12.4
2008-04-20;10.0;15.2;4;20;2008;111;12.6
2008-04-21;11.0;16.6;4;21;2008;112;13.8
2008-04-22;12.0;17.5;4;22;2008;113;14.8
2008-04-23;11.0;17.6;4;23;2008;114;14.3
2008-04-24;13.4;18.6;4;24;2008;115;16.0
2008-04-25;11.7;25.2;4;25;2008;116;18.4
2008-04-26;13.5;22.5;4;26;2008;117;18.0
2008-04-27;12.4;18.2;4;27;2008;118;15.3
2008-04-28;11.0;16.7;4;28;2008;119;13.8
2008-04-29;10.8;16.2;4;29;2008;120;13.5
2008-04-30;10.3;16.5;4;30;2008;121;13.4
2008-05-01;9.9;16.1;5;1;2008;122;13.0
2008-05-02;10.0;19.5;5;2;2008;123;14.8
2008-05-03;15.6;24.4;5;3;2008;124;20.0
2008-05-04;13.0;17.3;5;4;2008;125;15.2
2008-05-05;11.5;19.2;5;5;2008;126;15.4
2008-05-06;13.6;18.5;5;6;2008;127;16.0
2008-05-07;13.6;19.2;5;7;2008;128;16.4
2008-05-08;13.6;19.0;5;8;2008;129;16.3
2008-05-09;12.8;17.4;5;9;2008;130;15.1
2008-05-10;12.7;15.1;5;10;2008;131;13.9
2008-05-11;13.0;16.2;5;11;2008;132;14.6
2008-05-12;13.1;19.4;5;12;2008;133;16.2
2008-05-13;13.0;18.6;5;13;2008;134;15.8
2008-05-14;12.0;16.1;5;14;2008;135;14.0
2008-05-15;12.0;17.5;5;15;2008;136;14.8
2008-05-16;12.6;18.4;5;16;2008;137;15.5
2008-05-17;13.4;18.5;5;17;2008;138;16.0
2008-05-18;12.8;17.4;5;18;2008;139;15.1
2008-05-19;12.4;18.0;5;19;2008;140;15.2
2008-05-20;11.0;20.3;5;20;2008;141;15.6
2008-05-21;14.8;21.0;5;21;2008;142;17.9
2008-05-22;13.8;20.5;5;22;2008;143;17.2
2008-05-23;12.8;16.5;5;23;2008;144;14.6
2008-05-24;11.6;17.5;5;24;2008;145;14.6
2008-05-25;9.0;18.0;5;25;2008;146;13.5
2008-05-26;12.2;17.6;5;26;2008;147;14.9
2008-05-27;13.0;17.4;5;27;2008;148;15.2
2008-05-28;12.5;19.6;5;28;2008;149;16.0
2008-05-29;13.0;17.2;5;29;2008;150;15.1
2008-05-30;13.4;18.4;5;30;2008;151;15.9
2008-05-31;11.4;18.8;5;31;2008;152;15.1
2008-06-01;14.6;19.6;6;1;2008;153;17.1
2008-06-02;13.6;20.0;6;2;2008;154;16.8
2008-06-03;13.0;18.6;6;3;2008;155;15.8
2008-06-04;14.6;17.9;6;4;2008;156;16.2
2008-06-05;14.4;20.0;6;5;2008;157;17.2
2008-06-06;13.5;18.6;6;6;2008;158;16.0
2008-06-07;12.1;18.8;6;7;2008;159;15.4
2008-06-08;13.4;19.8;6;8;2008;160;16.6
2008-06-09;14.5;19.0;6;9;2008;161;16.8
2008-06-10;15.4;19.9;6;10;2008;162;17.6
2008-06-11;15.0;19.5;6;11;2008;163;17.2
2008-06-12;15.4;21.2;6;12;2008;164;18.3
2008-06-13;15.0;19.6;6;13;2008;165;17.3
2008-06-14;12.2;20.4;6;14;2008;166;16.3
2008-06-15;13.6;21.6;6;15;2008;167;17.6
2008-06-16;14.6;18.1;6;16;2008;168;16.4
2008-06-17;11.8;19.2;6;17;2008;169;15.5
2008-06-18;12.1;20.2;6;18;2008;170;16.2
2008-06-19;15.6;22.6;6;19;2008;171;19.1
2008-06-20;17.5;24.8;6;20;2008;172;21.2
2008-06-21;17.6;25.0;6;21;2008;173;21.3
2008-06-22;17.6;21.1;6;22;2008;174;19.4
2008-06-23;17.6;22.2;6;23;2008;175;19.9
2008-06-24;17.4;22.3;6;24;2008;176;19.8
2008-06-25;16.4;20.7;6;25;2008;177;18.6
2008-06-26;16.6;21.2;6;26;2008;178;18.9
2008-06-27;16.0;21.2;6;27;2008;179;18.6
2008-06-28;14.6;21.4;6;28;2008;180;18.0
2008-06-29;15.2;21.0;6;29;2008;181;18.1
2008-06-30;15.8;23.0;6;30;2008;182;19.4
2008-07-01;17.7;23.5;7;1;2008;183;20.6
2008-07-02;14.7;22.0;7;2;2008;184;18.4
2008-07-03;14.4;21.2;7;3;2008;185;17.8
2008-07-04;16.8;23.6;7;4;2008;186;20.2
2008-07-05;15.4;21.4;7;5;2008;187;18.4
2008-07-06;14.8;21.4;7;6;2008;188;18.1
2008-07-07;14.2;20.6;7;7;2008;189;17.4
2008-07-08;14.5;21.8;7;8;2008;190;18.2
2008-07-09;13.8;25.0;7;9;2008;191;19.4
2008-07-10;17.1;24.1;7;10;2008;192;20.6
2008-07-11;16.2;22.0;7;11;2008;193;19.1
2008-07-12;15.0;20.4;7;12;2008;194;17.7
2008-07-13;15.2;20.9;7;13;2008;195;18.0
2008-07-14;14.3;23.0;7;14;2008;196;18.6
2008-07-15;16.2;25.7;7;15;2008;197;21.0
2008-07-16;16.7;23.6;7;16;2008;198;20.2
2008-07-17;16.4;20.4;7;17;2008;199;18.4
2008-07-18;15.6;22.5;7;18;2008;200;19.0
2008-07-19;15.8;22.4;7;19;2008;201;19.1
2008-07-20;16.8;20.8;7;20;2008;202;18.8
2008-07-21;16.9;25.0;7;21;2008;203;21.0
2008-07-22;16.4;28.5;7;22;2008;204;22.4
2008-07-23;15.8;26.2;7;23;2008;205;21.0
2008-07-24;17.8;20.6;7;24;2008;206;19.2
2008-07-25;17.2;24.0;7;25;2008;207;20.6
2008-07-26;16.7;22.0;7;26;2008;208;19.4
2008-07-27;16.4;26.7;7;27;2008;209;21.6
2008-07-28;16.8;22.2;7;28;2008;210;19.5
2008-07-29;14.2;22.8;7;29;2008;211;18.5
2008-07-30;17.2;27.2;7;30;2008;212;22.2
2008-07-31;17.4;25.4;7;31;2008;213;21.4
2008-08-01;17.1;23.4;8;1;2008;214;20.2
2008-08-02;18.6;26.1;8;2;2008;215;22.4
2008-08-03;17.8;25.1;8;3;2008;216;21.4
2008-08-04;19.0;24.6;8;4;2008;217;21.8
2008-08-05;18.8;23.6;8;5;2008;218;21.2
2008-08-06;18.1;25.1;8;6;2008;219;21.6
2008-08-07;16.4;23.5;8;7;2008;220;20.0
2008-08-08;17.4;22.5;8;8;2008;221;20.0
2008-08-09;15.3;22.6;8;9;2008;222;19.0
2008-08-10;16.4;20.8;8;10;2008;223;18.6
2008-08-11;17.1;24.0;8;11;2008;224;20.6
2008-08-12;16.1;22.4;8;12;2008;225;19.2
2008-08-13;16.0;23.0;8;13;2008;226;19.5
2008-08-14;15.6;22.2;8;14;2008;227;18.9
2008-08-15;15.1;22.1;8;15;2008;228;18.6
2008-08-16;15.8;23.0;8;16;2008;229;19.4
2008-08-17;17.8;25.4;8;17;2008;230;21.6
2008-08-18;17.2;22.8;8;18;2008;231;20.0
2008-08-19;16.8;22.3;8;19;2008;232;19.6
2008-08-20;16.4;22.5;8;20;2008;233;19.4
2008-08-21;17.2;23.4;8;21;2008;234;20.3
2008-08-22;16.6;20.5;8;22;2008;235;18.6
2008-08-23;14.8;21.4;8;23;2008;236;18.1
2008-08-24;16.8;21.4;8;24;2008;237;19.1
2008-08-25;15.0;21.6;8;25;2008;238;18.3
2008-08-26;16.1;26.6;8;26;2008;239;21.4
2008-08-27;17.4;27.3;8;27;2008;240;22.4
2008-08-28;18.8;29.6;8;28;2008;241;24.2
2008-08-29;19.2;26.8;8;29;2008;242;23.0
2008-08-30;18.4;22.6;8;30;2008;243;20.5
2008-08-31;18.1;22.0;8;31;2008;244;20.0
2008-09-01;17.1;21.7;9;1;2008;245;19.4
2008-09-02;17.0;23.1;9;2;2008;246;20.0
2008-09-03;13.6;17.6;9;3;2008;247;15.6
2008-09-04;12.8;20.4;9;4;2008;248;16.6
2008-09-05;15.8;22.0;9;5;2008;249;18.9
2008-09-06;15.0;20.0;9;6;2008;250;17.5
2008-09-07;13.2;21.8;9;7;2008;251;17.5
2008-09-08;14.2;26.2;9;8;2008;252;20.2
2008-09-09;18.4;26.0;9;9;2008;253;22.2
2008-09-10;16.2;24.0;9;10;2008;254;20.1
2008-09-11;15.2;20.0;9;11;2008;255;17.6
2008-09-12;15.0;19.4;9;12;2008;256;17.2
2008-09-13;13.2;19.8;9;13;2008;257;16.5
2008-09-14;12.6;23.0;9;14;2008;258;17.8
2008-09-15;13.8;22.6;9;15;2008;259;18.2
2008-09-16;14.4;23.8;9;16;2008;260;19.1
2008-09-17;16.4;20.4;9;17;2008;261;18.4
2008-09-18;14.5;20.6;9;18;2008;262;17.6
2008-09-19;13.6;22.6;9;19;2008;263;18.1
2008-09-20;14.6;25.6;9;20;2008;264;20.1
2008-09-21;17.2;23.2;9;21;2008;265;20.2
2008-09-22;16.0;21.8;9;22;2008;266;18.9
2008-09-23;15.4;21.6;9;23;2008;267;18.5
2008-09-24;14.1;22.6;9;24;2008;268;18.4
2008-09-25;14.5;22.6;9;25;2008;269;18.6
2008-09-26;13.3;23.3;9;26;2008;270;18.3
2008-09-27;13.4;23.4;9;27;2008;271;18.4
2008-09-28;13.0;23.0;9;28;2008;272;18.0
2008-09-29;13.8;18.8;9;29;2008;273;16.3
2008-09-30;14.0;18.0;9;30;2008;274;16.0
2008-10-01;14.6;19.4;10;1;2008;275;17.0
2008-10-02;13.4;19.0;10;2;2008;276;16.2
2008-10-03;11.6;17.4;10;3;2008;277;14.5
2008-10-04;9.2;17.6;10;4;2008;278;13.4
2008-10-05;12.4;20.8;10;5;2008;279;16.6
2008-10-06;16.5;22.0;10;6;2008;280;19.2
2008-10-07;15.0;20.0;10;7;2008;281;17.5
2008-10-08;13.4;19.2;10;8;2008;282;16.3
2008-10-09;11.0;20.3;10;9;2008;283;15.6
2008-10-10;11.3;22.0;10;10;2008;284;16.6
2008-10-11;17.3;26.0;10;11;2008;285;21.6
2008-10-12;15.2;24.2;10;12;2008;286;19.7
2008-10-13;14.2;21.0;10;13;2008;287;17.6
2008-10-14;14.3;21.2;10;14;2008;288;17.8
2008-10-15;14.2;22.4;10;15;2008;289;18.3
2008-10-16;15.2;18.9;10;16;2008;290;17.0
2008-10-17;14.2;18.4;10;17;2008;291;16.3
2008-10-18;13.2;17.6;10;18;2008;292;15.4
2008-10-19;12.0;23.6;10;19;2008;293;17.8
2008-10-20;13.0;20.5;10;20;2008;294;16.8
2008-10-21;10.7;16.4;10;21;2008;295;13.6
2008-10-22;10.4;16.4;10;22;2008;296;13.4
2008-10-23;9.0;17.4;10;23;2008;297;13.2
2008-10-24;9.5;18.2;10;24;2008;298;13.8
2008-10-25;8.7;19.8;10;25;2008;299;14.2
2008-10-26;8.5;18.4;10;26;2008;300;13.4
2008-10-27;10.3;16.2;10;27;2008;301;13.2
2008-10-28;10.0;13.7;10;28;2008;302;11.8
2008-10-29;9.8;13.5;10;29;2008;303;11.6
2008-10-30;10.4;15.8;10;30;2008;304;13.1
2008-10-31;8.0;11.8;10;31;2008;305;9.9
2008-11-01;8.6;12.6;11;1;2008;306;10.6
2008-11-02;8.9;14.8;11;2;2008;307;11.8
2008-11-03;10.4;13.5;11;3;2008;308;12.0
2008-11-04;11.4;14.5;11;4;2008;309;13.0
2008-11-05;11.0;17.2;11;5;2008;310;14.1
2008-11-06;9.0;16.7;11;6;2008;311;12.8
2008-11-07;11.3;15.0;11;7;2008;312;13.2
2008-11-08;11.4;17.3;11;8;2008;313;14.4
2008-11-09;14.8;17.7;11;9;2008;314;16.2
2008-11-10;10.5;17.0;11;10;2008;315;13.8
2008-11-11;9.7;16.2;11;11;2008;316;13.0
2008-11-12;11.4;14.4;11;12;2008;317;12.9
2008-11-13;7.5;15.5;11;13;2008;318;11.5
2008-11-14;7.6;15.5;11;14;2008;319;11.6
2008-11-15;8.3;17.5;11;15;2008;320;12.9
2008-11-16;8.8;17.5;11;16;2008;321;13.2
2008-11-17;8.0;17.8;11;17;2008;322;12.9
2008-11-18;11.0;13.6;11;18;2008;323;12.3
2008-11-19;11.2;16.4;11;19;2008;324;13.8
2008-11-20;11.0;15.5;11;20;2008;325;13.2
2008-11-21;11.6;15.0;11;21;2008;326;13.3
2008-11-22;12.6;15.2;11;22;2008;327;13.9
2008-11-23;11.5;14.6;11;23;2008;328;13.0
2008-11-24;9.1;12.7;11;24;2008;329;10.9
2008-11-25;7.5;11.6;11;25;2008;330;9.6
2008-11-26;6.6;11.7;11;26;2008;331;9.2
2008-11-27;4.5;11.5;11;27;2008;332;8.0
2008-11-28;6.4;11.9;11;28;2008;333;9.2
2008-11-29;6.1;10.6;11;29;2008;334;8.4
2008-11-30;5.6;11.7;11;30;2008;335;8.6
2008-12-01;4.6;10.5;12;1;2008;336;7.6
2008-12-02;4.2;12.1;12;2;2008;337;8.2
2008-12-03;9.2;13.2;12;3;2008;338;11.2
2008-12-04;10.4;15.0;12;4;2008;339;12.7
2008-12-05;11.8;14.5;12;5;2008;340;13.2
2008-12-06;12.4;16.0;12;6;2008;341;14.2
2008-12-07;11.7;15.5;12;7;2008;342;13.6
2008-12-08;9.4;12.9;12;8;2008;343;11.2
2008-12-09;9.3;12.0;12;9;2008;344;10.6
2008-12-10;9.1;12.0;12;10;2008;345;10.6
2008-12-11;8.7;11.8;12;11;2008;346;10.2
2008-12-12;8.4;13.0;12;12;2008;347;10.7
2008-12-13;7.0;13.6;12;13;2008;348;10.3
2008-12-14;6.2;10.0;12;14;2008;349;8.1
2008-12-15;6.5;11.6;12;15;2008;350;9.0
2008-12-16;9.6;12.4;12;16;2008;351;11.0
2008-12-17;9.2;12.5;12;17;2008;352;10.8
2008-12-18;9.6;12.6;12;18;2008;353;11.1
2008-12-19;8.2;14.2;12;19;2008;354;11.2
2008-12-20;6.2;13.6;12;20;2008;355;9.9
2008-12-21;7.0;16.6;12;21;2008;356;11.8
2008-12-22;7.2;18.2;12;22;2008;357;12.7
2008-12-23;6.6;15.0;12;23;2008;358;10.8
2008-12-24;3.6;14.6;12;24;2008;359;9.1
2008-12-25;3.3;13.6;12;25;2008;360;8.4
2008-12-26;5.6;11.8;12;26;2008;361;8.7
2008-12-27;5.8;11.6;12;27;2008;362;8.7
2008-12-28;9.4;15.2;12;28;2008;363;12.3
2008-12-29;10.9;15.3;12;29;2008;364;13.1
2008-12-30;11.0;17.3;12;30;2008;365;14.2
2008-12-31;12.8;15.7;12;31;2008;366;14.2
2009-01-01;11.4;16.2;1;1;2009;1;13.8
2009-01-02;11.2;15.4;1;2;2009;2;13.3
2009-01-03;9.4;13.4;1;3;2009;3;11.4
2009-01-04;8.6;9.6;1;4;2009;4;9.1
2009-01-05;7.0;9.0;1;5;2009;5;8.0
2009-01-06;4.8;9.2;1;6;2009;6;7.0
2009-01-07;5.4;7.4;1;7;2009;7;6.4
2009-01-08;4.6;10.0;1;8;2009;8;7.3
2009-01-09;2.7;8.0;1;9;2009;9;5.4
2009-01-10;1.5;11.5;1;10;2009;10;6.5
2009-01-11;3.6;12.5;1;11;2009;11;8.0
2009-01-12;6.0;12.3;1;12;2009;12;9.2
2009-01-13;7.6;13.8;1;13;2009;13;10.7
2009-01-14;5.5;13.3;1;14;2009;14;9.4
2009-01-15;8.6;11.6;1;15;2009;15;10.1
2009-01-16;5.9;12.7;1;16;2009;16;9.3
2009-01-17;8.2;13.6;1;17;2009;17;10.9
2009-01-18;12.4;15.1;1;18;2009;18;13.8
2009-01-19;6.4;14.6;1;19;2009;19;10.5
2009-01-20;4.8;8.8;1;20;2009;20;6.8
2009-01-21;6.6;13.2;1;21;2009;21;9.9
2009-01-22;13.0;15.6;1;22;2009;22;14.3
2009-01-23;11.2;15.9;1;23;2009;23;13.6
2009-01-24;10.2;13.6;1;24;2009;24;11.9
2009-01-25;6.6;12.4;1;25;2009;25;9.5
2009-01-26;6.8;12.8;1;26;2009;26;9.8
2009-01-27;10.2;14.3;1;27;2009;27;12.2
2009-01-28;11.1;14.3;1;28;2009;28;12.7
2009-01-29;13.2;17.7;1;29;2009;29;15.4
2009-01-30;9.0;15.0;1;30;2009;30;12.0
2009-01-31;8.6;12.6;1;31;2009;31;10.6
2009-02-01;8.8;13.8;2;1;2009;32;11.3
2009-02-02;6.2;9.8;2;2;2009;33;8.0
2009-02-03;5.6;10.4;2;3;2009;34;8.0
2009-02-04;7.3;11.5;2;4;2009;35;9.4
2009-02-05;7.0;11.6;2;5;2009;36;9.3
2009-02-06;5.0;9.4;2;6;2009;37;7.2
2009-02-07;4.6;10.6;2;7;2009;38;7.6
2009-02-08;7.4;14.0;2;8;2009;39;10.7
2009-02-09;10.2;16.8;2;9;2009;40;13.5
2009-02-10;9.1;13.4;2;10;2009;41;11.2
2009-02-11;9.6;13.7;2;11;2009;42;11.6
2009-02-12;9.6;14.0;2;12;2009;43;11.8
2009-02-13;7.0;14.8;2;13;2009;44;10.9
2009-02-14;6.2;15.4;2;14;2009;45;10.8
2009-02-15;6.0;14.8;2;15;2009;46;10.4
2009-02-16;4.9;15.5;2;16;2009;47;10.2
2009-02-17;5.4;15.8;2;17;2009;48;10.6
2009-02-18;5.6;14.6;2;18;2009;49;10.1
2009-02-19;6.3;13.9;2;19;2009;50;10.1
2009-02-20;6.6;14.0;2;20;2009;51;10.3
2009-02-21;6.7;17.6;2;21;2009;52;12.2
2009-02-22;8.0;15.4;2;22;2009;53;11.7
2009-02-23;6.9;15.5;2;23;2009;54;11.2
2009-02-24;7.2;18.0;2;24;2009;55;12.6
2009-02-25;7.4;17.0;2;25;2009;56;12.2
2009-02-26;8.1;16.8;2;26;2009;57;12.4
2009-02-27;8.4;19.6;2;27;2009;58;14.0
2009-02-28;8.6;12.6;2;28;2009;59;10.6
2009-03-01;9.1;11.9;3;1;2009;60;10.5
2009-03-02;7.9;14.2;3;2;2009;61;11.0
2009-03-03;5.6;13.1;3;3;2009;62;9.4
2009-03-04;8.8;11.4;3;4;2009;63;10.1
2009-03-05;8.6;12.4;3;5;2009;64;10.5
2009-03-06;9.6;12.8;3;6;2009;65;11.2
2009-03-07;11.2;13.2;3;7;2009;66;12.2
2009-03-08;9.0;15.8;3;8;2009;67;12.4
2009-03-09;7.6;13.4;3;9;2009;68;10.5
2009-03-10;5.2;13.4;3;10;2009;69;9.3
2009-03-11;5.8;16.4;3;11;2009;70;11.1
2009-03-12;7.7;20.6;3;12;2009;71;14.2
2009-03-13;10.0;20.2;3;13;2009;72;15.1
2009-03-14;9.0;14.8;3;14;2009;73;11.9
2009-03-15;11.3;19.8;3;15;2009;74;15.6
2009-03-16;10.8;21.6;3;16;2009;75;16.2
2009-03-17;13.1;24.2;3;17;2009;76;18.6
2009-03-18;12.5;24.4;3;18;2009;77;18.4
2009-03-19;12.4;24.5;3;19;2009;78;18.4
2009-03-20;9.3;16.2;3;20;2009;79;12.8
2009-03-21;8.6;19.4;3;21;2009;80;14.0
2009-03-22;8.6;17.0;3;22;2009;81;12.8
2009-03-23;8.5;19.2;3;23;2009;82;13.8
2009-03-24;9.9;16.6;3;24;2009;83;13.2
2009-03-25;8.5;13.7;3;25;2009;84;11.1
2009-03-26;7.2;14.0;3;26;2009;85;10.6
2009-03-27;10.2;14.8;3;27;2009;86;12.5
2009-03-28;7.2;12.4;3;28;2009;87;9.8
2009-03-29;6.9;12.2;3;29;2009;88;9.6
2009-03-30;5.2;13.7;3;30;2009;89;9.4
2009-03-31;7.3;16.0;3;31;2009;90;11.6
2009-04-01;6.4;14.6;4;1;2009;91;10.5
2009-04-02;7.0;14.8;4;2;2009;92;10.9
2009-04-03;6.0;14.3;4;3;2009;93;10.2
2009-04-04;11.1;15.4;4;4;2009;94;13.2
2009-04-05;8.0;16.0;4;5;2009;95;12.0
2009-04-06;9.2;13.8;4;6;2009;96;11.5
2009-04-07;8.3;15.3;4;7;2009;97;11.8
2009-04-08;10.7;17.2;4;8;2009;98;14.0
2009-04-09;8.6;16.8;4;9;2009;99;12.7
2009-04-10;7.9;14.1;4;10;2009;100;11.0
2009-04-11;9.5;15.3;4;11;2009;101;12.4
2009-04-12;10.5;15.5;4;12;2009;102;13.0
2009-04-13;10.2;15.5;4;13;2009;103;12.8
2009-04-14;8.5;14.4;4;14;2009;104;11.4
2009-04-15;8.3;14.2;4;15;2009;105;11.2
2009-04-16;8.6;15.5;4;16;2009;106;12.0
2009-04-17;9.6;15.4;4;17;2009;107;12.5
2009-04-18;10.2;15.8;4;18;2009;108;13.0
2009-04-19;8.7;16.0;4;19;2009;109;12.4
2009-04-20;8.0;16.2;4;20;2009;110;12.1
2009-04-21;8.8;16.6;4;21;2009;111;12.7
2009-04-22;9.4;19.2;4;22;2009;112;14.3
2009-04-23;10.2;19.4;4;23;2009;113;14.8
2009-04-24;10.8;15.4;4;24;2009;114;13.1
2009-04-25;8.4;15.4;4;25;2009;115;11.9
2009-04-26;8.0;15.0;4;26;2009;116;11.5
2009-04-27;10.6;15.5;4;27;2009;117;13.0
2009-04-28;10.7;17.6;4;28;2009;118;14.2
2009-04-29;11.4;16.6;4;29;2009;119;14.0
2009-04-30;11.2;14.8;4;30;2009;120;13.0
2009-05-01;8.4;15.0;5;1;2009;121;11.7
2009-05-02;8.5;20.2;5;2;2009;122;14.4
2009-05-03;12.3;18.4;5;3;2009;123;15.4
2009-05-04;12.0;18.2;5;4;2009;124;15.1
2009-05-05;11.4;18.5;5;5;2009;125;15.0
2009-05-06;11.7;20.0;5;6;2009;126;15.8
2009-05-07;12.5;16.5;5;7;2009;127;14.5
2009-05-08;12.2;17.2;5;8;2009;128;14.7
2009-05-09;12.6;17.7;5;9;2009;129;15.2
2009-05-10;12.0;21.6;5;10;2009;130;16.8
2009-05-11;13.0;17.6;5;11;2009;131;15.3
2009-05-12;13.6;16.5;5;12;2009;132;15.0
2009-05-13;11.6;18.1;5;13;2009;133;14.8
2009-05-14;11.3;16.2;5;14;2009;134;13.8
2009-05-15;10.2;17.4;5;15;2009;135;13.8
2009-05-16;12.1;16.0;5;16;2009;136;14.0
2009-05-17;11.4;16.6;5;17;2009;137;14.0
2009-05-18;11.0;17.5;5;18;2009;138;14.2
2009-05-19;10.2;19.4;5;19;2009;139;14.8
2009-05-20;10.8;19.2;5;20;2009;140;15.0
2009-05-21;13.7;19.0;5;21;2009;141;16.4
2009-05-22;12.8;20.2;5;22;2009;142;16.5
2009-05-23;13.1;18.4;5;23;2009;143;15.8
2009-05-24;13.0;15.4;5;24;2009;144;14.2
2009-05-25;12.2;13.6;5;25;2009;145;12.9
2009-05-26;12.0;16.2;5;26;2009;146;14.1
2009-05-27;10.8;17.6;5;27;2009;147;14.2
2009-05-28;12.0;25.4;5;28;2009;148;18.7
2009-05-29;15.6;30.0;5;29;2009;149;22.8
2009-05-30;13.8;19.0;5;30;2009;150;16.4
2009-05-31;13.2;25.5;5;31;2009;151;19.4
2009-06-01;14.8;27.5;6;1;2009;152;21.2
2009-06-02;14.3;24.6;6;2;2009;153;19.4
2009-06-03;14.1;19.4;6;3;2009;154;16.8
2009-06-04;14.7;19.6;6;4;2009;155;17.2
2009-06-05;13.6;19.5;6;5;2009;156;16.6
2009-06-06;14.4;18.0;6;6;2009;157;16.2
2009-06-07;13.4;17.6;6;7;2009;158;15.5
2009-06-08;12.2;19.6;6;8;2009;159;15.9
2009-06-09;13.3;20.2;6;9;2009;160;16.8
2009-06-10;15.2;21.0;6;10;2009;161;18.1
2009-06-11;14.6;20.1;6;11;2009;162;17.4
2009-06-12;13.4;20.2;6;12;2009;163;16.8
2009-06-13;15.0;19.6;6;13;2009;164;17.3
2009-06-14;16.0;19.2;6;14;2009;165;17.6
2009-06-15;15.0;19.2;6;15;2009;166;17.1
2009-06-16;14.6;22.9;6;16;2009;167;18.8
2009-06-17;14.7;21.1;6;17;2009;168;17.9
2009-06-18;14.8;20.6;6;18;2009;169;17.7
2009-06-19;15.5;20.0;6;19;2009;170;17.8
2009-06-20;15.8;22.6;6;20;2009;171;19.2
2009-06-21;14.6;24.8;6;21;2009;172;19.7
2009-06-22;15.8;28.4;6;22;2009;173;22.1
2009-06-23;15.5;21.6;6;23;2009;174;18.6
2009-06-24;14.2;21.8;6;24;2009;175;18.0
2009-06-25;16.6;23.6;6;25;2009;176;20.1
2009-06-26;16.0;20.5;6;26;2009;177;18.2
2009-06-27;14.6;24.6;6;27;2009;178;19.6
2009-06-28;15.9;20.4;6;28;2009;179;18.2
2009-06-29;16.1;26.5;6;29;2009;180;21.3
2009-06-30;20.0;27.4;6;30;2009;181;23.7
2009-07-01;18.0;23.8;7;1;2009;182;20.9
2009-07-02;16.5;21.6;7;2;2009;183;19.0
2009-07-03;16.5;21.7;7;3;2009;184;19.1
2009-07-04;16.2;21.6;7;4;2009;185;18.9
2009-07-05;15.4;19.7;7;5;2009;186;17.6
2009-07-06;14.9;21.4;7;6;2009;187;18.2
2009-07-07;15.4;21.4;7;7;2009;188;18.4
2009-07-08;16.0;20.1;7;8;2009;189;18.0
2009-07-09;15.5;20.0;7;9;2009;190;17.8
2009-07-10;16.0;21.4;7;10;2009;191;18.7
2009-07-11;14.8;23.6;7;11;2009;192;19.2
2009-07-12;16.6;20.9;7;12;2009;193;18.8
2009-07-13;15.4;24.5;7;13;2009;194;20.0
2009-07-14;16.2;22.6;7;14;2009;195;19.4
2009-07-15;17.2;22.0;7;15;2009;196;19.6
2009-07-16;15.6;23.6;7;16;2009;197;19.6
2009-07-17;15.4;20.6;7;17;2009;198;18.0
2009-07-18;14.3;21.8;7;18;2009;199;18.0
2009-07-19;17.4;22.4;7;19;2009;200;19.9
2009-07-20;16.0;23.6;7;20;2009;201;19.8
2009-07-21;16.4;22.2;7;21;2009;202;19.3
2009-07-22;15.6;21.0;7;22;2009;203;18.3
2009-07-23;16.0;22.6;7;23;2009;204;19.3
2009-07-24;16.0;22.4;7;24;2009;205;19.2
2009-07-25;14.0;21.4;7;25;2009;206;17.7
2009-07-26;17.2;22.4;7;26;2009;207;19.8
2009-07-27;16.0;21.2;7;27;2009;208;18.6
2009-07-28;14.6;21.8;7;28;2009;209;18.2
2009-07-29;16.0;24.6;7;29;2009;210;20.3
2009-07-30;15.6;21.2;7;30;2009;211;18.4
2009-07-31;14.8;24.6;7;31;2009;212;19.7
2009-08-01;16.4;21.4;8;1;2009;213;18.9
2009-08-02;15.5;21.8;8;2;2009;214;18.6
2009-08-03;17.2;24.4;8;3;2009;215;20.8
2009-08-04;19.0;25.0;8;4;2009;216;22.0
2009-08-05;16.7;19.6;8;5;2009;217;18.2
2009-08-06;15.7;18.8;8;6;2009;218;17.2
2009-08-07;16.6;20.2;8;7;2009;219;18.4
2009-08-08;16.9;21.0;8;8;2009;220;19.0
2009-08-09;15.8;21.2;8;9;2009;221;18.5
2009-08-10;15.8;20.5;8;10;2009;222;18.2
2009-08-11;16.0;22.6;8;11;2009;223;19.3
2009-08-12;16.6;27.4;8;12;2009;224;22.0
2009-08-13;17.0;24.5;8;13;2009;225;20.8
2009-08-14;16.6;28.2;8;14;2009;226;22.4
2009-08-15;17.4;25.2;8;15;2009;227;21.3
2009-08-16;18.1;23.0;8;16;2009;228;20.6
2009-08-17;17.6;23.2;8;17;2009;229;20.4
2009-08-18;16.2;23.2;8;18;2009;230;19.7
2009-08-19;16.5;26.0;8;19;2009;231;21.2
2009-08-20;15.3;22.4;8;20;2009;232;18.8
2009-08-21;14.0;21.8;8;21;2009;233;17.9
2009-08-22;17.4;21.8;8;22;2009;234;19.6
2009-08-23;15.0;23.0;8;23;2009;235;19.0
2009-08-24;15.4;18.8;8;24;2009;236;17.1
2009-08-25;14.3;22.5;8;25;2009;237;18.4
2009-08-26;16.8;25.4;8;26;2009;238;21.1
2009-08-27;18.2;21.4;8;27;2009;239;19.8
2009-08-28;16.6;20.5;8;28;2009;240;18.6
2009-08-29;17.0;23.8;8;29;2009;241;20.4
2009-08-30;15.8;24.9;8;30;2009;242;20.4
2009-08-31;17.0;24.5;8;31;2009;243;20.8
2009-09-01;16.6;23.0;9;1;2009;244;19.8
2009-09-02;15.4;23.4;9;2;2009;245;19.4
2009-09-03;16.8;25.1;9;3;2009;246;21.0
2009-09-04;16.4;20.9;9;4;2009;247;18.6
2009-09-05;15.4;24.4;9;5;2009;248;19.9
2009-09-06;14.5;23.2;9;6;2009;249;18.8
2009-09-07;14.5;23.2;9;7;2009;250;18.8
2009-09-08;14.8;21.4;9;8;2009;251;18.1
2009-09-09;17.0;23.1;9;9;2009;252;20.0
2009-09-10;17.4;26.1;9;10;2009;253;21.8
2009-09-11;19.3;28.8;9;11;2009;254;24.0
2009-09-12;17.8;26.6;9;12;2009;255;22.2
2009-09-13;16.2;25.8;9;13;2009;256;21.0
2009-09-14;16.4;22.4;9;14;2009;257;19.4
2009-09-15;15.2;20.1;9;15;2009;258;17.6
2009-09-16;13.5;19.6;9;16;2009;259;16.6
2009-09-17;13.6;17.5;9;17;2009;260;15.6
2009-09-18;12.8;20.4;9;18;2009;261;16.6
2009-09-19;14.5;19.4;9;19;2009;262;17.0
2009-09-20;14.1;20.0;9;20;2009;263;17.0
2009-09-21;12.4;19.9;9;21;2009;264;16.2
2009-09-22;13.4;23.5;9;22;2009;265;18.4
2009-09-23;15.2;26.2;9;23;2009;266;20.7
2009-09-24;15.0;25.5;9;24;2009;267;20.2
2009-09-25;15.9;23.6;9;25;2009;268;19.8
2009-09-26;15.4;24.2;9;26;2009;269;19.8
2009-09-27;15.0;25.4;9;27;2009;270;20.2
2009-09-28;15.8;25.3;9;28;2009;271;20.6
2009-09-29;15.8;25.0;9;29;2009;272;20.4
2009-09-30;15.3;24.0;9;30;2009;273;19.6
2009-10-01;13.8;21.2;10;1;2009;274;17.5
2009-10-02;14.8;20.6;10;2;2009;275;17.7
2009-10-03;13.4;24.1;10;3;2009;276;18.8
2009-10-04;15.0;24.4;10;4;2009;277;19.7
2009-10-05;19.3;24.2;10;5;2009;278;21.8
2009-10-06;18.6;23.8;10;6;2009;279;21.2
2009-10-07;17.4;21.6;10;7;2009;280;19.5
2009-10-08;16.8;21.2;10;8;2009;281;19.0
2009-10-09;17.2;21.0;10;9;2009;282;19.1
2009-10-10;16.6;21.2;10;10;2009;283;18.9
2009-10-11;17.1;21.0;10;11;2009;284;19.0
2009-10-12;15.0;23.6;10;12;2009;285;19.3
2009-10-13;15.2;22.6;10;13;2009;286;18.9
2009-10-14;12.6;23.6;10;14;2009;287;18.1
2009-10-15;13.0;21.6;10;15;2009;288;17.3
2009-10-16;10.9;19.4;10;16;2009;289;15.2
2009-10-17;9.7;21.1;10;17;2009;290;15.4
2009-10-18;9.0;21.5;10;18;2009;291;15.2
2009-10-19;11.3;19.0;10;19;2009;292;15.2
2009-10-20;11.3;18.4;10;20;2009;293;14.8
2009-10-21;11.2;16.0;10;21;2009;294;13.6
2009-10-22;12.6;18.4;10;22;2009;295;15.5
2009-10-23;14.4;21.4;10;23;2009;296;17.9
2009-10-24;16.4;21.0;10;24;2009;297;18.7
2009-10-25;15.8;22.4;10;25;2009;298;19.1
2009-10-26;16.4;25.6;10;26;2009;299;21.0
2009-10-27;15.0;23.2;10;27;2009;300;19.1
2009-10-28;16.0;27.4;10;28;2009;301;21.7
2009-10-29;18.5;24.0;10;29;2009;302;21.2
2009-10-30;17.5;21.9;10;30;2009;303;19.7
2009-10-31;19.0;22.6;10;31;2009;304;20.8
2009-11-01;14.0;22.2;11;1;2009;305;18.1
2009-11-02;13.6;17.5;11;2;2009;306;15.6
2009-11-03;14.5;19.0;11;3;2009;307;16.8
2009-11-04;12.1;16.4;11;4;2009;308;14.2
2009-11-05;10.0;16.5;11;5;2009;309;13.2
2009-11-06;11.8;16.7;11;6;2009;310;14.2
2009-11-07;12.0;14.6;11;7;2009;311;13.3
2009-11-08;12.2;16.2;11;8;2009;312;14.2
2009-11-09;12.6;15.4;11;9;2009;313;14.0
2009-11-10;13.6;17.5;11;10;2009;314;15.6
2009-11-11;14.5;21.0;11;11;2009;315;17.8
2009-11-12;13.8;19.4;11;12;2009;316;16.6
2009-11-13;13.8;22.2;11;13;2009;317;18.0
2009-11-14;12.7;20.7;11;14;2009;318;16.7
2009-11-15;11.5;18.4;11;15;2009;319;15.0
2009-11-16;12.0;16.4;11;16;2009;320;14.2
2009-11-17;11.4;16.8;11;17;2009;321;14.1
2009-11-18;9.9;17.2;11;18;2009;322;13.6
2009-11-19;8.7;17.8;11;19;2009;323;13.2
2009-11-20;14.6;17.4;11;20;2009;324;16.0
2009-11-21;12.8;17.2;11;21;2009;325;15.0
2009-11-22;12.4;17.5;11;22;2009;326;15.0
2009-11-23;13.2;17.4;11;23;2009;327;15.3
2009-11-24;12.8;17.6;11;24;2009;328;15.2
2009-11-25;10.2;14.8;11;25;2009;329;12.5
2009-11-26;10.0;15.1;11;26;2009;330;12.6
2009-11-27;10.6;14.4;11;27;2009;331;12.5
2009-11-28;9.4;15.0;11;28;2009;332;12.2
2009-11-29;7.6;10.4;11;29;2009;333;9.0
2009-11-30;8.6;13.6;11;30;2009;334;11.1
2009-12-01;9.6;15.8;12;1;2009;335;12.7
2009-12-02;10.8;14.5;12;2;2009;336;12.6
2009-12-03;10.0;13.5;12;3;2009;337;11.8
2009-12-04;10.5;15.4;12;4;2009;338;13.0
2009-12-05;13.5;18.6;12;5;2009;339;16.0
2009-12-06;12.0;17.0;12;6;2009;340;14.5
2009-12-07;11.0;14.6;12;7;2009;341;12.8
2009-12-08;12.8;15.8;12;8;2009;342;14.3
2009-12-09;14.2;18.6;12;9;2009;343;16.4
2009-12-10;13.2;19.2;12;10;2009;344;16.2
2009-12-11;9.6;17.6;12;11;2009;345;13.6
2009-12-12;9.4;14.5;12;12;2009;346;12.0
2009-12-13;6.8;10.9;12;13;2009;347;8.8
2009-12-14;6.2;9.8;12;14;2009;348;8.0
2009-12-15;4.7;10.5;12;15;2009;349;7.6
2009-12-16;4.5;7.5;12;16;2009;350;6.0
2009-12-17;6.2;11.2;12;17;2009;351;8.7
2009-12-18;5.1;11.0;12;18;2009;352;8.0
2009-12-19;4.0;8.6;12;19;2009;353;6.3
2009-12-20;1.0;9.4;12;20;2009;354;5.2
2009-12-21;2.2;14.6;12;21;2009;355;8.4
2009-12-22;6.4;10.0;12;22;2009;356;8.2
2009-12-23;5.4;11.6;12;23;2009;357;8.5
2009-12-24;6.5;10.4;12;24;2009;358;8.4
2009-12-25;4.8;12.5;12;25;2009;359;8.6
2009-12-26;4.6;12.6;12;26;2009;360;8.6
2009-12-27;8.3;13.6;12;27;2009;361;11.0
2009-12-28;13.6;18.5;12;28;2009;362;16.0
2009-12-29;11.0;18.5;12;29;2009;363;14.8
2009-12-30;9.3;13.8;12;30;2009;364;11.6
2009-12-31;6.8;9.4;12;31;2009;365;8.1
2010-01-01;6.2;13.2;1;1;2010;1;9.7
2010-01-02;8.6;13.8;1;2;2010;2;11.2
2010-01-03;10.5;16.6;1;3;2010;3;13.6
2010-01-04;7.8;13.6;1;4;2010;4;10.7
2010-01-05;6.8;10.3;1;5;2010;5;8.6
2010-01-06;4.2;8.0;1;6;2010;6;6.1
2010-01-07;3.0;7.6;1;7;2010;7;5.3
2010-01-08;2.6;9.0;1;8;2010;8;5.8
2010-01-09;1.7;7.5;1;9;2010;9;4.6
2010-01-10;0.3;4.6;1;10;2010;10;2.4
2010-01-11;2.0;10.7;1;11;2010;11;6.4
2010-01-12;10.3;14.6;1;12;2010;12;12.4
2010-01-13;10.6;13.4;1;13;2010;13;12.0
2010-01-14;8.5;14.4;1;14;2010;14;11.4
2010-01-15;8.5;14.8;1;15;2010;15;11.6
2010-01-16;12.2;16.0;1;16;2010;16;14.1
2010-01-17;11.0;13.6;1;17;2010;17;12.3
2010-01-18;11.4;19.1;1;18;2010;18;15.2
2010-01-19;10.4;15.4;1;19;2010;19;12.9
2010-01-20;9.8;14.6;1;20;2010;20;12.2
2010-01-21;10.4;15.0;1;21;2010;21;12.7
2010-01-22;10.4;14.9;1;22;2010;22;12.6
2010-01-23;10.0;11.4;1;23;2010;23;10.7
2010-01-24;8.0;13.0;1;24;2010;24;10.5
2010-01-25;6.6;12.0;1;25;2010;25;9.3
2010-01-26;6.8;12.2;1;26;2010;26;9.5
2010-01-27;6.5;10.0;1;27;2010;27;8.2
2010-01-28;4.2;11.0;1;28;2010;28;7.6
2010-01-29;8.8;12.6;1;29;2010;29;10.7
2010-01-30;9.4;12.4;1;30;2010;30;10.9
2010-01-31;9.0;12.6;1;31;2010;31;10.8
2010-02-01;6.2;12.6;2;1;2010;32;9.4
2010-02-02;4.2;12.6;2;2;2010;33;8.4
2010-02-03;6.6;14.6;2;3;2010;34;10.6
2010-02-04;9.0;14.8;2;4;2010;35;11.9
2010-02-05;6.8;14.0;2;5;2010;36;10.4
2010-02-06;9.8;14.8;2;6;2010;37;12.3
2010-02-07;10.2;16.4;2;7;2010;38;13.3
2010-02-08;10.7;15.0;2;8;2010;39;12.8
2010-02-09;6.4;12.7;2;9;2010;40;9.6
2010-02-10;5.4;10.0;2;10;2010;41;7.7
2010-02-11;4.7;9.4;2;11;2010;42;7.0
2010-02-12;3.1;9.8;2;12;2010;43;6.4
2010-02-13;5.3;9.4;2;13;2010;44;7.4
2010-02-14;2.0;9.0;2;14;2010;45;5.5
2010-02-15;4.6;9.6;2;15;2010;46;7.1
2010-02-16;5.3;11.6;2;16;2010;47;8.4
2010-02-17;7.8;13.8;2;17;2010;48;10.8
2010-02-18;7.0;14.0;2;18;2010;49;10.5
2010-02-19;6.4;12.2;2;19;2010;50;9.3
2010-02-20;6.0;12.4;2;20;2010;51;9.2
2010-02-21;8.0;16.0;2;21;2010;52;12.0
2010-02-22;11.2;15.6;2;22;2010;53;13.4
2010-02-23;10.7;15.8;2;23;2010;54;13.2
2010-02-24;9.4;15.0;2;24;2010;55;12.2
2010-02-25;10.0;15.7;2;25;2010;56;12.8
2010-02-26;8.2;15.0;2;26;2010;57;11.6
2010-02-27;8.5;17.6;2;27;2010;58;13.0
2010-02-28;7.4;12.4;2;28;2010;59;9.9
2010-03-01;8.4;15.1;3;1;2010;60;11.8
2010-03-02;7.2;18.5;3;2;2010;61;12.8
2010-03-03;11.1;15.8;3;3;2010;62;13.4
2010-03-04;8.9;14.0;3;4;2010;63;11.4
2010-03-05;7.7;14.3;3;5;2010;64;11.0
2010-03-06;8.8;15.2;3;6;2010;65;12.0
2010-03-07;6.0;12.5;3;7;2010;66;9.2
2010-03-08;3.8;10.5;3;8;2010;67;7.2
2010-03-09;5.8;12.6;3;9;2010;68;9.2
2010-03-10;3.8;12.4;3;10;2010;69;8.1
2010-03-11;4.7;12.8;3;11;2010;70;8.8
2010-03-12;7.6;12.5;3;12;2010;71;10.0
2010-03-13;7.0;13.0;3;13;2010;72;10.0
2010-03-14;5.2;13.8;3;14;2010;73;9.5
2010-03-15;4.7;16.5;3;15;2010;74;10.6
2010-03-16;6.5;19.2;3;16;2010;75;12.8
2010-03-17;8.3;22.0;3;17;2010;76;15.2
2010-03-18;13.8;22.0;3;18;2010;77;17.9
2010-03-19;14.3;20.4;3;19;2010;78;17.4
2010-03-20;11.2;17.4;3;20;2010;79;14.3
2010-03-21;10.8;15.0;3;21;2010;80;12.9
2010-03-22;9.6;18.2;3;22;2010;81;13.9
2010-03-23;9.6;16.5;3;23;2010;82;13.0
2010-03-24;11.2;16.2;3;24;2010;83;13.7
2010-03-25;8.2;13.6;3;25;2010;84;10.9
2010-03-26;8.8;14.2;3;26;2010;85;11.5
2010-03-27;10.6;17.2;3;27;2010;86;13.9
2010-03-28;10.5;17.3;3;28;2010;87;13.9
2010-03-29;10.2;16.8;3;29;2010;88;13.5
2010-03-30;9.0;15.1;3;30;2010;89;12.0
2010-03-31;8.4;12.5;3;31;2010;90;10.4
2010-04-01;7.6;14.3;4;1;2010;91;11.0
2010-04-02;9.5;15.0;4;2;2010;92;12.2
2010-04-03;8.5;13.4;4;3;2010;93;11.0
2010-04-04;8.9;14.6;4;4;2010;94;11.8
2010-04-05;5.8;15.0;4;5;2010;95;10.4
2010-04-06;8.2;16.1;4;6;2010;96;12.2
2010-04-07;9.2;14.5;4;7;2010;97;11.8
2010-04-08;8.1;19.6;4;8;2010;98;13.8
2010-04-09;9.6;20.2;4;9;2010;99;14.9
2010-04-10;11.2;24.6;4;10;2010;100;17.9
2010-04-11;11.2;21.2;4;11;2010;101;16.2
2010-04-12;10.6;16.2;4;12;2010;102;13.4
2010-04-13;9.8;16.4;4;13;2010;103;13.1
2010-04-14;10.2;17.4;4;14;2010;104;13.8
2010-04-15;11.5;21.4;4;15;2010;105;16.4
2010-04-16;12.4;21.3;4;16;2010;106;16.8
2010-04-17;12.8;21.5;4;17;2010;107;17.2
2010-04-18;11.8;18.5;4;18;2010;108;15.2
2010-04-19;11.0;18.0;4;19;2010;109;14.5
2010-04-20;12.8;21.0;4;20;2010;110;16.9
2010-04-21;14.4;19.2;4;21;2010;111;16.8
2010-04-22;13.6;15.6;4;22;2010;112;14.6
2010-04-23;13.1;17.0;4;23;2010;113;15.0
2010-04-24;11.7;21.0;4;24;2010;114;16.4
2010-04-25;11.6;18.0;4;25;2010;115;14.8
2010-04-26;11.0;21.4;4;26;2010;116;16.2
2010-04-27;13.3;23.0;4;27;2010;117;18.2
2010-04-28;12.6;21.2;4;28;2010;118;16.9
2010-04-29;13.4;19.0;4;29;2010;119;16.2
2010-04-30;12.2;16.6;4;30;2010;120;14.4
2010-05-01;11.9;16.3;5;1;2010;121;14.1
2010-05-02;12.1;16.7;5;2;2010;122;14.4
2010-05-03;9.8;15.0;5;3;2010;123;12.4
2010-05-04;8.8;15.6;5;4;2010;124;12.2
2010-05-05;9.7;15.0;5;5;2010;125;12.4
2010-05-06;9.2;16.0;5;6;2010;126;12.6
2010-05-07;11.4;16.8;5;7;2010;127;14.1
2010-05-08;10.9;14.6;5;8;2010;128;12.8
2010-05-09;10.9;16.0;5;9;2010;129;13.4
2010-05-10;11.0;14.7;5;10;2010;130;12.8
2010-05-11;10.8;15.4;5;11;2010;131;13.1
2010-05-12;9.8;14.0;5;12;2010;132;11.9
2010-05-13;7.6;14.7;5;13;2010;133;11.2
2010-05-14;10.2;15.4;5;14;2010;134;12.8
2010-05-15;11.8;16.6;5;15;2010;135;14.2
2010-05-16;11.0;16.8;5;16;2010;136;13.9
2010-05-17;9.2;19.4;5;17;2010;137;14.3
2010-05-18;12.2;21.3;5;18;2010;138;16.8
2010-05-19;12.0;20.2;5;19;2010;139;16.1
2010-05-20;15.2;27.0;5;20;2010;140;21.1
2010-05-21;15.5;26.6;5;21;2010;141;21.0
2010-05-22;17.2;29.4;5;22;2010;142;23.3
2010-05-23;16.6;27.0;5;23;2010;143;21.8
2010-05-24;15.4;22.0;5;24;2010;144;18.7
2010-05-25;14.6;21.4;5;25;2010;145;18.0
2010-05-26;14.9;19.5;5;26;2010;146;17.2
2010-05-27;13.0;19.7;5;27;2010;147;16.4
2010-05-28;13.0;19.8;5;28;2010;148;16.4
2010-05-29;15.0;21.0;5;29;2010;149;18.0
2010-05-30;16.0;21.6;5;30;2010;150;18.8
2010-05-31;15.4;21.2;5;31;2010;151;18.3
2010-06-01;11.2;21.5;6;1;2010;152;16.4
2010-06-02;15.5;21.7;6;2;2010;153;18.6
2010-06-03;15.5;24.0;6;3;2010;154;19.8
2010-06-04;16.0;21.0;6;4;2010;155;18.5
2010-06-05;15.2;17.3;6;5;2010;156;16.2
2010-06-06;14.7;20.5;6;6;2010;157;17.6
2010-06-07;13.2;22.0;6;7;2010;158;17.6
2010-06-08;14.0;17.4;6;8;2010;159;15.7
2010-06-09;13.6;17.4;6;9;2010;160;15.5
2010-06-10;13.8;16.7;6;10;2010;161;15.2
2010-06-11;14.8;17.0;6;11;2010;162;15.9
2010-06-12;14.7;19.2;6;12;2010;163;17.0
2010-06-13;14.5;17.6;6;13;2010;164;16.0
2010-06-14;13.0;18.0;6;14;2010;165;15.5
2010-06-15;13.8;17.8;6;15;2010;166;15.8
2010-06-16;14.1;17.2;6;16;2010;167;15.6
2010-06-17;12.9;19.0;6;17;2010;168;16.0
2010-06-18;14.6;19.2;6;18;2010;169;16.9
2010-06-19;14.3;19.6;6;19;2010;170;17.0
2010-06-20;14.4;20.2;6;20;2010;171;17.3
2010-06-21;13.4;21.4;6;21;2010;172;17.4
2010-06-22;13.5;24.0;6;22;2010;173;18.8
2010-06-23;15.1;27.5;6;23;2010;174;21.3
2010-06-24;17.0;28.5;6;24;2010;175;22.8
2010-06-25;17.2;24.3;6;25;2010;176;20.8
2010-06-26;16.0;19.5;6;26;2010;177;17.8
2010-06-27;16.3;20.2;6;27;2010;178;18.2
2010-06-28;16.1;22.2;6;28;2010;179;19.2
2010-06-29;15.5;21.4;6;29;2010;180;18.4
2010-06-30;15.0;23.5;6;30;2010;181;19.2
2010-07-01;17.0;22.5;7;1;2010;182;19.8
2010-07-02;16.2;19.6;7;2;2010;183;17.9
2010-07-03;16.2;20.2;7;3;2010;184;18.2
2010-07-04;16.5;20.5;7;4;2010;185;18.5
2010-07-05;15.6;20.5;7;5;2010;186;18.0
2010-07-06;16.2;24.4;7;6;2010;187;20.3
2010-07-07;16.4;22.8;7;7;2010;188;19.6
2010-07-08;16.0;24.0;7;8;2010;189;20.0
2010-07-09;16.7;22.5;7;9;2010;190;19.6
2010-07-10;15.4;22.4;7;10;2010;191;18.9
2010-07-11;18.6;22.6;7;11;2010;192;20.6
2010-07-12;17.0;23.4;7;12;2010;193;20.2
2010-07-13;16.7;24.2;7;13;2010;194;20.4
2010-07-14;16.5;22.0;7;14;2010;195;19.2
2010-07-15;15.0;24.4;7;15;2010;196;19.7
2010-07-16;15.5;22.2;7;16;2010;197;18.8
2010-07-17;15.0;20.5;7;17;2010;198;17.8
2010-07-18;15.2;26.6;7;18;2010;199;20.9
2010-07-19;16.9;21.6;7;19;2010;200;19.2
2010-07-20;16.0;24.2;7;20;2010;201;20.1
2010-07-21;16.2;22.6;7;21;2010;202;19.4
2010-07-22;15.0;21.6;7;22;2010;203;18.3
2010-07-23;15.0;20.8;7;23;2010;204;17.9
2010-07-24;16.2;21.7;7;24;2010;205;19.0
2010-07-25;16.7;21.6;7;25;2010;206;19.2
2010-07-26;17.4;22.2;7;26;2010;207;19.8
2010-07-27;17.6;27.0;7;27;2010;208;22.3
2010-07-28;17.4;28.2;7;28;2010;209;22.8
2010-07-29;16.4;21.2;7;29;2010;210;18.8
2010-07-30;16.8;22.2;7;30;2010;211;19.5
2010-07-31;16.4;21.0;7;31;2010;212;18.7
2010-08-01;15.9;20.2;8;1;2010;213;18.0
2010-08-02;16.7;22.6;8;2;2010;214;19.6
2010-08-03;16.7;21.7;8;3;2010;215;19.2
2010-08-04;17.0;21.4;8;4;2010;216;19.2
2010-08-05;16.4;21.0;8;5;2010;217;18.7
2010-08-06;15.6;22.6;8;6;2010;218;19.1
2010-08-07;16.2;21.0;8;7;2010;219;18.6
2010-08-08;16.5;22.6;8;8;2010;220;19.6
2010-08-09;16.9;21.2;8;9;2010;221;19.0
2010-08-10;14.6;23.4;8;10;2010;222;19.0
2010-08-11;16.2;24.2;8;11;2010;223;20.2
2010-08-12;17.4;22.7;8;12;2010;224;20.0
2010-08-13;16.5;21.8;8;13;2010;225;19.2
2010-08-14;16.5;21.5;8;14;2010;226;19.0
2010-08-15;16.0;21.2;8;15;2010;227;18.6
2010-08-16;15.7;22.0;8;16;2010;228;18.8
2010-08-17;14.6;23.6;8;17;2010;229;19.1
2010-08-18;17.6;23.6;8;18;2010;230;20.6
2010-08-19;15.8;23.2;8;19;2010;231;19.5
2010-08-20;17.8;25.5;8;20;2010;232;21.6
2010-08-21;17.8;24.4;8;21;2010;233;21.1
2010-08-22;18.0;24.8;8;22;2010;234;21.4
2010-08-23;16.8;26.6;8;23;2010;235;21.7
2010-08-24;15.0;26.6;8;24;2010;236;20.8
2010-08-25;19.0;28.0;8;25;2010;237;23.5
2010-08-26;18.2;24.4;8;26;2010;238;21.3
2010-08-27;18.2;24.2;8;27;2010;239;21.2
2010-08-28;16.5;24.5;8;28;2010;240;20.5
2010-08-29;16.8;26.8;8;29;2010;241;21.8
2010-08-30;16.2;28.6;8;30;2010;242;22.4
2010-08-31;18.6;30.8;8;31;2010;243;24.7
2010-09-01;18.1;22.7;9;1;2010;244;20.4
2010-09-02;17.4;23.4;9;2;2010;245;20.4
2010-09-03;18.0;24.1;9;3;2010;246;21.0
2010-09-04;16.8;23.6;9;4;2010;247;20.2
2010-09-05;16.4;24.4;9;5;2010;248;20.4
2010-09-06;16.9;22.5;9;6;2010;249;19.7
2010-09-07;15.6;21.5;9;7;2010;250;18.6
2010-09-08;15.4;24.2;9;8;2010;251;19.8
2010-09-09;15.4;22.6;9;9;2010;252;19.0
2010-09-10;14.2;23.2;9;10;2010;253;18.7
2010-09-11;16.9;22.1;9;11;2010;254;19.5
2010-09-12;17.4;21.0;9;12;2010;255;19.2
2010-09-13;15.8;25.6;9;13;2010;256;20.7
2010-09-14;15.6;29.8;9;14;2010;257;22.7
2010-09-15;17.8;25.0;9;15;2010;258;21.4
2010-09-16;16.4;23.2;9;16;2010;259;19.8
2010-09-17;15.6;19.8;9;17;2010;260;17.7
2010-09-18;14.8;22.4;9;18;2010;261;18.6
2010-09-19;13.2;22.5;9;19;2010;262;17.8
2010-09-20;14.5;24.7;9;20;2010;263;19.6
2010-09-21;15.0;21.8;9;21;2010;264;18.4
2010-09-22;14.0;20.6;9;22;2010;265;17.3
2010-09-23;15.2;25.2;9;23;2010;266;20.2
2010-09-24;16.0;20.2;9;24;2010;267;18.1
2010-09-25;14.0;19.4;9;25;2010;268;16.7
2010-09-26;12.8;19.2;9;26;2010;269;16.0
2010-09-27;10.2;19.4;9;27;2010;270;14.8
2010-09-28;11.6;22.4;9;28;2010;271;17.0
2010-09-29;12.6;17.6;9;29;2010;272;15.1
2010-09-30;10.8;20.6;9;30;2010;273;15.7
2010-10-01;15.4;21.2;10;1;2010;274;18.3
2010-10-02;17.8;21.6;10;2;2010;275;19.7
2010-10-03;15.6;19.6;10;3;2010;276;17.6
2010-10-04;13.8;20.4;10;4;2010;277;17.1
2010-10-05;13.7;19.4;10;5;2010;278;16.6
2010-10-06;13.6;19.2;10;6;2010;279;16.4
2010-10-07;13.5;22.0;10;7;2010;280;17.8
2010-10-08;15.1;21.9;10;8;2010;281;18.5
2010-10-09;13.1;21.8;10;9;2010;282;17.4
2010-10-10;12.1;21.0;10;10;2010;283;16.6
2010-10-11;14.8;19.2;10;11;2010;284;17.0
2010-10-12;15.5;21.8;10;12;2010;285;18.6
2010-10-13;14.2;22.2;10;13;2010;286;18.2
2010-10-14;11.2;20.0;10;14;2010;287;15.6
2010-10-15;13.5;19.0;10;15;2010;288;16.2
2010-10-16;12.4;18.3;10;16;2010;289;15.4
2010-10-17;11.8;19.6;10;17;2010;290;15.7
2010-10-18;10.2;19.2;10;18;2010;291;14.7
2010-10-19;9.0;19.4;10;19;2010;292;14.2
2010-10-20;10.0;20.2;10;20;2010;293;15.1
2010-10-21;10.6;21.2;10;21;2010;294;15.9
2010-10-22;10.8;16.8;10;22;2010;295;13.8
2010-10-23;10.2;18.0;10;23;2010;296;14.1
2010-10-24;14.0;17.4;10;24;2010;297;15.7
2010-10-25;11.2;18.1;10;25;2010;298;14.6
2010-10-26;8.8;18.6;10;26;2010;299;13.7
2010-10-27;10.4;19.6;10;27;2010;300;15.0
2010-10-28;14.0;21.8;10;28;2010;301;17.9
2010-10-29;13.0;17.9;10;29;2010;302;15.4
2010-10-30;12.0;17.5;10;30;2010;303;14.8
2010-10-31;11.5;15.8;10;31;2010;304;13.6
2010-11-01;12.8;16.8;11;1;2010;305;14.8
2010-11-02;12.8;17.8;11;2;2010;306;15.3
2010-11-03;15.0;18.6;11;3;2010;307;16.8
2010-11-04;15.0;18.5;11;4;2010;308;16.8
2010-11-05;12.9;19.4;11;5;2010;309;16.2
2010-11-06;12.8;17.3;11;6;2010;310;15.0
2010-11-07;11.4;15.4;11;7;2010;311;13.4
2010-11-08;11.0;15.2;11;8;2010;312;13.1
2010-11-09;9.9;15.1;11;9;2010;313;12.5
2010-11-10;11.2;16.2;11;10;2010;314;13.7
2010-11-11;12.8;16.8;11;11;2010;315;14.8
2010-11-12;15.4;18.4;11;12;2010;316;16.9
2010-11-13;13.2;19.5;11;13;2010;317;16.4
2010-11-14;8.6;14.2;11;14;2010;318;11.4
2010-11-15;8.6;16.0;11;15;2010;319;12.3
2010-11-16;9.2;14.6;11;16;2010;320;11.9
2010-11-17;10.5;15.0;11;17;2010;321;12.8
2010-11-18;9.7;15.0;11;18;2010;322;12.4
2010-11-19;10.5;15.8;11;19;2010;323;13.2
2010-11-20;10.4;15.0;11;20;2010;324;12.7
2010-11-21;10.1;13.4;11;21;2010;325;11.8
2010-11-22;8.6;14.0;11;22;2010;326;11.3
2010-11-23;8.6;14.4;11;23;2010;327;11.5
2010-11-24;5.6;13.8;11;24;2010;328;9.7
2010-11-25;7.0;13.6;11;25;2010;329;10.3
2010-11-26;6.4;12.2;11;26;2010;330;9.3
2010-11-27;5.5;11.6;11;27;2010;331;8.6
2010-11-28;3.9;9.7;11;28;2010;332;6.8
2010-11-29;2.6;9.0;11;29;2010;333;5.8
2010-11-30;4.0;9.2;11;30;2010;334;6.6
2010-12-01;5.4;10.0;12;1;2010;335;7.7
2010-12-02;2.4;7.1;12;2;2010;336;4.8
2010-12-03;2.9;9.5;12;3;2010;337;6.2
2010-12-04;4.6;9.5;12;4;2010;338;7.0
2010-12-05;6.2;17.2;12;5;2010;339;11.7
2010-12-06;13.3;17.4;12;6;2010;340;15.4
2010-12-07;12.1;18.0;12;7;2010;341;15.0
2010-12-08;9.4;12.8;12;8;2010;342;11.1
2010-12-09;9.6;13.5;12;9;2010;343;11.6
2010-12-10;9.4;17.8;12;10;2010;344;13.6
2010-12-11;14.0;19.7;12;11;2010;345;16.8
2010-12-12;12.0;18.6;12;12;2010;346;15.3
2010-12-13;9.2;15.4;12;13;2010;347;12.3
2010-12-14;8.0;13.9;12;14;2010;348;11.0
2010-12-15;7.2;11.8;12;15;2010;349;9.5
2010-12-16;5.8;11.2;12;16;2010;350;8.5
2010-12-17;6.2;11.0;12;17;2010;351;8.6
2010-12-18;3.8;11.6;12;18;2010;352;7.7
2010-12-19;7.1;14.0;12;19;2010;353;10.6
2010-12-20;11.1;15.5;12;20;2010;354;13.3
2010-12-21;10.2;14.2;12;21;2010;355;12.2
2010-12-22;8.6;11.3;12;22;2010;356;10.0
2010-12-23;6.0;9.6;12;23;2010;357;7.8
2010-12-24;3.9;10.4;12;24;2010;358;7.2
2010-12-25;4.6;11.1;12;25;2010;359;7.8
2010-12-26;2.4;11.0;12;26;2010;360;6.7
2010-12-27;6.9;14.2;12;27;2010;361;10.6
2010-12-28;11.3;15.5;12;28;2010;362;13.4
2010-12-29;12.9;16.8;12;29;2010;363;14.8
2010-12-30;12.0;16.2;12;30;2010;364;14.1
2010-12-31;10.8;17.5;12;31;2010;365;14.2
2011-01-01;7.4;14.6;1;1;2011;1;11.0
2011-01-02;9.2;13.4;1;2;2011;2;11.3
2011-01-03;6.0;12.6;1;3;2011;3;9.3
2011-01-04;9.7;15.9;1;4;2011;4;12.8
2011-01-05;12.8;17.8;1;5;2011;5;15.3
2011-01-06;13.4;18.0;1;6;2011;6;15.7
2011-01-07;12.0;16.0;1;7;2011;7;14.0
2011-01-08;9.4;15.2;1;8;2011;8;12.3
2011-01-09;7.0;13.0;1;9;2011;9;10.0
2011-01-10;6.2;15.6;1;10;2011;10;10.9
2011-01-11;13.0;14.5;1;11;2011;11;13.8
2011-01-12;13.0;17.0;1;12;2011;12;15.0
2011-01-13;13.2;15.6;1;13;2011;13;14.4
2011-01-14;11.5;16.4;1;14;2011;14;14.0
2011-01-15;11.5;16.5;1;15;2011;15;14.0
2011-01-16;10.7;14.9;1;16;2011;16;12.8
2011-01-17;11.8;17.0;1;17;2011;17;14.4
2011-01-18;10.2;12.6;1;18;2011;18;11.4
2011-01-19;9.6;15.4;1;19;2011;19;12.5
2011-01-20;9.5;15.2;1;20;2011;20;12.4
2011-01-21;5.8;12.0;1;21;2011;21;8.9
2011-01-22;5.8;10.8;1;22;2011;22;8.3
2011-01-23;5.8;11.0;1;23;2011;23;8.4
2011-01-24;6.6;12.4;1;24;2011;24;9.5
2011-01-25;6.2;13.2;1;25;2011;25;9.7
2011-01-26;5.0;11.6;1;26;2011;26;8.3
2011-01-27;7.4;10.6;1;27;2011;27;9.0
2011-01-28;4.9;9.7;1;28;2011;28;7.3
2011-01-29;5.5;9.7;1;29;2011;29;7.6
2011-01-30;5.6;10.8;1;30;2011;30;8.2
2011-01-31;6.5;10.0;1;31;2011;31;8.2
2011-02-01;6.4;12.2;2;1;2011;32;9.3
2011-02-02;4.4;12.6;2;2;2011;33;8.5
2011-02-03;8.0;16.0;2;3;2011;34;12.0
2011-02-04;8.0;15.2;2;4;2011;35;11.6
2011-02-05;7.7;12.1;2;5;2011;36;9.9
2011-02-06;5.0;12.8;2;6;2011;37;8.9
2011-02-07;8.6;16.6;2;7;2011;38;12.6
2011-02-08;9.6;17.6;2;8;2011;39;13.6
2011-02-09;11.6;16.4;2;9;2011;40;14.0
2011-02-10;13.4;18.2;2;10;2011;41;15.8
2011-02-11;10.4;14.8;2;11;2011;42;12.6
2011-02-12;8.5;14.8;2;12;2011;43;11.6
2011-02-13;6.4;12.4;2;13;2011;44;9.4
2011-02-14;6.4;12.6;2;14;2011;45;9.5
2011-02-15;8.0;13.4;2;15;2011;46;10.7
2011-02-16;5.8;11.5;2;16;2011;47;8.6
2011-02-17;5.0;13.4;2;17;2011;48;9.2
2011-02-18;8.4;15.0;2;18;2011;49;11.7
2011-02-19;10.4;15.8;2;19;2011;50;13.1
2011-02-20;9.0;14.6;2;20;2011;51;11.8
2011-02-21;11.2;15.2;2;21;2011;52;13.2
2011-02-22;12.6;14.5;2;22;2011;53;13.6
2011-02-23;11.6;15.4;2;23;2011;54;13.5
2011-02-24;8.3;17.6;2;24;2011;55;13.0
2011-02-25;8.5;15.5;2;25;2011;56;12.0
2011-02-26;9.8;14.6;2;26;2011;57;12.2
2011-02-27;9.1;14.0;2;27;2011;58;11.6
2011-02-28;8.8;12.9;2;28;2011;59;10.8
2011-03-01;6.6;12.4;3;1;2011;60;9.5
2011-03-02;7.2;11.6;3;2;2011;61;9.4
2011-03-03;8.0;13.0;3;3;2011;62;10.5
2011-03-04;7.5;13.8;3;4;2011;63;10.6
2011-03-05;6.2;17.4;3;5;2011;64;11.8
2011-03-06;8.2;16.6;3;6;2011;65;12.4
2011-03-07;7.0;16.0;3;7;2011;66;11.5
2011-03-08;8.3;15.2;3;8;2011;67;11.8
2011-03-09;9.8;14.6;3;9;2011;68;12.2
2011-03-10;8.2;17.6;3;10;2011;69;12.9
2011-03-11;8.4;18.4;3;11;2011;70;13.4
2011-03-12;10.0;14.0;3;12;2011;71;12.0
2011-03-13;8.0;12.0;3;13;2011;72;10.0
2011-03-14;8.2;14.0;3;14;2011;73;11.1
2011-03-15;10.3;12.5;3;15;2011;74;11.4
2011-03-16;9.4;12.4;3;16;2011;75;10.9
2011-03-17;9.5;14.0;3;17;2011;76;11.8
2011-03-18;8.7;16.0;3;18;2011;77;12.4
2011-03-19;7.5;16.5;3;19;2011;78;12.0
2011-03-20;8.5;18.2;3;20;2011;79;13.4
2011-03-21;8.0;19.2;3;21;2011;80;13.6
2011-03-22;8.4;18.6;3;22;2011;81;13.5
2011-03-23;10.2;18.4;3;23;2011;82;14.3
2011-03-24;11.5;20.2;3;24;2011;83;15.8
2011-03-25;10.2;19.4;3;25;2011;84;14.8
2011-03-26;10.8;16.8;3;26;2011;85;13.8
2011-03-27;10.5;15.6;3;27;2011;86;13.0
2011-03-28;10.7;16.9;3;28;2011;87;13.8
2011-03-29;10.9;16.2;3;29;2011;88;13.6
2011-03-30;12.6;19.2;3;30;2011;89;15.9
2011-03-31;13.6;20.2;3;31;2011;90;16.9
2011-04-01;12.6;30.4;4;1;2011;91;21.5
2011-04-02;11.7;16.5;4;2;2011;92;14.1
2011-04-03;10.7;15.9;4;3;2011;93;13.3
2011-04-04;8.0;16.7;4;4;2011;94;12.4
2011-04-05;9.2;20.8;4;5;2011;95;15.0
2011-04-06;15.6;28.2;4;6;2011;96;21.9
2011-04-07;19.4;29.4;4;7;2011;97;24.4
2011-04-08;17.4;31.6;4;8;2011;98;24.5
2011-04-09;14.9;21.2;4;9;2011;99;18.0
2011-04-10;13.2;16.7;4;10;2011;100;15.0
2011-04-11;12.0;16.9;4;11;2011;101;14.4
2011-04-12;12.4;18.4;4;12;2011;102;15.4
2011-04-13;9.8;18.5;4;13;2011;103;14.2
2011-04-14;9.4;18.4;4;14;2011;104;13.9
2011-04-15;10.4;19.2;4;15;2011;105;14.8
2011-04-16;11.6;21.0;4;16;2011;106;16.3
2011-04-17;10.6;22.0;4;17;2011;107;16.3
2011-04-18;12.6;22.2;4;18;2011;108;17.4
2011-04-19;14.6;18.2;4;19;2011;109;16.4
2011-04-20;13.6;18.8;4;20;2011;110;16.2
2011-04-21;13.7;18.0;4;21;2011;111;15.8
2011-04-22;13.1;17.1;4;22;2011;112;15.1
2011-04-23;13.15;17.35;4;23;2011;113;15.25
2011-04-24;13.2;17.6;4;24;2011;114;15.4
2011-04-25;12.8;17.0;4;25;2011;115;14.9
2011-04-26;12.4;16.8;4;26;2011;116;14.6
2011-04-27;11.9;19.4;4;27;2011;117;15.6
2011-04-28;12.2;22.5;4;28;2011;118;17.4
2011-04-29;12.5;22.8;4;29;2011;119;17.6
2011-04-30;12.2;18.4;4;30;2011;120;15.3
2011-05-01;12.0;18.0;5;1;2011;121;15.0
2011-05-02;12.8;18.2;5;2;2011;122;15.5
2011-05-03;12.6;19.4;5;3;2011;123;16.0
2011-05-04;11.5;20.0;5;4;2011;124;15.8
2011-05-05;12.5;21.4;5;5;2011;125;17.0
2011-05-06;14.8;23.2;5;6;2011;126;19.0
2011-05-07;11.6;20.0;5;7;2011;127;15.8
2011-05-08;11.4;20.0;5;8;2011;128;15.7
2011-05-09;11.0;19.6;5;9;2011;129;15.3
2011-05-10;11.4;19.4;5;10;2011;130;15.4
2011-05-11;14.5;21.0;5;11;2011;131;17.8
2011-05-12;14.5;20.0;5;12;2011;132;17.2
2011-05-13;14.0;20.4;5;13;2011;133;17.2
2011-05-14;13.0;19.0;5;14;2011;134;16.0
2011-05-15;12.4;20.0;5;15;2011;135;16.2
2011-05-16;13.0;22.4;5;16;2011;136;17.7
2011-05-17;13.4;22.4;5;17;2011;137;17.9
2011-05-18;14.4;20.2;5;18;2011;138;17.3
2011-05-19;14.0;18.6;5;19;2011;139;16.3
2011-05-20;13.4;16.5;5;20;2011;140;15.0
2011-05-21;12.0;19.4;5;21;2011;141;15.7
2011-05-22;11.2;18.9;5;22;2011;142;15.0
2011-05-23;12.0;19.6;5;23;2011;143;15.8
2011-05-24;13.8;23.6;5;24;2011;144;18.7
2011-05-25;14.9;25.4;5;25;2011;145;20.2
2011-05-26;12.6;17.2;5;26;2011;146;14.9
2011-05-27;13.0;20.0;5;27;2011;147;16.5
2011-05-28;12.1;22.5;5;28;2011;148;17.3
2011-05-29;13.5;22.8;5;29;2011;149;18.2
2011-05-30;13.1;17.6;5;30;2011;150;15.4
2011-05-31;12.6;17.0;5;31;2011;151;14.8
2011-06-01;12.0;21.6;6;1;2011;152;16.8
2011-06-02;12.8;22.0;6;2;2011;153;17.4
2011-06-03;14.4;18.6;6;3;2011;154;16.5
2011-06-04;14.2;20.5;6;4;2011;155;17.4
2011-06-05;14.4;18.2;6;5;2011;156;16.3
2011-06-06;13.2;15.2;6;6;2011;157;15.75
2011-06-07;12.0;18.4;6;7;2011;158;15.2
2011-06-08;12.4;20.0;6;8;2011;159;16.2
2011-06-09;12.6;18.2;6;9;2011;160;15.4
2011-06-10;13.2;18.6;6;10;2011;161;15.9
2011-06-11;11.6;19.4;6;11;2011;162;15.5
2011-06-12;14.0;25.8;6;12;2011;163;19.9
2011-06-13;16.8;23.3;6;13;2011;164;20.0
2011-06-14;15.6;22.1;6;14;2011;165;18.8
2011-06-15;16.0;22.0;6;15;2011;166;19.0
2011-06-16;14.8;20.9;6;16;2011;167;17.8
2011-06-17;13.8;19.2;6;17;2011;168;16.5
2011-06-18;13.5;20.8;6;18;2011;169;17.2
2011-06-19;12.3;23.5;6;19;2011;170;17.9
2011-06-20;16.6;25.0;6;20;2011;171;20.8
2011-06-21;16.4;20.7;6;21;2011;172;18.6
2011-06-22;14.4;21.5;6;22;2011;173;18.0
2011-06-23;14.0;19.0;6;23;2011;174;16.5
2011-06-24;13.5;22.5;6;24;2011;175;18.0
2011-06-25;15.2;31.4;6;25;2011;176;23.3
2011-06-26;17.1;26.3;6;26;2011;177;21.7
2011-06-27;15.2;22.6;6;27;2011;178;18.9
2011-06-28;15.2;19.2;6;28;2011;179;17.2
2011-06-29;14.0;20.7;6;29;2011;180;17.4
2011-06-30;14.8;24.2;6;30;2011;181;19.5
2011-07-01;14.6;26.4;7;1;2011;182;20.5
2011-07-02;15.6;23.6;7;2;2011;183;19.6
2011-07-03;15.8;22.0;7;3;2011;184;18.9
2011-07-04;16.2;22.6;7;4;2011;185;19.4
2011-07-05;16.9;23.2;7;5;2011;186;20.0
2011-07-06;15.0;21.6;7;6;2011;187;18.3
2011-07-07;14.9;22.0;7;7;2011;188;18.4
2011-07-08;15.0;21.0;7;8;2011;189;18.0
2011-07-09;16.0;21.6;7;9;2011;190;18.8
2011-07-10;15.9;21.4;7;10;2011;191;18.6
2011-07-11;16.0;24.0;7;11;2011;192;20.0
2011-07-12;14.3;20.5;7;12;2011;193;17.4
2011-07-13;14.7;21.0;7;13;2011;194;17.8
2011-07-14;15.5;22.5;7;14;2011;195;19.0
2011-07-15;16.4;22.0;7;15;2011;196;19.2
2011-07-16;16.0;21.1;7;16;2011;197;18.6
2011-07-17;14.0;21.5;7;17;2011;198;17.8
2011-07-18;13.9;19.9;7;18;2011;199;16.9
2011-07-19;15.1;19.5;7;19;2011;200;17.3
2011-07-20;15.2;21.4;7;20;2011;201;18.3
2011-07-21;14.6;20.0;7;21;2011;202;17.3
2011-07-22;15.0;19.0;7;22;2011;203;17.0
2011-07-23;14.0;20.2;7;23;2011;204;17.1
2011-07-24;15.8;20.5;7;24;2011;205;18.2
2011-07-25;17.0;22.4;7;25;2011;206;19.7
2011-07-26;16.0;21.5;7;26;2011;207;18.8
2011-07-27;15.8;19.6;7;27;2011;208;17.7
2011-07-28;16.6;23.8;7;28;2011;209;20.2
2011-07-29;15.5;25.0;7;29;2011;210;20.2
2011-07-30;15.6;21.2;7;30;2011;211;18.4
2011-07-31;14.8;22.6;7;31;2011;212;18.7
2011-08-01;15.5;22.5;8;1;2011;213;19.0
2011-08-02;17.6;23.4;8;2;2011;214;20.5
2011-08-03;16.6;25.6;8;3;2011;215;21.1
2011-08-04;18.0;26.0;8;4;2011;216;22.0
2011-08-05;16.5;21.8;8;5;2011;217;19.2
2011-08-06;16.4;21.4;8;6;2011;218;18.9
2011-08-07;13.4;23.2;8;7;2011;219;18.3
2011-08-08;15.8;21.4;8;8;2011;220;18.6
2011-08-09;15.0;21.5;8;9;2011;221;18.2
2011-08-10;15.2;24.8;8;10;2011;222;20.0
2011-08-11;15.4;21.6;8;11;2011;223;18.5
2011-08-12;16.2;21.5;8;12;2011;224;18.8
2011-08-13;16.4;25.4;8;13;2011;225;20.9
2011-08-14;16.8;23.1;8;14;2011;226;20.0
2011-08-15;16.2;23.0;8;15;2011;227;19.6
2011-08-16;16.4;22.9;8;16;2011;228;19.6
2011-08-17;17.1;22.6;8;17;2011;229;19.8
2011-08-18;15.7;22.1;8;18;2011;230;18.9
2011-08-19;16.9;24.8;8;19;2011;231;20.8
2011-08-20;18.2;27.0;8;20;2011;232;22.6
2011-08-21;18.0;22.8;8;21;2011;233;20.4
2011-08-22;16.4;19.8;8;22;2011;234;18.1
2011-08-23;15.6;20.0;8;23;2011;235;17.8
2011-08-24;13.3;21.9;8;24;2011;236;17.6
2011-08-25;15.0;20.4;8;25;2011;237;17.7
2011-08-26;14.4;21.0;8;26;2011;238;17.7
2011-08-27;12.6;21.0;8;27;2011;239;16.8
2011-08-28;12.8;22.3;8;28;2011;240;17.6
2011-08-29;14.0;22.2;8;29;2011;241;18.1
2011-08-30;15.2;21.0;8;30;2011;242;18.1
2011-08-31;17.0;21.7;8;31;2011;243;19.4
2011-09-01;16.6;25.4;9;1;2011;244;21.0
2011-09-02;16.0;22.0;9;2;2011;245;19.0
2011-09-03;15.9;23.4;9;3;2011;246;19.6
2011-09-04;15.8;21.9;9;4;2011;247;18.8
2011-09-05;15.4;22.0;9;5;2011;248;18.7
2011-09-06;14.0;23.2;9;6;2011;249;18.6
2011-09-07;17.0;24.4;9;7;2011;250;20.7
2011-09-08;18.0;21.6;9;8;2011;251;19.8
2011-09-09;17.6;26.2;9;9;2011;252;21.9
2011-09-10;17.4;24.6;9;10;2011;253;21.0
2011-09-11;18.6;24.6;9;11;2011;254;21.6
2011-09-12;19.5;26.7;9;12;2011;255;23.1
2011-09-13;17.4;20.0;9;13;2011;256;18.7
2011-09-14;17.0;24.4;9;14;2011;257;20.7
2011-09-15;17.2;24.8;9;15;2011;258;21.0
2011-09-16;16.7;21.0;9;16;2011;259;18.8
2011-09-17;16.6;19.6;9;17;2011;260;18.1
2011-09-18;15.2;19.6;9;18;2011;261;17.4
2011-09-19;14.8;20.5;9;19;2011;262;17.6
2011-09-20;12.5;21.7;9;20;2011;263;17.1
2011-09-21;14.6;20.2;9;21;2011;264;17.4
2011-09-22;16.5;19.8;9;22;2011;265;18.2
2011-09-23;14.0;20.1;9;23;2011;266;17.0
2011-09-24;13.8;22.8;9;24;2011;267;18.3
2011-09-25;14.6;26.0;9;25;2011;268;20.3
2011-09-26;16.2;23.4;9;26;2011;269;19.8
2011-09-27;16.5;21.0;9;27;2011;270;18.8
2011-09-28;15.3;25.5;9;28;2011;271;20.4
2011-09-29;17.4;26.6;9;29;2011;272;22.0
2011-09-30;19.4;27.0;9;30;2011;273;23.2
2011-10-01;18.6;29.0;10;1;2011;274;23.8
2011-10-02;18.6;31.5;10;2;2011;275;25.0
2011-10-03;17.0;26.4;10;3;2011;276;21.7
2011-10-04;16.4;22.5;10;4;2011;277;19.4
2011-10-05;15.6;23.0;10;5;2011;278;19.3
2011-10-06;16.2;21.6;10;6;2011;279;18.9
2011-10-07;15.5;18.8;10;7;2011;280;17.2
2011-10-08;15.0;19.1;10;8;2011;281;17.0
2011-10-09;13.0;22.0;10;9;2011;282;17.5
2011-10-10;13.6;26.2;10;10;2011;283;19.9
2011-10-11;14.5;24.5;10;11;2011;284;19.5
2011-10-12;13.8;20.0;10;12;2011;285;16.9
2011-10-13;13.8;25.2;10;13;2011;286;19.5
2011-10-14;13.8;25.1;10;14;2011;287;19.4
2011-10-15;13.2;24.2;10;15;2011;288;18.7
2011-10-16;14.5;24.5;10;16;2011;289;19.5
2011-10-17;12.1;17.2;10;17;2011;290;14.6
2011-10-18;14.4;19.8;10;18;2011;291;17.1
2011-10-19;13.6;16.8;10;19;2011;292;15.2
2011-10-20;12.6;18.6;10;20;2011;293;15.6
2011-10-21;10.0;20.5;10;21;2011;294;15.2
2011-10-22;12.0;20.5;10;22;2011;295;16.2
2011-10-23;14.6;18.2;10;23;2011;296;16.4
2011-10-24;10.1;15.8;10;24;2011;297;13.0
2011-10-25;8.7;15.6;10;25;2011;298;12.2
2011-10-26;11.4;16.5;10;26;2011;299;14.0
2011-10-27;12.7;15.4;10;27;2011;300;14.0
2011-10-28;10.4;16.8;10;28;2011;301;13.6
2011-10-29;8.8;18.4;10;29;2011;302;13.6
2011-10-30;12.3;20.2;10;30;2011;303;16.2
2011-10-31;12.0;18.0;10;31;2011;304;15.0
2011-11-01;11.1;18.0;11;1;2011;305;14.6
2011-11-02;13.4;19.6;11;2;2011;306;16.5
2011-11-03;11.5;14.9;11;3;2011;307;13.2
2011-11-04;10.3;15.3;11;4;2011;308;12.8
2011-11-05;11.0;15.1;11;5;2011;309;13.0
2011-11-06;9.8;15.5;11;6;2011;310;12.6
2011-11-07;10.7;17.0;11;7;2011;311;13.8
2011-11-08;10.0;15.6;11;8;2011;312;12.8
2011-11-09;12.8;17.2;11;9;2011;313;15.0
2011-11-10;11.6;18.2;11;10;2011;314;14.9
2011-11-11;12.6;17.6;11;11;2011;315;15.1
2011-11-12;10.3;22.8;11;12;2011;316;16.6
2011-11-13;15.5;22.0;11;13;2011;317;18.8
2011-11-14;13.1;18.6;11;14;2011;318;15.8
2011-11-15;10.4;14.4;11;15;2011;319;12.4
2011-11-16;10.8;15.8;11;16;2011;320;13.3
2011-11-17;8.0;17.7;11;17;2011;321;12.8
2011-11-18;9.8;15.2;11;18;2011;322;12.5
2011-11-19;10.8;16.8;11;19;2011;323;13.8
2011-11-20;10.3;16.6;11;20;2011;324;13.4
2011-11-21;9.9;15.0;11;21;2011;325;12.4
2011-11-22;8.3;14.3;11;22;2011;326;11.3
2011-11-23;12.5;16.6;11;23;2011;327;14.6
2011-11-24;10.8;19.7;11;24;2011;328;15.2
2011-11-25;9.6;16.8;11;25;2011;329;13.2
2011-11-26;7.8;15.6;11;26;2011;330;11.7
2011-11-27;9.6;15.5;11;27;2011;331;12.6
2011-11-28;6.5;15.2;11;28;2011;332;10.8
2011-11-29;10.4;16.0;11;29;2011;333;13.2
2011-11-30;10.0;15.6;11;30;2011;334;12.8
2011-12-01;8.8;16.8;12;1;2011;335;12.8
2011-12-02;8.5;13.6;12;2;2011;336;11.0
2011-12-03;10.3;13.9;12;3;2011;337;12.1
2011-12-04;11.2;14.4;12;4;2011;338;12.8
2011-12-05;12.0;15.2;12;5;2011;339;13.6
2011-12-06;11.5;14.5;12;6;2011;340;13.0
2011-12-07;12.0;15.2;12;7;2011;341;13.6
2011-12-08;12.2;14.3;12;8;2011;342;13.2
2011-12-09;12.1;15.0;12;9;2011;343;13.6
2011-12-10;9.8;15.0;12;10;2011;344;12.4
2011-12-11;8.2;13.6;12;11;2011;345;10.9
2011-12-12;10.6;14.2;12;12;2011;346;12.4
2011-12-13;11.9;15.8;12;13;2011;347;13.8
2011-12-14;9.0;13.4;12;14;2011;348;11.2
2011-12-15;9.6;15.2;12;15;2011;349;12.4
2011-12-16;10.2;16.4;12;16;2011;350;13.3
2011-12-17;8.8;12.8;12;17;2011;351;10.8
2011-12-18;7.0;12.0;12;18;2011;352;9.5
2011-12-19;5.1;13.0;12;19;2011;353;9.0
2011-12-20;10.0;14.0;12;20;2011;354;12.0
2011-12-21;12.0;14.0;12;21;2011;355;13.0
2011-12-22;9.8;15.7;12;22;2011;356;12.8
2011-12-23;9.8;14.6;12;23;2011;357;12.2
2011-12-24;8.3;14.5;12;24;2011;358;11.4
2011-12-25;5.2;13.5;12;25;2011;359;9.4
2011-12-26;5.4;15.2;12;26;2011;360;10.3
2011-12-27;4.2;14.0;12;27;2011;361;9.1
2011-12-28;7.8;12.6;12;28;2011;362;10.2
2011-12-29;7.3;12.6;12;29;2011;363;10.0
2011-12-30;7.0;12.5;12;30;2011;364;9.8
2011-12-31;10.6;14.4;12;31;2011;365;12.5
2012-01-01;12.2;16.0;1;1;2012;1;14.1
2012-01-02;9.3;13.8;1;2;2012;2;11.6
2012-01-03;10.5;15.2;1;3;2012;3;12.8
2012-01-04;12.0;14.8;1;4;2012;4;13.4
2012-01-05;11.2;13.6;1;5;2012;5;12.4
2012-01-06;11.2;13.2;1;6;2012;6;12.2
2012-01-07;10.2;14.9;1;7;2012;7;12.6
2012-01-08;7.9;15.0;1;8;2012;8;11.4
2012-01-09;5.2;14.9;1;9;2012;9;10.0
2012-01-10;5.0;13.2;1;10;2012;10;9.1
2012-01-11;4.2;13.6;1;11;2012;11;8.9
2012-01-12;4.6;13.4;1;12;2012;12;9.0
2012-01-13;4.4;12.6;1;13;2012;13;8.5
2012-01-14;4.4;13.8;1;14;2012;14;9.1
2012-01-15;5.1;11.8;1;15;2012;15;8.4
2012-01-16;2.9;12.2;1;16;2012;16;7.6
2012-01-17;5.0;12.5;1;17;2012;17;8.8
2012-01-18;9.6;13.0;1;18;2012;18;11.3
2012-01-19;11.0;14.6;1;19;2012;19;12.8
2012-01-20;10.4;13.4;1;20;2012;20;11.9
2012-01-21;10.6;12.9;1;21;2012;21;11.8
2012-01-22;9.5;12.7;1;22;2012;22;11.1
2012-01-23;11.0;13.6;1;23;2012;23;12.3
2012-01-24;9.2;15.5;1;24;2012;24;12.4
2012-01-25;6.6;15.6;1;25;2012;25;11.1
2012-01-26;6.9;11.9;1;26;2012;26;9.4
2012-01-27;5.7;12.2;1;27;2012;27;9.0
2012-01-28;5.0;12.2;1;28;2012;28;8.6
2012-01-29;5.6;12.8;1;29;2012;29;9.2
2012-01-30;3.6;12.0;1;30;2012;30;7.8
2012-01-31;5.0;14.0;1;31;2012;31;9.5
2012-02-01;7.5;12.4;2;1;2012;32;10.0
2012-02-02;5.7;8.5;2;2;2012;33;7.1
2012-02-03;5.4;8.8;2;3;2012;34;7.1
2012-02-04;1.0;10.0;2;4;2012;35;5.5
2012-02-05;5.0;13.6;2;5;2012;36;9.3
2012-02-06;10.6;13.0;2;6;2012;37;11.8
2012-02-07;8.2;13.0;2;7;2012;38;10.6
2012-02-08;6.3;10.6;2;8;2012;39;8.4
2012-02-09;5.0;9.0;2;9;2012;40;7.0
2012-02-10;2.5;10.6;2;10;2012;41;6.6
2012-02-11;4.8;10.6;2;11;2012;42;7.7
2012-02-12;3.0;9.4;2;12;2012;43;6.2
2012-02-13;3.3;11.4;2;13;2012;44;7.4
2012-02-14;8.4;11.6;2;14;2012;45;10.0
2012-02-15;8.6;13.2;2;15;2012;46;10.9
2012-02-16;9.0;13.0;2;16;2012;47;11.0
2012-02-17;7.8;13.8;2;17;2012;48;10.8
2012-02-18;3.8;12.5;2;18;2012;49;8.2
2012-02-19;8.6;12.6;2;19;2012;50;10.6
2012-02-20;4.9;14.0;2;20;2012;51;9.4
2012-02-21;3.8;13.8;2;21;2012;52;8.8
2012-02-22;3.4;12.4;2;22;2012;53;7.9
2012-02-23;4.5;15.8;2;23;2012;54;10.2
2012-02-24;7.0;18.2;2;24;2012;55;12.6
2012-02-25;9.3;16.2;2;25;2012;56;12.8
2012-02-26;8.1;13.6;2;26;2012;57;10.8
2012-02-27;6.6;17.5;2;27;2012;58;12.0
2012-02-28;6.2;17.4;2;28;2012;59;11.8
2012-02-29;7.2;16.4;2;29;2012;60;11.8
2012-03-01;6.5;15.5;3;1;2012;61;11.0
2012-03-02;7.8;18.6;3;2;2012;62;13.2
2012-03-03;10.7;16.0;3;3;2012;63;13.4
2012-03-04;8.6;13.7;3;4;2012;64;11.2
2012-03-05;5.5;13.0;3;5;2012;65;9.2
2012-03-06;5.8;13.6;3;6;2012;66;9.7
2012-03-07;9.6;15.0;3;7;2012;67;12.3
2012-03-08;9.9;15.8;3;8;2012;68;12.8
2012-03-09;7.4;17.8;3;9;2012;69;12.6
2012-03-10;8.3;20.1;3;10;2012;70;14.2
2012-03-11;9.8;19.2;3;11;2012;71;14.5
2012-03-12;8.0;20.5;3;12;2012;72;14.2
2012-03-13;7.8;15.2;3;13;2012;73;11.5
2012-03-14;8.6;14.5;3;14;2012;74;11.6
2012-03-15;9.5;13.0;3;15;2012;75;11.2
2012-03-16;10.6;14.4;3;16;2012;76;12.5
2012-03-17;8.4;14.2;3;17;2012;77;11.3
2012-03-18;7.0;13.2;3;18;2012;78;10.1
2012-03-19;4.8;13.4;3;19;2012;79;9.1
2012-03-20;6.4;15.2;3;20;2012;80;10.8
2012-03-21;6.0;15.8;3;21;2012;81;10.9
2012-03-22;6.6;17.1;3;22;2012;82;11.8
2012-03-23;9.2;22.2;3;23;2012;83;15.7
2012-03-24;14.8;24.8;3;24;2012;84;19.8
2012-03-25;12.8;21.6;3;25;2012;85;17.2
2012-03-26;12.4;23.4;3;26;2012;86;17.9
2012-03-27;11.5;24.5;3;27;2012;87;18.0
2012-03-28;11.5;24.6;3;28;2012;88;18.0
2012-03-29;12.2;21.2;3;29;2012;89;16.7
2012-03-30;12.2;23.6;3;30;2012;90;17.9
2012-03-31;12.0;17.8;3;31;2012;91;14.9
2012-04-01;10.5;17.6;4;1;2012;92;14.0
2012-04-02;10.5;13.1;4;2;2012;93;11.8
2012-04-03;10.2;13.6;4;3;2012;94;11.9
2012-04-04;8.2;12.1;4;4;2012;95;10.2
2012-04-05;6.0;12.4;4;5;2012;96;9.2
2012-04-06;7.1;11.6;4;6;2012;97;9.4
2012-04-07;9.3;13.4;4;7;2012;98;11.4
2012-04-08;8.0;15.0;4;8;2012;99;11.5
2012-04-09;7.1;15.0;4;9;2012;100;11.0
2012-04-10;10.2;15.0;4;10;2012;101;12.6
2012-04-11;10.0;15.0;4;11;2012;102;12.5
2012-04-12;9.9;14.2;4;12;2012;103;12.0
2012-04-13;9.0;14.0;4;13;2012;104;11.5
2012-04-14;8.8;13.3;4;14;2012;105;11.0
2012-04-15;8.6;12.8;4;15;2012;106;10.7
2012-04-16;7.7;13.7;4;16;2012;107;10.7
2012-04-17;9.4;14.4;4;17;2012;108;11.9
2012-04-18;9.6;12.0;4;18;2012;109;10.8
2012-04-19;10.0;15.0;4;19;2012;110;12.5
2012-04-20;10.7;16.1;4;20;2012;111;13.4
2012-04-21;11.0;15.4;4;21;2012;112;13.2
2012-04-22;9.6;15.0;4;22;2012;113;12.3
2012-04-23;10.2;15.4;4;23;2012;114;12.8
2012-04-24;9.5;15.2;4;24;2012;115;12.4
2012-04-25;9.5;14.6;4;25;2012;116;12.0
2012-04-26;7.8;14.0;4;26;2012;117;10.9
2012-04-27;8.8;15.0;4;27;2012;118;11.9
2012-04-28;6.5;15.6;4;28;2012;119;11.0
2012-04-29;7.4;15.4;4;29;2012;120;11.4
2012-04-30;8.6;14.2;4;30;2012;121;11.4
2012-05-01;9.6;16.6;5;1;2012;122;13.1
2012-05-02;12.2;17.4;5;2;2012;123;14.8
2012-05-03;10.8;17.6;5;3;2012;124;14.2
2012-05-04;9.6;16.1;5;4;2012;125;12.8
2012-05-05;10.0;17.0;5;5;2012;126;13.5
2012-05-06;11.4;17.6;5;6;2012;127;14.5
2012-05-07;12.4;19.2;5;7;2012;128;15.8
2012-05-08;15.8;19.8;5;8;2012;129;17.8
2012-05-09;16.8;24.9;5;9;2012;130;20.8
2012-05-10;16.6;27.5;5;10;2012;131;22.0
2012-05-11;14.6;20.4;5;11;2012;132;17.5
2012-05-12;13.8;20.0;5;12;2012;133;16.9
2012-05-13;13.8;22.0;5;13;2012;134;17.9
2012-05-14;11.4;15.8;5;14;2012;135;13.6
2012-05-15;10.4;16.5;5;15;2012;136;13.4
2012-05-16;10.6;25.9;5;16;2012;137;18.2
2012-05-17;13.0;22.4;5;17;2012;138;17.7
2012-05-18;12.2;17.3;5;18;2012;139;14.8
2012-05-19;11.0;16.6;5;19;2012;140;13.8
2012-05-20;9.0;15.5;5;20;2012;141;12.2
2012-05-21;11.5;19.0;5;21;2012;142;15.2
2012-05-22;14.2;19.0;5;22;2012;143;16.6
2012-05-23;12.2;21.4;5;23;2012;144;16.8
2012-05-24;14.0;23.4;5;24;2012;145;18.7
2012-05-25;13.9;22.0;5;25;2012;146;18.0
2012-05-26;13.4;21.0;5;26;2012;147;17.2
2012-05-27;14.5;18.7;5;27;2012;148;16.6
2012-05-28;14.4;20.5;5;28;2012;149;17.4
2012-05-29;12.6;22.2;5;29;2012;150;17.4
2012-05-30;14.8;19.2;5;30;2012;151;17.0
2012-05-31;13.2;27.2;5;31;2012;152;20.2
2012-06-01;16.2;33.0;6;1;2012;153;24.6
2012-06-02;15.4;20.8;6;2;2012;154;18.1
2012-06-03;14.6;21.6;6;3;2012;155;18.1
2012-06-04;14.0;22.5;6;4;2012;156;18.2
2012-06-05;17.0;22.2;6;5;2012;157;19.6
2012-06-06;16.0;22.4;6;6;2012;158;19.2
2012-06-07;14.4;20.8;6;7;2012;159;17.6
2012-06-08;13.8;19.9;6;8;2012;160;16.8
2012-06-09;13.7;21.2;6;9;2012;161;17.4
2012-06-10;13.8;19.7;6;10;2012;162;16.8
2012-06-11;14.2;19.4;6;11;2012;163;16.8
2012-06-12;14.1;18.0;6;12;2012;164;16.0
2012-06-13;12.5;18.5;6;13;2012;165;15.5
2012-06-14;15.0;22.0;6;14;2012;166;18.5
2012-06-15;15.4;22.6;6;15;2012;167;19.0
2012-06-16;15.0;20.0;6;16;2012;168;17.5
2012-06-17;13.0;16.0;6;17;2012;169;14.5
2012-06-18;11.4;17.6;6;18;2012;170;14.5
2012-06-19;14.4;17.6;6;19;2012;171;16.0
2012-06-20;13.6;20.4;6;20;2012;172;17.0
2012-06-21;13.6;20.2;6;21;2012;173;16.9
2012-06-22;12.5;19.4;6;22;2012;174;16.0
2012-06-23;12.2;19.6;6;23;2012;175;15.9
2012-06-24;13.8;22.5;6;24;2012;176;18.2
2012-06-25;15.7;19.6;6;25;2012;177;17.6
2012-06-26;16.0;29.2;6;26;2012;178;22.6
2012-06-27;16.8;27.2;6;27;2012;179;22.0
2012-06-28;16.9;22.5;6;28;2012;180;19.7
2012-06-29;15.6;23.5;6;29;2012;181;19.6
2012-06-30;15.1;20.2;6;30;2012;182;17.6
2012-07-01;14.2;20.0;7;1;2012;183;17.1
2012-07-02;15.0;21.8;7;2;2012;184;18.4
2012-07-03;16.4;22.8;7;3;2012;185;19.6
2012-07-04;15.9;21.7;7;4;2012;186;18.8
2012-07-05;14.5;20.0;7;5;2012;187;17.2
2012-07-06;14.8;21.2;7;6;2012;188;18.0
2012-07-07;15.4;20.5;7;7;2012;189;18.0
2012-07-08;15.3;20.8;7;8;2012;190;18.0
2012-07-09;16.1;20.8;7;9;2012;191;18.4
2012-07-10;15.4;19.2;7;10;2012;192;17.3
2012-07-11;15.4;19.6;7;11;2012;193;17.5
2012-07-12;13.4;21.1;7;12;2012;194;17.2
2012-07-13;16.2;20.6;7;13;2012;195;18.4
2012-07-14;15.8;21.0;7;14;2012;196;18.4
2012-07-15;15.4;20.0;7;15;2012;197;17.7
2012-07-16;13.4;23.2;7;16;2012;198;18.3
2012-07-17;15.6;27.4;7;17;2012;199;21.5
2012-07-18;17.0;20.8;7;18;2012;200;18.9
2012-07-19;16.3;20.5;7;19;2012;201;18.4
2012-07-20;15.6;21.4;7;20;2012;202;18.5
2012-07-21;15.4;22.6;7;21;2012;203;19.0
2012-07-22;15.8;23.6;7;22;2012;204;19.7
2012-07-23;15.8;25.2;7;23;2012;205;20.5
2012-07-24;16.9;25.3;7;24;2012;206;21.1
2012-07-25;17.6;25.4;7;25;2012;207;21.5
2012-07-26;17.5;23.2;7;26;2012;208;20.4
2012-07-27;17.2;22.1;7;27;2012;209;19.6
2012-07-28;16.0;20.6;7;28;2012;210;18.3
2012-07-29;14.8;21.2;7;29;2012;211;18.0
2012-07-30;15.6;22.6;7;30;2012;212;19.1
2012-07-31;15.6;23.5;7;31;2012;213;19.6
2012-08-01;17.2;24.5;8;1;2012;214;20.8
2012-08-02;16.0;23.0;8;2;2012;215;19.5
2012-08-03;15.5;23.5;8;3;2012;216;19.5
2012-08-04;16.4;20.4;8;4;2012;217;18.4
2012-08-05;15.2;21.8;8;5;2012;218;18.5
2012-08-06;16.2;22.4;8;6;2012;219;19.3
2012-08-07;13.6;23.2;8;7;2012;220;18.4
2012-08-08;16.6;27.3;8;8;2012;221;22.0
2012-08-09;16.6;23.5;8;9;2012;222;20.0
2012-08-10;15.4;24.4;8;10;2012;223;19.9
2012-08-11;18.5;26.8;8;11;2012;224;22.6
2012-08-12;18.4;24.6;8;12;2012;225;21.5
2012-08-13;19.0;23.4;8;13;2012;226;21.2
2012-08-14;17.6;23.3;8;14;2012;227;20.4
2012-08-15;16.0;23.8;8;15;2012;228;19.9
2012-08-16;16.5;25.6;8;16;2012;229;21.0
2012-08-17;18.6;30.2;8;17;2012;230;24.4
2012-08-18;19.2;28.0;8;18;2012;231;23.6
2012-08-19;19.8;27.2;8;19;2012;232;23.5
2012-08-20;18.4;22.4;8;20;2012;233;20.4
2012-08-21;18.6;23.6;8;21;2012;234;21.1
2012-08-22;18.6;23.6;8;22;2012;235;21.1
2012-08-23;17.7;21.4;8;23;2012;236;19.6
2012-08-24;17.5;21.8;8;24;2012;237;19.6
2012-08-25;16.9;22.7;8;25;2012;238;19.8
2012-08-26;13.7;22.6;8;26;2012;239;18.2
2012-08-27;15.4;24.6;8;27;2012;240;20.0
2012-08-28;15.7;23.2;8;28;2012;241;19.4
2012-08-29;15.5;23.5;8;29;2012;242;19.5
2012-08-30;16.2;20.4;8;30;2012;243;18.3
2012-08-31;15.6;23.0;8;31;2012;244;19.3
2012-09-01;15.0;25.4;9;1;2012;245;20.2
2012-09-02;15.8;25.5;9;2;2012;246;20.6
2012-09-03;17.6;25.2;9;3;2012;247;21.4
2012-09-04;16.9;25.0;9;4;2012;248;21.0
2012-09-05;16.3;25.4;9;5;2012;249;20.8
2012-09-06;16.7;27.7;9;6;2012;250;22.2
2012-09-07;17.0;30.2;9;7;2012;251;23.6
2012-09-08;18.1;26.9;9;8;2012;252;22.5
2012-09-09;17.6;23.4;9;9;2012;253;20.5
2012-09-10;16.4;26.0;9;10;2012;254;21.2
2012-09-11;17.0;22.0;9;11;2012;255;19.5
2012-09-12;16.4;21.4;9;12;2012;256;18.9
2012-09-13;16.1;21.8;9;13;2012;257;19.0
2012-09-14;14.1;23.8;9;14;2012;258;19.0
2012-09-15;14.6;26.0;9;15;2012;259;20.3
2012-09-16;16.6;26.0;9;16;2012;260;21.3
2012-09-17;15.1;20.0;9;17;2012;261;17.6
2012-09-18;16.6;21.6;9;18;2012;262;19.1
2012-09-19;16.4;23.0;9;19;2012;263;19.7
2012-09-20;15.0;26.4;9;20;2012;264;20.7
2012-09-21;16.0;22.0;9;21;2012;265;19.0
2012-09-22;14.4;27.0;9;22;2012;266;20.7
2012-09-23;15.8;22.0;9;23;2012;267;18.9
2012-09-24;13.9;21.2;9;24;2012;268;17.6
2012-09-25;12.8;17.2;9;25;2012;269;15.0
2012-09-26;12.4;20.0;9;26;2012;270;16.2
2012-09-27;11.0;19.4;9;27;2012;271;15.2
2012-09-28;14.0;20.0;9;28;2012;272;17.0
2012-09-29;14.6;19.8;9;29;2012;273;17.2
2012-09-30;13.0;18.0;9;30;2012;274;15.5
2012-10-01;10.4;21.5;10;1;2012;275;16.0
2012-10-02;14.5;19.8;10;2;2012;276;17.2
2012-10-03;15.0;22.6;10;3;2012;277;18.8
2012-10-04;13.8;22.6;10;4;2012;278;18.2
2012-10-05;11.8;20.5;10;5;2012;279;16.2
2012-10-06;16.2;21.6;10;6;2012;280;18.9
2012-10-07;19.6;25.4;10;7;2012;281;22.5
2012-10-08;19.2;25.4;10;8;2012;282;22.3
2012-10-09;18.2;22.2;10;9;2012;283;20.2
2012-10-10;18.4;20.8;10;10;2012;284;19.6
2012-10-11;14.5;18.6;10;11;2012;285;16.6
2012-10-12;13.5;17.9;10;12;2012;286;15.7
2012-10-13;11.0;19.0;10;13;2012;287;15.0
2012-10-14;13.8;17.0;10;14;2012;288;15.4
2012-10-15;12.8;18.8;10;15;2012;289;15.8
2012-10-16;13.7;19.1;10;16;2012;290;16.4
2012-10-17;12.3;17.0;10;17;2012;291;14.6
2012-10-18;11.2;14.5;10;18;2012;292;12.8
2012-10-19;9.4;17.0;10;19;2012;293;13.2
2012-10-20;9.6;19.6;10;20;2012;294;14.6
2012-10-21;10.0;21.8;10;21;2012;295;15.9
2012-10-22;15.0;22.5;10;22;2012;296;18.8
2012-10-23;17.0;25.0;10;23;2012;297;21.0
2012-10-24;15.0;20.6;10;24;2012;298;17.8
2012-10-25;14.0;22.5;10;25;2012;299;18.2
2012-10-26;14.0;18.4;10;26;2012;300;16.2
2012-10-27;9.8;15.8;10;27;2012;301;12.8
2012-10-28;7.5;15.2;10;28;2012;302;11.4
2012-10-29;7.5;17.5;10;29;2012;303;12.5
2012-10-30;10.0;17.5;10;30;2012;304;13.8
2012-10-31;8.4;15.8;10;31;2012;305;12.1
2012-11-01;12.2;15.0;11;1;2012;306;13.6
2012-11-02;11.8;18.6;11;2;2012;307;15.2
2012-11-03;11.3;15.4;11;3;2012;308;13.4
2012-11-04;10.3;15.9;11;4;2012;309;13.1
2012-11-05;9.0;15.6;11;5;2012;310;12.3
2012-11-06;6.8;15.0;11;6;2012;311;10.9
2012-11-07;7.6;15.6;11;7;2012;312;11.6
2012-11-08;9.6;14.6;11;8;2012;313;12.1
2012-11-09;12.2;18.4;11;9;2012;314;15.3
2012-11-10;8.7;15.0;11;10;2012;315;11.8
2012-11-11;8.7;13.2;11;11;2012;316;11.0
2012-11-12;7.0;16.0;11;12;2012;317;11.5
2012-11-13;6.4;15.0;11;13;2012;318;10.7
2012-11-14;8.2;17.6;11;14;2012;319;12.9
2012-11-15;13.2;22.6;11;15;2012;320;17.9
2012-11-16;12.0;19.0;11;16;2012;321;15.5
2012-11-17;12.2;14.0;11;17;2012;322;13.1
2012-11-18;9.6;15.5;11;18;2012;323;12.6
2012-11-19;9.0;16.2;11;19;2012;324;12.6
2012-11-20;11.0;16.5;11;20;2012;325;13.8
2012-11-21;8.9;15.7;11;21;2012;326;12.3
2012-11-22;7.6;13.3;11;22;2012;327;10.4
2012-11-23;12.0;15.5;11;23;2012;328;13.8
2012-11-24;11.2;16.8;11;24;2012;329;14.0
2012-11-25;8.4;14.8;11;25;2012;330;11.6
2012-11-26;9.0;13.4;11;26;2012;331;11.2
2012-11-27;7.0;11.5;11;27;2012;332;9.2
2012-11-28;8.0;13.0;11;28;2012;333;10.5
2012-11-29;8.0;11.4;11;29;2012;334;9.7
2012-11-30;8.3;10.6;11;30;2012;335;9.4
2012-12-01;7.4;12.0;12;1;2012;336;9.7
2012-12-02;4.5;12.4;12;2;2012;337;8.4
2012-12-03;10.4;14.4;12;3;2012;338;12.4
2012-12-04;9.3;13.2;12;4;2012;339;11.2
2012-12-05;8.8;13.5;12;5;2012;340;11.2
2012-12-06;9.8;14.2;12;6;2012;341;12.0
2012-12-07;10.4;12.8;12;7;2012;342;11.6
2012-12-08;7.8;13.6;12;8;2012;343;10.7
2012-12-09;5.4;14.2;12;9;2012;344;9.8
2012-12-10;5.5;12.9;12;10;2012;345;9.2
2012-12-11;5.8;12.0;12;11;2012;346;8.9
2012-12-12;7.2;14.0;12;12;2012;347;10.6
2012-12-13;10.2;16.2;12;13;2012;348;13.2
2012-12-14;10.8;17.0;12;14;2012;349;13.9
2012-12-15;10.4;14.0;12;15;2012;350;12.2
2012-12-16;12.4;16.0;12;16;2012;351;14.2
2012-12-17;11.9;16.0;12;17;2012;352;14.0
2012-12-18;13.2;17.5;12;18;2012;353;15.4
2012-12-19;11.1;15.6;12;19;2012;354;13.4
2012-12-20;11.4;15.4;12;20;2012;355;13.4
2012-12-21;12.8;17.0;12;21;2012;356;14.9
2012-12-22;15.0;17.7;12;22;2012;357;16.4
2012-12-23;14.2;17.8;12;23;2012;358;16.0
2012-12-24;10.3;16.3;12;24;2012;359;13.3
2012-12-25;10.0;13.9;12;25;2012;360;12.0
2012-12-26;9.8;14.0;12;26;2012;361;11.9
2012-12-27;13.0;15.6;12;27;2012;362;14.3
2012-12-28;12.5;15.3;12;28;2012;363;13.9
2012-12-29;10.6;13.8;12;29;2012;364;12.2
2012-12-30;10.2;15.3;12;30;2012;365;12.8
2012-12-31;11.2;13.6;12;31;2012;366;12.4
2013-01-01;10.8;14.5;1;1;2013;1;12.6
2013-01-02;8.4;14.2;1;2;2013;2;11.3
2013-01-03;6.6;17.5;1;3;2013;3;12.0
2013-01-04;8.6;16.6;1;4;2013;4;12.6
2013-01-05;7.2;16.0;1;5;2013;5;11.6
2013-01-06;6.0;13.8;1;6;2013;6;9.9
2013-01-07;5.0;15.8;1;7;2013;7;10.4
2013-01-08;10.0;15.4;1;8;2013;8;12.7
2013-01-09;11.3;15.0;1;9;2013;9;13.2
2013-01-10;8.2;13.6;1;10;2013;10;10.9
2013-01-11;5.6;15.0;1;11;2013;11;10.3
2013-01-12;7.2;11.8;1;12;2013;12;9.5
2013-01-13;7.2;12.2;1;13;2013;13;9.7
2013-01-14;9.2;12.0;1;14;2013;14;10.6
2013-01-15;8.6;11.3;1;15;2013;15;10.0
2013-01-16;10.2;13.6;1;16;2013;16;11.9
2013-01-17;11.0;15.0;1;17;2013;17;13.0
2013-01-18;10.2;14.2;1;18;2013;18;12.2
2013-01-19;8.0;12.0;1;19;2013;19;10.0
2013-01-20;8.0;12.3;1;20;2013;20;10.2
2013-01-21;6.5;11.7;1;21;2013;21;9.1
2013-01-22;5.6;9.4;1;22;2013;22;7.5
2013-01-23;6.7;12.4;1;23;2013;23;9.6
2013-01-24;9.2;13.4;1;24;2013;24;11.3
2013-01-25;8.6;14.5;1;25;2013;25;11.6
2013-01-26;9.6;15.5;1;26;2013;26;12.6
2013-01-27;9.5;14.8;1;27;2013;27;12.2
2013-01-28;9.1;15.4;1;28;2013;28;12.2
2013-01-29;11.5;16.6;1;29;2013;29;14.0
2013-01-30;12.2;16.6;1;30;2013;30;14.4
2013-01-31;12.3;17.6;1;31;2013;31;15.0
2013-02-01;8.9;16.6;2;1;2013;32;12.8
2013-02-02;8.5;13.9;2;2;2013;33;11.2
2013-02-03;6.4;13.4;2;3;2013;34;9.9
2013-02-04;10.4;13.0;2;4;2013;35;11.7
2013-02-05;9.8;13.5;2;5;2013;36;11.6
2013-02-06;8.4;12.4;2;6;2013;37;10.4
2013-02-07;7.3;12.4;2;7;2013;38;9.8
2013-02-08;9.6;12.7;2;8;2013;39;11.2
2013-02-09;9.5;14.0;2;9;2013;40;11.8
2013-02-10;5.8;12.4;2;10;2013;41;9.1
2013-02-11;5.6;10.0;2;11;2013;42;7.8
2013-02-12;6.5;12.4;2;12;2013;43;9.4
2013-02-13;10.7;14.5;2;13;2013;44;12.6
2013-02-14;11.6;14.9;2;14;2013;45;13.2
2013-02-15;11.0;14.6;2;15;2013;46;12.8
2013-02-16;10.0;15.7;2;16;2013;47;12.8
2013-02-17;10.4;13.5;2;17;2013;48;12.0
2013-02-18;9.4;17.0;2;18;2013;49;13.2
2013-02-19;10.3;17.0;2;19;2013;50;13.6
2013-02-20;7.9;17.2;2;20;2013;51;12.6
2013-02-21;10.3;17.0;2;21;2013;52;13.6
2013-02-22;6.5;12.6;2;22;2013;53;9.6
2013-02-23;6.5;8.2;2;23;2013;54;7.4
2013-02-24;5.2;10.4;2;24;2013;55;7.8
2013-02-25;4.2;10.1;2;25;2013;56;7.2
2013-02-26;5.9;11.0;2;26;2013;57;8.4
2013-02-27;5.0;10.2;2;27;2013;58;7.6
2013-02-28;6.4;12.6;2;28;2013;59;9.5
2013-03-01;5.0;12.6;3;1;2013;60;8.8
2013-03-02;5.0;14.4;3;2;2013;61;9.7
2013-03-03;8.1;17.8;3;3;2013;62;13.0
2013-03-04;12.1;17.0;3;4;2013;63;14.6
2013-03-05;12.6;19.6;3;5;2013;64;16.1
2013-03-06;12.4;17.4;3;6;2013;65;14.9
2013-03-07;10.8;14.9;3;7;2013;66;12.8
2013-03-08;11.3;17.0;3;8;2013;67;14.2
2013-03-09;9.8;15.6;3;9;2013;68;12.7
2013-03-10;10.6;15.8;3;10;2013;69;13.2
2013-03-11;8.5;13.4;3;11;2013;70;11.0
2013-03-12;4.6;10.4;3;12;2013;71;7.5
2013-03-13;3.5;10.0;3;13;2013;72;6.8
2013-03-14;5.3;12.0;3;14;2013;73;8.6
2013-03-15;4.7;13.1;3;15;2013;74;8.9
2013-03-16;7.8;10.1;3;16;2013;75;9.0
2013-03-17;7.8;12.8;3;17;2013;76;10.3
2013-03-18;6.6;12.0;3;18;2013;77;9.3
2013-03-19;7.8;11.8;3;19;2013;78;9.8
2013-03-20;7.6;14.6;3;20;2013;79;11.1
2013-03-21;11.8;18.5;3;21;2013;80;15.2
2013-03-22;9.8;16.3;3;22;2013;81;13.0
2013-03-23;9.0;15.2;3;23;2013;82;12.1
2013-03-24;9.4;15.2;3;24;2013;83;12.3
2013-03-25;9.6;15.3;3;25;2013;84;12.4
2013-03-26;11.4;13.5;3;26;2013;85;12.4
2013-03-27;11.3;13.2;3;27;2013;86;12.2
2013-03-28;11.7;16.4;3;28;2013;87;14.0
2013-03-29;12.3;18.5;3;29;2013;88;15.4
2013-03-30;11.1;16.6;3;30;2013;89;13.8
2013-03-31;12.2;18.0;3;31;2013;90;15.1
2013-04-01;10.7;15.8;4;1;2013;91;13.2
2013-04-02;9.6;15.5;4;2;2013;92;12.6
2013-04-03;10.4;14.0;4;3;2013;93;12.2
2013-04-04;8.2;10.5;4;4;2013;94;9.4
2013-04-05;6.6;11.0;4;5;2013;95;8.8
2013-04-06;8.4;12.6;4;6;2013;96;10.5
2013-04-07;8.8;12.6;4;7;2013;97;10.7
2013-04-08;8.8;14.8;4;8;2013;98;11.8
2013-04-09;9.6;15.5;4;9;2013;99;12.6
2013-04-10;12.2;19.5;4;10;2013;100;15.8
2013-04-11;11.1;16.6;4;11;2013;101;13.8
2013-04-12;11.0;18.2;4;12;2013;102;14.6
2013-04-13;13.0;20.2;4;13;2013;103;16.6
2013-04-14;11.8;21.2;4;14;2013;104;16.5
2013-04-15;10.2;20.2;4;15;2013;105;15.2
2013-04-16;11.0;20.2;4;16;2013;106;15.6
2013-04-17;11.2;21.6;4;17;2013;107;16.4
2013-04-18;10.4;15.6;4;18;2013;108;13.0
2013-04-19;9.2;17.0;4;19;2013;109;13.1
2013-04-20;8.2;18.8;4;20;2013;110;13.5
2013-04-21;8.2;15.6;4;21;2013;111;11.9
2013-04-22;9.9;16.0;4;22;2013;112;13.0
2013-04-23;10.6;18.5;4;23;2013;113;14.6
2013-04-24;13.2;20.0;4;24;2013;114;16.6
2013-04-25;12.4;16.8;4;25;2013;115;14.6
2013-04-26;9.8;12.9;4;26;2013;116;11.4
2013-04-27;6.4;11.8;4;27;2013;117;9.1
2013-04-28;6.0;13.0;4;28;2013;118;9.5
2013-04-29;6.9;15.2;4;29;2013;119;11.0
2013-04-30;10.0;12.6;4;30;2013;120;11.3
2013-05-01;9.6;13.0;5;1;2013;121;11.3
2013-05-02;8.0;14.0;5;2;2013;122;11.0
2013-05-03;9.0;16.4;5;3;2013;123;12.7
2013-05-04;8.4;20.4;5;4;2013;124;14.4
2013-05-05;11.0;20.2;5;5;2013;125;15.6
2013-05-06;11.5;16.8;5;6;2013;126;14.2
2013-05-07;15.3;20.0;5;7;2013;127;17.6
2013-05-08;12.8;18.5;5;8;2013;128;15.6
2013-05-09;11.5;15.5;5;9;2013;129;13.5
2013-05-10;8.0;16.0;5;10;2013;130;12.0
2013-05-11;8.7;16.2;5;11;2013;131;12.4
2013-05-12;9.2;15.5;5;12;2013;132;12.4
2013-05-13;10.8;15.5;5;13;2013;133;13.2
2013-05-14;10.2;16.9;5;14;2013;134;13.6
2013-05-15;10.0;15.1;5;15;2013;135;12.6
2013-05-16;9.2;13.4;5;16;2013;136;11.3
2013-05-17;7.5;14.4;5;17;2013;137;11.0
2013-05-18;9.5;14.6;5;18;2013;138;12.0
2013-05-19;9.6;16.6;5;19;2013;139;13.1
2013-05-20;7.8;15.6;5;20;2013;140;11.7
2013-05-21;10.0;16.6;5;21;2013;141;13.3
2013-05-22;12.5;15.5;5;22;2013;142;14.0
2013-05-23;11.3;15.2;5;23;2013;143;13.2
2013-05-24;9.8;15.0;5;24;2013;144;12.4
2013-05-25;10.6;16.2;5;25;2013;145;13.4
2013-05-26;11.0;17.1;5;26;2013;146;14.0
2013-05-27;9.2;18.2;5;27;2013;147;13.7
2013-05-28;10.1;16.0;5;28;2013;148;13.0
2013-05-29;10.4;14.2;5;29;2013;149;12.3
2013-05-30;11.6;16.6;5;30;2013;150;14.1
2013-05-31;12.2;16.4;5;31;2013;151;14.3
2013-06-01;12.2;15.0;6;1;2013;152;13.6
2013-06-02;12.0;18.5;6;2;2013;153;15.2
2013-06-03;12.4;23.2;6;3;2013;154;17.8
2013-06-04;11.9;23.6;6;4;2013;155;17.8
2013-06-05;13.2;21.0;6;5;2013;156;17.1
2013-06-06;13.0;20.0;6;6;2013;157;16.5
2013-06-07;13.6;17.5;6;7;2013;158;15.6
2013-06-08;13.4;16.4;6;8;2013;159;14.9
2013-06-09;13.0;18.0;6;9;2013;160;15.5
2013-06-10;15.0;18.8;6;10;2013;161;16.9
2013-06-11;15.5;23.6;6;11;2013;162;19.6
2013-06-12;16.6;24.0;6;12;2013;163;20.3
2013-06-13;13.0;17.8;6;13;2013;164;15.4
2013-06-14;11.6;20.0;6;14;2013;165;15.8
2013-06-15;13.8;18.4;6;15;2013;166;16.1
2013-06-16;12.2;20.0;6;16;2013;167;16.1
2013-06-17;12.0;17.6;6;17;2013;168;14.8
2013-06-18;12.3;17.8;6;18;2013;169;15.0
2013-06-19;12.6;15.4;6;19;2013;170;14.0
2013-06-20;12.5;17.8;6;20;2013;171;15.2
2013-06-21;13.9;18.5;6;21;2013;172;16.2
2013-06-22;13.2;18.5;6;22;2013;173;15.8
2013-06-23;13.6;18.6;6;23;2013;174;16.1
2013-06-24;12.7;20.0;6;24;2013;175;16.4
2013-06-25;13.4;19.9;6;25;2013;176;16.6
2013-06-26;14.4;21.8;6;26;2013;177;18.1
2013-06-27;14.8;23.0;6;27;2013;178;18.9
2013-06-28;14.1;19.4;6;28;2013;179;16.8
2013-06-29;13.2;18.8;6;29;2013;180;16.0
2013-06-30;15.0;21.0;6;30;2013;181;18.0
2013-07-01;14.3;17.9;7;1;2013;182;16.1
2013-07-02;14.2;21.6;7;2;2013;183;17.9
2013-07-03;16.0;22.0;7;3;2013;184;19.0
2013-07-04;16.6;23.2;7;4;2013;185;19.9
2013-07-05;16.0;27.8;7;5;2013;186;21.9
2013-07-06;17.6;31.2;7;6;2013;187;24.4
2013-07-07;19.5;30.6;7;7;2013;188;25.0
2013-07-08;18.5;30.8;7;8;2013;189;24.6
2013-07-09;17.7;25.0;7;9;2013;190;21.4
2013-07-10;16.4;20.8;7;10;2013;191;18.6
2013-07-11;15.8;25.4;7;11;2013;192;20.6
2013-07-12;17.6;25.8;7;12;2013;193;21.7
2013-07-13;16.3;22.4;7;13;2013;194;19.4
2013-07-14;16.5;22.7;7;14;2013;195;19.6
2013-07-15;17.0;29.2;7;15;2013;196;23.1
2013-07-16;18.3;24.4;7;16;2013;197;21.4
2013-07-17;16.8;22.2;7;17;2013;198;19.5
2013-07-18;16.0;25.6;7;18;2013;199;20.8
2013-07-19;16.6;22.4;7;19;2013;200;19.5
2013-07-20;16.4;19.6;7;20;2013;201;18.0
2013-07-21;16.2;22.0;7;21;2013;202;19.1
2013-07-22;16.2;21.4;7;22;2013;203;18.8
2013-07-23;14.6;22.6;7;23;2013;204;18.6
2013-07-24;17.6;24.6;7;24;2013;205;21.1
2013-07-25;17.3;22.2;7;25;2013;206;19.8
2013-07-26;16.0;22.8;7;26;2013;207;19.4
2013-07-27;16.4;24.0;7;27;2013;208;20.2
2013-07-28;17.2;24.3;7;28;2013;209;20.8
2013-07-29;17.6;24.8;7;29;2013;210;21.2
2013-07-30;16.8;25.4;7;30;2013;211;21.1
2013-07-31;16.0;21.7;7;31;2013;212;18.8
2013-08-01;16.6;28.6;8;1;2013;213;22.6
2013-08-02;16.9;24.0;8;2;2013;214;20.4
2013-08-03;15.8;23.2;8;3;2013;215;19.5
2013-08-04;14.5;23.5;8;4;2013;216;19.0
2013-08-05;18.1;24.4;8;5;2013;217;21.2
2013-08-06;16.4;20.6;8;6;2013;218;18.5
2013-08-07;15.6;22.6;8;7;2013;219;19.1
2013-08-08;16.8;21.6;8;8;2013;220;19.2
2013-08-09;15.6;23.9;8;9;2013;221;19.8
2013-08-10;19.2;25.0;8;10;2013;222;22.1
2013-08-11;17.6;24.0;8;11;2013;223;20.8
2013-08-12;18.3;22.4;8;12;2013;224;20.4
2013-08-13;17.8;23.9;8;13;2013;225;20.8
2013-08-14;17.4;25.0;8;14;2013;226;21.2
2013-08-15;16.6;24.7;8;15;2013;227;20.6
2013-08-16;16.3;23.4;8;16;2013;228;19.8
2013-08-17;16.4;23.6;8;17;2013;229;20.0
2013-08-18;16.7;25.2;8;18;2013;230;21.0
2013-08-19;16.5;21.8;8;19;2013;231;19.2
2013-08-20;16.0;29.3;8;20;2013;232;22.6
2013-08-21;17.7;28.8;8;21;2013;233;23.2
2013-08-22;17.4;23.0;8;22;2013;234;20.2
2013-08-23;17.0;24.0;8;23;2013;235;20.5
2013-08-24;16.0;20.7;8;24;2013;236;18.4
2013-08-25;15.2;21.6;8;25;2013;237;18.4
2013-08-26;16.5;21.5;8;26;2013;238;19.0
2013-08-27;16.4;22.3;8;27;2013;239;19.4
2013-08-28;17.0;24.4;8;28;2013;240;20.7
2013-08-29;16.6;24.6;8;29;2013;241;20.6
2013-08-30;16.0;23.0;8;30;2013;242;19.5
2013-08-31;16.0;25.0;8;31;2013;243;20.5
2013-09-01;17.6;27.6;9;1;2013;244;22.6
2013-09-02;17.0;29.2;9;2;2013;245;23.1
2013-09-03;17.0;27.5;9;3;2013;246;22.2
2013-09-04;15.4;25.5;9;4;2013;247;20.4
2013-09-05;16.6;19.5;9;5;2013;248;18.0
2013-09-06;14.8;19.1;9;6;2013;249;17.0
2013-09-07;14.4;19.0;9;7;2013;250;16.7
2013-09-08;11.0;20.1;9;8;2013;251;15.6
2013-09-09;12.6;21.7;9;9;2013;252;17.2
2013-09-10;16.2;21.4;9;10;2013;253;18.8
2013-09-11;15.8;22.4;9;11;2013;254;19.1
2013-09-12;14.0;22.5;9;12;2013;255;18.2
2013-09-13;14.8;25.4;9;13;2013;256;20.1
2013-09-14;15.5;21.6;9;14;2013;257;18.6
2013-09-15;15.0;20.6;9;15;2013;258;17.8
2013-09-16;15.0;19.0;9;16;2013;259;17.0
2013-09-17;14.2;20.6;9;17;2013;260;17.4
2013-09-18;16.5;22.0;9;18;2013;261;19.2
2013-09-19;16.4;23.4;9;19;2013;262;19.9
2013-09-20;17.6;21.5;9;20;2013;263;19.6
2013-09-21;16.5;26.6;9;21;2013;264;21.6
2013-09-22;18.0;31.4;9;22;2013;265;24.7
2013-09-23;19.1;27.8;9;23;2013;266;23.4
2013-09-24;17.8;22.2;9;24;2013;267;20.0
2013-09-25;16.3;22.6;9;25;2013;268;19.4
2013-09-26;15.5;24.0;9;26;2013;269;19.8
2013-09-27;16.6;23.4;9;27;2013;270;20.0
2013-09-28;16.2;22.2;9;28;2013;271;19.2
2013-09-29;17.2;23.9;9;29;2013;272;20.6
2013-09-30;18.0;25.3;9;30;2013;273;21.6
2013-10-01;19.0;23.6;10;1;2013;274;21.3
2013-10-02;17.4;23.0;10;2;2013;275;20.2
2013-10-03;16.8;21.4;10;3;2013;276;19.1
2013-10-04;15.7;21.5;10;4;2013;277;18.6
2013-10-05;14.3;20.6;10;5;2013;278;17.4
2013-10-06;12.2;21.0;10;6;2013;279;16.6
2013-10-07;13.0;22.5;10;7;2013;280;17.8
2013-10-08;13.2;23.0;10;8;2013;281;18.1
2013-10-09;13.0;22.9;10;9;2013;282;18.0
2013-10-10;13.6;21.0;10;10;2013;283;17.3
2013-10-11;13.1;19.3;10;11;2013;284;16.2
2013-10-12;10.4;18.0;10;12;2013;285;14.2
2013-10-13;13.6;21.0;10;13;2013;286;17.3
2013-10-14;15.0;21.4;10;14;2013;287;18.2
2013-10-15;16.5;22.6;10;15;2013;288;19.6
2013-10-16;15.0;21.4;10;16;2013;289;18.2
2013-10-17;12.2;23.4;10;17;2013;290;17.8
2013-10-18;16.8;20.0;10;18;2013;291;18.4
2013-10-19;15.7;20.5;10;19;2013;292;18.1
2013-10-20;16.5;22.0;10;20;2013;293;19.2
2013-10-21;14.6;20.2;10;21;2013;294;17.4
2013-10-22;16.6;21.0;10;22;2013;295;18.8
2013-10-23;16.2;21.5;10;23;2013;296;18.8
2013-10-24;16.0;19.5;10;24;2013;297;17.8
2013-10-25;15.0;21.0;10;25;2013;298;18.0
2013-10-26;13.7;20.5;10;26;2013;299;17.1
2013-10-27;17.0;21.2;10;27;2013;300;19.1
2013-10-28;12.9;18.6;10;28;2013;301;15.8
2013-10-29;10.8;17.2;10;29;2013;302;14.0
2013-10-30;8.6;17.6;10;30;2013;303;13.1
2013-10-31;12.4;20.0;10;31;2013;304;16.2
2013-11-01;15.4;20.0;11;1;2013;305;17.7
2013-11-02;13.2;19.0;11;2;2013;306;16.1
2013-11-03;12.0;16.4;11;3;2013;307;14.2
2013-11-04;14.6;17.3;11;4;2013;308;16.0
2013-11-05;16.0;18.3;11;5;2013;309;17.2
2013-11-06;15.6;20.0;11;6;2013;310;17.8
2013-11-07;14.1;19.8;11;7;2013;311;17.0
2013-11-08;11.6;15.6;11;8;2013;312;13.6
2013-11-09;10.8;17.6;11;9;2013;313;14.2
2013-11-10;14.2;17.0;11;10;2013;314;15.6
2013-11-11;14.1;17.8;11;11;2013;315;16.0
2013-11-12;14.4;18.0;11;12;2013;316;16.2
2013-11-13;13.0;15.6;11;13;2013;317;14.3
2013-11-14;12.4;16.4;11;14;2013;318;14.4
2013-11-15;12.1;14.6;11;15;2013;319;13.4
2013-11-16;9.7;14.2;11;16;2013;320;12.0
2013-11-17;11.8;13.5;11;17;2013;321;12.6
2013-11-18;9.2;14.2;11;18;2013;322;11.7
2013-11-19;9.0;13.6;11;19;2013;323;11.3
2013-11-20;6.4;13.2;11;20;2013;324;9.8
2013-11-21;9.6;13.4;11;21;2013;325;11.5
2013-11-22;7.0;13.2;11;22;2013;326;10.1
2013-11-23;4.9;13.8;11;23;2013;327;9.4
2013-11-24;9.7;13.4;11;24;2013;328;11.6
2013-11-25;10.0;13.2;11;25;2013;329;11.6
2013-11-26;9.6;12.8;11;26;2013;330;11.2
2013-11-27;9.2;12.4;11;27;2013;331;10.8
2013-11-28;6.5;13.1;11;28;2013;332;9.8
2013-11-29;5.1;13.6;11;29;2013;333;9.4
2013-11-30;9.5;13.5;11;30;2013;334;11.5
2013-12-01;9.0;14.0;12;1;2013;335;11.5
2013-12-02;7.0;14.5;12;2;2013;336;10.8
2013-12-03;5.1;13.6;12;3;2013;337;9.4
2013-12-04;4.7;13.8;12;4;2013;338;9.2
2013-12-05;6.3;14.6;12;5;2013;339;10.4
2013-12-06;6.5;14.5;12;6;2013;340;10.5
2013-12-07;4.2;14.2;12;7;2013;341;9.2
2013-12-08;3.8;13.5;12;8;2013;342;8.6
2013-12-09;3.5;14.2;12;9;2013;343;8.8
2013-12-10;7.2;16.4;12;10;2013;344;11.8
2013-12-11;10.0;17.4;12;11;2013;345;13.7
2013-12-12;14.0;17.8;12;12;2013;346;15.9
2013-12-13;9.0;16.8;12;13;2013;347;12.9
2013-12-14;7.0;16.8;12;14;2013;348;11.9
2013-12-15;10.0;17.6;12;15;2013;349;13.8
2013-12-16;11.2;15.6;12;16;2013;350;13.4
2013-12-17;9.2;12.9;12;17;2013;351;11.0
2013-12-18;9.2;15.3;12;18;2013;352;12.2
2013-12-19;8.4;13.0;12;19;2013;353;10.7
2013-12-20;6.0;13.4;12;20;2013;354;9.7
2013-12-21;8.8;14.5;12;21;2013;355;11.6
2013-12-22;10.8;15.5;12;22;2013;356;13.2
2013-12-23;11.4;16.3;12;23;2013;357;13.8
2013-12-24;8.5;14.6;12;24;2013;358;11.6
2013-12-25;6.9;11.2;12;25;2013;359;9.0
2013-12-26;6.8;15.5;12;26;2013;360;11.2
2013-12-27;9.2;17.4;12;27;2013;361;13.3
2013-12-28;8.1;11.6;12;28;2013;362;9.8
2013-12-29;7.4;11.8;12;29;2013;363;9.6
2013-12-30;10.4;14.6;12;30;2013;364;12.5
2013-12-31;10.0;14.2;12;31;2013;365;12.1
2014-01-01;10.6;15.2;1;1;2014;1;12.9
2014-01-02;12.4;16.3;1;2;2014;2;14.4
2014-01-03;9.9;15.5;1;3;2014;3;12.7
2014-01-04;7.5;12.0;1;4;2014;4;9.8
2014-01-05;9.0;17.0;1;5;2014;5;13.0
2014-01-06;12.5;15.5;1;6;2014;6;14.0
2014-01-07;11.2;15.8;1;7;2014;7;13.5
2014-01-08;11.4;16.0;1;8;2014;8;13.7
2014-01-09;8.7;11.4;1;9;2014;9;10.0
2014-01-10;9.2;12.8;1;10;2014;10;11.0
2014-01-11;5.9;14.2;1;11;2014;11;10.0
2014-01-12;9.0;13.8;1;12;2014;12;11.4
2014-01-13;7.8;11.2;1;13;2014;13;9.5
2014-01-14;9.8;14.2;1;14;2014;14;12.0
2014-01-15;9.6;15.1;1;15;2014;15;12.4
2014-01-16;8.4;11.3;1;16;2014;16;9.8
2014-01-17;8.0;11.4;1;17;2014;17;9.7
2014-01-18;6.4;11.0;1;18;2014;18;8.7
2014-01-19;6.0;11.4;1;19;2014;19;8.7
2014-01-20;8.0;12.8;1;20;2014;20;10.4
2014-01-21;9.4;13.4;1;21;2014;21;11.4
2014-01-22;9.9;13.5;1;22;2014;22;11.7
2014-01-23;10.0;14.5;1;23;2014;23;12.2
2014-01-24;10.6;13.4;1;24;2014;24;12.0
2014-01-25;12.2;13.2;1;25;2014;25;12.7
2014-01-26;11.0;15.2;1;26;2014;26;13.1
2014-01-27;8.2;11.2;1;27;2014;27;9.7
2014-01-28;7.0;12.8;1;28;2014;28;9.9
2014-01-29;6.6;12.0;1;29;2014;29;9.3
2014-01-30;8.0;12.2;1;30;2014;30;10.1
2014-01-31;9.8;14.4;1;31;2014;31;12.1
2014-02-01;6.6;11.4;2;1;2014;32;9.0
2014-02-02;6.8;12.0;2;2;2014;33;9.4
2014-02-03;6.3;11.1;2;3;2014;34;8.7
2014-02-04;6.2;13.0;2;4;2014;35;9.6
2014-02-05;7.4;13.6;2;5;2014;36;10.5
2014-02-06;8.8;15.8;2;6;2014;37;12.3
2014-02-07;8.4;13.2;2;7;2014;38;10.8
2014-02-08;7.3;13.0;2;8;2014;39;10.2
2014-02-09;6.6;12.0;2;9;2014;40;9.3
2014-02-10;6.6;12.0;2;10;2014;41;9.3
2014-02-11;8.1;13.2;2;11;2014;42;10.6
2014-02-12;7.0;15.8;2;12;2014;43;11.4
2014-02-13;10.5;16.0;2;13;2014;44;13.2
2014-02-14;8.4;17.5;2;14;2014;45;13.0
2014-02-15;6.7;11.9;2;15;2014;46;9.3
2014-02-16;5.9;13.0;2;16;2014;47;9.4
2014-02-17;8.3;13.2;2;17;2014;48;10.8
2014-02-18;6.5;13.8;2;18;2014;49;10.2
2014-02-19;9.6;15.0;2;19;2014;50;12.3
2014-02-20;8.0;14.3;2;20;2014;51;11.2
2014-02-21;6.5;12.8;2;21;2014;52;9.6
2014-02-22;9.4;15.0;2;22;2014;53;12.2
2014-02-23;11.6;16.6;2;23;2014;54;14.1
2014-02-24;9.8;14.6;2;24;2014;55;12.2
2014-02-25;7.0;14.4;2;25;2014;56;10.7
2014-02-26;7.0;13.9;2;26;2014;57;10.4
2014-02-27;10.6;15.8;2;27;2014;58;13.2
2014-02-28;9.6;12.5;2;28;2014;59;11.0
2014-03-01;10.2;13.2;3;1;2014;60;11.7
2014-03-02;7.9;13.3;3;2;2014;61;10.6
2014-03-03;8.4;13.2;3;3;2014;62;10.8
2014-03-04;8.9;13.5;3;4;2014;63;11.2
2014-03-05;10.4;13.1;3;5;2014;64;11.8
2014-03-06;9.2;14.5;3;6;2014;65;11.8
2014-03-07;9.7;15.6;3;7;2014;66;12.6
2014-03-08;10.6;23.8;3;8;2014;67;17.2
2014-03-09;12.2;25.0;3;9;2014;68;18.6
2014-03-10;12.0;19.4;3;10;2014;69;15.7
2014-03-11;9.8;14.7;3;11;2014;70;12.2
2014-03-12;8.2;18.7;3;12;2014;71;13.4
2014-03-13;8.8;17.6;3;13;2014;72;13.2
2014-03-14;8.6;13.5;3;14;2014;73;11.0
2014-03-15;9.0;16.8;3;15;2014;74;12.9
2014-03-16;7.2;18.0;3;16;2014;75;12.6
2014-03-17;10.5;17.1;3;17;2014;76;13.8
2014-03-18;11.3;13.4;3;18;2014;77;12.4
2014-03-19;10.4;19.0;3;19;2014;78;14.7
2014-03-20;10.6;16.7;3;20;2014;79;13.6
2014-03-21;9.4;16.4;3;21;2014;80;12.9
2014-03-22;7.5;13.0;3;22;2014;81;10.2
2014-03-23;7.6;13.3;3;23;2014;82;10.4
2014-03-24;10.0;15.4;3;24;2014;83;12.7
2014-03-25;8.0;13.4;3;25;2014;84;10.7
2014-03-26;8.6;12.8;3;26;2014;85;10.7
2014-03-27;6.4;12.5;3;27;2014;86;9.4
2014-03-28;6.0;12.6;3;28;2014;87;9.3
2014-03-29;9.2;13.5;3;29;2014;88;11.4
2014-03-30;8.7;15.6;3;30;2014;89;12.2
2014-03-31;8.7;16.4;3;31;2014;90;12.6
2014-04-01;10.6;14.6;4;1;2014;91;12.6
2014-04-02;10.7;18.2;4;2;2014;92;14.4
2014-04-03;10.4;15.7;4;3;2014;93;13.0
2014-04-04;10.2;18.0;4;4;2014;94;14.1
2014-04-05;15.4;20.3;4;5;2014;95;17.8
2014-04-06;14.6;18.6;4;6;2014;96;16.6
2014-04-07;11.3;18.2;4;7;2014;97;14.8
2014-04-08;8.7;15.6;4;8;2014;98;12.2
2014-04-09;10.4;22.0;4;9;2014;99;16.2
2014-04-10;13.2;22.0;4;10;2014;100;17.6
2014-04-11;12.2;17.8;4;11;2014;101;15.0
2014-04-12;11.6;16.8;4;12;2014;102;14.2
2014-04-13;11.4;20.8;4;13;2014;103;16.1
2014-04-14;11.6;22.4;4;14;2014;104;17.0
2014-04-15;14.6;20.4;4;15;2014;105;17.5
2014-04-16;12.4;19.2;4;16;2014;106;15.8
2014-04-17;12.0;15.6;4;17;2014;107;13.8
2014-04-18;11.8;20.4;4;18;2014;108;16.1
2014-04-19;12.4;16.8;4;19;2014;109;14.6
2014-04-20;12.0;17.4;4;20;2014;110;14.7
2014-04-21;10.7;14.5;4;21;2014;111;12.6
2014-04-22;10.2;19.0;4;22;2014;112;14.6
2014-04-23;10.5;17.5;4;23;2014;113;14.0
2014-04-24;10.0;16.0;4;24;2014;114;13.0
2014-04-25;9.0;15.0;4;25;2014;115;12.0
2014-04-26;11.9;16.5;4;26;2014;116;14.2
2014-04-27;11.5;15.9;4;27;2014;117;13.7
2014-04-28;13.0;18.2;4;28;2014;118;15.6
2014-04-29;13.5;20.5;4;29;2014;119;17.0
2014-04-30;13.1;18.0;4;30;2014;120;15.6
2014-05-01;12.6;17.0;5;1;2014;121;14.8
2014-05-02;12.2;16.6;5;2;2014;122;14.4
2014-05-03;11.5;18.8;5;3;2014;123;15.2
2014-05-04;11.2;21.8;5;4;2014;124;16.5
2014-05-05;12.2;17.6;5;5;2014;125;14.9
2014-05-06;13.4;18.0;5;6;2014;126;15.7
2014-05-07;13.2;18.4;5;7;2014;127;15.8
2014-05-08;11.8;18.6;5;8;2014;128;15.2
2014-05-09;14.4;19.5;5;9;2014;129;17.0
2014-05-10;13.7;19.6;5;10;2014;130;16.6
2014-05-11;11.8;18.2;5;11;2014;131;15.0
2014-05-12;11.2;17.6;5;12;2014;132;14.4
2014-05-13;10.0;16.4;5;13;2014;133;13.2
2014-05-14;11.0;21.6;5;14;2014;134;16.3
2014-05-15;12.6;23.5;5;15;2014;135;18.0
2014-05-16;13.6;24.5;5;16;2014;136;19.0
2014-05-17;13.2;23.0;5;17;2014;137;18.1
2014-05-18;11.8;19.4;5;18;2014;138;15.6
2014-05-19;10.0;16.0;5;19;2014;139;13.0
2014-05-20;9.2;16.0;5;20;2014;140;12.6
2014-05-21;11.0;16.4;5;21;2014;141;13.7
2014-05-22;11.2;17.8;5;22;2014;142;14.5
2014-05-23;9.2;16.6;5;23;2014;143;12.9
2014-05-24;9.8;16.2;5;24;2014;144;13.0
2014-05-25;10.0;17.2;5;25;2014;145;13.6
2014-05-26;11.4;17.0;5;26;2014;146;14.2
2014-05-27;10.4;18.4;5;27;2014;147;14.4
2014-05-28;12.8;18.5;5;28;2014;148;15.6
2014-05-29;12.6;15.0;5;29;2014;149;13.8
2014-05-30;11.8;17.6;5;30;2014;150;14.7
2014-05-31;13.2;17.5;5;31;2014;151;15.4
2014-06-01;13.0;18.4;6;1;2014;152;15.7
2014-06-02;13.8;18.3;6;2;2014;153;16.0
2014-06-03;14.2;19.8;6;3;2014;154;17.0
2014-06-04;12.5;17.8;6;4;2014;155;15.2
2014-06-05;11.9;21.0;6;5;2014;156;16.4
2014-06-06;15.4;20.2;6;6;2014;157;17.8
2014-06-07;14.95;20.2;6;7;2014;158;17.55
2014-06-08;14.5;20.1;6;8;2014;159;17.3
2014-06-09;14.5;20.3;6;9;2014;160;17.4
2014-06-10;13.0;19.3;6;10;2014;161;16.2
2014-06-11;12.9;23.6;6;11;2014;162;18.2
2014-06-12;15.8;26.0;6;12;2014;163;20.9
2014-06-13;15.8;21.4;6;13;2014;164;18.6
2014-06-14;15.9;24.8;6;14;2014;165;20.4
2014-06-15;16.2;24.3;6;15;2014;166;20.2
2014-06-16;14.6;25.0;6;16;2014;167;19.8
2014-06-17;14.9;26.6;6;17;2014;168;20.8
2014-06-18;16.0;27.4;6;18;2014;169;21.7
2014-06-19;15.4;23.2;6;19;2014;170;19.3
2014-06-20;16.4;22.0;6;20;2014;171;19.2
2014-06-21;15.4;23.4;6;21;2014;172;19.4
2014-06-22;16.4;22.5;6;22;2014;173;19.4
2014-06-23;16.0;21.0;6;23;2014;174;18.5
2014-06-24;16.0;19.4;6;24;2014;175;17.7
2014-06-25;16.2;19.6;6;25;2014;176;17.9
2014-06-26;15.6;21.8;6;26;2014;177;18.7
2014-06-27;14.6;20.9;6;27;2014;178;17.8
2014-06-28;14.2;20.0;6;28;2014;179;17.1
2014-06-29;14.6;21.2;6;29;2014;180;17.9
2014-06-30;14.5;21.2;6;30;2014;181;17.8
2014-07-01;15.0;20.2;7;1;2014;182;17.6
2014-07-02;15.4;20.0;7;2;2014;183;17.7
2014-07-03;16.6;21.2;7;3;2014;184;18.9
2014-07-04;16.7;24.1;7;4;2014;185;20.4
2014-07-05;18.0;24.2;7;5;2014;186;21.1
2014-07-06;14.6;21.0;7;6;2014;187;17.8
2014-07-07;15.5;21.0;7;7;2014;188;18.2
2014-07-08;16.4;23.8;7;8;2014;189;20.1
2014-07-09;15.6;19.8;7;9;2014;190;17.7
2014-07-10;15.8;21.2;7;10;2014;191;18.5
2014-07-11;16.4;19.5;7;11;2014;192;18.0
2014-07-12;16.0;20.5;7;12;2014;193;18.2
2014-07-13;15.5;22.5;7;13;2014;194;19.0
2014-07-14;17.5;22.4;7;14;2014;195;20.0
2014-07-15;17.0;22.6;7;15;2014;196;19.8
2014-07-16;17.4;22.6;7;16;2014;197;20.0
2014-07-17;16.8;24.6;7;17;2014;198;20.7
2014-07-18;15.4;23.0;7;18;2014;199;19.2
2014-07-19;16.6;21.3;7;19;2014;200;19.0
2014-07-20;16.7;22.7;7;20;2014;201;19.7
2014-07-21;14.7;21.1;7;21;2014;202;17.9
2014-07-22;16.0;26.0;7;22;2014;203;21.0
2014-07-23;17.9;23.4;7;23;2014;204;20.6
2014-07-24;17.5;22.0;7;24;2014;205;19.8
2014-07-25;18.2;21.0;7;25;2014;206;19.6
2014-07-26;17.6;21.4;7;26;2014;207;19.5
2014-07-27;17.6;24.0;7;27;2014;208;20.8
2014-07-28;16.8;22.6;7;28;2014;209;19.7
2014-07-29;16.0;21.8;7;29;2014;210;18.9
2014-07-30;16.4;24.7;7;30;2014;211;20.6
2014-07-31;16.2;22.6;7;31;2014;212;19.4
2014-08-01;16.6;23.0;8;1;2014;213;19.8
2014-08-02;16.4;23.2;8;2;2014;214;19.8
2014-08-03;16.2;21.9;8;3;2014;215;19.0
2014-08-04;14.2;24.2;8;4;2014;216;19.2
2014-08-05;16.6;25.0;8;5;2014;217;20.8
2014-08-06;18.6;26.0;8;6;2014;218;22.3
2014-08-07;20.6;25.8;8;7;2014;219;23.2
2014-08-08;18.6;24.0;8;8;2014;220;21.3
2014-08-09;18.2;25.9;8;9;2014;221;22.0
2014-08-10;16.6;23.0;8;10;2014;222;19.8
2014-08-11;14.2;23.4;8;11;2014;223;18.8
2014-08-12;16.0;25.4;8;12;2014;224;20.7
2014-08-13;16.5;22.8;8;13;2014;225;19.6
2014-08-14;16.5;23.4;8;14;2014;226;20.0
2014-08-15;14.4;21.9;8;15;2014;227;18.2
2014-08-16;15.0;22.4;8;16;2014;228;18.7
2014-08-17;14.3;23.4;8;17;2014;229;18.8
2014-08-18;15.7;21.0;8;18;2014;230;18.4
2014-08-19;15.9;21.0;8;19;2014;231;18.4
2014-08-20;14.4;21.0;8;20;2014;232;17.7
2014-08-21;14.2;20.9;8;21;2014;233;17.6
2014-08-22;15.4;20.6;8;22;2014;234;18.0
2014-08-23;13.2;21.2;8;23;2014;235;17.2
2014-08-24;13.4;22.3;8;24;2014;236;17.8
2014-08-25;18.3;26.5;8;25;2014;237;22.4
2014-08-26;19.2;23.1;8;26;2014;238;21.2
2014-08-27;18.8;26.4;8;27;2014;239;22.6
2014-08-28;18.4;23.0;8;28;2014;240;20.7
2014-08-29;16.0;22.2;8;29;2014;241;19.1
2014-08-30;15.6;23.8;8;30;2014;242;19.7
2014-08-31;15.9;28.6;8;31;2014;243;22.2
2014-09-01;17.4;26.2;9;1;2014;244;21.8
2014-09-02;18.6;30.4;9;2;2014;245;24.5
2014-09-03;17.6;23.6;9;3;2014;246;20.6
2014-09-04;19.0;22.0;9;4;2014;247;20.5
2014-09-05;16.8;23.4;9;5;2014;248;20.1
2014-09-06;18.5;27.0;9;6;2014;249;22.8
2014-09-07;17.6;21.3;9;7;2014;250;19.4
2014-09-08;16.2;23.4;9;8;2014;251;19.8
2014-09-09;17.5;26.4;9;9;2014;252;22.0
2014-09-10;17.2;27.0;9;10;2014;253;22.1
2014-09-11;18.9;27.2;9;11;2014;254;23.0
2014-09-12;19.3;26.9;9;12;2014;255;23.1
2014-09-13;19.0;23.5;9;13;2014;256;21.2
2014-09-14;17.0;25.4;9;14;2014;257;21.2
2014-09-15;17.2;26.0;9;15;2014;258;21.6
2014-09-16;17.6;26.4;9;16;2014;259;22.0
2014-09-17;18.5;23.6;9;17;2014;260;21.0
2014-09-18;17.5;22.0;9;18;2014;261;19.8
2014-09-19;18.5;23.2;9;19;2014;262;20.8
2014-09-20;17.0;22.8;9;20;2014;263;19.9
2014-09-21;15.8;24.0;9;21;2014;264;19.9
2014-09-22;18.3;24.5;9;22;2014;265;21.4
2014-09-23;17.2;22.9;9;23;2014;266;20.0
2014-09-24;15.3;21.4;9;24;2014;267;18.4
2014-09-25;13.6;22.1;9;25;2014;268;17.8
2014-09-26;13.4;24.8;9;26;2014;269;19.1
2014-09-27;14.8;27.0;9;27;2014;270;20.9
2014-09-28;17.6;22.8;9;28;2014;271;20.2
2014-09-29;15.1;23.6;9;29;2014;272;19.4
2014-09-30;13.8;21.5;9;30;2014;273;17.6
2014-10-01;13.8;22.6;10;1;2014;274;18.2
2014-10-02;15.9;25.5;10;2;2014;275;20.7
2014-10-03;15.6;23.0;10;3;2014;276;19.3
2014-10-04;15.0;19.8;10;4;2014;277;17.4
2014-10-05;13.9;20.0;10;5;2014;278;17.0
2014-10-06;15.2;19.0;10;6;2014;279;17.1
2014-10-07;16.5;21.7;10;7;2014;280;19.1
2014-10-08;15.5;18.7;10;8;2014;281;17.1
2014-10-09;14.7;19.5;10;9;2014;282;17.1
2014-10-10;13.2;20.8;10;10;2014;283;17.0
2014-10-11;13.5;17.6;10;11;2014;284;15.6
2014-10-12;14.5;19.4;10;12;2014;285;17.0
2014-10-13;13.1;17.1;10;13;2014;286;15.1
2014-10-14;11.5;21.8;10;14;2014;287;16.6
2014-10-15;16.6;21.4;10;15;2014;288;19.0
2014-10-16;16.0;18.9;10;16;2014;289;17.4
2014-10-17;17.0;23.6;10;17;2014;290;20.3
2014-10-18;18.6;23.6;10;18;2014;291;21.1
2014-10-19;16.4;22.9;10;19;2014;292;19.6
2014-10-20;16.0;25.6;10;20;2014;293;20.8
2014-10-21;15.4;18.5;10;21;2014;294;17.0
2014-10-22;14.3;21.8;10;22;2014;295;18.0
2014-10-23;14.0;26.3;10;23;2014;296;20.2
2014-10-24;17.2;24.2;10;24;2014;297;20.7
2014-10-25;14.5;22.3;10;25;2014;298;18.4
2014-10-26;16.4;28.0;10;26;2014;299;22.2
2014-10-27;15.4;26.3;10;27;2014;300;20.8
2014-10-28;17.8;26.0;10;28;2014;301;21.9
2014-10-29;16.6;25.2;10;29;2014;302;20.9
2014-10-30;16.2;26.7;10;30;2014;303;21.4
2014-10-31;15.8;23.4;10;31;2014;304;19.6
2014-11-01;14.6;18.8;11;1;2014;305;16.7
2014-11-02;14.2;17.6;11;2;2014;306;15.9
2014-11-03;10.1;15.8;11;3;2014;307;13.0
2014-11-04;9.8;15.2;11;4;2014;308;12.5
2014-11-05;10.6;15.8;11;5;2014;309;13.2
2014-11-06;11.4;18.4;11;6;2014;310;14.9
2014-11-07;12.7;16.6;11;7;2014;311;14.6
2014-11-08;11.0;15.0;11;8;2014;312;13.0
2014-11-09;9.8;14.4;11;9;2014;313;12.1
2014-11-10;10.0;16.2;11;10;2014;314;13.1
2014-11-11;10.9;16.6;11;11;2014;315;13.8
2014-11-12;11.3;18.0;11;12;2014;316;14.6
2014-11-13;11.5;18.6;11;13;2014;317;15.0
2014-11-14;10.6;14.8;11;14;2014;318;12.7
2014-11-15;10.8;15.4;11;15;2014;319;13.1
2014-11-16;11.0;15.4;11;16;2014;320;13.2
2014-11-17;11.0;14.0;11;17;2014;321;12.5
2014-11-18;9.8;15.8;11;18;2014;322;12.8
2014-11-19;10.0;15.2;11;19;2014;323;12.6
2014-11-20;13.3;19.5;11;20;2014;324;16.4
2014-11-21;13.0;20.2;11;21;2014;325;16.6
2014-11-22;13.1;16.4;11;22;2014;326;14.8
2014-11-23;11.0;13.4;11;23;2014;327;12.2
2014-11-24;12.6;14.6;11;24;2014;328;13.6
2014-11-25;10.3;14.2;11;25;2014;329;12.2
2014-11-26;7.4;13.7;11;26;2014;330;10.6
2014-11-27;7.0;15.7;11;27;2014;331;11.4
2014-11-28;8.4;15.1;11;28;2014;332;11.8
2014-11-29;7.6;15.5;11;29;2014;333;11.6
2014-11-30;13.6;16.8;11;30;2014;334;15.2
2014-12-01;13.2;14.0;12;1;2014;335;13.6
2014-12-02;10.9;13.6;12;2;2014;336;12.2
2014-12-03;10.0;12.0;12;3;2014;337;11.0
2014-12-04;8.6;11.6;12;4;2014;338;10.1
2014-12-05;7.6;12.7;12;5;2014;339;10.2
2014-12-06;8.6;12.5;12;6;2014;340;10.6
2014-12-07;10.0;14.0;12;7;2014;341;12.0
2014-12-08;9.5;13.4;12;8;2014;342;11.4
2014-12-09;10.6;13.4;12;9;2014;343;12.0
2014-12-10;10.5;13.8;12;10;2014;344;12.2
2014-12-11;10.8;13.9;12;11;2014;345;12.4
2014-12-12;10.5;14.5;12;12;2014;346;12.5
2014-12-13;8.3;11.2;12;13;2014;347;9.8
2014-12-14;8.7;13.5;12;14;2014;348;11.1
2014-12-15;7.2;13.4;12;15;2014;349;10.3
2014-12-16;12.0;13.6;12;16;2014;350;12.8
2014-12-17;11.0;13.8;12;17;2014;351;12.4
2014-12-18;11.3;13.8;12;18;2014;352;12.6
2014-12-19;10.8;14.8;12;19;2014;353;12.8
2014-12-20;11.0;14.2;12;20;2014;354;12.6
2014-12-21;8.7;15.5;12;21;2014;355;12.1
2014-12-22;5.4;12.5;12;22;2014;356;9.0
2014-12-23;6.5;12.9;12;23;2014;357;9.7
2014-12-24;11.4;15.1;12;24;2014;358;13.2
2014-12-25;10.2;14.7;12;25;2014;359;12.4
2014-12-26;9.3;13.0;12;26;2014;360;11.2
2014-12-27;9.5;15.0;12;27;2014;361;12.2
2014-12-28;7.3;13.0;12;28;2014;362;10.2
2014-12-29;4.0;11.2;12;29;2014;363;7.6
2014-12-30;3.0;13.5;12;30;2014;364;8.2
2014-12-31;4.2;13.6;12;31;2014;365;8.9
2015-01-01;4.0;14.6;1;1;2015;1;9.3
2015-01-02;6.0;16.0;1;2;2015;2;11.0
2015-01-03;10.4;14.5;1;3;2015;3;12.4
2015-01-04;9.8;14.9;1;4;2015;4;12.4
2015-01-05;8.5;14.1;1;5;2015;5;11.3
2015-01-06;8.7;14.8;1;6;2015;6;11.8
2015-01-07;8.2;15.4;1;7;2015;7;11.8
2015-01-08;9.0;15.0;1;8;2015;8;12.0
2015-01-09;10.1;13.4;1;9;2015;9;11.8
2015-01-10;8.2;12.8;1;10;2015;10;10.5
2015-01-11;9.4;14.4;1;11;2015;11;11.9
2015-01-12;8.5;15.3;1;12;2015;12;11.9
2015-01-13;10.2;13.6;1;13;2015;13;11.9
2015-01-14;9.5;14.8;1;14;2015;14;12.2
2015-01-15;7.1;13.1;1;15;2015;15;10.1
2015-01-16;7.0;12.5;1;16;2015;16;9.8
2015-01-17;6.9;9.6;1;17;2015;17;8.2
2015-01-18;7.2;9.8;1;18;2015;18;8.5
2015-01-19;7.3;11.2;1;19;2015;19;9.2
2015-01-20;6.9;9.8;1;20;2015;20;8.4
2015-01-21;7.8;11.2;1;21;2015;21;9.5
2015-01-22;7.0;10.9;1;22;2015;22;9.0
2015-01-23;8.8;13.0;1;23;2015;23;10.9
2015-01-24;10.3;12.8;1;24;2015;24;11.6
2015-01-25;7.6;13.0;1;25;2015;25;10.3
2015-01-26;4.0;12.0;1;26;2015;26;8.0
2015-01-27;8.5;12.2;1;27;2015;27;10.4
2015-01-28;8.8;12.8;1;28;2015;28;10.8
2015-01-29;9.8;13.6;1;29;2015;29;11.7
2015-01-30;11.6;13.3;1;30;2015;30;12.4
2015-01-31;7.6;11.9;1;31;2015;31;9.8
2015-02-01;6.2;11.3;2;1;2015;32;8.8
2015-02-02;8.0;12.0;2;2;2015;33;10.0
2015-02-03;4.1;10.2;2;3;2015;34;7.2
2015-02-04;4.6;8.9;2;4;2015;35;6.8
2015-02-05;4.8;10.4;2;5;2015;36;7.6
2015-02-06;4.6;8.3;2;6;2015;37;6.4
2015-02-07;6.0;8.0;2;7;2015;38;7.0
2015-02-08;5.6;11.0;2;8;2015;39;8.3
2015-02-09;6.9;13.6;2;9;2015;40;10.2
2015-02-10;4.5;15.5;2;10;2015;41;10.0
2015-02-11;5.0;14.1;2;11;2015;42;9.6
2015-02-12;7.6;12.4;2;12;2015;43;10.0
2015-02-13;8.4;12.3;2;13;2015;44;10.4
2015-02-14;10.0;15.0;2;14;2015;45;12.5
2015-02-15;10.1;13.4;2;15;2015;46;11.8
2015-02-16;8.0;12.4;2;16;2015;47;10.2
2015-02-17;7.6;12.2;2;17;2015;48;9.9
2015-02-18;6.6;13.2;2;18;2015;49;9.9
2015-02-19;4.5;13.2;2;19;2015;50;8.8
2015-02-20;10.2;13.2;2;20;2015;51;11.7
2015-02-21;9.8;12.6;2;21;2015;52;11.2
2015-02-22;9.0;15.0;2;22;2015;53;12.0
2015-02-23;8.2;12.9;2;23;2015;54;10.6
2015-02-24;8.1;12.7;2;24;2015;55;10.4
2015-02-25;10.5;14.5;2;25;2015;56;12.5
2015-02-26;10.0;13.0;2;26;2015;57;11.5
2015-02-27;9.0;12.6;2;27;2015;58;10.8
2015-02-28;10.8;15.1;2;28;2015;59;13.0
2015-03-01;12.9;15.9;3;1;2015;60;14.4
2015-03-02;11.6;14.0;3;2;2015;61;12.8
2015-03-03;8.7;11.8;3;3;2015;62;10.2
2015-03-04;7.5;12.8;3;4;2015;63;10.2
2015-03-05;6.2;16.2;3;5;2015;64;11.2
2015-03-06;7.2;16.4;3;6;2015;65;11.8
2015-03-07;6.6;18.6;3;7;2015;66;12.6
2015-03-08;7.0;14.8;3;8;2015;67;10.9
2015-03-09;6.5;13.8;3;9;2015;68;10.2
2015-03-10;8.9;13.7;3;10;2015;69;11.3
2015-03-11;9.8;14.4;3;11;2015;70;12.1
2015-03-12;10.0;16.5;3;12;2015;71;13.2
2015-03-13;8.8;12.6;3;13;2015;72;10.7
2015-03-14;6.4;11.8;3;14;2015;73;9.1
2015-03-15;8.0;11.3;3;15;2015;74;9.6
2015-03-16;4.7;14.1;3;16;2015;75;9.4
2015-03-17;8.0;14.5;3;17;2015;76;11.2
2015-03-18;9.5;16.0;3;18;2015;77;12.8
2015-03-19;11.4;15.3;3;19;2015;78;13.4
2015-03-20;10.0;13.0;3;20;2015;79;11.5
2015-03-21;8.7;14.6;3;21;2015;80;11.6
2015-03-22;9.5;13.8;3;22;2015;81;11.6
2015-03-23;6.7;11.0;3;23;2015;82;8.8
2015-03-24;9.4;11.5;3;24;2015;83;10.4
2015-03-25;8.2;12.8;3;25;2015;84;10.5
2015-03-26;9.5;12.8;3;26;2015;85;11.2
2015-03-27;11.4;16.4;3;27;2015;86;13.9
2015-03-28;10.9;17.5;3;28;2015;87;14.2
2015-03-29;11.4;16.4;3;29;2015;88;13.9
2015-03-30;10.0;16.0;3;30;2015;89;13.0
2015-03-31;11.8;16.2;3;31;2015;90;14.0
2015-04-01;10.2;15.9;4;1;2015;91;13.0
2015-04-02;8.5;19.5;4;2;2015;92;14.0
2015-04-03;9.7;15.9;4;3;2015;93;12.8
2015-04-04;10.2;17.2;4;4;2015;94;13.7
2015-04-05;9.4;20.3;4;5;2015;95;14.8
2015-04-06;10.2;19.5;4;6;2015;96;14.8
2015-04-07;10.0;21.0;4;7;2015;97;15.5
2015-04-08;12.6;23.2;4;8;2015;98;17.9
2015-04-09;11.8;15.7;4;9;2015;99;13.8
2015-04-10;11.8;16.0;4;10;2015;100;13.9
2015-04-11;11.8;17.4;4;11;2015;101;14.6
2015-04-12;10.0;22.4;4;12;2015;102;16.2
2015-04-13;12.4;22.5;4;13;2015;103;17.4
2015-04-14;15.0;26.1;4;14;2015;104;20.6
2015-04-15;14.8;20.5;4;15;2015;105;17.6
2015-04-16;12.3;14.8;4;16;2015;106;13.6
2015-04-17;10.2;14.6;4;17;2015;107;12.4
2015-04-18;10.0;15.8;4;18;2015;108;12.9
2015-04-19;11.0;16.5;4;19;2015;109;13.8
2015-04-20;8.4;16.9;4;20;2015;110;12.6
2015-04-21;10.8;22.8;4;21;2015;111;16.8
2015-04-22;11.9;16.8;4;22;2015;112;14.4
2015-04-23;10.2;19.0;4;23;2015;113;14.6
2015-04-24;12.5;19.0;4;24;2015;114;15.8
2015-04-25;13.2;18.3;4;25;2015;115;15.8
2015-04-26;11.9;17.2;4;26;2015;116;14.6
2015-04-27;10.9;15.6;4;27;2015;117;13.2
2015-04-28;8.6;15.7;4;28;2015;118;12.2
2015-04-29;11.2;16.6;4;29;2015;119;13.9
2015-04-30;14.6;19.9;4;30;2015;120;17.2
2015-05-01;15.3;19.6;5;1;2015;121;17.4
2015-05-02;15.9;18.8;5;2;2015;122;17.4
2015-05-03;14.4;20.2;5;3;2015;123;17.3
2015-05-04;12.4;21.8;5;4;2015;124;17.1
2015-05-05;10.5;16.9;5;5;2015;125;13.7
2015-05-06;10.4;16.5;5;6;2015;126;13.4
2015-05-07;11.0;21.4;5;7;2015;127;16.2
2015-05-08;15.0;20.2;5;8;2015;128;17.6
2015-05-09;12.4;18.0;5;9;2015;129;15.2
2015-05-10;12.5;17.4;5;10;2015;130;15.0
2015-05-11;12.2;17.5;5;11;2015;131;14.8
2015-05-12;13.0;25.9;5;12;2015;132;19.4
2015-05-13;15.2;24.6;5;13;2015;133;19.9
2015-05-14;13.3;17.9;5;14;2015;134;15.6
2015-05-15;12.6;17.5;5;15;2015;135;15.0
2015-05-16;14.0;17.8;5;16;2015;136;15.9
2015-05-17;14.0;19.1;5;17;2015;137;16.6
2015-05-18;11.6;17.4;5;18;2015;138;14.5
2015-05-19;11.7;15.6;5;19;2015;139;13.6
2015-05-20;12.2;15.8;5;20;2015;140;14.0
2015-05-21;11.0;17.5;5;21;2015;141;14.2
2015-05-22;11.4;17.8;5;22;2015;142;14.6
2015-05-23;12.4;16.7;5;23;2015;143;14.6
2015-05-24;13.5;17.1;5;24;2015;144;15.3
2015-05-25;13.4;17.9;5;25;2015;145;15.6
2015-05-26;12.5;17.5;5;26;2015;146;15.0
2015-05-27;13.7;20.3;5;27;2015;147;17.0
2015-05-28;13.0;19.0;5;28;2015;148;16.0
2015-05-29;12.6;18.0;5;29;2015;149;15.3
2015-05-30;13.5;21.0;5;30;2015;150;17.2
2015-05-31;14.6;18.4;5;31;2015;151;16.5
2015-06-01;12.0;18.8;6;1;2015;152;15.4
2015-06-02;12.0;21.4;6;2;2015;153;16.7
2015-06-03;15.2;19.5;6;3;2015;154;17.4
2015-06-04;15.2;22.4;6;4;2015;155;18.8
2015-06-05;14.9;20.5;6;5;2015;156;17.7
2015-06-06;14.0;21.2;6;6;2015;157;17.6
2015-06-07;15.0;24.8;6;7;2015;158;19.9
2015-06-08;16.5;24.4;6;8;2015;159;20.4
2015-06-09;14.4;25.0;6;9;2015;160;19.7
2015-06-10;13.2;18.6;6;10;2015;161;15.9
2015-06-11;12.0;18.7;6;11;2015;162;15.4
2015-06-12;12.6;20.4;6;12;2015;163;16.5
2015-06-13;12.4;19.5;6;13;2015;164;16.0
2015-06-14;13.2;19.4;6;14;2015;165;16.3
2015-06-15;13.3;18.8;6;15;2015;166;16.0
2015-06-16;12.8;17.5;6;16;2015;167;15.2
2015-06-17;13.6;20.0;6;17;2015;168;16.8
2015-06-18;15.0;20.1;6;18;2015;169;17.6
2015-06-19;15.0;20.8;6;19;2015;170;17.9
2015-06-20;14.2;21.8;6;20;2015;171;18.0
2015-06-21;15.4;25.6;6;21;2015;172;20.5
2015-06-22;16.6;22.2;6;22;2015;173;19.4
2015-06-23;15.6;20.6;6;23;2015;174;18.1
2015-06-24;15.7;21.2;6;24;2015;175;18.4
2015-06-25;14.9;20.3;6;25;2015;176;17.6
2015-06-26;15.4;22.3;6;26;2015;177;18.8
2015-06-27;16.3;20.8;6;27;2015;178;18.6
2015-06-28;16.5;21.1;6;28;2015;179;18.8
2015-06-29;16.0;27.8;6;29;2015;180;21.9
2015-06-30;16.0;22.4;6;30;2015;181;19.2
2015-07-01;16.3;24.3;7;1;2015;182;20.3
2015-07-02;14.8;21.8;7;2;2015;183;18.3
2015-07-03;15.6;26.7;7;3;2015;184;21.2
2015-07-04;16.2;21.3;7;4;2015;185;18.8
2015-07-05;15.8;21.9;7;5;2015;186;18.8
2015-07-06;14.4;22.0;7;6;2015;187;18.2
2015-07-07;16.9;21.5;7;7;2015;188;19.2
2015-07-08;16.0;20.9;7;8;2015;189;18.4
2015-07-09;17.0;29.0;7;9;2015;190;23.0
2015-07-10;17.8;23.4;7;10;2015;191;20.6
2015-07-11;16.5;21.8;7;11;2015;192;19.2
2015-07-12;16.3;21.0;7;12;2015;193;18.6
2015-07-13;16.6;21.6;7;13;2015;194;19.1
2015-07-14;16.0;22.5;7;14;2015;195;19.2
2015-07-15;16.7;24.0;7;15;2015;196;20.4
2015-07-16;17.1;25.5;7;16;2015;197;21.3
2015-07-17;18.4;22.2;7;17;2015;198;20.3
2015-07-18;17.8;25.4;7;18;2015;199;21.6
2015-07-19;18.7;26.5;7;19;2015;200;22.6
2015-07-20;20.0;26.5;7;20;2015;201;23.2
2015-07-21;17.7;24.9;7;21;2015;202;21.3
2015-07-22;16.3;22.3;7;22;2015;203;19.3
2015-07-23;15.8;24.0;7;23;2015;204;19.9
2015-07-24;16.7;21.2;7;24;2015;205;19.0
2015-07-25;14.6;21.5;7;25;2015;206;18.0
2015-07-26;16.8;23.8;7;26;2015;207;20.3
2015-07-27;17.6;23.7;7;27;2015;208;20.6
2015-07-28;17.4;25.1;7;28;2015;209;21.2
2015-07-29;17.0;22.0;7;29;2015;210;19.5
2015-07-30;16.6;21.9;7;30;2015;211;19.2
2015-07-31;16.0;19.2;7;31;2015;212;17.6
2015-08-01;14.6;22.1;8;1;2015;213;18.4
2015-08-02;16.9;23.1;8;2;2015;214;20.0
2015-08-03;16.4;22.9;8;3;2015;215;19.6
2015-08-04;14.1;21.6;8;4;2015;216;17.8
2015-08-05;14.6;23.4;8;5;2015;217;19.0
2015-08-06;17.2;22.8;8;6;2015;218;20.0
2015-08-07;16.0;21.3;8;7;2015;219;18.6
2015-08-08;15.6;19.8;8;8;2015;220;17.7
2015-08-09;16.1;21.3;8;9;2015;221;18.7
2015-08-10;15.8;23.1;8;10;2015;222;19.4
2015-08-11;17.9;22.6;8;11;2015;223;20.2
2015-08-12;17.5;25.4;8;12;2015;224;21.4
2015-08-13;14.7;17.6;8;13;2015;225;16.2
2015-08-14;15.8;18.4;8;14;2015;226;17.1
2015-08-15;15.9;21.4;8;15;2015;227;18.6
2015-08-16;16.8;20.6;8;16;2015;228;18.7
2015-08-17;17.3;22.7;8;17;2015;229;20.0
2015-08-18;16.7;21.7;8;18;2015;230;19.2
2015-08-19;15.8;21.9;8;19;2015;231;18.8
2015-08-20;15.3;22.9;8;20;2015;232;19.1
2015-08-21;18.3;23.0;8;21;2015;233;20.6
2015-08-22;16.2;23.3;8;22;2015;234;19.8
2015-08-23;15.7;21.1;8;23;2015;235;18.4
2015-08-24;14.8;21.2;8;24;2015;236;18.0
2015-08-25;17.2;23.8;8;25;2015;237;20.5
2015-08-26;15.6;23.1;8;26;2015;238;19.4
2015-08-27;15.8;24.5;8;27;2015;239;20.2
2015-08-28;16.2;20.4;8;28;2015;240;18.3
2015-08-29;18.4;25.6;8;29;2015;241;22.0
2015-08-30;18.3;24.3;8;30;2015;242;21.3
2015-08-31;16.6;19.2;8;31;2015;243;17.9
2015-09-01;15.9;20.6;9;1;2015;244;18.2
2015-09-02;15.6;18.7;9;2;2015;245;17.2
2015-09-03;14.8;18.4;9;3;2015;246;16.6
2015-09-04;14.8;19.3;9;4;2015;247;17.0
2015-09-05;14.4;21.5;9;5;2015;248;18.0
2015-09-06;13.4;23.9;9;6;2015;249;18.6
2015-09-07;14.8;25.6;9;7;2015;250;20.2
2015-09-08;15.3;24.9;9;8;2015;251;20.1
2015-09-09;16.0;22.2;9;9;2015;252;19.1
2015-09-10;15.2;20.2;9;10;2015;253;17.7
2015-09-11;12.6;21.8;9;11;2015;254;17.2
2015-09-12;14.3;17.0;9;12;2015;255;15.6
2015-09-13;14.2;20.9;9;13;2015;256;17.6
2015-09-14;13.5;19.2;9;14;2015;257;16.4
2015-09-15;14.1;20.2;9;15;2015;258;17.2
2015-09-16;12.9;18.0;9;16;2015;259;15.4
2015-09-17;13.6;18.9;9;17;2015;260;16.2
2015-09-18;13.3;19.8;9;18;2015;261;16.6
2015-09-19;11.2;19.2;9;19;2015;262;15.2
2015-09-20;12.7;21.6;9;20;2015;263;17.2
2015-09-21;15.3;20.5;9;21;2015;264;17.9
2015-09-22;14.2;19.4;9;22;2015;265;16.8
2015-09-23;14.7;18.7;9;23;2015;266;16.7
2015-09-24;12.4;20.9;9;24;2015;267;16.6
2015-09-25;14.6;23.9;9;25;2015;268;19.2
2015-09-26;16.0;22.0;9;26;2015;269;19.0
2015-09-27;14.7;23.8;9;27;2015;270;19.2
2015-09-28;13.4;24.6;9;28;2015;271;19.0
2015-09-29;14.1;24.5;9;29;2015;272;19.3
2015-09-30;11.9;18.7;9;30;2015;273;15.3
2015-10-01;12.3;19.1;10;1;2015;274;15.7
2015-10-02;11.7;18.2;10;2;2015;275;15.0
2015-10-03;9.2;17.1;10;3;2015;276;13.2
2015-10-04;16.1;23.0;10;4;2015;277;19.6
2015-10-05;17.7;22.8;10;5;2015;278;20.2
2015-10-06;14.4;18.1;10;6;2015;279;16.2
2015-10-07;12.5;18.7;10;7;2015;280;15.6
2015-10-08;11.2;19.1;10;8;2015;281;15.2
2015-10-09;12.9;23.7;10;9;2015;282;18.3
2015-10-10;15.3;20.4;10;10;2015;283;17.8
2015-10-11;15.6;18.5;10;11;2015;284;17.0
2015-10-12;14.2;18.5;10;12;2015;285;16.4
2015-10-13;13.7;18.8;10;13;2015;286;16.2
2015-10-14;11.4;20.1;10;14;2015;287;15.8
2015-10-15;10.0;19.4;10;15;2015;288;14.7
2015-10-16;11.5;20.4;10;16;2015;289;16.0
2015-10-17;14.6;22.9;10;17;2015;290;18.8
2015-10-18;15.3;19.5;10;18;2015;291;17.4
2015-10-19;13.2;16.2;10;19;2015;292;14.7
2015-10-20;13.6;17.0;10;20;2015;293;15.3
2015-10-21;12.9;18.5;10;21;2015;294;15.7
2015-10-22;10.8;17.2;10;22;2015;295;14.0
2015-10-23;12.1;24.3;10;23;2015;296;18.2
2015-10-24;14.2;17.9;10;24;2015;297;16.0
2015-10-25;12.8;20.8;10;25;2015;298;16.8
2015-10-26;12.6;19.1;10;26;2015;299;15.8
2015-10-27;11.3;15.0;10;27;2015;300;13.2
2015-10-28;11.8;16.8;10;28;2015;301;14.3
2015-10-29;15.8;20.3;10;29;2015;302;18.0
2015-10-30;17.6;22.4;10;30;2015;303;20.0
2015-10-31;14.8;20.6;10;31;2015;304;17.7
2015-11-01;13.4;19.0;11;1;2015;305;16.2
2015-11-02;12.6;22.7;11;2;2015;306;17.6
2015-11-03;14.5;18.0;11;3;2015;307;16.2
2015-11-04;15.7;20.0;11;4;2015;308;17.8
2015-11-05;16.6;21.9;11;5;2015;309;19.2
2015-11-06;18.6;20.8;11;6;2015;310;19.7
2015-11-07;16.6;23.4;11;7;2015;311;20.0
2015-11-08;16.5;23.5;11;8;2015;312;20.0
2015-11-09;16.1;20.1;11;9;2015;313;18.1
2015-11-10;14.5;17.4;11;10;2015;314;16.0
2015-11-11;12.2;18.7;11;11;2015;315;15.4
2015-11-12;11.1;19.3;11;12;2015;316;15.2
2015-11-13;12.6;17.2;11;13;2015;317;14.9
2015-11-14;10.3;18.8;11;14;2015;318;14.6
2015-11-15;10.4;18.9;11;15;2015;319;14.6
2015-11-16;13.1;18.5;11;16;2015;320;15.8
2015-11-17;15.7;18.1;11;17;2015;321;16.9
2015-11-18;16.2;19.0;11;18;2015;322;17.6
2015-11-19;14.2;19.8;11;19;2015;323;17.0
2015-11-20;13.1;19.1;11;20;2015;324;16.1
2015-11-21;10.4;16.4;11;21;2015;325;13.4
2015-11-22;10.3;12.6;11;22;2015;326;11.4
2015-11-23;7.1;14.3;11;23;2015;327;10.7
2015-11-24;10.1;15.0;11;24;2015;328;12.6
2015-11-25;12.9;15.5;11;25;2015;329;14.2
2015-11-26;13.4;15.0;11;26;2015;330;14.2
2015-11-27;11.6;14.7;11;27;2015;331;13.2
2015-11-28;9.1;12.6;11;28;2015;332;10.8
2015-11-29;9.0;15.8;11;29;2015;333;12.4
2015-11-30;6.8;15.1;11;30;2015;334;11.0
2015-12-01;5.8;15.8;12;1;2015;335;10.8
2015-12-02;11.2;17.1;12;2;2015;336;14.2
2015-12-03;12.0;18.9;12;3;2015;337;15.4
2015-12-04;10.2;15.2;12;4;2015;338;12.7
2015-12-05;10.1;17.2;12;5;2015;339;13.6
2015-12-06;12.6;17.5;12;6;2015;340;15.0
2015-12-07;12.4;16.5;12;7;2015;341;14.4
2015-12-08;10.1;15.2;12;8;2015;342;12.6
2015-12-09;7.4;16.4;12;9;2015;343;11.9
2015-12-10;8.2;14.7;12;10;2015;344;11.4
2015-12-11;6.6;15.8;12;11;2015;345;11.2
2015-12-12;6.0;16.3;12;12;2015;346;11.2
2015-12-13;9.4;15.7;12;13;2015;347;12.6
2015-12-14;14.0;17.9;12;14;2015;348;16.0
2015-12-15;15.5;19.4;12;15;2015;349;17.4
2015-12-16;16.6;20.4;12;16;2015;350;18.5
2015-12-17;15.5;18.5;12;17;2015;351;17.0
2015-12-18;15.6;19.8;12;18;2015;352;17.7
2015-12-19;13.8;20.4;12;19;2015;353;17.1
2015-12-20;10.9;15.1;12;20;2015;354;13.0
2015-12-21;10.5;16.2;12;21;2015;355;13.4
2015-12-22;12.2;14.9;12;22;2015;356;13.6
2015-12-23;10.5;14.6;12;23;2015;357;12.6
2015-12-24;12.6;16.0;12;24;2015;358;14.3
2015-12-25;14.3;16.8;12;25;2015;359;15.6
2015-12-26;13.1;17.0;12;26;2015;360;15.0
2015-12-27;13.5;19.5;12;27;2015;361;16.5
2015-12-28;11.4;17.1;12;28;2015;362;14.2
2015-12-29;10.9;15.7;12;29;2015;363;13.3
2015-12-30;9.9;17.9;12;30;2015;364;13.9
2015-12-31;9.2;14.0;12;31;2015;365;11.6
2016-01-01;9.4;15.3;1;1;2016;1;12.4
2016-01-02;8.4;14.0;1;2;2016;2;11.2
2016-01-03;12.3;15.6;1;3;2016;3;14.0
2016-01-04;9.1;13.0;1;4;2016;4;11.0
2016-01-05;7.8;11.2;1;5;2016;5;9.5
2016-01-06;9.0;15.0;1;6;2016;6;12.0
2016-01-07;11.9;15.9;1;7;2016;7;13.9
2016-01-08;9.7;16.2;1;8;2016;8;13.0
2016-01-09;10.1;13.4;1;9;2016;9;11.8
2016-01-10;9.9;12.4;1;10;2016;10;11.2
2016-01-11;9.0;13.2;1;11;2016;11;11.1
2016-01-12;7.2;12.4;1;12;2016;12;9.8
2016-01-13;6.7;14.9;1;13;2016;13;10.8
2016-01-14;8.4;14.8;1;14;2016;14;11.6
2016-01-15;5.8;11.8;1;15;2016;15;8.8
2016-01-16;3.7;12.2;1;16;2016;16;8.0
2016-01-17;8.2;11.3;1;17;2016;17;9.8
2016-01-18;9.4;12.4;1;18;2016;18;10.9
2016-01-19;8.6;13.2;1;19;2016;19;10.9
2016-01-20;9.6;16.6;1;20;2016;20;13.1
2016-01-21;12.2;18.0;1;21;2016;21;15.1
2016-01-22;14.2;17.1;1;22;2016;22;15.6
2016-01-23;14.7;19.1;1;23;2016;23;16.9
2016-01-24;12.9;20.5;1;24;2016;24;16.7
2016-01-25;10.1;17.6;1;25;2016;25;13.8
2016-01-26;7.7;14.4;1;26;2016;26;11.0
2016-01-27;11.3;14.7;1;27;2016;27;13.0
2016-01-28;9.6;11.5;1;28;2016;28;10.6
2016-01-29;5.5;14.2;1;29;2016;29;9.8
2016-01-30;10.0;14.3;1;30;2016;30;12.2
2016-01-31;12.9;15.1;1;31;2016;31;14.0
2016-02-01;12.0;13.5;2;1;2016;32;12.8
2016-02-02;11.8;15.7;2;2;2016;33;13.8
2016-02-03;7.8;13.0;2;3;2016;34;10.4
2016-02-04;6.2;15.0;2;4;2016;35;10.6
2016-02-05;7.8;16.9;2;5;2016;36;12.4
2016-02-06;9.0;14.4;2;6;2016;37;11.7
2016-02-07;7.8;13.3;2;7;2016;38;10.6
2016-02-08;12.6;16.2;2;8;2016;39;14.4
2016-02-09;10.5;14.9;2;9;2016;40;12.7
2016-02-10;8.6;14.8;2;10;2016;41;11.7
2016-02-11;9.1;14.8;2;11;2016;42;12.0
2016-02-12;13.7;14.5;2;12;2016;43;14.1
2016-02-13;10.8;14.7;2;13;2016;44;12.8
2016-02-14;7.2;11.4;2;14;2016;45;9.3
2016-02-15;7.4;11.4;2;15;2016;46;9.4
2016-02-16;5.4;12.3;2;16;2016;47;8.8
2016-02-17;6.2;10.0;2;17;2016;48;8.1
2016-02-18;6.2;10.3;2;18;2016;49;8.2
2016-02-19;3.9;12.7;2;19;2016;50;8.3
2016-02-20;9.1;13.1;2;20;2016;51;11.1
2016-02-21;11.0;14.3;2;21;2016;52;12.6
2016-02-22;8.7;13.4;2;22;2016;53;11.0
2016-02-23;10.1;13.6;2;23;2016;54;11.8
2016-02-24;10.1;14.7;2;24;2016;55;12.4
2016-02-25;9.9;13.2;2;25;2016;56;11.6
2016-02-26;7.3;10.9;2;26;2016;57;9.1
2016-02-27;6.4;9.7;2;27;2016;58;8.0
2016-02-28;8.2;10.6;2;28;2016;59;9.4
2016-02-29;7.8;12.7;2;29;2016;60;10.2
2016-03-01;4.1;14.3;3;1;2016;61;9.2
2016-03-02;10.3;14.0;3;2;2016;62;12.2
2016-03-03;10.1;14.0;3;3;2016;63;12.0
2016-03-04;7.3;11.8;3;4;2016;64;9.6
2016-03-05;7.7;11.4;3;5;2016;65;9.6
2016-03-06;8.1;12.4;3;6;2016;66;10.2
2016-03-07;7.5;11.3;3;7;2016;67;9.4
2016-03-08;8.6;12.9;3;8;2016;68;10.8
2016-03-09;9.7;12.7;3;9;2016;69;11.2
2016-03-10;9.7;12.8;3;10;2016;70;11.2
2016-03-11;8.3;13.2;3;11;2016;71;10.8
2016-03-12;5.9;15.3;3;12;2016;72;10.6
2016-03-13;6.4;16.3;3;13;2016;73;11.4
2016-03-14;6.3;16.3;3;14;2016;74;11.3
2016-03-15;8.2;17.1;3;15;2016;75;12.6
2016-03-16;5.8;14.1;3;16;2016;76;10.0
2016-03-17;6.4;14.4;3;17;2016;77;10.4
2016-03-18;7.0;12.5;3;18;2016;78;9.8
2016-03-19;9.2;15.2;3;19;2016;79;12.2
2016-03-20;9.7;11.3;3;20;2016;80;10.5
2016-03-21;9.9;15.4;3;21;2016;81;12.6
2016-03-22;9.5;15.4;3;22;2016;82;12.4
2016-03-23;8.8;13.3;3;23;2016;83;11.0
2016-03-24;6.7;13.7;3;24;2016;84;10.2
2016-03-25;10.9;15.0;3;25;2016;85;13.0
2016-03-26;9.6;17.0;3;26;2016;86;13.3
2016-03-27;8.8;15.1;3;27;2016;87;12.0
2016-03-28;11.3;16.4;3;28;2016;88;13.8
2016-03-29;8.9;13.4;3;29;2016;89;11.2
2016-03-30;6.6;9.4;3;30;2016;90;8.0
2016-03-31;7.5;12.6;3;31;2016;91;10.0
2016-04-01;5.0;13.4;4;1;2016;92;9.2
2016-04-02;9.4;14.1;4;2;2016;93;11.8
2016-04-03;8.5;12.9;4;3;2016;94;10.7
2016-04-04;8.1;13.6;4;4;2016;95;10.8
2016-04-05;10.3;14.8;4;5;2016;96;12.6
2016-04-06;8.3;15.5;4;6;2016;97;11.9
2016-04-07;9.3;12.9;4;7;2016;98;11.1
2016-04-08;7.0;13.8;4;8;2016;99;10.4
2016-04-09;8.3;12.6;4;9;2016;100;10.4
2016-04-10;5.3;10.3;4;10;2016;101;7.8
2016-04-11;5.2;14.0;4;11;2016;102;9.6
2016-04-12;8.5;15.1;4;12;2016;103;11.8
2016-04-13;7.7;15.4;4;13;2016;104;11.6
2016-04-14;10.9;18.1;4;14;2016;105;14.5
2016-04-15;10.6;13.7;4;15;2016;106;12.2
2016-04-16;9.1;12.4;4;16;2016;107;10.8
2016-04-17;8.5;14.8;4;17;2016;108;11.6
2016-04-18;7.0;18.0;4;18;2016;109;12.5
2016-04-19;13.0;20.0;4;19;2016;110;16.5
2016-04-20;12.1;18.5;4;20;2016;111;15.3
2016-04-21;12.2;17.4;4;21;2016;112;14.8
2016-04-22;11.2;18.3;4;22;2016;113;14.8
2016-04-23;11.4;16.1;4;23;2016;114;13.8
2016-04-24;9.3;15.7;4;24;2016;115;12.5
2016-04-25;9.3;17.1;4;25;2016;116;13.2
2016-04-26;8.4;14.4;4;26;2016;117;11.4
2016-04-27;8.7;15.4;4;27;2016;118;12.0
2016-04-28;9.9;14.5;4;28;2016;119;12.2
2016-04-29;9.5;14.1;4;29;2016;120;11.8
2016-04-30;9.7;13.8;4;30;2016;121;11.8
2016-05-01;7.4;15.1;5;1;2016;122;11.2
2016-05-02;8.1;16.5;5;2;2016;123;12.3
2016-05-03;9.9;20.9;5;3;2016;124;15.4
2016-05-04;11.6;25.2;5;4;2016;125;18.4
2016-05-05;13.7;18.8;5;5;2016;126;16.2
2016-05-06;12.5;14.5;5;6;2016;127;13.5
2016-05-07;12.5;17.1;5;7;2016;128;14.8
2016-05-08;11.9;19.4;5;8;2016;129;15.6
2016-05-09;12.6;18.9;5;9;2016;130;15.8
2016-05-10;11.1;18.3;5;10;2016;131;14.7
2016-05-11;10.2;18.3;5;11;2016;132;14.2
2016-05-12;12.3;18.0;5;12;2016;133;15.2
2016-05-13;12.3;13.8;5;13;2016;134;13.0
2016-05-14;12.6;13.9;5;14;2016;135;13.2
2016-05-15;12.5;17.3;5;15;2016;136;14.9
2016-05-16;11.3;17.2;5;16;2016;137;14.2
2016-05-17;11.0;17.3;5;17;2016;138;14.2
2016-05-18;12.7;18.1;5;18;2016;139;15.4
2016-05-19;13.8;19.3;5;19;2016;140;16.6
2016-05-20;14.0;18.3;5;20;2016;141;16.2
2016-05-21;12.2;19.4;5;21;2016;142;15.8
2016-05-22;11.7;17.2;5;22;2016;143;14.4
2016-05-23;10.1;17.9;5;23;2016;144;14.0
2016-05-24;14.3;20.2;5;24;2016;145;17.2
2016-05-25;13.0;18.0;5;25;2016;146;15.5
2016-05-26;11.1;21.0;5;26;2016;147;16.0
2016-05-27;12.2;22.2;5;27;2016;148;17.2
2016-05-28;13.9;20.9;5;28;2016;149;17.4
2016-05-29;13.5;19.4;5;29;2016;150;16.4
2016-05-30;14.0;19.3;5;30;2016;151;16.6
2016-05-31;13.7;17.6;5;31;2016;152;15.6
2016-06-01;12.1;19.0;6;1;2016;153;15.6
2016-06-02;11.7;21.7;6;2;2016;154;16.7
2016-06-03;14.6;20.1;6;3;2016;155;17.4
2016-06-04;14.8;20.2;6;4;2016;156;17.5
2016-06-05;13.1;20.5;6;5;2016;157;16.8
2016-06-06;15.4;21.3;6;6;2016;158;18.4
2016-06-07;14.9;22.1;6;7;2016;159;18.5
2016-06-08;16.1;21.5;6;8;2016;160;18.8
2016-06-09;15.6;20.8;6;9;2016;161;18.2
2016-06-10;14.9;20.5;6;10;2016;162;17.7
2016-06-11;13.5;22.9;6;11;2016;163;18.2
2016-06-12;17.3;21.5;6;12;2016;164;19.4
2016-06-13;15.8;21.0;6;13;2016;165;18.4
2016-06-14;15.6;20.1;6;14;2016;166;17.8
2016-06-15;13.0;17.0;6;15;2016;167;15.0
2016-06-16;13.1;19.3;6;16;2016;168;16.2
2016-06-17;13.9;18.9;6;17;2016;169;16.4
2016-06-18;13.8;18.5;6;18;2016;170;16.2
2016-06-19;13.4;19.3;6;19;2016;171;16.4
2016-06-20;14.5;23.2;6;20;2016;172;18.8
2016-06-21;15.9;23.2;6;21;2016;173;19.6
2016-06-22;16.9;20.4;6;22;2016;174;18.6
2016-06-23;16.9;19.1;6;23;2016;175;18.0
2016-06-24;15.5;17.7;6;24;2016;176;16.6
2016-06-25;14.9;19.1;6;25;2016;177;17.0
2016-06-26;15.2;19.3;6;26;2016;178;17.2
2016-06-27;14.3;19.2;6;27;2016;179;16.8
2016-06-28;13.9;20.1;6;28;2016;180;17.0
2016-06-29;15.9;20.9;6;29;2016;181;18.4
2016-06-30;15.8;21.4;6;30;2016;182;18.6
2016-07-01;16.3;21.1;7;1;2016;183;18.7
2016-07-02;15.5;20.3;7;2;2016;184;17.9
2016-07-03;15.4;20.0;7;3;2016;185;17.7
2016-07-04;16.4;22.5;7;4;2016;186;19.4
2016-07-05;16.1;21.6;7;5;2016;187;18.8
2016-07-06;16.1;23.3;7;6;2016;188;19.7
2016-07-07;16.3;23.1;7;7;2016;189;19.7
2016-07-08;16.6;22.6;7;8;2016;190;19.6
2016-07-09;15.5;21.6;7;9;2016;191;18.6
2016-07-10;17.4;23.3;7;10;2016;192;20.4
2016-07-11;16.9;22.5;7;11;2016;193;19.7
2016-07-12;16.0;21.3;7;12;2016;194;18.6
2016-07-13;14.4;19.9;7;13;2016;195;17.2
2016-07-14;14.8;22.7;7;14;2016;196;18.8
2016-07-15;15.9;26.0;7;15;2016;197;21.0
2016-07-16;17.0;30.6;7;16;2016;198;23.8
2016-07-17;18.5;29.8;7;17;2016;199;24.2
2016-07-18;18.1;28.3;7;18;2016;200;23.2
2016-07-19;17.0;23.6;7;19;2016;201;20.3
2016-07-20;17.6;22.8;7;20;2016;202;20.2
2016-07-21;17.2;24.3;7;21;2016;203;20.8
2016-07-22;17.5;22.3;7;22;2016;204;19.9
2016-07-23;16.7;22.0;7;23;2016;205;19.4
2016-07-24;16.8;22.6;7;24;2016;206;19.7
2016-07-25;17.6;24.2;7;25;2016;207;20.9
2016-07-26;16.9;22.6;7;26;2016;208;19.8
2016-07-27;16.7;20.7;7;27;2016;209;18.7
2016-07-28;16.6;22.2;7;28;2016;210;19.4
2016-07-29;16.5;21.4;7;29;2016;211;19.0
2016-07-30;16.1;20.8;7;30;2016;212;18.4
2016-07-31;16.8;22.1;7;31;2016;213;19.4
2016-08-01;15.6;21.7;8;1;2016;214;18.6
2016-08-02;15.2;22.5;8;2;2016;215;18.8
2016-08-03;17.9;25.6;8;3;2016;216;21.8
2016-08-04;17.6;24.5;8;4;2016;217;21.0
2016-08-05;16.4;22.4;8;5;2016;218;19.4
2016-08-06;16.8;25.9;8;6;2016;219;21.4
2016-08-07;17.3;27.1;8;7;2016;220;22.2
2016-08-08;16.9;24.5;8;8;2016;221;20.7
2016-08-09;16.4;22.3;8;9;2016;222;19.4
2016-08-10;16.5;20.7;8;10;2016;223;18.6
2016-08-11;15.8;25.8;8;11;2016;224;20.8
2016-08-12;17.7;30.1;8;12;2016;225;23.9
2016-08-13;16.1;23.0;8;13;2016;226;19.6
2016-08-14;15.9;21.9;8;14;2016;227;18.9
2016-08-15;15.5;21.2;8;15;2016;228;18.4
2016-08-16;17.6;23.5;8;16;2016;229;20.6
2016-08-17;16.7;22.8;8;17;2016;230;19.8
2016-08-18;15.0;23.4;8;18;2016;231;19.2
2016-08-19;18.1;23.8;8;19;2016;232;21.0
2016-08-20;16.5;23.1;8;20;2016;233;19.8
2016-08-21;14.7;21.7;8;21;2016;234;18.2
2016-08-22;16.6;27.3;8;22;2016;235;22.0
2016-08-23;17.7;24.6;8;23;2016;236;21.2
2016-08-24;17.0;24.2;8;24;2016;237;20.6
2016-08-25;17.4;19.5;8;25;2016;238;18.4
2016-08-26;16.9;22.0;8;26;2016;239;19.4
2016-08-27;17.4;23.1;8;27;2016;240;20.2
2016-08-28;17.6;22.8;8;28;2016;241;20.2
2016-08-29;16.3;21.6;8;29;2016;242;19.0
2016-08-30;16.0;25.2;8;30;2016;243;20.6
2016-08-31;16.6;21.6;8;31;2016;244;19.1
2016-09-01;16.2;25.0;9;1;2016;245;20.6
2016-09-02;16.4;23.5;9;2;2016;246;20.0
2016-09-03;16.1;25.5;9;3;2016;247;20.8
2016-09-04;17.5;24.6;9;4;2016;248;21.0
2016-09-05;16.7;21.0;9;5;2016;249;18.8
2016-09-06;15.5;28.0;9;6;2016;250;21.8
2016-09-07;16.6;25.3;9;7;2016;251;21.0
2016-09-08;15.3;22.7;9;8;2016;252;19.0
2016-09-09;13.6;23.8;9;9;2016;253;18.7
2016-09-10;17.8;25.0;9;10;2016;254;21.4
2016-09-11;17.2;23.7;9;11;2016;255;20.4
2016-09-12;17.2;26.4;9;12;2016;256;21.8
2016-09-13;13.5;20.4;9;13;2016;257;17.0
2016-09-14;12.8;17.6;9;14;2016;258;15.2
2016-09-15;15.5;18.3;9;15;2016;259;16.9
2016-09-16;15.7;20.5;9;16;2016;260;18.1
2016-09-17;14.1;19.6;9;17;2016;261;16.8
2016-09-18;13.8;20.4;9;18;2016;262;17.1
2016-09-19;13.5;20.0;9;19;2016;263;16.8
2016-09-20;15.2;18.9;9;20;2016;264;17.0
2016-09-21;12.5;20.0;9;21;2016;265;16.2
2016-09-22;15.2;20.7;9;22;2016;266;18.0
2016-09-23;14.3;22.9;9;23;2016;267;18.6
2016-09-24;15.0;21.8;9;24;2016;268;18.4
2016-09-25;15.0;20.4;9;25;2016;269;17.7
2016-09-26;13.8;22.2;9;26;2016;270;18.0
2016-09-27;16.7;21.4;9;27;2016;271;19.0
2016-09-28;14.2;22.4;9;28;2016;272;18.3
2016-09-29;15.7;20.9;9;29;2016;273;18.3
2016-09-30;15.3;18.1;9;30;2016;274;16.7
2016-10-01;13.8;19.7;10;1;2016;275;16.8
2016-10-02;11.7;19.9;10;2;2016;276;15.8
2016-10-03;11.1;21.4;10;3;2016;277;16.2
2016-10-04;13.1;19.4;10;4;2016;278;16.2
2016-10-05;12.3;17.9;10;5;2016;279;15.1
2016-10-06;12.6;20.3;10;6;2016;280;16.4
2016-10-07;13.3;19.3;10;7;2016;281;16.3
2016-10-08;13.0;19.1;10;8;2016;282;16.0
2016-10-09;14.0;20.8;10;9;2016;283;17.4
2016-10-10;12.2;21.1;10;10;2016;284;16.6
2016-10-11;12.2;16.9;10;11;2016;285;14.6
2016-10-12;14.5;19.3;10;12;2016;286;16.9
2016-10-13;13.5;15.9;10;13;2016;287;14.7
2016-10-14;12.1;19.5;10;14;2016;288;15.8
2016-10-15;13.2;19.4;10;15;2016;289;16.3
2016-10-16;14.8;20.4;10;16;2016;290;17.6
2016-10-17;14.4;17.7;10;17;2016;291;16.0
2016-10-18;13.4;20.2;10;18;2016;292;16.8
2016-10-19;13.7;20.4;10;19;2016;293;17.0
2016-10-20;12.6;19.3;10;20;2016;294;16.0
2016-10-21;11.2;21.2;10;21;2016;295;16.2
2016-10-22;13.5;19.3;10;22;2016;296;16.4
2016-10-23;12.4;18.7;10;23;2016;297;15.6
2016-10-24;11.9;21.3;10;24;2016;298;16.6
2016-10-25;12.8;23.4;10;25;2016;299;18.1
2016-10-26;14.2;22.5;10;26;2016;300;18.4
2016-10-27;14.0;22.4;10;27;2016;301;18.2
2016-10-28;14.2;24.5;10;28;2016;302;19.4
2016-10-29;13.7;20.8;10;29;2016;303;17.2
2016-10-30;12.8;22.5;10;30;2016;304;17.6
2016-10-31;12.7;22.2;10;31;2016;305;17.4
2016-11-01;14.3;21.7;11;1;2016;306;18.0
2016-11-02;13.5;23.1;11;2;2016;307;18.3
2016-11-03;14.3;20.8;11;3;2016;308;17.6
2016-11-04;13.1;17.6;11;4;2016;309;15.4
2016-11-05;9.9;14.9;11;5;2016;310;12.4
2016-11-06;8.0;14.1;11;6;2016;311;11.0
2016-11-07;6.4;13.6;11;7;2016;312;10.0
2016-11-08;9.2;15.4;11;8;2016;313;12.3
2016-11-09;11.3;15.2;11;9;2016;314;13.2
2016-11-10;11.4;16.3;11;10;2016;315;13.8
2016-11-11;11.7;16.6;11;11;2016;316;14.2
2016-11-12;13.8;16.1;11;12;2016;317;15.0
2016-11-13;12.4;15.8;11;13;2016;318;14.1
2016-11-14;11.3;16.6;11;14;2016;319;14.0
2016-11-15;10.7;18.0;11;15;2016;320;14.4
2016-11-16;8.7;17.3;11;16;2016;321;13.0
2016-11-17;10.8;16.2;11;17;2016;322;13.5
2016-11-18;10.9;15.1;11;18;2016;323;13.0
2016-11-19;10.5;15.2;11;19;2016;324;12.8
2016-11-20;10.4;17.0;11;20;2016;325;13.7
2016-11-21;8.5;13.5;11;21;2016;326;11.0
2016-11-22;5.9;12.8;11;22;2016;327;9.4
2016-11-23;7.4;12.7;11;23;2016;328;10.0
2016-11-24;8.0;11.5;11;24;2016;329;9.8
2016-11-25;6.6;14.4;11;25;2016;330;10.5
2016-11-26;7.6;12.6;11;26;2016;331;10.1
2016-11-27;8.9;15.6;11;27;2016;332;12.2
2016-11-28;8.3;16.6;11;28;2016;333;12.4
2016-11-29;7.8;15.2;11;29;2016;334;11.5
2016-11-30;8.9;18.2;11;30;2016;335;13.6
2016-12-01;12.1;18.0;12;1;2016;336;15.0
2016-12-02;9.6;16.4;12;2;2016;337;13.0
2016-12-03;9.6;17.6;12;3;2016;338;13.6
2016-12-04;12.9;19.8;12;4;2016;339;16.4
2016-12-05;12.1;20.6;12;5;2016;340;16.4
2016-12-06;12.0;21.2;12;6;2016;341;16.6
2016-12-07;12.9;19.0;12;7;2016;342;16.0
2016-12-08;12.6;19.6;12;8;2016;343;16.1
2016-12-09;11.4;19.4;12;9;2016;344;15.4
2016-12-10;12.4;18.6;12;10;2016;345;15.5
2016-12-11;12.7;18.5;12;11;2016;346;15.6
2016-12-12;11.2;18.4;12;12;2016;347;14.8
2016-12-13;10.6;18.5;12;13;2016;348;14.6
2016-12-14;11.1;15.4;12;14;2016;349;13.2
2016-12-15;9.3;12.1;12;15;2016;350;10.7
2016-12-16;10.5;13.3;12;16;2016;351;11.9
2016-12-17;7.8;14.8;12;17;2016;352;11.3
2016-12-18;8.4;14.8;12;18;2016;353;11.6
2016-12-19;5.0;13.3;12;19;2016;354;9.2
2016-12-20;10.1;12.7;12;20;2016;355;11.4
2016-12-21;9.9;13.6;12;21;2016;356;11.8
2016-12-22;12.3;15.7;12;22;2016;357;14.0
2016-12-23;13.0;15.1;12;23;2016;358;14.0
2016-12-24;12.7;15.9;12;24;2016;359;14.3
2016-12-25;8.9;16.1;12;25;2016;360;12.5
2016-12-26;9.4;14.2;12;26;2016;361;11.8
2016-12-27;6.1;14.3;12;27;2016;362;10.2
2016-12-28;5.1;14.4;12;28;2016;363;9.8
2016-12-29;4.8;14.2;12;29;2016;364;9.5
2016-12-30;4.5;14.3;12;30;2016;365;9.4
2016-12-31;4.3;13.3;12;31;2016;366;8.8
2017-01-01;5.4;11.4;1;1;2017;1;8.4
2017-01-02;10.0;15.5;1;2;2017;2;12.8
2017-01-03;11.9;13.9;1;3;2017;3;12.9
2017-01-04;12.3;17.6;1;4;2017;4;15.0
2017-01-05;9.1;17.5;1;5;2017;5;13.3
2017-01-06;6.5;14.6;1;6;2017;6;10.6
2017-01-07;4.1;13.4;1;7;2017;7;8.8
2017-01-08;4.9;14.2;1;8;2017;8;9.6
2017-01-09;5.3;13.4;1;9;2017;9;9.4
2017-01-10;10.7;12.3;1;10;2017;10;11.5
2017-01-11;11.7;13.8;1;11;2017;11;12.8
2017-01-12;9.6;13.9;1;12;2017;12;11.8
2017-01-13;6.6;11.0;1;13;2017;13;8.8
2017-01-14;5.7;11.8;1;14;2017;14;8.8
2017-01-15;7.7;11.5;1;15;2017;15;9.6
2017-01-16;8.6;12.3;1;16;2017;16;10.4
2017-01-17;7.1;14.4;1;17;2017;17;10.8
2017-01-18;5.8;9.7;1;18;2017;18;7.8
2017-01-19;4.0;8.1;1;19;2017;19;6.0
2017-01-20;2.2;11.3;1;20;2017;20;6.8
2017-01-21;2.6;13.4;1;21;2017;21;8.0
2017-01-22;4.1;12.5;1;22;2017;22;8.3
2017-01-23;3.8;12.5;1;23;2017;23;8.2
2017-01-24;3.5;12.9;1;24;2017;24;8.2
2017-01-25;4.2;14.4;1;25;2017;25;9.3
2017-01-26;8.6;13.9;1;26;2017;26;11.2
2017-01-27;8.1;11.3;1;27;2017;27;9.7
2017-01-28;7.8;13.3;1;28;2017;28;10.6
2017-01-29;12.3;16.6;1;29;2017;29;14.4
2017-01-30;13.1;16.2;1;30;2017;30;14.6
2017-01-31;10.8;13.3;1;31;2017;31;12.0
2017-02-01;10.9;14.5;2;1;2017;32;12.7
2017-02-02;8.1;15.6;2;2;2017;33;11.8
2017-02-03;9.4;15.4;2;3;2017;34;12.4
2017-02-04;8.5;14.8;2;4;2017;35;11.6
2017-02-05;8.4;13.5;2;5;2017;36;11.0
2017-02-06;11.1;15.7;2;6;2017;37;13.4
2017-02-07;9.4;12.9;2;7;2017;38;11.2
2017-02-08;5.1;11.4;2;8;2017;39;8.2
2017-02-09;6.6;13.4;2;9;2017;40;10.0
2017-02-10;6.9;13.5;2;10;2017;41;10.2
2017-02-11;7.5;10.7;2;11;2017;42;9.1
2017-02-12;7.8;11.9;2;12;2017;43;9.8
2017-02-13;8.4;14.5;2;13;2017;44;11.4
2017-02-14;8.4;14.3;2;14;2017;45;11.4
2017-02-15;10.4;16.3;2;15;2017;46;13.4
2017-02-16;11.0;21.1;2;16;2017;47;16.0
2017-02-17;9.2;19.2;2;17;2017;48;14.2
2017-02-18;9.1;12.9;2;18;2017;49;11.0
2017-02-19;8.4;14.3;2;19;2017;50;11.4
2017-02-20;9.0;14.6;2;20;2017;51;11.8
2017-02-21;11.1;15.6;2;21;2017;52;13.4
2017-02-22;8.2;16.5;2;22;2017;53;12.4
2017-02-23;10.1;14.1;2;23;2017;54;12.1
2017-02-24;8.8;14.5;2;24;2017;55;11.6
2017-02-25;7.3;15.6;2;25;2017;56;11.4
2017-02-26;10.8;14.5;2;26;2017;57;12.6
2017-02-27;9.8;14.2;2;27;2017;58;12.0
2017-02-28;10.0;13.0;2;28;2017;59;11.5
2017-03-01;11.2;15.9;3;1;2017;60;13.6
2017-03-02;11.8;15.7;3;2;2017;61;13.8
2017-03-03;6.9;12.6;3;3;2017;62;9.8
2017-03-04;6.6;13.4;3;4;2017;63;10.0
2017-03-05;12.6;15.9;3;5;2017;64;14.2
2017-03-06;11.2;15.6;3;6;2017;65;13.4
2017-03-07;12.6;16.2;3;7;2017;66;14.4
2017-03-08;10.2;15.9;3;8;2017;67;13.0
2017-03-09;7.5;21.7;3;9;2017;68;14.6
2017-03-10;11.5;27.6;3;10;2017;69;19.6
2017-03-11;11.0;16.9;3;11;2017;70;14.0
2017-03-12;9.4;13.4;3;12;2017;71;11.4
2017-03-13;10.1;14.7;3;13;2017;72;12.4
2017-03-14;10.3;17.1;3;14;2017;73;13.7
2017-03-15;9.3;19.2;3;15;2017;74;14.2
2017-03-16;10.8;22.1;3;16;2017;75;16.4
2017-03-17;10.5;16.9;3;17;2017;76;13.7
2017-03-18;8.0;15.0;3;18;2017;77;11.5
2017-03-19;8.7;13.8;3;19;2017;78;11.2
2017-03-20;10.6;15.9;3;20;2017;79;13.2
2017-03-21;9.1;14.1;3;21;2017;80;11.6
2017-03-22;4.1;9.6;3;22;2017;81;6.8
2017-03-23;4.3;9.9;3;23;2017;82;7.1
2017-03-24;5.5;12.6;3;24;2017;83;9.0
2017-03-25;7.5;11.7;3;25;2017;84;9.6
2017-03-26;7.4;15.5;3;26;2017;85;11.4
2017-03-27;9.6;16.3;3;27;2017;86;13.0
2017-03-28;11.6;19.0;3;28;2017;87;15.3
2017-03-29;13.9;21.2;3;29;2017;88;17.6
2017-03-30;12.3;22.1;3;30;2017;89;17.2
2017-03-31;10.9;16.3;3;31;2017;90;13.6
2017-04-01;10.7;15.7;4;1;2017;91;13.2
2017-04-02;9.9;15.6;4;2;2017;92;12.8
2017-04-03;7.5;17.5;4;3;2017;93;12.5
2017-04-04;9.7;15.4;4;4;2017;94;12.6
2017-04-05;10.8;17.8;4;5;2017;95;14.3
2017-04-06;10.3;21.5;4;6;2017;96;15.9
2017-04-07;10.6;21.1;4;7;2017;97;15.8
2017-04-08;11.7;19.9;4;8;2017;98;15.8
2017-04-09;10.0;20.0;4;9;2017;99;15.0
2017-04-10;11.9;20.7;4;10;2017;100;16.3
2017-04-11;10.3;17.8;4;11;2017;101;14.0
2017-04-12;10.2;19.7;4;12;2017;102;15.0
2017-04-13;9.9;17.5;4;13;2017;103;13.7
2017-04-14;12.0;18.0;4;14;2017;104;15.0
2017-04-15;10.9;15.4;4;15;2017;105;13.2
2017-04-16;9.6;21.1;4;16;2017;106;15.4
2017-04-17;11.7;19.5;4;17;2017;107;15.6
2017-04-18;11.7;19.4;4;18;2017;108;15.6
2017-04-19;12.2;20.3;4;19;2017;109;16.2
2017-04-20;11.7;18.8;4;20;2017;110;15.2
2017-04-21;10.4;20.2;4;21;2017;111;15.3
2017-04-22;11.8;22.4;4;22;2017;112;17.1
2017-04-23;10.4;20.5;4;23;2017;113;15.4
2017-04-24;11.5;21.5;4;24;2017;114;16.5
2017-04-25;9.2;15.8;4;25;2017;115;12.5
2017-04-26;8.0;16.0;4;26;2017;116;12.0
2017-04-27;6.4;14.8;4;27;2017;117;10.6
2017-04-28;8.1;17.0;4;28;2017;118;12.6
2017-04-29;7.2;20.2;4;29;2017;119;13.7
2017-04-30;7.1;13.2;4;30;2017;120;10.2
2017-05-01;9.2;16.7;5;1;2017;121;13.0
2017-05-02;11.0;17.6;5;2;2017;122;14.3
2017-05-03;10.5;21.6;5;3;2017;123;16.0
2017-05-04;13.3;23.8;5;4;2017;124;18.6
2017-05-05;13.0;19.6;5;5;2017;125;16.3
2017-05-06;12.7;21.4;5;6;2017;126;17.0
2017-05-07;14.9;23.4;5;7;2017;127;19.2
2017-05-08;15.6;24.6;5;8;2017;128;20.1
2017-05-09;13.9;22.0;5;9;2017;129;18.0
2017-05-10;13.0;20.0;5;10;2017;130;16.5
2017-05-11;12.0;20.0;5;11;2017;131;16.0
2017-05-12;13.2;17.9;5;12;2017;132;15.6
2017-05-13;12.0;19.5;5;13;2017;133;15.8
2017-05-14;13.4;22.1;5;14;2017;134;17.8
2017-05-15;17.3;25.6;5;15;2017;135;21.4
2017-05-16;14.9;24.2;5;16;2017;136;19.6
2017-05-17;12.8;17.6;5;17;2017;137;15.2
2017-05-18;11.7;16.9;5;18;2017;138;14.3
2017-05-19;11.7;17.5;5;19;2017;139;14.6
2017-05-20;12.7;17.5;5;20;2017;140;15.1
2017-05-21;14.0;27.1;5;21;2017;141;20.6
2017-05-22;13.7;18.5;5;22;2017;142;16.1
2017-05-23;12.3;25.5;5;23;2017;143;18.9
2017-05-24;15.8;28.1;5;24;2017;144;22.0
2017-05-25;15.7;27.3;5;25;2017;145;21.5
2017-05-26;14.9;19.0;5;26;2017;146;17.0
2017-05-27;15.5;20.2;5;27;2017;147;17.8
2017-05-28;15.8;20.2;5;28;2017;148;18.0
2017-05-29;15.8;19.6;5;29;2017;149;17.7
2017-05-30;15.7;19.9;5;30;2017;150;17.8
2017-05-31;15.2;21.1;5;31;2017;151;18.2
2017-06-01;15.3;19.9;6;1;2017;152;17.6
2017-06-02;14.6;20.9;6;2;2017;153;17.8
2017-06-03;14.6;18.3;6;3;2017;154;16.4
2017-06-04;13.5;18.9;6;4;2017;155;16.2
2017-06-05;12.8;21.1;6;5;2017;156;17.0
2017-06-06;14.3;18.9;6;6;2017;157;16.6
2017-06-07;12.0;19.4;6;7;2017;158;15.7
2017-06-08;13.7;22.0;6;8;2017;159;17.8
2017-06-09;15.5;21.4;6;9;2017;160;18.4
2017-06-10;15.4;23.6;6;10;2017;161;19.5
2017-06-11;16.3;19.4;6;11;2017;162;17.8
2017-06-12;16.1;21.5;6;12;2017;163;18.8
2017-06-13;16.0;23.3;6;13;2017;164;19.6
2017-06-14;15.6;19.1;6;14;2017;165;17.4
2017-06-15;14.6;20.2;6;15;2017;166;17.4
2017-06-16;15.8;26.1;6;16;2017;167;21.0
2017-06-17;17.4;29.9;6;17;2017;168;23.6
2017-06-18;19.1;29.5;6;18;2017;169;24.3
2017-06-19;15.6;26.1;6;19;2017;170;20.8
2017-06-20;17.1;27.3;6;20;2017;171;22.2
2017-06-21;17.3;23.0;6;21;2017;172;20.2
2017-06-22;17.4;22.5;6;22;2017;173;20.0
2017-06-23;16.4;21.7;6;23;2017;174;19.0
2017-06-24;15.7;21.7;6;24;2017;175;18.7
2017-06-25;15.0;23.2;6;25;2017;176;19.1
2017-06-26;17.1;19.8;6;26;2017;177;18.4
2017-06-27;16.8;22.2;6;27;2017;178;19.5
2017-06-28;13.9;19.4;6;28;2017;179;16.6
2017-06-29;13.7;19.0;6;29;2017;180;16.4
2017-06-30;13.8;18.6;6;30;2017;181;16.2
2017-07-01;14.8;20.2;7;1;2017;182;17.5
2017-07-02;15.9;20.7;7;2;2017;183;18.3
2017-07-03;15.7;26.0;7;3;2017;184;20.8
2017-07-04;17.5;31.9;7;4;2017;185;24.7
2017-07-05;17.2;21.7;7;5;2017;186;19.4
2017-07-06;16.5;21.7;7;6;2017;187;19.1
2017-07-07;17.3;20.2;7;7;2017;188;18.8
2017-07-08;16.7;20.1;7;8;2017;189;18.4
2017-07-09;16.7;21.8;7;9;2017;190;19.2
2017-07-10;15.6;20.6;7;10;2017;191;18.1
2017-07-11;14.5;24.5;7;11;2017;192;19.5
2017-07-12;17.2;21.1;7;12;2017;193;19.2
2017-07-13;17.2;20.4;7;13;2017;194;18.8
2017-07-14;17.8;24.4;7;14;2017;195;21.1
2017-07-15;17.6;25.4;7;15;2017;196;21.5
2017-07-16;17.2;27.6;7;16;2017;197;22.4
2017-07-17;17.9;25.7;7;17;2017;198;21.8
2017-07-18;17.1;25.1;7;18;2017;199;21.1
2017-07-19;16.3;22.1;7;19;2017;200;19.2
2017-07-20;15.7;21.1;7;20;2017;201;18.4
2017-07-21;15.4;23.0;7;21;2017;202;19.2
2017-07-22;16.3;22.0;7;22;2017;203;19.2
2017-07-23;16.1;23.5;7;23;2017;204;19.8
2017-07-24;16.5;21.3;7;24;2017;205;18.9
2017-07-25;16.8;21.7;7;25;2017;206;19.2
2017-07-26;17.2;23.3;7;26;2017;207;20.2
2017-07-27;18.0;21.9;7;27;2017;208;20.0
2017-07-28;16.9;24.8;7;28;2017;209;20.8
2017-07-29;17.9;27.7;7;29;2017;210;22.8
2017-07-30;17.4;22.6;7;30;2017;211;20.0
2017-07-31;16.8;21.9;7;31;2017;212;19.4
2017-08-01;15.1;22.0;8;1;2017;213;18.6
2017-08-02;16.4;28.1;8;2;2017;214;22.2
2017-08-03;18.4;24.5;8;3;2017;215;21.4
2017-08-04;16.5;25.4;8;4;2017;216;21.0
2017-08-05;16.4;20.0;8;5;2017;217;18.2
2017-08-06;16.9;23.3;8;6;2017;218;20.1
2017-08-07;16.2;19.8;8;7;2017;219;18.0
2017-08-08;15.9;22.2;8;8;2017;220;19.0
2017-08-09;14.9;20.3;8;9;2017;221;17.6
2017-08-10;15.3;20.5;8;10;2017;222;17.9
2017-08-11;14.5;21.4;8;11;2017;223;18.0
2017-08-12;14.3;21.1;8;12;2017;224;17.7
2017-08-13;15.5;24.6;8;13;2017;225;20.0
2017-08-14;17.7;24.2;8;14;2017;226;21.0
2017-08-15;16.7;21.9;8;15;2017;227;19.3
2017-08-16;15.3;24.7;8;16;2017;228;20.0
2017-08-17;20.2;25.2;8;17;2017;229;22.7
2017-08-18;17.2;24.2;8;18;2017;230;20.7
2017-08-19;16.8;22.4;8;19;2017;231;19.6
2017-08-20;16.6;24.4;8;20;2017;232;20.5
2017-08-21;17.8;33.2;8;21;2017;233;25.5
2017-08-22;17.8;23.3;8;22;2017;234;20.6
2017-08-23;17.4;21.9;8;23;2017;235;19.6
2017-08-24;16.7;22.7;8;24;2017;236;19.7
2017-08-25;17.0;23.2;8;25;2017;237;20.1
2017-08-26;17.8;23.5;8;26;2017;238;20.6
2017-08-27;16.4;23.0;8;27;2017;239;19.7
2017-08-28;16.9;23.0;8;28;2017;240;20.0
2017-08-29;17.4;19.9;8;29;2017;241;18.6
2017-08-30;15.9;18.6;8;30;2017;242;17.2
2017-08-31;15.0;20.5;8;31;2017;243;17.8
2017-09-01;13.4;21.5;9;1;2017;244;17.4
2017-09-02;13.4;22.5;9;2;2017;245;18.0
2017-09-03;15.8;22.9;9;3;2017;246;19.4
2017-09-04;17.9;22.5;9;4;2017;247;20.2
2017-09-05;17.1;23.5;9;5;2017;248;20.3
2017-09-06;15.5;20.7;9;6;2017;249;18.1
2017-09-07;14.7;19.8;9;7;2017;250;17.2
2017-09-08;12.8;23.2;9;8;2017;251;18.0
2017-09-09;15.9;20.4;9;9;2017;252;18.2
2017-09-10;15.3;20.2;9;10;2017;253;17.8
2017-09-11;16.1;22.0;9;11;2017;254;19.0
2017-09-12;16.5;23.6;9;12;2017;255;20.0
2017-09-13;18.6;22.6;9;13;2017;256;20.6
2017-09-14;15.0;19.5;9;14;2017;257;17.2
2017-09-15;13.5;19.0;9;15;2017;258;16.2
2017-09-16;12.0;19.4;9;16;2017;259;15.7
2017-09-17;14.1;20.2;9;17;2017;260;17.2
2017-09-18;15.9;21.7;9;18;2017;261;18.8
2017-09-19;14.8;20.6;9;19;2017;262;17.7
2017-09-20;12.9;21.5;9;20;2017;263;17.2
2017-09-21;14.7;18.0;9;21;2017;264;16.4
2017-09-22;14.9;19.8;9;22;2017;265;17.4
2017-09-23;13.6;21.7;9;23;2017;266;17.6
2017-09-24;15.6;19.9;9;24;2017;267;17.8
2017-09-25;15.4;20.3;9;25;2017;268;17.8
2017-09-26;12.4;21.8;9;26;2017;269;17.1
2017-09-27;17.2;24.9;9;27;2017;270;21.0
2017-09-28;17.9;25.4;9;28;2017;271;21.6
2017-09-29;14.6;21.4;9;29;2017;272;18.0
2017-09-30;14.3;20.8;9;30;2017;273;17.6
2017-10-01;17.9;21.9;10;1;2017;274;19.9
2017-10-02;17.6;23.3;10;2;2017;275;20.4
2017-10-03;16.8;21.9;10;3;2017;276;19.4
2017-10-04;15.1;24.1;10;4;2017;277;19.6
2017-10-05;16.0;21.1;10;5;2017;278;18.6
2017-10-06;15.4;23.1;10;6;2017;279;19.2
2017-10-07;13.9;23.1;10;7;2017;280;18.5
2017-10-08;12.4;21.5;10;8;2017;281;17.0
2017-10-09;11.4;20.9;10;9;2017;282;16.2
2017-10-10;11.5;21.2;10;10;2017;283;16.4
2017-10-11;14.0;21.4;10;11;2017;284;17.7
2017-10-12;11.8;19.6;10;12;2017;285;15.7
2017-10-13;13.6;20.8;10;13;2017;286;17.2
2017-10-14;11.8;21.9;10;14;2017;287;16.8
2017-10-15;20.1;31.0;10;15;2017;288;25.6
2017-10-16;14.2;23.2;10;16;2017;289;18.7
2017-10-17;13.8;20.9;10;17;2017;290;17.4
2017-10-18;13.4;18.7;10;18;2017;291;16.0
2017-10-19;13.2;19.6;10;19;2017;292;16.4
2017-10-20;14.4;22.9;10;20;2017;293;18.6
2017-10-21;13.2;18.2;10;21;2017;294;15.7
2017-10-22;11.1;17.4;10;22;2017;295;14.2
2017-10-23;9.1;19.5;10;23;2017;296;14.3
2017-10-24;11.0;26.1;10;24;2017;297;18.6
2017-10-25;12.5;26.6;10;25;2017;298;19.6
2017-10-26;15.2;23.7;10;26;2017;299;19.4
2017-10-27;15.6;24.6;10;27;2017;300;20.1
2017-10-28;14.0;19.7;10;28;2017;301;16.8
2017-10-29;12.7;19.7;10;29;2017;302;16.2
2017-10-30;14.3;18.1;10;30;2017;303;16.2
2017-10-31;11.1;20.6;10;31;2017;304;15.8
2017-11-01;13.3;19.8;11;1;2017;305;16.6
2017-11-02;13.7;20.2;11;2;2017;306;17.0
2017-11-03;14.1;18.2;11;3;2017;307;16.2
2017-11-04;13.3;17.4;11;4;2017;308;15.4
2017-11-05;11.8;15.6;11;5;2017;309;13.7
2017-11-06;8.7;15.2;11;6;2017;310;12.0
2017-11-07;7.8;14.2;11;7;2017;311;11.0
2017-11-08;9.0;14.1;11;8;2017;312;11.6
2017-11-09;10.7;13.4;11;9;2017;313;12.0
2017-11-10;12.5;14.8;11;10;2017;314;13.6
2017-11-11;12.9;16.2;11;11;2017;315;14.6
2017-11-12;13.2;15.6;11;12;2017;316;14.4
2017-11-13;9.5;15.1;11;13;2017;317;12.3
2017-11-14;8.0;15.8;11;14;2017;318;11.9
2017-11-15;8.6;17.1;11;15;2017;319;12.8
2017-11-16;7.1;15.6;11;16;2017;320;11.4
2017-11-17;8.1;16.5;11;17;2017;321;12.3
2017-11-18;8.7;17.8;11;18;2017;322;13.2
2017-11-19;9.1;18.5;11;19;2017;323;13.8
2017-11-20;8.3;19.3;11;20;2017;324;13.8
2017-11-21;10.7;20.7;11;21;2017;325;15.7
2017-11-22;14.6;20.3;11;22;2017;326;17.4
2017-11-23;13.4;19.0;11;23;2017;327;16.2
2017-11-24;11.5;13.8;11;24;2017;328;12.6
2017-11-25;8.7;13.5;11;25;2017;329;11.1
2017-11-26;6.1;14.5;11;26;2017;330;10.3
2017-11-27;5.6;13.3;11;27;2017;331;9.4
2017-11-28;4.7;13.8;11;28;2017;332;9.2
2017-11-29;6.7;11.7;11;29;2017;333;9.2
2017-11-30;4.6;11.5;11;30;2017;334;8.0
2017-12-01;7.3;11.8;12;1;2017;335;9.6
2017-12-02;6.0;11.8;12;2;2017;336;8.9
2017-12-03;5.4;12.1;12;3;2017;337;8.8
2017-12-04;7.5;14.3;12;4;2017;338;10.9
2017-12-05;5.4;14.2;12;5;2017;339;9.8
2017-12-06;5.0;13.1;12;6;2017;340;9.0
2017-12-07;10.1;15.0;12;7;2017;341;12.6
2017-12-08;10.6;14.5;12;8;2017;342;12.6
2017-12-09;10.6;15.7;12;9;2017;343;13.2
2017-12-10;9.3;16.2;12;10;2017;344;12.8
2017-12-11;7.8;11.5;12;11;2017;345;9.6
2017-12-12;9.1;12.1;12;12;2017;346;10.6
2017-12-13;11.0;15.3;12;13;2017;347;13.2
2017-12-14;11.7;13.8;12;14;2017;348;12.8
2017-12-15;10.1;12.6;12;15;2017;349;11.4
2017-12-16;6.7;12.4;12;16;2017;350;9.6
2017-12-17;4.9;12.7;12;17;2017;351;8.8
2017-12-18;5.6;13.7;12;18;2017;352;9.6
2017-12-19;7.8;13.6;12;19;2017;353;10.7
2017-12-20;6.0;13.4;12;20;2017;354;9.7
2017-12-21;6.9;15.9;12;21;2017;355;11.4
2017-12-22;7.0;13.6;12;22;2017;356;10.3
2017-12-23;8.0;13.6;12;23;2017;357;10.8
2017-12-24;7.0;15.7;12;24;2017;358;11.4
2017-12-25;8.2;13.4;12;25;2017;359;10.8
2017-12-26;8.9;14.3;12;26;2017;360;11.6
2017-12-27;9.2;11.9;12;27;2017;361;10.6
2017-12-28;9.4;14.3;12;28;2017;362;11.8
2017-12-29;13.0;18.0;12;29;2017;363;15.5
2017-12-30;15.1;17.8;12;30;2017;364;16.4
2017-12-31;9.0;15.8;12;31;2017;365;12.4
2018-01-01;12.0;15.3;1;1;2018;1;13.6
2018-01-02;14.2;16.8;1;2;2018;2;15.5
2018-01-03;15.1;17.1;1;3;2018;3;16.1
2018-01-04;14.5;16.6;1;4;2018;4;15.6
2018-01-05;6.5;14.7;1;5;2018;5;10.6
2018-01-06;4.1;10.5;1;6;2018;6;7.3
2018-01-07;6.7;11.6;1;7;2018;7;9.2
2018-01-08;9.2;12.7;1;8;2018;8;11.0
2018-01-09;9.3;14.5;1;9;2018;9;11.9
2018-01-10;7.1;13.2;1;10;2018;10;10.2
2018-01-11;8.5;12.3;1;11;2018;11;10.4
2018-01-12;6.5;12.5;1;12;2018;12;9.5
2018-01-13;7.8;11.5;1;13;2018;13;9.6
2018-01-14;5.1;12.2;1;14;2018;14;8.6
2018-01-15;5.9;13.4;1;15;2018;15;9.6
2018-01-16;12.3;14.5;1;16;2018;16;13.4
2018-01-17;10.9;13.5;1;17;2018;17;12.2
2018-01-18;10.0;13.0;1;18;2018;18;11.5
2018-01-19;10.9;14.3;1;19;2018;19;12.6
2018-01-20;10.7;15.2;1;20;2018;20;13.0
2018-01-21;12.3;14.7;1;21;2018;21;13.5
2018-01-22;12.2;16.2;1;22;2018;22;14.2
2018-01-23;13.4;16.4;1;23;2018;23;14.9
2018-01-24;10.5;14.6;1;24;2018;24;12.6
2018-01-25;8.7;12.4;1;25;2018;25;10.6
2018-01-26;9.4;11.8;1;26;2018;26;10.6
2018-01-27;8.3;12.3;1;27;2018;27;10.3
2018-01-28;9.1;14.9;1;28;2018;28;12.0
2018-01-29;7.2;16.5;1;29;2018;29;11.8
2018-01-30;5.7;13.4;1;30;2018;30;9.6
2018-01-31;5.7;11.3;1;31;2018;31;8.5
2018-02-01;7.5;11.2;2;1;2018;32;9.4
2018-02-02;6.0;10.3;2;2;2018;33;8.2
2018-02-03;7.7;11.3;2;3;2018;34;9.5
2018-02-04;5.3;9.5;2;4;2018;35;7.4
2018-02-05;5.6;9.2;2;5;2018;36;7.4
2018-02-06;4.7;9.4;2;6;2018;37;7.0
2018-02-07;4.0;8.1;2;7;2018;38;6.0
2018-02-08;3.6;10.6;2;8;2018;39;7.1
2018-02-09;6.9;11.5;2;9;2018;40;9.2
2018-02-10;7.2;12.0;2;10;2018;41;9.6
2018-02-11;8.8;12.7;2;11;2018;42;10.8
2018-02-12;5.5;10.0;2;12;2018;43;7.8
2018-02-13;6.5;12.6;2;13;2018;44;9.6
2018-02-14;12.6;16.3;2;14;2018;45;14.4
2018-02-15;11.6;16.8;2;15;2018;46;14.2
2018-02-16;9.4;13.4;2;16;2018;47;11.4
2018-02-17;7.5;13.2;2;17;2018;48;10.4
2018-02-18;5.7;13.9;2;18;2018;49;9.8
2018-02-19;9.8;13.5;2;19;2018;50;11.6
2018-02-20;10.2;14.3;2;20;2018;51;12.2
2018-02-21;9.1;12.9;2;21;2018;52;11.0
2018-02-22;5.3;13.3;2;22;2018;53;9.3
2018-02-23;4.4;13.7;2;23;2018;54;9.0
2018-02-24;3.8;13.6;2;24;2018;55;8.7
2018-02-25;4.6;16.4;2;25;2018;56;10.5
2018-02-26;5.8;14.5;2;26;2018;57;10.2
2018-02-27;4.2;8.9;2;27;2018;58;6.6
2018-02-28;1.9;6.9;2;28;2018;59;4.4
2018-03-01;5.0;11.5;3;1;2018;60;8.2
2018-03-02;3.7;12.4;3;2;2018;61;8.0
2018-03-03;8.0;14.5;3;3;2018;62;11.2
2018-03-04;6.8;13.3;3;4;2018;63;10.0
2018-03-05;7.3;12.8;3;5;2018;64;10.0
2018-03-06;8.2;11.8;3;6;2018;65;10.0
2018-03-07;7.3;13.1;3;7;2018;66;10.2
2018-03-08;8.6;15.9;3;8;2018;67;12.2
2018-03-09;13.2;18.7;3;9;2018;68;16.0
2018-03-10;10.3;15.6;3;10;2018;69;13.0
2018-03-11;10.3;13.3;3;11;2018;70;11.8
2018-03-12;7.9;14.0;3;12;2018;71;11.0
2018-03-13;7.4;17.0;3;13;2018;72;12.2
2018-03-14;9.1;15.3;3;14;2018;73;12.2
2018-03-15;7.3;12.7;3;15;2018;74;10.0
2018-03-16;7.1;12.3;3;16;2018;75;9.7
2018-03-17;6.8;12.8;3;17;2018;76;9.8
2018-03-18;8.4;12.6;3;18;2018;77;10.5
2018-03-19;7.0;10.1;3;19;2018;78;8.6
2018-03-20;6.2;10.6;3;20;2018;79;8.4
2018-03-21;6.6;12.4;3;21;2018;80;9.5
2018-03-22;2.6;11.5;3;22;2018;81;7.0
2018-03-23;8.2;15.8;3;23;2018;82;12.0
2018-03-24;7.3;11.8;3;24;2018;83;9.6
2018-03-25;6.8;12.5;3;25;2018;84;9.6
2018-03-26;9.2;14.0;3;26;2018;85;11.6
2018-03-27;11.4;16.1;3;27;2018;86;13.8
2018-03-28;8.3;13.6;3;28;2018;87;11.0
2018-03-29;6.5;13.1;3;29;2018;88;9.8
2018-03-30;6.3;12.0;3;30;2018;89;9.2
2018-03-31;8.0;13.8;3;31;2018;90;10.9
2018-04-01;10.8;18.4;4;1;2018;91;14.6
2018-04-02;11.8;17.5;4;2;2018;92;14.6
2018-04-03;10.3;15.6;4;3;2018;93;13.0
2018-04-04;9.9;14.1;4;4;2018;94;12.0
2018-04-05;8.7;18.2;4;5;2018;95;13.4
2018-04-06;9.0;13.9;4;6;2018;96;11.4
2018-04-07;9.2;16.2;4;7;2018;97;12.7
2018-04-08;9.1;15.4;4;8;2018;98;12.2
2018-04-09;9.2;14.8;4;9;2018;99;12.0
2018-04-10;6.4;12.0;4;10;2018;100;9.2
2018-04-11;8.8;14.1;4;11;2018;101;11.4
2018-04-12;9.4;15.1;4;12;2018;102;12.2
2018-04-13;10.6;14.5;4;13;2018;103;12.6
2018-04-14;9.3;17.6;4;14;2018;104;13.4
2018-04-15;10.5;14.6;4;15;2018;105;12.6
2018-04-16;9.0;17.7;4;16;2018;106;13.4
2018-04-17;12.9;21.6;4;17;2018;107;17.2
2018-04-18;11.4;24.7;4;18;2018;108;18.0
2018-04-19;12.4;16.2;4;19;2018;109;14.3
2018-04-20;12.5;16.1;4;20;2018;110;14.3
2018-04-21;11.4;21.1;4;21;2018;111;16.2
2018-04-22;11.9;14.8;4;22;2018;112;13.4
2018-04-23;11.3;15.9;4;23;2018;113;13.6
2018-04-24;11.9;17.2;4;24;2018;114;14.6
2018-04-25;11.6;14.4;4;25;2018;115;13.0
2018-04-26;10.7;15.5;4;26;2018;116;13.1
2018-04-27;11.1;15.7;4;27;2018;117;13.4
2018-04-28;9.0;14.8;4;28;2018;118;11.9
2018-04-29;8.7;13.0;4;29;2018;119;10.8
2018-04-30;7.9;13.9;4;30;2018;120;10.9
2018-05-01;7.7;15.9;5;1;2018;121;11.8
2018-05-02;10.8;16.4;5;2;2018;122;13.6
2018-05-03;10.2;14.0;5;3;2018;123;12.1
2018-05-04;10.4;16.3;5;4;2018;124;13.4
2018-05-05;10.4;19.2;5;5;2018;125;14.8
2018-05-06;11.4;21.8;5;6;2018;126;16.6
2018-05-07;12.9;17.9;5;7;2018;127;15.4
2018-05-08;11.9;17.0;5;8;2018;128;14.4
2018-05-09;12.3;15.9;5;9;2018;129;14.1
2018-05-10;11.0;16.4;5;10;2018;130;13.7
2018-05-11;10.8;16.3;5;11;2018;131;13.6
2018-05-12;9.5;14.3;5;12;2018;132;11.9
2018-05-13;9.6;14.1;5;13;2018;133;11.8
2018-05-14;12.6;15.9;5;14;2018;134;14.2
2018-05-15;12.3;14.9;5;15;2018;135;13.6
2018-05-16;12.3;17.7;5;16;2018;136;15.0
2018-05-17;12.2;16.8;5;17;2018;137;14.5
2018-05-18;13.4;19.2;5;18;2018;138;16.3
2018-05-19;13.7;23.9;5;19;2018;139;18.8
2018-05-20;11.5;19.7;5;20;2018;140;15.6
2018-05-21;11.9;17.8;5;21;2018;141;14.8
2018-05-22;12.8;19.6;5;22;2018;142;16.2
2018-05-23;13.1;21.9;5;23;2018;143;17.5
2018-05-24;14.4;21.7;5;24;2018;144;18.0
2018-05-25;13.8;15.0;5;25;2018;145;14.4
2018-05-26;13.2;15.0;5;26;2018;146;14.1
2018-05-27;13.6;17.2;5;27;2018;147;15.4
2018-05-28;13.4;17.8;5;28;2018;148;15.6
2018-05-29;13.8;17.6;5;29;2018;149;15.7
2018-05-30;13.8;16.1;5;30;2018;150;15.0
2018-05-31;13.9;17.9;5;31;2018;151;15.9
2018-06-01;13.1;18.7;6;1;2018;152;15.9
2018-06-02;13.5;19.1;6;2;2018;153;16.3
2018-06-03;11.8;18.4;6;3;2018;154;15.1
2018-06-04;13.0;17.1;6;4;2018;155;15.0
2018-06-05;13.4;16.5;6;5;2018;156;15.0
2018-06-06;14.4;17.1;6;6;2018;157;15.8
2018-06-07;14.1;20.3;6;7;2018;158;17.2
2018-06-08;13.3;17.0;6;8;2018;159;15.2
2018-06-09;13.6;17.6;6;9;2018;160;15.6
2018-06-10;13.4;19.7;6;10;2018;161;16.6
2018-06-11;14.3;16.5;6;11;2018;162;15.4
2018-06-12;14.5;18.2;6;12;2018;163;16.4
2018-06-13;14.6;18.4;6;13;2018;164;16.5
2018-06-14;14.4;20.7;6;14;2018;165;17.6
2018-06-15;13.6;16.6;6;15;2018;166;15.1
2018-06-16;12.9;19.9;6;16;2018;167;16.4
2018-06-17;14.1;19.8;6;17;2018;168;17.0
2018-06-18;15.5;20.1;6;18;2018;169;17.8
2018-06-19;16.1;24.6;6;19;2018;170;20.4
2018-06-20;16.1;22.7;6;20;2018;171;19.4
2018-06-21;15.7;20.5;6;21;2018;172;18.1
2018-06-22;17.8;25.2;6;22;2018;173;21.5
2018-06-23;17.2;29.0;6;23;2018;174;23.1
2018-06-24;15.9;28.1;6;24;2018;175;22.0
2018-06-25;15.4;17.6;6;25;2018;176;16.5
2018-06-26;15.9;18.8;6;26;2018;177;17.4
2018-06-27;15.7;20.9;6;27;2018;178;18.3
2018-06-28;15.8;18.5;6;28;2018;179;17.2
2018-06-29;16.2;23.8;6;29;2018;180;20.0
2018-06-30;16.1;19.7;6;30;2018;181;17.9
2018-07-01;16.6;21.6;7;1;2018;182;19.1
2018-07-02;16.7;20.8;7;2;2018;183;18.8
2018-07-03;16.6;21.4;7;3;2018;184;19.0
2018-07-04;16.9;21.8;7;4;2018;185;19.4
2018-07-05;16.8;20.3;7;5;2018;186;18.6
2018-07-06;15.5;21.6;7;6;2018;187;18.6
2018-07-07;16.0;23.0;7;7;2018;188;19.5
2018-07-08;17.1;21.0;7;8;2018;189;19.0
2018-07-09;17.4;25.9;7;9;2018;190;21.6
2018-07-10;17.7;22.2;7;10;2018;191;20.0
2018-07-11;16.8;19.8;7;11;2018;192;18.3
2018-07-12;17.2;22.6;7;12;2018;193;19.9
2018-07-13;17.3;24.6;7;13;2018;194;21.0
2018-07-14;17.8;24.3;7;14;2018;195;21.0
2018-07-15;17.5;19.8;7;15;2018;196;18.6
2018-07-16;17.0;22.4;7;16;2018;197;19.7
2018-07-17;16.3;20.8;7;17;2018;198;18.6
2018-07-18;16.8;22.9;7;18;2018;199;19.8
2018-07-19;17.0;20.8;7;19;2018;200;18.9
2018-07-20;16.6;22.1;7;20;2018;201;19.4
2018-07-21;15.8;22.2;7;21;2018;202;19.0
2018-07-22;17.1;21.1;7;22;2018;203;19.1
2018-07-23;17.6;24.7;7;23;2018;204;21.2
2018-07-24;18.2;23.1;7;24;2018;205;20.6
2018-07-25;17.8;23.7;7;25;2018;206;20.8
2018-07-26;19.1;23.8;7;26;2018;207;21.4
2018-07-27;18.0;23.7;7;27;2018;208;20.8
2018-07-28;16.4;22.1;7;28;2018;209;19.2
2018-07-29;15.6;22.6;7;29;2018;210;19.1
2018-07-30;17.7;21.8;7;30;2018;211;19.8
2018-07-31;17.0;21.3;7;31;2018;212;19.2
2018-08-01;15.8;22.5;8;1;2018;213;19.2
2018-08-02;18.2;28.9;8;2;2018;214;23.6
2018-08-03;19.5;27.6;8;3;2018;215;23.6
2018-08-04;18.6;22.3;8;4;2018;216;20.4
2018-08-05;19.0;29.8;8;5;2018;217;24.4
2018-08-06;16.6;24.4;8;6;2018;218;20.5
2018-08-07;16.4;22.8;8;7;2018;219;19.6
2018-08-08;15.6;22.3;8;8;2018;220;19.0
2018-08-09;15.6;21.0;8;9;2018;221;18.3
2018-08-10;13.7;20.8;8;10;2018;222;17.2
2018-08-11;14.9;23.2;8;11;2018;223;19.0
2018-08-12;17.2;24.5;8;12;2018;224;20.8
2018-08-13;16.9;21.8;8;13;2018;225;19.4
2018-08-14;18.3;22.7;8;14;2018;226;20.5
2018-08-15;17.2;25.3;8;15;2018;227;21.2
2018-08-16;17.3;22.3;8;16;2018;228;19.8
2018-08-17;16.8;22.5;8;17;2018;229;19.6
2018-08-18;17.3;24.5;8;18;2018;230;20.9
2018-08-19;16.9;27.1;8;19;2018;231;22.0
2018-08-20;17.2;24.6;8;20;2018;232;20.9
2018-08-21;17.4;27.7;8;21;2018;233;22.6
2018-08-22;18.9;25.3;8;22;2018;234;22.1
2018-08-23;17.5;21.5;8;23;2018;235;19.5
2018-08-24;16.3;20.6;8;24;2018;236;18.4
2018-08-25;14.7;21.5;8;25;2018;237;18.1
2018-08-26;14.8;22.4;8;26;2018;238;18.6
2018-08-27;18.0;21.8;8;27;2018;239;19.9
2018-08-28;17.1;27.9;8;28;2018;240;22.5
2018-08-29;16.1;21.4;8;29;2018;241;18.8
2018-08-30;15.4;21.2;8;30;2018;242;18.3
2018-08-31;16.2;22.1;8;31;2018;243;19.2
2018-09-01;17.8;28.8;9;1;2018;244;23.3
2018-09-02;19.5;31.9;9;2;2018;245;25.7
2018-09-03;18.9;26.4;9;3;2018;246;22.6
2018-09-04;16.4;20.3;9;4;2018;247;18.4
2018-09-05;15.7;20.4;9;5;2018;248;18.0
2018-09-06;16.0;21.6;9;6;2018;249;18.8
2018-09-07;16.2;24.8;9;7;2018;250;20.5
2018-09-08;16.2;26.4;9;8;2018;251;21.3
2018-09-09;15.5;22.8;9;9;2018;252;19.2
2018-09-10;14.6;22.9;9;10;2018;253;18.8
2018-09-11;14.1;24.2;9;11;2018;254;19.2
2018-09-12;16.3;21.3;9;12;2018;255;18.8
2018-09-13;15.7;21.2;9;13;2018;256;18.4
2018-09-14;15.8;18.9;9;14;2018;257;17.4
2018-09-15;16.0;23.7;9;15;2018;258;19.8
2018-09-16;15.6;21.7;9;16;2018;259;18.6
2018-09-17;15.0;26.9;9;17;2018;260;21.0
2018-09-18;17.9;23.6;9;18;2018;261;20.8
2018-09-19;15.1;23.7;9;19;2018;262;19.4
2018-09-20;14.3;23.7;9;20;2018;263;19.0
2018-09-21;16.7;20.7;9;21;2018;264;18.7
2018-09-22;16.1;23.5;9;22;2018;265;19.8
2018-09-23;17.6;22.9;9;23;2018;266;20.2
2018-09-24;15.1;21.2;9;24;2018;267;18.2
2018-09-25;14.3;23.2;9;25;2018;268;18.8
2018-09-26;14.1;26.6;9;26;2018;269;20.4
2018-09-27;17.7;22.1;9;27;2018;270;19.9
2018-09-28;15.5;18.7;9;28;2018;271;17.1
2018-09-29;15.9;21.9;9;29;2018;272;18.9
2018-09-30;15.2;20.1;9;30;2018;273;17.6
2018-10-01;14.9;20.8;10;1;2018;274;17.8
2018-10-02;13.5;21.8;10;2;2018;275;17.6
2018-10-03;12.9;23.5;10;3;2018;276;18.2
2018-10-04;15.0;25.8;10;4;2018;277;20.4
2018-10-05;13.5;19.1;10;5;2018;278;16.3
2018-10-06;13.1;17.3;10;6;2018;279;15.2
2018-10-07;10.9;18.1;10;7;2018;280;14.5
2018-10-08;10.1;19.8;10;8;2018;281;15.0
2018-10-09;12.7;22.7;10;9;2018;282;17.7
2018-10-10;13.8;24.1;10;10;2018;283;19.0
2018-10-11;15.0;20.5;10;11;2018;284;17.8
2018-10-12;17.7;22.6;10;12;2018;285;20.2
2018-10-13;12.5;26.1;10;13;2018;286;19.3
2018-10-14;11.8;17.1;10;14;2018;287;14.4
2018-10-15;12.9;20.2;10;15;2018;288;16.6
2018-10-16;11.8;19.1;10;16;2018;289;15.4
2018-10-17;13.3;16.1;10;17;2018;290;14.7
2018-10-18;14.2;17.3;10;18;2018;291;15.8
2018-10-19;15.0;19.8;10;19;2018;292;17.4
2018-10-20;14.9;21.5;10;20;2018;293;18.2
2018-10-21;14.9;21.1;10;21;2018;294;18.0
2018-10-22;14.7;20.3;10;22;2018;295;17.5
2018-10-23;14.2;21.5;10;23;2018;296;17.8
2018-10-24;12.6;21.0;10;24;2018;297;16.8
2018-10-25;11.5;21.1;10;25;2018;298;16.3
2018-10-26;12.7;17.8;10;26;2018;299;15.2
2018-10-27;7.1;13.3;10;27;2018;300;10.2
2018-10-28;7.0;12.0;10;28;2018;301;9.5
2018-10-29;7.6;13.4;10;29;2018;302;10.5
2018-10-30;9.8;13.3;10;30;2018;303;11.6
2018-10-31;8.4;14.7;10;31;2018;304;11.6
2018-11-01;10.0;15.3;11;1;2018;305;12.6
2018-11-02;13.5;15.4;11;2;2018;306;14.4
2018-11-03;12.8;14.2;11;3;2018;307;13.5
2018-11-04;11.9;15.5;11;4;2018;308;13.7
2018-11-05;10.2;14.4;11;5;2018;309;12.3
2018-11-06;10.9;15.8;11;6;2018;310;13.4
2018-11-07;10.1;15.1;11;7;2018;311;12.6
2018-11-08;10.0;13.1;11;8;2018;312;11.6
2018-11-09;9.6;16.6;11;9;2018;313;13.1
2018-11-10;13.1;17.5;11;10;2018;314;15.3
2018-11-11;10.7;15.2;11;11;2018;315;13.0
2018-11-12;9.5;16.6;11;12;2018;316;13.0
2018-11-13;7.1;15.5;11;13;2018;317;11.3
2018-11-14;9.4;21.3;11;14;2018;318;15.4
2018-11-15;12.6;21.4;11;15;2018;319;17.0
2018-11-16;13.9;21.9;11;16;2018;320;17.9
2018-11-17;12.9;21.1;11;17;2018;321;17.0
2018-11-18;12.2;17.3;11;18;2018;322;14.8
2018-11-19;10.5;17.8;11;19;2018;323;14.2
2018-11-20;9.0;13.2;11;20;2018;324;11.1
2018-11-21;8.3;13.9;11;21;2018;325;11.1
2018-11-22;8.6;13.5;11;22;2018;326;11.0
2018-11-23;8.1;13.5;11;23;2018;327;10.8
2018-11-24;9.2;11.7;11;24;2018;328;10.4
2018-11-25;6.5;11.3;11;25;2018;329;8.9
2018-11-26;9.3;13.5;11;26;2018;330;11.4
2018-11-27;10.1;14.4;11;27;2018;331;12.2
2018-11-28;13.0;15.7;11;28;2018;332;14.4
2018-11-29;11.7;16.0;11;29;2018;333;13.8
2018-11-30;11.3;14.9;11;30;2018;334;13.1
2018-12-01;13.3;16.5;12;1;2018;335;14.9
2018-12-02;15.7;17.6;12;2;2018;336;16.6
2018-12-03;15.4;17.1;12;3;2018;337;16.2
2018-12-04;12.3;18.3;12;4;2018;338;15.3
2018-12-05;12.0;17.1;12;5;2018;339;14.6
2018-12-06;11.8;16.8;12;6;2018;340;14.3
2018-12-07;11.0;15.2;12;7;2018;341;13.1
2018-12-08;10.2;15.5;12;8;2018;342;12.8
2018-12-09;9.3;14.5;12;9;2018;343;11.9
2018-12-10;7.7;15.4;12;10;2018;344;11.6
2018-12-11;10.1;17.3;12;11;2018;345;13.7
2018-12-12;7.9;14.1;12;12;2018;346;11.0
2018-12-13;10.2;14.0;12;13;2018;347;12.1
2018-12-14;9.7;14.3;12;14;2018;348;12.0
2018-12-15;12.0;17.8;12;15;2018;349;14.9
2018-12-16;10.1;12.4;12;16;2018;350;11.2
2018-12-17;10.0;13.0;12;17;2018;351;11.5
2018-12-18;9.7;13.6;12;18;2018;352;11.6
2018-12-19;9.5;13.6;12;19;2018;353;11.6
2018-12-20;11.9;15.2;12;20;2018;354;13.6
2018-12-21;14.2;18.0;12;21;2018;355;16.1
2018-12-22;12.6;16.7;12;22;2018;356;14.6
2018-12-23;12.0;17.6;12;23;2018;357;14.8
2018-12-24;10.5;16.0;12;24;2018;358;13.2
2018-12-25;9.4;16.7;12;25;2018;359;13.0
2018-12-26;8.6;18.1;12;26;2018;360;13.4
2018-12-27;11.9;15.5;12;27;2018;361;13.7
2018-12-28;11.9;14.4;12;28;2018;362;13.2
2018-12-29;7.9;14.3;12;29;2018;363;11.1
2018-12-30;6.0;14.8;12;30;2018;364;10.4
2018-12-31;6.7;16.4;12;31;2018;365;11.6
2019-01-01;5.1;13.9;1;1;2019;1;9.5
2019-01-02;6.0;12.3;1;2;2019;2;9.2
2019-01-03;4.6;13.6;1;3;2019;3;9.1
2019-01-04;3.3;14.4;1;4;2019;4;8.8
2019-01-05;3.6;12.8;1;5;2019;5;8.2
2019-01-06;3.7;13.9;1;6;2019;6;8.8
2019-01-07;4.4;12.2;1;7;2019;7;8.3
2019-01-08;4.7;12.6;1;8;2019;8;8.6
2019-01-09;7.4;13.1;1;9;2019;9;10.2
2019-01-10;8.1;12.1;1;10;2019;10;10.1
2019-01-11;7.1;12.1;1;11;2019;11;9.6
2019-01-12;7.3;11.2;1;12;2019;12;9.2
2019-01-13;9.1;12.1;1;13;2019;13;10.6
2019-01-14;7.8;12.9;1;14;2019;14;10.4
2019-01-15;6.3;14.3;1;15;2019;15;10.3
2019-01-16;10.1;13.1;1;16;2019;16;11.6
2019-01-17;7.7;12.4;1;17;2019;17;10.0
2019-01-18;7.6;11.8;1;18;2019;18;9.7
2019-01-19;9.6;13.6;1;19;2019;19;11.6
2019-01-20;10.1;12.6;1;20;2019;20;11.4
2019-01-21;8.8;12.6;1;21;2019;21;10.7
2019-01-22;9.4;11.4;1;22;2019;22;10.4
2019-01-23;11.3;12.8;1;23;2019;23;12.0
2019-01-24;11.4;12.7;1;24;2019;24;12.0
2019-01-25;9.0;12.6;1;25;2019;25;10.8
2019-01-26;6.1;13.2;1;26;2019;26;9.6
2019-01-27;9.8;12.7;1;27;2019;27;11.2
2019-01-28;10.5;13.1;1;28;2019;28;11.8
2019-01-29;8.4;12.3;1;29;2019;29;10.4
2019-01-30;8.2;13.2;1;30;2019;30;10.7
2019-01-31;8.9;13.7;1;31;2019;31;11.3
2019-02-01;6.2;10.7;2;1;2019;32;8.4
2019-02-02;6.2;10.9;2;2;2019;33;8.6
2019-02-03;4.2;12.1;2;3;2019;34;8.2
2019-02-04;7.8;13.6;2;4;2019;35;10.7
2019-02-05;11.2;15.3;2;5;2019;36;13.2
2019-02-06;10.0;13.8;2;6;2019;37;11.9
2019-02-07;9.6;14.2;2;7;2019;38;11.9
2019-02-08;9.2;13.9;2;8;2019;39;11.6
2019-02-09;12.2;14.7;2;9;2019;40;13.4
2019-02-10;9.6;14.4;2;10;2019;41;12.0
2019-02-11;6.6;13.1;2;11;2019;42;9.8
2019-02-12;6.0;15.4;2;12;2019;43;10.7
2019-02-13;6.9;18.0;2;13;2019;44;12.4
2019-02-14;9.6;22.1;2;14;2019;45;15.8
2019-02-15;12.3;20.6;2;15;2019;46;16.4
2019-02-16;8.4;19.9;2;16;2019;47;14.2
2019-02-17;9.0;13.7;2;17;2019;48;11.4
2019-02-18;8.5;12.7;2;18;2019;49;10.6
2019-02-19;5.3;12.7;2;19;2019;50;9.0
2019-02-20;7.1;16.1;2;20;2019;51;11.6
2019-02-21;9.5;19.8;2;21;2019;52;14.6
2019-02-22;12.0;23.4;2;22;2019;53;17.7
2019-02-23;12.8;18.8;2;23;2019;54;15.8
2019-02-24;11.1;22.0;2;24;2019;55;16.6
2019-02-25;11.3;23.0;2;25;2019;56;17.2
2019-02-26;10.8;24.2;2;26;2019;57;17.5
2019-02-27;11.2;17.2;2;27;2019;58;14.2
2019-02-28;9.4;16.6;2;28;2019;59;13.0
2019-03-01;11.9;17.5;3;1;2019;60;14.7
2019-03-02;11.5;18.7;3;2;2019;61;15.1
2019-03-03;12.0;17.7;3;3;2019;62;14.8
2019-03-04;9.6;14.6;3;4;2019;63;12.1
2019-03-05;10.3;16.6;3;5;2019;64;13.4
2019-03-06;9.4;14.2;3;6;2019;65;11.8
2019-03-07;8.9;13.3;3;7;2019;66;11.1
2019-03-08;9.0;14.8;3;8;2019;67;11.9
2019-03-09;12.7;16.6;3;9;2019;68;14.6
2019-03-10;11.4;15.6;3;10;2019;69;13.5
2019-03-11;8.6;14.8;3;11;2019;70;11.7
2019-03-12;7.7;15.9;3;12;2019;71;11.8
2019-03-13;9.3;12.8;3;13;2019;72;11.0
2019-03-14;9.4;13.1;3;14;2019;73;11.2
2019-03-15;8.8;14.6;3;15;2019;74;11.7
2019-03-16;5.8;14.0;3;16;2019;75;9.9
2019-03-17;8.4;12.5;3;17;2019;76;10.4
2019-03-18;7.3;13.1;3;18;2019;77;10.2
2019-03-19;8.5;13.2;3;19;2019;78;10.8
2019-03-20;10.2;16.5;3;20;2019;79;13.4
2019-03-21;7.8;17.4;3;21;2019;80;12.6
2019-03-22;8.6;17.6;3;22;2019;81;13.1
2019-03-23;8.2;18.2;3;23;2019;82;13.2
2019-03-24;10.0;20.3;3;24;2019;83;15.2
2019-03-25;10.7;17.6;3;25;2019;84;14.2
2019-03-26;10.6;18.2;3;26;2019;85;14.4
2019-03-27;9.3;20.0;3;27;2019;86;14.6
2019-03-28;9.2;18.9;3;28;2019;87;14.0
2019-03-29;9.7;18.9;3;29;2019;88;14.3
2019-03-30;9.4;15.8;3;30;2019;89;12.6
2019-03-31;7.9;18.5;3;31;2019;90;13.2
2019-04-01;10.5;18.4;4;1;2019;91;14.4
2019-04-02;10.1;14.2;4;2;2019;92;12.2
2019-04-03;8.4;12.1;4;3;2019;93;10.2
2019-04-04;7.0;11.8;4;4;2019;94;9.4
2019-04-05;5.8;11.0;4;5;2019;95;8.4
2019-04-06;7.1;12.9;4;6;2019;96;10.0
2019-04-07;7.9;14.1;4;7;2019;97;11.0
2019-04-08;9.8;16.2;4;8;2019;98;13.0
2019-04-09;8.7;15.4;4;9;2019;99;12.0
2019-04-10;10.5;14.9;4;10;2019;100;12.7
2019-04-11;7.1;14.6;4;11;2019;101;10.8
2019-04-12;7.5;16.3;4;12;2019;102;11.9
2019-04-13;11.9;20.9;4;13;2019;103;16.4
2019-04-14;14.7;22.5;4;14;2019;104;18.6
2019-04-15;11.5;18.2;4;15;2019;105;14.8
2019-04-16;9.8;19.8;4;16;2019;106;14.8
2019-04-17;12.6;18.7;4;17;2019;107;15.6
2019-04-18;11.6;16.9;4;18;2019;108;14.2
2019-04-19;12.5;18.6;4;19;2019;109;15.6
2019-04-20;11.8;18.7;4;20;2019;110;15.2
2019-04-21;11.4;17.6;4;21;2019;111;14.5
2019-04-22;10.4;17.7;4;22;2019;112;14.0
2019-04-23;8.0;14.2;4;23;2019;113;11.1
2019-04-24;7.9;13.6;4;24;2019;114;10.8
2019-04-25;8.1;14.0;4;25;2019;115;11.0
2019-04-26;10.1;15.2;4;26;2019;116;12.6
2019-04-27;10.6;14.6;4;27;2019;117;12.6
2019-04-28;8.2;18.8;4;28;2019;118;13.5
2019-04-29;11.4;17.5;4;29;2019;119;14.4
2019-04-30;12.7;15.3;4;30;2019;120;14.0
2019-05-01;11.9;14.3;5;1;2019;121;13.1
2019-05-02;11.0;16.1;5;2;2019;122;13.6
2019-05-03;10.6;15.4;5;3;2019;123;13.0
2019-05-04;9.7;16.6;5;4;2019;124;13.2
2019-05-05;10.8;21.0;5;5;2019;125;15.9
2019-05-06;12.3;18.0;5;6;2019;126;15.2
2019-05-07;13.9;18.7;5;7;2019;127;16.3
2019-05-08;12.7;17.6;5;8;2019;128;15.2
2019-05-09;12.0;17.0;5;9;2019;129;14.5
2019-05-10;12.3;18.3;5;10;2019;130;15.3
2019-05-11;11.9;16.3;5;11;2019;131;14.1
2019-05-12;10.6;22.9;5;12;2019;132;16.8
2019-05-13;13.2;26.2;5;13;2019;133;19.7
2019-05-14;13.5;26.2;5;14;2019;134;19.8
2019-05-15;13.0;17.8;5;15;2019;135;15.4
2019-05-16;12.7;14.5;5;16;2019;136;13.6
2019-05-17;11.4;15.4;5;17;2019;137;13.4
2019-05-18;10.3;16.3;5;18;2019;138;13.3
2019-05-19;10.4;15.5;5;19;2019;139;13.0
2019-05-20;9.0;16.7;5;20;2019;140;12.8
2019-05-21;13.0;18.7;5;21;2019;141;15.8
2019-05-22;12.0;21.2;5;22;2019;142;16.6
2019-05-23;13.7;18.3;5;23;2019;143;16.0
2019-05-24;13.1;16.8;5;24;2019;144;15.0
2019-05-25;13.1;16.8;5;25;2019;145;15.0
2019-05-26;13.7;17.2;5;26;2019;146;15.4
2019-05-27;13.2;16.1;5;27;2019;147;14.6
2019-05-28;12.1;16.8;5;28;2019;148;14.4
2019-05-29;11.3;18.9;5;29;2019;149;15.1
2019-05-30;13.9;26.4;5;30;2019;150;20.2
2019-05-31;16.4;33.5;5;31;2019;151;25.0
2019-06-01;15.1;26.5;6;1;2019;152;20.8
2019-06-02;14.2;21.2;6;2;2019;153;17.7
2019-06-03;14.7;17.6;6;3;2019;154;16.2
2019-06-04;12.8;19.2;6;4;2019;155;16.0
2019-06-05;11.8;17.6;6;5;2019;156;14.7
2019-06-06;10.3;16.8;6;6;2019;157;13.6
2019-06-07;10.8;17.6;6;7;2019;158;14.2
2019-06-08;10.4;15.8;6;8;2019;159;13.1
2019-06-09;11.9;17.2;6;9;2019;160;14.6
2019-06-10;10.8;17.7;6;10;2019;161;14.2
2019-06-11;11.9;16.7;6;11;2019;162;14.3
2019-06-12;12.8;17.9;6;12;2019;163;15.4
2019-06-13;11.2;16.7;6;13;2019;164;14.0
2019-06-14;10.3;18.8;6;14;2019;165;14.6
2019-06-15;12.7;18.2;6;15;2019;166;15.4
2019-06-16;12.0;18.4;6;16;2019;167;15.2
2019-06-17;13.5;18.1;6;17;2019;168;15.8
2019-06-18;14.4;20.0;6;18;2019;169;17.2
2019-06-19;15.5;18.9;6;19;2019;170;17.2
2019-06-20;14.6;17.9;6;20;2019;171;16.2
2019-06-21;13.1;19.8;6;21;2019;172;16.4
2019-06-22;15.0;22.8;6;22;2019;173;18.9
2019-06-23;16.7;23.7;6;23;2019;174;20.2
2019-06-24;16.4;20.5;6;24;2019;175;18.4
2019-06-25;15.9;23.2;6;25;2019;176;19.6
2019-06-26;16.8;22.3;6;26;2019;177;19.6
2019-06-27;16.4;22.4;6;27;2019;178;19.4
2019-06-28;14.5;21.5;6;28;2019;179;18.0
2019-06-29;16.6;20.8;6;29;2019;180;18.7
2019-06-30;16.5;17.6;6;30;2019;181;17.0
2019-07-01;16.4;18.7;7;1;2019;182;17.6
2019-07-02;15.8;18.4;7;2;2019;183;17.1
2019-07-03;15.8;23.2;7;3;2019;184;19.5
2019-07-04;17.1;22.9;7;4;2019;185;20.0
2019-07-05;16.0;21.7;7;5;2019;186;18.8
2019-07-06;17.2;21.5;7;6;2019;187;19.4
2019-07-07;16.5;20.1;7;7;2019;188;18.3
2019-07-08;16.5;19.6;7;8;2019;189;18.0
2019-07-09;16.1;20.3;7;9;2019;190;18.2
2019-07-10;15.3;25.1;7;10;2019;191;20.2
2019-07-11;16.3;22.1;7;11;2019;192;19.2
2019-07-12;16.2;24.0;7;12;2019;193;20.1
2019-07-13;19.0;26.2;7;13;2019;194;22.6
2019-07-14;17.2;21.5;7;14;2019;195;19.4
2019-07-15;16.5;20.6;7;15;2019;196;18.6
2019-07-16;16.1;19.1;7;16;2019;197;17.6
2019-07-17;15.5;20.2;7;17;2019;198;17.8
2019-07-18;14.9;23.3;7;18;2019;199;19.1
2019-07-19;16.9;22.5;7;19;2019;200;19.7
2019-07-20;17.7;23.4;7;20;2019;201;20.6
2019-07-21;16.5;22.3;7;21;2019;202;19.4
2019-07-22;17.3;24.9;7;22;2019;203;21.1
2019-07-23;17.7;23.8;7;23;2019;204;20.8
2019-07-24;17.3;25.1;7;24;2019;205;21.2
2019-07-25;18.4;23.4;7;25;2019;206;20.9
2019-07-26;17.5;23.0;7;26;2019;207;20.2
2019-07-27;14.4;20.4;7;27;2019;208;17.4
2019-07-28;14.1;22.9;7;28;2019;209;18.5
2019-07-29;16.8;22.2;7;29;2019;210;19.5
2019-07-30;16.3;21.4;7;30;2019;211;18.8
2019-07-31;14.0;21.6;7;31;2019;212;17.8
2019-08-01;17.3;21.1;8;1;2019;213;19.2
2019-08-02;16.2;23.7;8;2;2019;214;20.0
2019-08-03;18.5;22.8;8;3;2019;215;20.6
2019-08-04;18.3;23.2;8;4;2019;216;20.8
2019-08-05;16.7;25.3;8;5;2019;217;21.0
2019-08-06;19.2;23.0;8;6;2019;218;21.1
2019-08-07;18.6;24.4;8;7;2019;219;21.5
2019-08-08;20.1;26.6;8;8;2019;220;23.4
2019-08-09;18.6;24.6;8;9;2019;221;21.6
2019-08-10;17.6;22.8;8;10;2019;222;20.2
2019-08-11;16.6;21.4;8;11;2019;223;19.0
2019-08-12;15.5;20.9;8;12;2019;224;18.2
2019-08-13;13.8;21.1;8;13;2019;225;17.4
2019-08-14;16.7;22.7;8;14;2019;226;19.7
2019-08-15;16.9;21.9;8;15;2019;227;19.4
2019-08-16;16.2;24.3;8;16;2019;228;20.2
2019-08-17;20.5;26.3;8;17;2019;229;23.4
2019-08-18;16.5;22.4;8;18;2019;230;19.4
2019-08-19;15.3;20.3;8;19;2019;231;17.8
2019-08-20;17.0;23.0;8;20;2019;232;20.0
2019-08-21;16.5;24.3;8;21;2019;233;20.4
2019-08-22;16.3;28.0;8;22;2019;234;22.2
2019-08-23;18.3;30.3;8;23;2019;235;24.3
2019-08-24;17.4;23.4;8;24;2019;236;20.4
2019-08-25;17.1;21.4;8;25;2019;237;19.2
2019-08-26;17.7;22.0;8;26;2019;238;19.8
2019-08-27;17.7;21.9;8;27;2019;239;19.8
2019-08-28;17.5;22.6;8;28;2019;240;20.0
2019-08-29;15.8;22.2;8;29;2019;241;19.0
2019-08-30;16.6;24.5;8;30;2019;242;20.6
2019-08-31;18.0;21.1;8;31;2019;243;19.6
2019-09-01;15.5;19.8;9;1;2019;244;17.6
2019-09-02;16.9;24.4;9;2;2019;245;20.6
2019-09-03;15.9;26.3;9;3;2019;246;21.1
2019-09-04;16.0;19.4;9;4;2019;247;17.7
2019-09-05;15.8;21.2;9;5;2019;248;18.5
2019-09-06;15.8;22.5;9;6;2019;249;19.2
2019-09-07;15.4;20.6;9;7;2019;250;18.0
2019-09-08;15.4;21.6;9;8;2019;251;18.5
2019-09-09;14.4;21.0;9;9;2019;252;17.7
2019-09-10;14.7;18.6;9;10;2019;253;16.6
2019-09-11;13.6;18.7;9;11;2019;254;16.2
2019-09-12;14.1;23.3;9;12;2019;255;18.7
2019-09-13;16.3;25.4;9;13;2019;256;20.8
2019-09-14;16.7;24.4;9;14;2019;257;20.6
2019-09-15;16.2;22.9;9;15;2019;258;19.6
2019-09-16;16.7;23.2;9;16;2019;259;20.0
2019-09-17;17.6;24.6;9;17;2019;260;21.1
2019-09-18;17.7;25.8;9;18;2019;261;21.8
2019-09-19;13.9;24.9;9;19;2019;262;19.4
2019-09-20;13.9;20.0;9;20;2019;263;17.0
2019-09-21;16.8;21.5;9;21;2019;264;19.2
2019-09-22;16.1;22.1;9;22;2019;265;19.1
2019-09-23;16.9;19.9;9;23;2019;266;18.4
2019-09-24;16.3;20.7;9;24;2019;267;18.5
2019-09-25;15.9;21.4;9;25;2019;268;18.6
2019-09-26;17.0;23.6;9;26;2019;269;20.3
2019-09-27;15.5;21.1;9;27;2019;270;18.3
2019-09-28;12.9;20.9;9;28;2019;271;16.9
2019-09-29;16.0;21.3;9;29;2019;272;18.6
2019-09-30;18.4;24.8;9;30;2019;273;21.6
2019-10-01;16.6;22.0;10;1;2019;274;19.3
2019-10-02;14.4;20.1;10;2;2019;275;17.2
2019-10-03;13.4;22.0;10;3;2019;276;17.7
2019-10-04;13.9;19.9;10;4;2019;277;16.9
2019-10-05;13.7;21.5;10;5;2019;278;17.6
2019-10-06;15.1;19.6;10;6;2019;279;17.4
2019-10-07;13.4;22.3;10;7;2019;280;17.8
2019-10-08;15.2;20.9;10;8;2019;281;18.0
2019-10-09;14.1;19.8;10;9;2019;282;17.0
2019-10-10;12.5;20.2;10;10;2019;283;16.4
2019-10-11;13.8;19.3;10;11;2019;284;16.6
2019-10-12;15.7;22.3;10;12;2019;285;19.0
2019-10-13;13.3;18.6;10;13;2019;286;16.0
2019-10-14;12.4;15.2;10;14;2019;287;13.8
2019-10-15;12.8;17.1;10;15;2019;288;15.0
2019-10-16;14.9;19.2;10;16;2019;289;17.0
2019-10-17;13.8;18.7;10;17;2019;290;16.2
2019-10-18;13.6;17.2;10;18;2019;291;15.4
2019-10-19;12.3;14.0;10;19;2019;292;13.2
2019-10-20;12.5;16.2;10;20;2019;293;14.4
2019-10-21;10.1;14.7;10;21;2019;294;12.4
2019-10-22;8.3;17.4;10;22;2019;295;12.8
2019-10-23;13.1;16.5;10;23;2019;296;14.8
2019-10-24;14.1;17.8;10;24;2019;297;16.0
2019-10-25;14.3;20.6;10;25;2019;298;17.4
2019-10-26;15.1;22.3;10;26;2019;299;18.7
2019-10-27;16.7;23.2;10;27;2019;300;20.0
2019-10-28;16.9;21.2;10;28;2019;301;19.0
2019-10-29;17.2;22.2;10;29;2019;302;19.7
2019-10-30;16.7;22.1;10;30;2019;303;19.4
2019-10-31;16.5;21.4;10;31;2019;304;19.0
2019-11-01;16.3;20.9;11;1;2019;305;18.6
2019-11-02;14.3;16.6;11;2;2019;306;15.4
2019-11-03;12.1;16.9;11;3;2019;307;14.5
2019-11-04;11.0;16.9;11;4;2019;308;14.0
2019-11-05;12.5;15.9;11;5;2019;309;14.2
2019-11-06;12.0;15.7;11;6;2019;310;13.8
2019-11-07;9.0;12.4;11;7;2019;311;10.7
2019-11-08;9.3;14.5;11;8;2019;312;11.9
2019-11-09;11.1;15.3;11;9;2019;313;13.2
2019-11-10;9.6;12.9;11;10;2019;314;11.2
2019-11-11;11.1;15.0;11;11;2019;315;13.0
2019-11-12;10.5;15.5;11;12;2019;316;13.0
2019-11-13;9.5;14.5;11;13;2019;317;12.0
2019-11-14;8.0;12.7;11;14;2019;318;10.4
2019-11-15;8.1;11.5;11;15;2019;319;9.8
2019-11-16;8.7;12.6;11;16;2019;320;10.6
2019-11-17;10.8;13.7;11;17;2019;321;12.2
2019-11-18;8.7;14.1;11;18;2019;322;11.4
2019-11-19;8.1;11.8;11;19;2019;323;10.0
2019-11-20;9.1;12.0;11;20;2019;324;10.6
2019-11-21;9.0;15.1;11;21;2019;325;12.0
2019-11-22;10.7;15.2;11;22;2019;326;13.0
2019-11-23;10.8;14.7;11;23;2019;327;12.8
2019-11-24;10.9;16.3;11;24;2019;328;13.6
2019-11-25;12.9;16.7;11;25;2019;329;14.8
2019-11-26;12.6;17.7;11;26;2019;330;15.2
2019-11-27;12.3;14.8;11;27;2019;331;13.6
2019-11-28;12.2;15.3;11;28;2019;332;13.8
2019-11-29;11.9;16.5;11;29;2019;333;14.2
2019-11-30;11.3;17.0;11;30;2019;334;14.2
2019-12-01;10.1;13.6;12;1;2019;335;11.8
2019-12-02;9.6;11.9;12;2;2019;336;10.8
2019-12-03;5.8;13.5;12;3;2019;337;9.6
2019-12-04;4.5;11.2;12;4;2019;338;7.8
2019-12-05;9.4;12.8;12;5;2019;339;11.1
2019-12-06;9.2;13.4;12;6;2019;340;11.3
2019-12-07;10.8;16.4;12;7;2019;341;13.6
2019-12-08;11.1;15.1;12;8;2019;342;13.1
2019-12-09;9.1;14.1;12;9;2019;343;11.6
2019-12-10;8.3;14.9;12;10;2019;344;11.6
2019-12-11;9.9;12.8;12;11;2019;345;11.4
2019-12-12;11.4;14.1;12;12;2019;346;12.8
2019-12-13;12.7;14.9;12;13;2019;347;13.8
2019-12-14;12.0;15.5;12;14;2019;348;13.8
2019-12-15;10.5;13.7;12;15;2019;349;12.1
2019-12-16;7.9;10.5;12;16;2019;350;9.2
2019-12-17;5.9;12.3;12;17;2019;351;9.1
2019-12-18;10.8;15.9;12;18;2019;352;13.4
2019-12-19;9.4;14.9;12;19;2019;353;12.2
2019-12-20;8.7;13.7;12;20;2019;354;11.2
2019-12-21;11.4;16.9;12;21;2019;355;14.2
2019-12-22;10.7;14.8;12;22;2019;356;12.8
2019-12-23;10.6;16.8;12;23;2019;357;13.7
2019-12-24;13.1;19.5;12;24;2019;358;16.3
2019-12-25;12.8;19.0;12;25;2019;359;15.9
2019-12-26;7.9;15.7;12;26;2019;360;11.8
2019-12-27;5.4;14.5;12;27;2019;361;10.0
2019-12-28;6.8;17.4;12;28;2019;362;12.1
2019-12-29;9.6;18.2;12;29;2019;363;13.9
2019-12-30;8.3;16.4;12;30;2019;364;12.4
2019-12-31;10.2;12.9;12;31;2019;365;11.6
2020-01-01;6.4;11.5;1;1;2020;1;9.0
2020-01-02;6.2;12.4;1;2;2020;2;9.3
2020-01-03;8.8;15.0;1;3;2020;3;11.9
2020-01-04;5.7;13.1;1;4;2020;4;9.4
2020-01-05;4.4;11.9;1;5;2020;5;8.2
2020-01-06;6.6;13.6;1;6;2020;6;10.1
2020-01-07;7.1;14.4;1;7;2020;7;10.8
2020-01-08;11.7;16.4;1;8;2020;8;14.0
2020-01-09;10.3;15.4;1;9;2020;9;12.8
2020-01-10;7.2;13.3;1;10;2020;10;10.2
2020-01-11;4.9;13.5;1;11;2020;11;9.2
2020-01-12;6.7;12.9;1;12;2020;12;9.8
2020-01-13;10.3;13.6;1;13;2020;13;12.0
2020-01-14;13.2;16.3;1;14;2020;14;14.8
2020-01-15;11.1;15.3;1;15;2020;15;13.2
2020-01-16;9.7;16.5;1;16;2020;16;13.1
2020-01-17;8.7;12.9;1;17;2020;17;10.8
2020-01-18;10.2;14.1;1;18;2020;18;12.2
2020-01-19;9.2;12.0;1;19;2020;19;10.6
2020-01-20;8.0;11.0;1;20;2020;20;9.5
2020-01-21;8.6;10.6;1;21;2020;21;9.6
2020-01-22;9.9;13.2;1;22;2020;22;11.6
2020-01-23;6.5;13.9;1;23;2020;23;10.2
2020-01-24;7.4;15.2;1;24;2020;24;11.3
2020-01-25;6.1;14.4;1;25;2020;25;10.2
2020-01-26;8.3;14.5;1;26;2020;26;11.4
2020-01-27;11.6;15.4;1;27;2020;27;13.5
2020-01-28;10.4;14.5;1;28;2020;28;12.4
2020-01-29;11.6;15.6;1;29;2020;29;13.6
2020-01-30;14.1;17.2;1;30;2020;30;15.6
2020-01-31;15.0;18.5;1;31;2020;31;16.8
2020-02-01;15.0;19.5;2;1;2020;32;17.2
2020-02-02;16.1;20.9;2;2;2020;33;18.5
2020-02-03;13.9;23.0;2;3;2020;34;18.4
2020-02-04;10.2;15.0;2;4;2020;35;12.6
2020-02-05;7.9;15.5;2;5;2020;36;11.7
2020-02-06;9.0;19.0;2;6;2020;37;14.0
2020-02-07;11.7;17.3;2;7;2020;38;14.5
2020-02-08;10.3;14.7;2;8;2020;39;12.5
2020-02-09;11.0;16.9;2;9;2020;40;14.0
2020-02-10;12.3;17.6;2;10;2020;41;15.0
2020-02-11;10.7;13.7;2;11;2020;42;12.2
2020-02-12;8.6;14.9;2;12;2020;43;11.8
2020-02-13;12.1;15.9;2;13;2020;44;14.0
2020-02-14;12.3;16.8;2;14;2020;45;14.6
2020-02-15;13.0;16.0;2;15;2020;46;14.5
2020-02-16;11.2;18.1;2;16;2020;47;14.6
2020-02-17;8.5;14.0;2;17;2020;48;11.2
2020-02-18;7.0;13.8;2;18;2020;49;10.4
2020-02-19;6.1;14.7;2;19;2020;50;10.4
2020-02-20;7.2;16.4;2;20;2020;51;11.8
2020-02-21;9.0;16.2;2;21;2020;52;12.6
2020-02-22;9.3;15.3;2;22;2020;53;12.3
2020-02-23;7.4;12.6;2;23;2020;54;10.0
2020-02-24;9.2;13.7;2;24;2020;55;11.4
2020-02-25;10.6;13.7;2;25;2020;56;12.2
2020-02-26;10.6;14.0;2;26;2020;57;12.3
2020-02-27;11.8;16.9;2;27;2020;58;14.4
2020-02-28;10.9;18.2;2;28;2020;59;14.6
2020-02-29;10.6;13.5;2;29;2020;60;12.0
2020-03-01;11.6;16.1;3;1;2020;61;13.8
2020-03-02;8.8;13.1;3;2;2020;62;11.0
2020-03-03;10.8;16.0;3;3;2020;63;13.4
2020-03-04;14.2;18.9;3;4;2020;64;16.6
2020-03-05;10.1;16.1;3;5;2020;65;13.1
2020-03-06;8.8;13.7;3;6;2020;66;11.2
2020-03-07;10.3;15.7;3;7;2020;67;13.0
2020-03-08;10.2;15.9;3;8;2020;68;13.0
2020-03-09;10.0;15.9;3;9;2020;69;13.0
2020-03-10;10.4;17.0;3;10;2020;70;13.7
2020-03-11;12.5;16.6;3;11;2020;71;14.6
2020-03-12;10.1;13.6;3;12;2020;72;11.8
2020-03-13;9.8;13.2;3;13;2020;73;11.5
2020-03-14;9.4;15.7;3;14;2020;74;12.6
2020-03-15;8.3;12.5;3;15;2020;75;10.4
2020-03-16;8.9;12.5;3;16;2020;76;10.7
2020-03-17;9.6;17.1;3;17;2020;77;13.4
2020-03-18;9.8;17.2;3;18;2020;78;13.5
2020-03-19;10.7;14.0;3;19;2020;79;12.4
2020-03-20;12.1;15.7;3;20;2020;80;13.9
2020-03-21;12.0;14.7;3;21;2020;81;13.4
2020-03-22;11.9;15.0;3;22;2020;82;13.4
2020-03-23;10.5;13.2;3;23;2020;83;11.8
2020-03-24;9.0;17.7;3;24;2020;84;13.4
2020-03-25;9.9;15.1;3;25;2020;85;12.5
2020-03-26;7.9;13.3;3;26;2020;86;10.6
2020-03-27;8.1;15.2;3;27;2020;87;11.6
2020-03-28;7.9;19.3;3;28;2020;88;13.6
2020-03-29;8.0;16.1;3;29;2020;89;12.0
2020-03-30;6.0;10.2;3;30;2020;90;8.1
2020-03-31;5.6;11.0;3;31;2020;91;8.3
2020-04-01;9.0;13.9;4;1;2020;92;11.4
2020-04-02;9.5;14.4;4;2;2020;93;12.0
2020-04-03;6.9;16.3;4;3;2020;94;11.6
2020-04-04;10.8;22.9;4;4;2020;95;16.8
2020-04-05;12.7;18.5;4;5;2020;96;15.6
2020-04-06;11.5;17.3;4;6;2020;97;14.4
2020-04-07;13.0;19.2;4;7;2020;98;16.1
2020-04-08;12.4;18.0;4;8;2020;99;15.2
2020-04-09;13.8;19.0;4;9;2020;100;16.4
2020-04-10;13.3;16.1;4;10;2020;101;14.7
2020-04-11;12.6;15.9;4;11;2020;102;14.2
2020-04-12;9.3;14.6;4;12;2020;103;12.0
2020-04-13;8.6;17.0;4;13;2020;104;12.8
2020-04-14;12.5;22.1;4;14;2020;105;17.3
2020-04-15;12.3;19.1;4;15;2020;106;15.7
2020-04-16;12.2;17.8;4;16;2020;107;15.0
2020-04-17;12.7;18.6;4;17;2020;108;15.6
2020-04-18;12.4;17.4;4;18;2020;109;14.9
2020-04-19;11.4;16.3;4;19;2020;110;13.8
2020-04-20;10.2;17.6;4;20;2020;111;13.9
2020-04-21;12.7;15.8;4;21;2020;112;14.2
2020-04-22;11.7;14.9;4;22;2020;113;13.3
2020-04-23;9.7;16.6;4;23;2020;114;13.2
2020-04-24;12.7;16.3;4;24;2020;115;14.5
2020-04-25;13.6;15.9;4;25;2020;116;14.8
2020-04-26;13.1;19.2;4;26;2020;117;16.2
2020-04-27;11.6;16.5;4;27;2020;118;14.0
2020-04-28;11.1;17.3;4;28;2020;119;14.2
2020-04-29;12.2;15.2;4;29;2020;120;13.7
2020-04-30;12.3;18.1;4;30;2020;121;15.2
2020-05-01;16.0;19.7;5;1;2020;122;17.8
2020-05-02;15.8;23.2;5;2;2020;123;19.5
2020-05-03;13.1;22.7;5;3;2020;124;17.9
2020-05-04;16.1;24.1;5;4;2020;125;20.1
2020-05-05;14.7;22.6;5;5;2020;126;18.6
2020-05-06;14.6;22.3;5;6;2020;127;18.4
2020-05-07;14.1;17.5;5;7;2020;128;15.8
2020-05-08;13.6;18.3;5;8;2020;129;16.0
2020-05-09;14.4;21.0;5;9;2020;130;17.7
2020-05-10;13.6;17.8;5;10;2020;131;15.7
2020-05-11;11.8;18.4;5;11;2020;132;15.1
2020-05-12;13.1;17.8;5;12;2020;133;15.4
2020-05-13;12.1;19.9;5;13;2020;134;16.0
2020-05-14;12.7;15.7;5;14;2020;135;14.2
2020-05-15;12.6;16.5;5;15;2020;136;14.6
2020-05-16;11.7;19.7;5;16;2020;137;15.7
2020-05-17;10.7;22.1;5;17;2020;138;16.4
2020-05-18;12.7;21.6;5;18;2020;139;17.2
2020-05-19;11.3;23.2;5;19;2020;140;17.2
2020-05-20;13.7;17.9;5;20;2020;141;15.8
2020-05-21;13.0;21.6;5;21;2020;142;17.3
2020-05-22;15.1;19.2;5;22;2020;143;17.2
2020-05-23;14.3;17.4;5;23;2020;144;15.8
2020-05-24;14.6;22.9;5;24;2020;145;18.8
2020-05-25;14.3;20.5;5;25;2020;146;17.4
2020-05-26;16.0;25.9;5;26;2020;147;21.0
2020-05-27;16.7;29.0;5;27;2020;148;22.8
2020-05-28;18.8;29.7;5;28;2020;149;24.2
2020-05-29;17.1;22.6;5;29;2020;150;19.8
2020-05-30;15.5;20.5;5;30;2020;151;18.0
2020-05-31;15.0;20.3;5;31;2020;152;17.6
2020-06-01;15.8;22.8;6;1;2020;153;19.3
2020-06-02;16.3;23.6;6;2;2020;154;20.0
2020-06-03;15.9;19.7;6;3;2020;155;17.8
2020-06-04;14.2;18.9;6;4;2020;156;16.6
2020-06-05;14.5;20.0;6;5;2020;157;17.2
2020-06-06;14.3;20.0;6;6;2020;158;17.2
2020-06-07;14.0;17.1;6;7;2020;159;15.6
2020-06-08;13.9;18.5;6;8;2020;160;16.2
2020-06-09;13.7;18.8;6;9;2020;161;16.2
2020-06-10;12.5;18.7;6;10;2020;162;15.6
2020-06-11;13.5;17.6;6;11;2020;163;15.6
2020-06-12;13.5;18.8;6;12;2020;164;16.2
2020-06-13;13.4;19.0;6;13;2020;165;16.2
2020-06-14;14.3;19.0;6;14;2020;166;16.6
2020-06-15;15.1;19.2;6;15;2020;167;17.2
2020-06-16;14.7;19.5;6;16;2020;168;17.1
2020-06-17;14.0;18.8;6;17;2020;169;16.4
2020-06-18;12.4;20.3;6;18;2020;170;16.4
2020-06-19;13.9;21.4;6;19;2020;171;17.6
2020-06-20;15.4;23.9;6;20;2020;172;19.6
2020-06-21;16.5;21.8;6;21;2020;173;19.2
2020-06-22;14.6;22.4;6;22;2020;174;18.5
2020-06-23;16.4;21.7;6;23;2020;175;19.0
2020-06-24;16.8;20.2;6;24;2020;176;18.5
2020-06-25;16.4;19.6;6;25;2020;177;18.0
2020-06-26;16.6;22.1;6;26;2020;178;19.4
2020-06-27;17.1;21.5;6;27;2020;179;19.3
2020-06-28;16.4;21.3;6;28;2020;180;18.8
2020-06-29;15.7;19.5;6;29;2020;181;17.6
2020-06-30;16.0;22.9;6;30;2020;182;19.4
2020-07-01;16.3;20.4;7;1;2020;183;18.4
2020-07-02;15.4;19.8;7;2;2020;184;17.6
2020-07-03;13.2;20.2;7;3;2020;185;16.7
2020-07-04;14.4;23.2;7;4;2020;186;18.8
2020-07-05;17.1;19.9;7;5;2020;187;18.5
2020-07-06;16.1;21.3;7;6;2020;188;18.7
2020-07-07;16.6;25.4;7;7;2020;189;21.0
2020-07-08;16.2;23.2;7;8;2020;190;19.7
2020-07-09;15.6;20.7;7;9;2020;191;18.2
2020-07-10;15.4;19.8;7;10;2020;192;17.6
2020-07-11;16.2;25.1;7;11;2020;193;20.6
2020-07-12;17.8;26.5;7;12;2020;194;22.2
2020-07-13;15.5;20.6;7;13;2020;195;18.0
2020-07-14;15.1;20.6;7;14;2020;196;17.8
2020-07-15;16.0;21.2;7;15;2020;197;18.6
2020-07-16;15.5;23.2;7;16;2020;198;19.4
2020-07-17;16.7;24.2;7;17;2020;199;20.4
2020-07-18;17.0;30.3;7;18;2020;200;23.6
2020-07-19;16.3;20.0;7;19;2020;201;18.2
2020-07-20;16.1;19.2;7;20;2020;202;17.6
2020-07-21;16.5;23.2;7;21;2020;203;19.8
2020-07-22;15.8;23.4;7;22;2020;204;19.6
2020-07-23;16.0;22.4;7;23;2020;205;19.2
2020-07-24;15.5;21.9;7;24;2020;206;18.7
2020-07-25;17.7;24.3;7;25;2020;207;21.0
2020-07-26;17.3;21.7;7;26;2020;208;19.5
2020-07-27;17.0;25.7;7;27;2020;209;21.4
2020-07-28;17.5;20.2;7;28;2020;210;18.8
2020-07-29;17.5;25.1;7;29;2020;211;21.3
2020-07-30;18.0;26.1;7;30;2020;212;22.0
2020-07-31;16.7;25.9;7;31;2020;213;21.3
2020-08-01;16.7;22.5;8;1;2020;214;19.6
2020-08-02;16.6;21.2;8;2;2020;215;18.9
2020-08-03;16.3;22.9;8;3;2020;216;19.6
2020-08-04;17.5;23.2;8;4;2020;217;20.4
2020-08-05;16.3;24.2;8;5;2020;218;20.2
2020-08-06;17.6;24.3;8;6;2020;219;21.0
2020-08-07;18.9;24.4;8;7;2020;220;21.6
2020-08-08;18.0;22.9;8;8;2020;221;20.4
2020-08-09;18.1;23.2;8;9;2020;222;20.6
2020-08-10;18.4;23.0;8;10;2020;223;20.7
2020-08-11;18.2;20.4;8;11;2020;224;19.3
2020-08-12;16.6;21.2;8;12;2020;225;18.9
2020-08-13;17.5;22.9;8;13;2020;226;20.2
2020-08-14;16.0;22.4;8;14;2020;227;19.2
2020-08-15;16.5;22.1;8;15;2020;228;19.3
2020-08-16;17.8;23.6;8;16;2020;229;20.7
2020-08-17;19.3;23.3;8;17;2020;230;21.3
2020-08-18;19.6;26.1;8;18;2020;231;22.8
2020-08-19;17.5;25.7;8;19;2020;232;21.6
2020-08-20;16.4;24.8;8;20;2020;233;20.6
2020-08-21;18.0;24.3;8;21;2020;234;21.2
2020-08-22;16.8;23.5;8;22;2020;235;20.2
2020-08-23;16.8;22.5;8;23;2020;236;19.6
2020-08-24;15.5;24.0;8;24;2020;237;19.8
2020-08-25;17.8;25.5;8;25;2020;238;21.6
2020-08-26;19.6;24.7;8;26;2020;239;22.2
2020-08-27;18.3;26.2;8;27;2020;240;22.2
2020-08-28;16.8;21.0;8;28;2020;241;18.9
2020-08-29;15.7;19.8;8;29;2020;242;17.8
2020-08-30;15.0;20.3;8;30;2020;243;17.6
2020-08-31;12.9;21.3;8;31;2020;244;17.1
2020-09-01;15.9;21.9;9;1;2020;245;18.9
2020-09-02;15.6;21.6;9;2;2020;246;18.6
2020-09-03;14.9;24.4;9;3;2020;247;19.6
2020-09-04;17.6;26.4;9;4;2020;248;22.0
2020-09-05;17.5;21.2;9;5;2020;249;19.4
2020-09-06;17.0;21.7;9;6;2020;250;19.4
2020-09-07;16.5;23.2;9;7;2020;251;19.8
2020-09-08;15.9;25.2;9;8;2020;252;20.6
2020-09-09;16.5;25.0;9;9;2020;253;20.8
2020-09-10;16.5;25.5;9;10;2020;254;21.0
2020-09-11;16.3;25.5;9;11;2020;255;20.9
2020-09-12;16.8;26.9;9;12;2020;256;21.8
2020-09-13;18.9;35.4;9;13;2020;257;27.2
2020-09-14;19.5;25.1;9;14;2020;258;22.3
2020-09-15;18.7;26.7;9;15;2020;259;22.7
2020-09-16;17.7;23.3;9;16;2020;260;20.5
2020-09-17;16.2;24.1;9;17;2020;261;20.2
2020-09-18;17.3;24.5;9;18;2020;262;20.9
2020-09-19;17.3;22.5;9;19;2020;263;19.9
2020-09-20;16.0;21.7;9;20;2020;264;18.8
2020-09-21;17.0;22.6;9;21;2020;265;19.8
2020-09-22;15.8;23.2;9;22;2020;266;19.5
2020-09-23;15.0;22.0;9;23;2020;267;18.5
2020-09-24;14.0;19.9;9;24;2020;268;17.0
2020-09-25;13.3;18.4;9;25;2020;269;15.8
2020-09-26;14.6;17.2;9;26;2020;270;15.9
2020-09-27;12.9;17.9;9;27;2020;271;15.4
2020-09-28;11.1;18.1;9;28;2020;272;14.6
2020-09-29;11.7;19.2;9;29;2020;273;15.4
2020-09-30;13.9;20.3;9;30;2020;274;17.1
2020-10-01;14.3;19.2;10;1;2020;275;16.8
2020-10-02;11.2;16.1;10;2;2020;276;13.6
2020-10-03;13.5;17.4;10;3;2020;277;15.4
2020-10-04;13.6;17.6;10;4;2020;278;15.6
2020-10-05;14.0;19.8;10;5;2020;279;16.9
2020-10-06;17.1;20.0;10;6;2020;280;18.6
2020-10-07;15.3;20.7;10;7;2020;281;18.0
2020-10-08;12.9;20.4;10;8;2020;282;16.6
2020-10-09;13.6;20.8;10;9;2020;283;17.2
2020-10-10;13.9;17.9;10;10;2020;284;15.9
2020-10-11;12.9;17.5;10;11;2020;285;15.2
2020-10-12;12.4;17.1;10;12;2020;286;14.8
2020-10-13;12.5;16.2;10;13;2020;287;14.4
2020-10-14;12.8;16.5;10;14;2020;288;14.6
2020-10-15;11.0;17.0;10;15;2020;289;14.0
2020-10-16;8.8;18.5;10;16;2020;290;13.6
2020-10-17;12.0;19.2;10;17;2020;291;15.6
2020-10-18;13.4;22.9;10;18;2020;292;18.2
2020-10-19;15.6;20.5;10;19;2020;293;18.0
2020-10-20;15.0;19.9;10;20;2020;294;17.4
2020-10-21;13.3;17.3;10;21;2020;295;15.3
2020-10-22;13.3;18.5;10;22;2020;296;15.9
2020-10-23;12.8;18.1;10;23;2020;297;15.4
2020-10-24;14.9;19.7;10;24;2020;298;17.3
2020-10-25;10.0;16.5;10;25;2020;299;13.2
2020-10-26;9.6;15.8;10;26;2020;300;12.7
2020-10-27;13.1;18.2;10;27;2020;301;15.6
2020-10-28;13.4;18.5;10;28;2020;302;16.0
2020-10-29;13.5;18.6;10;29;2020;303;16.0
2020-10-30;11.6;21.7;10;30;2020;304;16.6
2020-10-31;16.7;21.4;10;31;2020;305;19.0
2020-11-01;19.2;22.2;11;1;2020;306;20.7
2020-11-02;13.0;20.4;11;2;2020;307;16.7
2020-11-03;10.2;14.7;11;3;2020;308;12.4
2020-11-04;8.9;13.5;11;4;2020;309;11.2
2020-11-05;12.6;15.5;11;5;2020;310;14.0
2020-11-06;13.7;19.1;11;6;2020;311;16.4
2020-11-07;13.0;18.4;11;7;2020;312;15.7
2020-11-08;13.9;19.7;11;8;2020;313;16.8
2020-11-09;13.2;16.5;11;9;2020;314;14.8
2020-11-10;12.4;18.2;11;10;2020;315;15.3
2020-11-11;11.5;17.2;11;11;2020;316;14.4
2020-11-12;12.4;21.3;11;12;2020;317;16.8
2020-11-13;13.1;20.6;11;13;2020;318;16.8
2020-11-14;15.4;19.0;11;14;2020;319;17.2
2020-11-15;13.2;18.9;11;15;2020;320;16.0
2020-11-16;10.6;17.0;11;16;2020;321;13.8
2020-11-17;9.6;21.6;11;17;2020;322;15.6
2020-11-18;13.1;22.0;11;18;2020;323;17.6
2020-11-19;12.3;15.9;11;19;2020;324;14.1
2020-11-20;10.2;17.1;11;20;2020;325;13.6
2020-11-21;9.6;19.0;11;21;2020;326;14.3
2020-11-22;9.5;17.8;11;22;2020;327;13.6
2020-11-23;7.8;17.3;11;23;2020;328;12.6
2020-11-24;10.1;15.6;11;24;2020;329;12.8
2020-11-25;10.5;12.5;11;25;2020;330;11.5
2020-11-26;11.1;15.2;11;26;2020;331;13.2
2020-11-27;9.9;16.3;11;27;2020;332;13.1
2020-11-28;9.8;18.4;11;28;2020;333;14.1
2020-11-29;11.3;14.7;11;29;2020;334;13.0
2020-11-30;10.3;17.3;11;30;2020;335;13.8
2020-12-01;8.4;15.0;12;1;2020;336;11.7
2020-12-02;10.1;13.8;12;2;2020;337;12.0
2020-12-03;8.5;12.8;12;3;2020;338;10.6
2020-12-04;5.9;9.9;12;4;2020;339;7.9
2020-12-05;8.1;11.0;12;5;2020;340;9.6
2020-12-06;9.3;12.8;12;6;2020;341;11.0
2020-12-07;8.2;13.0;12;7;2020;342;10.6
2020-12-08;8.6;12.3;12;8;2020;343;10.4
2020-12-09;7.0;15.0;12;9;2020;344;11.0
2020-12-10;13.5;15.9;12;10;2020;345;14.7
2020-12-11;12.3;15.7;12;11;2020;346;14.0
2020-12-12;11.8;15.2;12;12;2020;347;13.5
2020-12-13;13.5;17.9;12;13;2020;348;15.7
2020-12-14;9.5;13.7;12;14;2020;349;11.6
2020-12-15;8.6;13.6;12;15;2020;350;11.1
2020-12-16;10.3;14.4;12;16;2020;351;12.4
2020-12-17;9.3;13.9;12;17;2020;352;11.6
2020-12-18;12.9;15.0;12;18;2020;353;14.0
2020-12-19;11.4;15.3;12;19;2020;354;13.4
2020-12-20;11.1;16.4;12;20;2020;355;13.8
2020-12-21;15.9;18.6;12;21;2020;356;17.2
2020-12-22;13.7;17.1;12;22;2020;357;15.4
2020-12-23;9.6;14.3;12;23;2020;358;12.0
2020-12-24;7.1;11.3;12;24;2020;359;9.2
2020-12-25;6.6;11.1;12;25;2020;360;8.8
2020-12-26;4.9;11.3;12;26;2020;361;8.1
2020-12-27;7.5;13.8;12;27;2020;362;10.6
2020-12-28;8.2;11.5;12;28;2020;363;9.8
2020-12-29;6.8;10.2;12;29;2020;364;8.5
2020-12-30;8.4;11.7;12;30;2020;365;10.0
2020-12-31;8.0;11.9;12;31;2020;366;10.0
2021-01-01;6.0;9.8;1;1;2021;1;7.9
2021-01-02;5.9;10.4;1;2;2021;2;8.2
2021-01-03;6.6;10.0;1;3;2021;3;8.3
2021-01-04;3.8;7.8;1;4;2021;4;5.8
2021-01-05;2.8;10.2;1;5;2021;5;6.5
2021-01-06;2.3;9.7;1;6;2021;6;6.0
2021-01-07;2.9;9.4;1;7;2021;7;6.2
2021-01-08;2.9;9.6;1;8;2021;8;6.2
2021-01-09;4.4;8.6;1;9;2021;9;6.5
2021-01-10;6.8;10.4;1;10;2021;10;8.6
2021-01-11;6.5;11.2;1;11;2021;11;8.8
2021-01-12;3.3;11.3;1;12;2021;12;7.3
2021-01-13;3.9;11.6;1;13;2021;13;7.8
2021-01-14;8.6;11.8;1;14;2021;14;10.2
2021-01-15;5.4;13.3;1;15;2021;15;9.4
2021-01-16;3.0;13.1;1;16;2021;16;8.0
2021-01-17;10.3;14.2;1;17;2021;17;12.2
2021-01-18;9.4;14.8;1;18;2021;18;12.1
2021-01-19;8.3;13.0;1;19;2021;19;10.6
2021-01-20;10.2;13.4;1;20;2021;20;11.8
2021-01-21;11.0;15.3;1;21;2021;21;13.2
2021-01-22;9.1;12.8;1;22;2021;22;11.0
2021-01-23;9.9;14.6;1;23;2021;23;12.2
2021-01-24;9.6;13.7;1;24;2021;24;11.6
2021-01-25;10.6;13.7;1;25;2021;25;12.2
2021-01-26;12.5;17.2;1;26;2021;26;14.8
2021-01-27;13.1;17.4;1;27;2021;27;15.2
2021-01-28;14.3;16.9;1;28;2021;28;15.6
2021-01-29;13.6;17.5;1;29;2021;29;15.6
2021-01-30;10.5;13.9;1;30;2021;30;12.2
2021-01-31;11.6;17.3;1;31;2021;31;14.4
2021-02-01;13.7;15.7;2;1;2021;32;14.7
2021-02-02;13.9;15.5;2;2;2021;33;14.7
2021-02-03;10.9;15.3;2;3;2021;34;13.1
2021-02-04;8.5;16.1;2;4;2021;35;12.3
2021-02-05;8.8;11.8;2;5;2021;36;10.3
2021-02-06;7.6;11.1;2;6;2021;37;9.4
2021-02-07;6.7;11.8;2;7;2021;38;9.2
2021-02-08;9.6;12.6;2;8;2021;39;11.1
2021-02-09;8.3;12.3;2;9;2021;40;10.3
2021-02-10;8.5;13.9;2;10;2021;41;11.2
2021-02-11;11.0;15.9;2;11;2021;42;13.4
2021-02-12;11.4;17.0;2;12;2021;43;14.2
2021-02-13;12.1;16.6;2;13;2021;44;14.4
2021-02-14;13.6;19.0;2;14;2021;45;16.3
2021-02-15;14.9;22.3;2;15;2021;46;18.6
2021-02-16;10.9;16.7;2;16;2021;47;13.8
2021-02-17;9.7;16.9;2;17;2021;48;13.3
2021-02-18;9.8;13.9;2;18;2021;49;11.8
2021-02-19;10.9;16.0;2;19;2021;50;13.4
2021-02-20;10.6;16.1;2;20;2021;51;13.4
2021-02-21;8.2;13.1;2;21;2021;52;10.6
2021-02-22;6.7;16.0;2;22;2021;53;11.4
2021-02-23;12.4;16.7;2;23;2021;54;14.6
2021-02-24;10.1;20.0;2;24;2021;55;15.0
2021-02-25;9.8;11.5;2;25;2021;56;10.6
2021-02-26;10.4;16.7;2;26;2021;57;13.6
2021-02-27;9.6;16.3;2;27;2021;58;13.0
2021-02-28;7.6;14.9;2;28;2021;59;11.2
2021-03-01;6.5;14.7;3;1;2021;60;10.6
2021-03-02;9.9;14.4;3;2;2021;61;12.2
2021-03-03;7.8;17.8;3;3;2021;62;12.8
2021-03-04;11.5;17.2;3;4;2021;63;14.4
2021-03-05;10.4;16.4;3;5;2021;64;13.4
2021-03-06;8.9;14.2;3;6;2021;65;11.6
2021-03-07;8.3;11.9;3;7;2021;66;10.1
2021-03-08;8.3;11.9;3;8;2021;67;10.1
2021-03-09;7.9;12.4;3;9;2021;68;10.2
2021-03-10;7.2;16.2;3;10;2021;69;11.7
2021-03-11;10.2;15.2;3;11;2021;70;12.7
2021-03-12;8.6;15.1;3;12;2021;71;11.8
2021-03-13;9.9;15.4;3;13;2021;72;12.6
2021-03-14;9.7;14.6;3;14;2021;73;12.2
2021-03-15;6.5;14.9;3;15;2021;74;10.7
2021-03-16;9.3;18.9;3;16;2021;75;14.1
2021-03-17;11.8;17.1;3;17;2021;76;14.4
2021-03-18;9.4;14.0;3;18;2021;77;11.7
2021-03-19;9.1;12.9;3;19;2021;78;11.0
2021-03-20;8.2;12.7;3;20;2021;79;10.4
2021-03-21;7.1;15.0;3;21;2021;80;11.0
2021-03-22;7.1;16.9;3;22;2021;81;12.0
2021-03-23;8.9;15.5;3;23;2021;82;12.2
2021-03-24;10.5;16.1;3;24;2021;83;13.3
2021-03-25;7.5;15.2;3;25;2021;84;11.4
2021-03-26;8.9;16.0;3;26;2021;85;12.4
2021-03-27;5.9;15.0;3;27;2021;86;10.4
2021-03-28;7.8;19.2;3;28;2021;87;13.5
2021-03-29;11.2;25.4;3;29;2021;88;18.3
2021-03-30;13.5;20.6;3;30;2021;89;17.0
2021-03-31;14.7;27.5;3;31;2021;90;21.1
2021-04-01;14.8;23.4;4;1;2021;91;19.1
2021-04-02;13.1;17.4;4;2;2021;92;15.2
2021-04-03;10.0;17.6;4;3;2021;93;13.8
2021-04-04;8.2;19.2;4;4;2021;94;13.7
2021-04-05;8.1;16.6;4;5;2021;95;12.4
2021-04-06;9.3;14.1;4;6;2021;96;11.7
2021-04-07;8.5;16.6;4;7;2021;97;12.6
2021-04-08;9.8;17.4;4;8;2021;98;13.6
2021-04-09;11.6;19.2;4;9;2021;99;15.4
2021-04-10;10.3;17.0;4;10;2021;100;13.6
2021-04-11;8.7;13.1;4;11;2021;101;10.9
2021-04-12;7.0;20.1;4;12;2021;102;13.6
2021-04-13;11.7;19.2;4;13;2021;103;15.4
2021-04-14;10.3;18.8;4;14;2021;104;14.6
2021-04-15;9.5;18.3;4;15;2021;105;13.9
2021-04-16;8.9;16.8;4;16;2021;106;12.8
2021-04-17;6.2;17.7;4;17;2021;107;12.0
2021-04-18;7.0;20.1;4;18;2021;108;13.6
2021-04-19;12.5;17.4;4;19;2021;109;15.0
2021-04-20;11.6;17.0;4;20;2021;110;14.3
2021-04-21;10.7;16.7;4;21;2021;111;13.7
2021-04-22;12.0;19.2;4;22;2021;112;15.6
2021-04-23;12.7;19.9;4;23;2021;113;16.3
2021-04-24;14.1;21.4;4;24;2021;114;17.8
2021-04-25;13.3;16.6;4;25;2021;115;15.0
2021-04-26;12.6;17.8;4;26;2021;116;15.2
2021-04-27;11.9;14.8;4;27;2021;117;13.4
2021-04-28;10.7;15.1;4;28;2021;118;12.9
2021-04-29;8.3;14.5;4;29;2021;119;11.4
2021-04-30;8.2;14.8;4;30;2021;120;11.5
2021-05-01;7.9;14.4;5;1;2021;121;11.2
2021-05-02;6.5;14.8;5;2;2021;122;10.6
2021-05-03;8.3;16.5;5;3;2021;123;12.4
2021-05-04;8.8;18.3;5;4;2021;124;13.6
2021-05-05;13.4;17.6;5;5;2021;125;15.5
2021-05-06;15.0;21.5;5;6;2021;126;18.2
2021-05-07;14.6;22.0;5;7;2021;127;18.3
2021-05-08;14.0;22.6;5;8;2021;128;18.3
2021-05-09;11.2;17.0;5;9;2021;129;14.1
2021-05-10;9.5;15.2;5;10;2021;130;12.4
2021-05-11;8.9;16.3;5;11;2021;131;12.6
2021-05-12;11.7;16.6;5;12;2021;132;14.2
2021-05-13;11.3;15.9;5;13;2021;133;13.6
2021-05-14;9.5;17.2;5;14;2021;134;13.4
2021-05-15;13.4;17.8;5;15;2021;135;15.6
2021-05-16;12.7;17.8;5;16;2021;136;15.2
2021-05-17;11.9;17.3;5;17;2021;137;14.6
2021-05-18;12.4;16.5;5;18;2021;138;14.4
2021-05-19;11.8;16.6;5;19;2021;139;14.2
2021-05-20;10.9;21.8;5;20;2021;140;16.4
2021-05-21;12.2;17.7;5;21;2021;141;15.0
2021-05-22;10.2;16.6;5;22;2021;142;13.4
2021-05-23;11.3;18.8;5;23;2021;143;15.0
2021-05-24;12.1;17.3;5;24;2021;144;14.7
2021-05-25;11.6;16.3;5;25;2021;145;14.0
2021-05-26;11.5;16.6;5;26;2021;146;14.0
2021-05-27;12.3;19.2;5;27;2021;147;15.8
2021-05-28;14.6;18.9;5;28;2021;148;16.8
2021-05-29;14.3;18.1;5;29;2021;149;16.2
2021-05-30;13.5;18.6;5;30;2021;150;16.0
2021-05-31;13.9;24.0;5;31;2021;151;19.0
2021-06-01;14.5;21.7;6;1;2021;152;18.1
2021-06-02;12.8;16.2;6;2;2021;153;14.5
2021-06-03;12.1;16.5;6;3;2021;154;14.3
2021-06-04;10.3;17.2;6;4;2021;155;13.8
2021-06-05;11.2;19.7;6;5;2021;156;15.4
2021-06-06;13.7;18.0;6;6;2021;157;15.8
2021-06-07;12.4;20.0;6;7;2021;158;16.2
2021-06-08;15.0;19.4;6;8;2021;159;17.2
2021-06-09;14.6;19.8;6;9;2021;160;17.2
2021-06-10;14.7;20.2;6;10;2021;161;17.4
2021-06-11;15.5;19.1;6;11;2021;162;17.3
2021-06-12;16.3;23.7;6;12;2021;163;20.0
2021-06-13;17.3;26.3;6;13;2021;164;21.8
2021-06-14;16.1;23.2;6;14;2021;165;19.6
2021-06-15;16.1;21.9;6;15;2021;166;19.0
2021-06-16;15.9;19.4;6;16;2021;167;17.6
2021-06-17;13.1;15.9;6;17;2021;168;14.5
2021-06-18;12.7;15.6;6;18;2021;169;14.2
2021-06-19;13.2;17.8;6;19;2021;170;15.5
2021-06-20;13.8;17.4;6;20;2021;171;15.6
2021-06-21;14.1;18.8;6;21;2021;172;16.4
2021-06-22;13.7;17.7;6;22;2021;173;15.7
2021-06-23;13.8;17.6;6;23;2021;174;15.7
2021-06-24;13.6;19.2;6;24;2021;175;16.4
2021-06-25;13.5;22.5;6;25;2021;176;18.0
2021-06-26;11.6;18.1;6;26;2021;177;14.8
2021-06-27;11.4;18.7;6;27;2021;178;15.0
2021-06-28;14.7;19.6;6;28;2021;179;17.2
2021-06-29;14.6;18.7;6;29;2021;180;16.6
2021-06-30;15.2;19.2;6;30;2021;181;17.2
2021-07-01;15.4;21.0;7;1;2021;182;18.2
2021-07-02;17.2;22.1;7;2;2021;183;19.6
2021-07-03;17.0;23.6;7;3;2021;184;20.3
2021-07-04;18.1;23.1;7;4;2021;185;20.6
2021-07-05;15.4;22.9;7;5;2021;186;19.2
2021-07-06;14.3;20.4;7;6;2021;187;17.4
2021-07-07;15.4;20.7;7;7;2021;188;18.0
2021-07-08;15.4;19.9;7;8;2021;189;17.6
2021-07-09;13.8;19.7;7;9;2021;190;16.8
2021-07-10;15.3;21.4;7;10;2021;191;18.4
2021-07-11;16.1;20.9;7;11;2021;192;18.5
2021-07-12;15.4;20.2;7;12;2021;193;17.8
2021-07-13;15.4;19.5;7;13;2021;194;17.4
2021-07-14;15.6;18.7;7;14;2021;195;17.2
2021-07-15;16.0;22.5;7;15;2021;196;19.2
2021-07-16;15.9;27.1;7;16;2021;197;21.5
2021-07-17;17.4;30.4;7;17;2021;198;23.9
2021-07-18;16.3;21.8;7;18;2021;199;19.0
2021-07-19;16.0;21.1;7;19;2021;200;18.6
2021-07-20;17.3;22.0;7;20;2021;201;19.6
2021-07-21;16.9;21.3;7;21;2021;202;19.1
2021-07-22;16.4;20.5;7;22;2021;203;18.4
2021-07-23;17.2;22.5;7;23;2021;204;19.8
2021-07-24;16.8;22.7;7;24;2021;205;19.8
2021-07-25;16.1;22.9;7;25;2021;206;19.5
2021-07-26;17.3;21.5;7;26;2021;207;19.4
2021-07-27;17.6;22.7;7;27;2021;208;20.2
2021-07-28;17.1;21.5;7;28;2021;209;19.3
2021-07-29;15.9;21.4;7;29;2021;210;18.6
2021-07-30;16.6;19.9;7;30;2021;211;18.2
2021-07-31;15.5;21.7;7;31;2021;212;18.6
2021-08-01;15.5;20.8;8;1;2021;213;18.2
2021-08-02;15.4;21.5;8;2;2021;214;18.4
2021-08-03;15.4;22.9;8;3;2021;215;19.2
2021-08-04;17.9;22.4;8;4;2021;216;20.2
2021-08-05;17.2;22.8;8;5;2021;217;20.0
2021-08-06;16.8;22.5;8;6;2021;218;19.6
2021-08-07;16.2;22.0;8;7;2021;219;19.1
2021-08-08;14.7;21.4;8;8;2021;220;18.0
2021-08-09;14.6;21.3;8;9;2021;221;18.0
2021-08-10;15.3;22.5;8;10;2021;222;18.9
2021-08-11;15.7;23.3;8;11;2021;223;19.5
2021-08-12;18.4;24.1;8;12;2021;224;21.2
2021-08-13;17.1;24.4;8;13;2021;225;20.8
2021-08-14;17.9;23.2;8;14;2021;226;20.6
2021-08-15;17.4;22.4;8;15;2021;227;19.9
2021-08-16;16.6;20.3;8;16;2021;228;18.4
2021-08-17;16.8;21.5;8;17;2021;229;19.2
2021-08-18;16.4;21.3;8;18;2021;230;18.8
2021-08-19;15.8;20.1;8;19;2021;231;18.0
2021-08-20;14.6;23.0;8;20;2021;232;18.8
2021-08-21;18.7;24.7;8;21;2021;233;21.7
2021-08-22;16.6;22.3;8;22;2021;234;19.4
2021-08-23;18.3;26.9;8;23;2021;235;22.6
2021-08-24;17.7;27.4;8;24;2021;236;22.6
2021-08-25;17.5;28.1;8;25;2021;237;22.8
2021-08-26;16.8;23.1;8;26;2021;238;20.0
2021-08-27;16.4;25.1;8;27;2021;239;20.8
2021-08-28;16.5;23.6;8;28;2021;240;20.0
2021-08-29;17.1;23.7;8;29;2021;241;20.4
2021-08-30;17.3;24.7;8;30;2021;242;21.0
2021-08-31;16.4;26.0;8;31;2021;243;21.2
2021-09-01;18.2;25.1;9;1;2021;244;21.6
2021-09-02;17.3;22.6;9;2;2021;245;20.0
2021-09-03;16.0;22.1;9;3;2021;246;19.0
2021-09-04;14.7;22.2;9;4;2021;247;18.4
2021-09-05;16.2;27.7;9;5;2021;248;22.0
2021-09-06;18.6;33.6;9;6;2021;249;26.1
2021-09-07;18.0;26.8;9;7;2021;250;22.4
2021-09-08;19.4;23.6;9;8;2021;251;21.5
2021-09-09;18.3;23.2;9;9;2021;252;20.8
2021-09-10;18.1;22.2;9;10;2021;253;20.2
2021-09-11;16.4;23.1;9;11;2021;254;19.8
2021-09-12;17.6;28.0;9;12;2021;255;22.8
2021-09-13;17.4;23.4;9;13;2021;256;20.4
2021-09-14;17.7;24.3;9;14;2021;257;21.0
2021-09-15;17.4;20.9;9;15;2021;258;19.2
2021-09-16;16.2;21.0;9;16;2021;259;18.6
2021-09-17;14.9;20.9;9;17;2021;260;17.9
2021-09-18;15.5;20.3;9;18;2021;261;17.9
2021-09-19;14.3;21.9;9;19;2021;262;18.1
2021-09-20;14.3;19.2;9;20;2021;263;16.8
2021-09-21;14.6;21.4;9;21;2021;264;18.0
2021-09-22;16.3;21.7;9;22;2021;265;19.0
2021-09-23;16.5;23.1;9;23;2021;266;19.8
2021-09-24;16.9;22.1;9;24;2021;267;19.5
2021-09-25;16.2;21.9;9;25;2021;268;19.0
2021-09-26;17.1;21.5;9;26;2021;269;19.3
2021-09-27;14.8;20.4;9;27;2021;270;17.6
2021-09-28;13.3;20.4;9;28;2021;271;16.8
2021-09-29;14.6;20.0;9;29;2021;272;17.3
2021-09-30;12.1;18.5;9;30;2021;273;15.3
2021-10-01;14.9;21.0;10;1;2021;274;18.0
2021-10-02;13.7;21.6;10;2;2021;275;17.6
2021-10-03;12.9;18.8;10;3;2021;276;15.8
2021-10-04;14.4;20.0;10;4;2021;277;17.2
2021-10-05;15.5;20.1;10;5;2021;278;17.8
2021-10-06;13.1;19.9;10;6;2021;279;16.5
2021-10-07;14.8;23.0;10;7;2021;280;18.9
2021-10-08;12.2;18.5;10;8;2021;281;15.4
2021-10-09;13.0;20.8;10;9;2021;282;16.9
2021-10-10;15.1;20.9;10;10;2021;283;18.0
2021-10-11;12.8;22.8;10;11;2021;284;17.8
2021-10-12;11.6;23.6;10;12;2021;285;17.6
2021-10-13;12.6;22.3;10;13;2021;286;17.4
2021-10-14;13.0;22.7;10;14;2021;287;17.8
2021-10-15;13.7;18.2;10;15;2021;288;16.0
2021-10-16;13.3;17.7;10;16;2021;289;15.5
2021-10-17;17.0;23.1;10;17;2021;290;20.0
2021-10-18;18.2;24.4;10;18;2021;291;21.3
2021-10-19;17.0;26.8;10;19;2021;292;21.9
2021-10-20;15.1;22.5;10;20;2021;293;18.8
2021-10-21;13.4;18.4;10;21;2021;294;15.9
2021-10-22;11.2;17.9;10;22;2021;295;14.6
2021-10-23;9.1;17.7;10;23;2021;296;13.4
2021-10-24;12.1;18.2;10;24;2021;297;15.2
2021-10-25;12.2;19.2;10;25;2021;298;15.7
2021-10-26;10.1;19.2;10;26;2021;299;14.6
2021-10-27;10.8;20.6;10;27;2021;300;15.7
2021-10-28;12.4;18.1;10;28;2021;301;15.2
2021-10-29;12.8;16.5;10;29;2021;302;14.6
2021-10-30;13.5;18.5;10;30;2021;303;16.0
2021-10-31;12.8;19.3;10;31;2021;304;16.0
2021-11-01;12.0;17.2;11;1;2021;305;14.6
2021-11-02;10.3;15.7;11;2;2021;306;13.0
2021-11-03;10.2;14.8;11;3;2021;307;12.5
2021-11-04;8.5;14.6;11;4;2021;308;11.6
2021-11-05;9.2;14.8;11;5;2021;309;12.0
2021-11-06;8.7;15.6;11;6;2021;310;12.2
2021-11-07;8.5;15.9;11;7;2021;311;12.2
2021-11-08;12.1;16.5;11;8;2021;312;14.3
2021-11-09;12.2;18.2;11;9;2021;313;15.2
2021-11-10;9.2;16.2;11;10;2021;314;12.7
2021-11-11;7.8;15.3;11;11;2021;315;11.6
2021-11-12;7.8;16.9;11;12;2021;316;12.4
2021-11-13;9.4;16.6;11;13;2021;317;13.0
2021-11-14;7.6;16.6;11;14;2021;318;12.1
2021-11-15;11.2;15.7;11;15;2021;319;13.4
2021-11-16;11.3;16.0;11;16;2021;320;13.6
2021-11-17;11.3;16.9;11;17;2021;321;14.1
2021-11-18;10.1;17.2;11;18;2021;322;13.6
2021-11-19;8.2;16.9;11;19;2021;323;12.6
2021-11-20;10.3;17.9;11;20;2021;324;14.1
2021-11-21;9.0;14.7;11;21;2021;325;11.8
2021-11-22;7.7;11.7;11;22;2021;326;9.7
2021-11-23;10.2;12.8;11;23;2021;327;11.5
2021-11-24;10.5;12.9;11;24;2021;328;11.7
2021-11-25;8.7;13.0;11;25;2021;329;10.8
2021-11-26;9.2;12.1;11;26;2021;330;10.6
2021-11-27;8.3;12.0;11;27;2021;331;10.2
2021-11-28;8.5;12.5;11;28;2021;332;10.5
2021-11-29;10.8;13.6;11;29;2021;333;12.2
2021-11-30;10.5;14.9;11;30;2021;334;12.7
2021-12-01;9.4;13.9;12;1;2021;335;11.6
2021-12-02;9.4;12.7;12;2;2021;336;11.0
2021-12-03;10.6;14.5;12;3;2021;337;12.6
2021-12-04;11.4;15.3;12;4;2021;338;13.4
2021-12-05;11.0;14.0;12;5;2021;339;12.5
2021-12-06;11.4;15.0;12;6;2021;340;13.2
2021-12-07;8.4;16.3;12;7;2021;341;12.4
2021-12-08;6.8;11.8;12;8;2021;342;9.3
2021-12-09;11.0;14.7;12;9;2021;343;12.8
2021-12-10;11.8;15.0;12;10;2021;344;13.4
2021-12-11;11.7;16.0;12;11;2021;345;13.8
2021-12-12;10.5;14.9;12;12;2021;346;12.7
2021-12-13;10.7;18.9;12;13;2021;347;14.8
2021-12-14;9.4;17.7;12;14;2021;348;13.6
2021-12-15;7.2;14.9;12;15;2021;349;11.0
2021-12-16;7.2;16.8;12;16;2021;350;12.0
2021-12-17;7.6;16.1;12;17;2021;351;11.8
2021-12-18;6.7;15.7;12;18;2021;352;11.2
2021-12-19;6.3;15.6;12;19;2021;353;11.0
2021-12-20;11.7;17.3;12;20;2021;354;14.5
2021-12-21;13.3;19.0;12;21;2021;355;16.2
2021-12-22;14.8;17.8;12;22;2021;356;16.3
2021-12-23;13.1;17.6;12;23;2021;357;15.4
2021-12-24;11.6;15.4;12;24;2021;358;13.5
2021-12-25;12.1;17.2;12;25;2021;359;14.6
2021-12-26;11.7;17.0;12;26;2021;360;14.4
2021-12-27;14.5;17.0;12;27;2021;361;15.8
2021-12-28;16.1;18.8;12;28;2021;362;17.4
2021-12-29;15.8;18.6;12;29;2021;363;17.2
2021-12-30;13.8;19.4;12;30;2021;364;16.6
2021-12-31;14.1;21.5;12;31;2021;365;17.8
2022-01-01;15.7;23.1;1;1;2022;1;19.4
2022-01-02;13.8;17.8;1;2;2022;2;15.8
2022-01-03;13.2;17.7;1;3;2022;3;15.4
2022-01-04;9.1;16.2;1;4;2022;4;12.6
2022-01-05;9.5;13.7;1;5;2022;5;11.6
2022-01-06;11.1;13.4;1;6;2022;6;12.2
2022-01-07;9.8;13.6;1;7;2022;7;11.7
2022-01-08;9.8;13.2;1;8;2022;8;11.5
2022-01-09;12.8;14.6;1;9;2022;9;13.7
2022-01-10;12.4;14.0;1;10;2022;10;13.2
2022-01-11;12.0;14.7;1;11;2022;11;13.4
2022-01-12;8.7;14.3;1;12;2022;12;11.5
2022-01-13;5.2;13.1;1;13;2022;13;9.2
2022-01-14;6.1;15.1;1;14;2022;14;10.6
2022-01-15;5.4;14.6;1;15;2022;15;10.0
2022-01-16;9.7;15.1;1;16;2022;16;12.4
2022-01-17;7.7;14.6;1;17;2022;17;11.2
2022-01-18;7.1;14.2;1;18;2022;18;10.6
2022-01-19;5.0;13.1;1;19;2022;19;9.0
2022-01-20;5.9;13.8;1;20;2022;20;9.8
2022-01-21;8.0;12.8;1;21;2022;21;10.4
2022-01-22;6.3;12.9;1;22;2022;22;9.6
2022-01-23;4.1;14.1;1;23;2022;23;9.1
2022-01-24;5.8;13.8;1;24;2022;24;9.8
2022-01-25;4.2;12.9;1;25;2022;25;8.6
2022-01-26;3.8;13.4;1;26;2022;26;8.6
2022-01-27;5.6;14.7;1;27;2022;27;10.2
2022-01-28;5.8;14.1;1;28;2022;28;10.0
2022-01-29;4.4;15.1;1;29;2022;29;9.8
2022-01-30;6.7;17.1;1;30;2022;30;11.9
2022-01-31;5.3;12.9;1;31;2022;31;9.1
2022-02-01;8.3;13.7;2;1;2022;32;11.0
2022-02-02;7.2;19.4;2;2;2022;33;13.3
2022-02-03;10.2;14.9;2;3;2022;34;12.6
2022-02-04;9.6;14.4;2;4;2022;35;12.0
2022-02-05;8.2;12.9;2;5;2022;36;10.6
2022-02-06;5.7;14.5;2;6;2022;37;10.1
2022-02-07;8.8;14.3;2;7;2022;38;11.6
2022-02-08;6.5;17.2;2;8;2022;39;11.8
2022-02-09;9.4;19.7;2;9;2022;40;14.6
2022-02-10;10.6;13.4;2;10;2022;41;12.0
2022-02-11;9.7;15.9;2;11;2022;42;12.8
2022-02-12;6.7;13.6;2;12;2022;43;10.2
2022-02-13;8.8;14.5;2;13;2022;44;11.6
2022-02-14;9.2;13.8;2;14;2022;45;11.5
2022-02-15;9.1;14.4;2;15;2022;46;11.8
2022-02-16;13.0;16.1;2;16;2022;47;14.6
2022-02-17;13.4;16.4;2;17;2022;48;14.9
2022-02-18;8.5;14.2;2;18;2022;49;11.4
2022-02-19;6.1;13.1;2;19;2022;50;9.6
2022-02-20;10.5;15.2;2;20;2022;51;12.8
2022-02-21;9.1;14.9;2;21;2022;52;12.0
2022-02-22;5.7;13.8;2;22;2022;53;9.8
2022-02-23;6.3;13.9;2;23;2022;54;10.1
2022-02-24;8.4;14.6;2;24;2022;55;11.5
2022-02-25;8.8;14.4;2;25;2022;56;11.6
2022-02-26;5.9;17.0;2;26;2022;57;11.4
2022-02-27;9.5;13.3;2;27;2022;58;11.4
2022-02-28;10.5;18.3;2;28;2022;59;14.4
2022-03-01;10.9;15.4;3;1;2022;60;13.2
2022-03-02;11.1;13.5;3;2;2022;61;12.3
2022-03-03;8.9;13.4;3;3;2022;62;11.2
2022-03-04;7.4;12.5;3;4;2022;63;10.0
2022-03-05;5.6;14.0;3;5;2022;64;9.8
2022-03-06;6.9;11.6;3;6;2022;65;9.2
2022-03-07;3.5;15.8;3;7;2022;66;9.6
2022-03-08;9.3;14.8;3;8;2022;67;12.0
2022-03-09;8.8;16.3;3;9;2022;68;12.6
2022-03-10;5.6;16.8;3;10;2022;69;11.2
2022-03-11;8.9;14.2;3;11;2022;70;11.6
2022-03-12;7.8;15.3;3;12;2022;71;11.6
2022-03-13;7.0;13.3;3;13;2022;72;10.2
2022-03-14;7.7;15.5;3;14;2022;73;11.6
2022-03-15;9.5;14.2;3;15;2022;74;11.8
2022-03-16;10.8;12.9;3;16;2022;75;11.8
2022-03-17;9.7;14.7;3;17;2022;76;12.2
2022-03-18;9.2;17.6;3;18;2022;77;13.4
2022-03-19;11.0;21.3;3;19;2022;78;16.2
2022-03-20;14.1;21.7;3;20;2022;79;17.9
2022-03-21;11.6;20.0;3;21;2022;80;15.8
2022-03-22;11.5;18.0;3;22;2022;81;14.8
2022-03-23;11.0;17.0;3;23;2022;82;14.0
2022-03-24;9.1;19.0;3;24;2022;83;14.0
2022-03-25;9.3;16.4;3;25;2022;84;12.8
2022-03-26;12.9;20.2;3;26;2022;85;16.6
2022-03-27;11.8;21.3;3;27;2022;86;16.6
2022-03-28;12.3;18.4;3;28;2022;87;15.4
2022-03-29;11.7;14.2;3;29;2022;88;13.0
2022-03-30;11.5;15.3;3;30;2022;89;13.4
2022-03-31;8.8;14.6;3;31;2022;90;11.7
2022-04-01;7.3;11.9;4;1;2022;91;9.6
2022-04-02;5.3;13.0;4;2;2022;92;9.2
2022-04-03;5.6;13.4;4;3;2022;93;9.5
2022-04-04;7.1;12.0;4;4;2022;94;9.6
2022-04-05;6.7;15.0;4;5;2022;95;10.8
2022-04-06;8.2;16.1;4;6;2022;96;12.2
2022-04-07;12.3;15.5;4;7;2022;97;13.9
2022-04-08;11.6;17.1;4;8;2022;98;14.4
2022-04-09;9.0;17.1;4;9;2022;99;13.0
2022-04-10;11.5;21.5;4;10;2022;100;16.5
2022-04-11;12.9;17.3;4;11;2022;101;15.1
2022-04-12;12.1;19.1;4;12;2022;102;15.6
2022-04-13;12.0;16.9;4;13;2022;103;14.4
2022-04-14;10.5;16.1;4;14;2022;104;13.3
2022-04-15;9.8;17.0;4;15;2022;105;13.4
2022-04-16;10.9;15.6;4;16;2022;106;13.2
2022-04-17;12.4;15.7;4;17;2022;107;14.0
2022-04-18;11.2;13.5;4;18;2022;108;12.4
2022-04-19;9.8;13.8;4;19;2022;109;11.8
2022-04-20;9.1;14.4;4;20;2022;110;11.8
2022-04-21;9.4;16.6;4;21;2022;111;13.0
2022-04-22;8.9;15.2;4;22;2022;112;12.0
2022-04-23;10.2;15.4;4;23;2022;113;12.8
2022-04-24;10.8;17.7;4;24;2022;114;14.2
2022-04-25;9.8;20.6;4;25;2022;115;15.2
2022-04-26;12.6;19.0;4;26;2022;116;15.8
2022-04-27;11.7;18.2;4;27;2022;117;15.0
2022-04-28;11.6;16.6;4;28;2022;118;14.1
2022-04-29;9.8;19.6;4;29;2022;119;14.7
2022-04-30;11.8;20.6;4;30;2022;120;16.2
2022-05-01;12.5;16.1;5;1;2022;121;14.3
2022-05-02;12.3;15.6;5;2;2022;122;14.0
2022-05-03;12.2;16.2;5;3;2022;123;14.2
2022-05-04;12.1;17.9;5;4;2022;124;15.0
2022-05-05;12.5;17.0;5;5;2022;125;14.8
2022-05-06;11.7;19.5;5;6;2022;126;15.6
2022-05-07;11.5;22.8;5;7;2022;127;17.2
2022-05-08;13.2;22.6;5;8;2022;128;17.9
2022-05-09;13.3;22.4;5;9;2022;129;17.8
2022-05-10;13.0;17.9;5;10;2022;130;15.4
2022-05-11;13.3;20.2;5;11;2022;131;16.8
2022-05-12;14.3;17.4;5;12;2022;132;15.8
2022-05-13;13.4;20.4;5;13;2022;133;16.9
2022-05-14;15.1;29.3;5;14;2022;134;22.2
2022-05-15;16.7;20.9;5;15;2022;135;18.8
2022-05-16;15.1;22.5;5;16;2022;136;18.8
2022-05-17;15.1;19.9;5;17;2022;137;17.5
2022-05-18;14.5;19.8;5;18;2022;138;17.2
2022-05-19;13.4;18.5;5;19;2022;139;16.0
2022-05-20;14.4;19.7;5;20;2022;140;17.0
2022-05-21;15.3;22.8;5;21;2022;141;19.0
2022-05-22;14.8;21.3;5;22;2022;142;18.0
2022-05-23;13.6;18.5;5;23;2022;143;16.0
2022-05-24;13.0;17.9;5;24;2022;144;15.4
2022-05-25;12.4;18.3;5;25;2022;145;15.4
2022-05-26;13.0;19.0;5;26;2022;146;16.0
2022-05-27;13.7;23.9;5;27;2022;147;18.8
2022-05-28;14.5;27.5;5;28;2022;148;21.0
2022-05-29;15.7;21.7;5;29;2022;149;18.7
2022-05-30;15.2;20.2;5;30;2022;150;17.7
2022-05-31;15.2;19.9;5;31;2022;151;17.6
2022-06-01;16.2;23.1;6;1;2022;152;19.6
2022-06-02;15.8;20.1;6;2;2022;153;18.0
2022-06-03;15.3;21.0;6;3;2022;154;18.2
2022-06-04;15.0;19.2;6;4;2022;155;17.1
2022-06-05;15.1;20.0;6;5;2022;156;17.6
2022-06-06;15.6;19.7;6;6;2022;157;17.6
2022-06-07;13.8;24.8;6;7;2022;158;19.3
2022-06-08;16.5;20.8;6;8;2022;159;18.6
2022-06-09;16.3;21.2;6;9;2022;160;18.8
2022-06-10;16.3;19.5;6;10;2022;161;17.9
2022-06-11;16.4;18.8;6;11;2022;162;17.6
2022-06-12;16.2;21.3;6;12;2022;163;18.8
2022-06-13;17.3;25.3;6;13;2022;164;21.3
2022-06-14;17.6;24.4;6;14;2022;165;21.0
2022-06-15;17.0;25.6;6;15;2022;166;21.3
2022-06-16;17.6;26.2;6;16;2022;167;21.9
2022-06-17;17.2;23.9;6;17;2022;168;20.6
2022-06-18;16.7;24.1;6;18;2022;169;20.4
2022-06-19;13.4;18.2;6;19;2022;170;15.8
2022-06-20;12.8;17.2;6;20;2022;171;15.0
2022-06-21;13.9;19.5;6;21;2022;172;16.7
2022-06-22;14.9;20.6;6;22;2022;173;17.8
2022-06-23;15.6;19.8;6;23;2022;174;17.7
2022-06-24;14.6;20.3;6;24;2022;175;17.4
2022-06-25;13.5;19.4;6;25;2022;176;16.4
2022-06-26;13.1;19.6;6;26;2022;177;16.4
2022-06-27;12.3;19.1;6;27;2022;178;15.7
2022-06-28;12.1;22.2;6;28;2022;179;17.2
2022-06-29;14.9;20.1;6;29;2022;180;17.5
2022-06-30;14.2;19.9;6;30;2022;181;17.0
2022-07-01;13.0;21.5;7;1;2022;182;17.2
2022-07-02;15.1;20.1;7;2;2022;183;17.6
2022-07-03;16.7;21.2;7;3;2022;184;19.0
2022-07-04;16.5;21.9;7;4;2022;185;19.2
2022-07-05;16.3;22.7;7;5;2022;186;19.5
2022-07-06;16.5;23.8;7;6;2022;187;20.2
2022-07-07;16.5;23.3;7;7;2022;188;19.9
2022-07-08;16.9;25.3;7;8;2022;189;21.1
2022-07-09;18.1;32.5;7;9;2022;190;25.3
2022-07-10;14.4;25.1;7;10;2022;191;19.8
2022-07-11;14.6;21.3;7;11;2022;192;18.0
2022-07-12;15.6;30.5;7;12;2022;193;23.0
2022-07-13;18.5;29.3;7;13;2022;194;23.9
2022-07-14;19.8;32.9;7;14;2022;195;26.4
2022-07-15;19.3;30.2;7;15;2022;196;24.8
2022-07-16;16.2;21.9;7;16;2022;197;19.0
2022-07-17;15.7;24.6;7;17;2022;198;20.2
2022-07-18;16.2;24.6;7;18;2022;199;20.4
2022-07-19;18.0;22.7;7;19;2022;200;20.4
2022-07-20;17.4;21.5;7;20;2022;201;19.4
2022-07-21;17.2;20.3;7;21;2022;202;18.8
2022-07-22;16.4;19.4;7;22;2022;203;17.9
2022-07-23;16.1;22.1;7;23;2022;204;19.1
2022-07-24;16.0;23.1;7;24;2022;205;19.6
2022-07-25;17.3;23.3;7;25;2022;206;20.3
2022-07-26;16.7;22.2;7;26;2022;207;19.4
2022-07-27;16.5;21.8;7;27;2022;208;19.2
2022-07-28;17.1;23.2;7;28;2022;209;20.2
2022-07-29;18.4;22.5;7;29;2022;210;20.4
2022-07-30;17.6;22.2;7;30;2022;211;19.9
2022-07-31;17.5;25.8;7;31;2022;212;21.6
2022-08-01;17.8;25.2;8;1;2022;213;21.5
2022-08-02;17.1;24.6;8;2;2022;214;20.8
2022-08-03;16.7;20.4;8;3;2022;215;18.6
2022-08-04;16.8;22.0;8;4;2022;216;19.4
2022-08-05;17.6;22.3;8;5;2022;217;20.0
2022-08-06;18.6;26.3;8;6;2022;218;22.4
2022-08-07;18.6;29.2;8;7;2022;219;23.9
2022-08-08;17.2;23.9;8;8;2022;220;20.6
2022-08-09;18.4;29.6;8;9;2022;221;24.0
2022-08-10;17.2;22.2;8;10;2022;222;19.7
2022-08-11;15.9;23.7;8;11;2022;223;19.8
2022-08-12;15.0;22.8;8;12;2022;224;18.9
2022-08-13;14.4;22.3;8;13;2022;225;18.4
2022-08-14;17.4;24.0;8;14;2022;226;20.7
2022-08-15;17.6;23.9;8;15;2022;227;20.8
2022-08-16;16.9;20.5;8;16;2022;228;18.7
2022-08-17;16.8;21.3;8;17;2022;229;19.0
2022-08-18;15.2;21.4;8;18;2022;230;18.3
2022-08-19;15.6;23.6;8;19;2022;231;19.6
2022-08-20;16.6;23.0;8;20;2022;232;19.8
2022-08-21;17.4;24.3;8;21;2022;233;20.8
2022-08-22;17.6;23.2;8;22;2022;234;20.4
2022-08-23;18.3;22.9;8;23;2022;235;20.6
2022-08-24;18.3;20.1;8;24;2022;236;19.2
2022-08-25;17.8;21.1;8;25;2022;237;19.4
2022-08-26;17.6;23.4;8;26;2022;238;20.5
2022-08-27;18.3;24.0;8;27;2022;239;21.2
2022-08-28;15.2;23.7;8;28;2022;240;19.4
2022-08-29;14.5;21.9;8;29;2022;241;18.2
2022-08-30;16.7;24.1;8;30;2022;242;20.4
2022-08-31;17.3;22.3;8;31;2022;243;19.8
2022-09-01;17.1;21.6;9;1;2022;244;19.4
2022-09-02;16.7;22.1;9;2;2022;245;19.4
2022-09-03;16.1;24.4;9;3;2022;246;20.2
2022-09-04;18.9;22.9;9;4;2022;247;20.9
2022-09-05;18.3;24.6;9;5;2022;248;21.4
2022-09-06;18.5;24.0;9;6;2022;249;21.2
2022-09-07;17.9;24.3;9;7;2022;250;21.1
2022-09-08;16.7;22.1;9;8;2022;251;19.4
2022-09-09;15.0;23.5;9;9;2022;252;19.2
2022-09-10;16.9;25.4;9;10;2022;253;21.2
2022-09-11;17.2;26.2;9;11;2022;254;21.7
2022-09-12;19.9;25.5;9;12;2022;255;22.7
2022-09-13;19.0;22.7;9;13;2022;256;20.8
2022-09-14;18.2;24.2;9;14;2022;257;21.2
2022-09-15;18.1;22.8;9;15;2022;258;20.4
2022-09-16;17.2;23.2;9;16;2022;259;20.2
2022-09-17;16.1;24.4;9;17;2022;260;20.2
2022-09-18;16.7;25.0;9;18;2022;261;20.8
2022-09-19;16.0;27.0;9;19;2022;262;21.5
2022-09-20;16.3;26.2;9;20;2022;263;21.2
2022-09-21;14.9;25.1;9;21;2022;264;20.0
2022-09-22;13.7;21.9;9;22;2022;265;17.8
2022-09-23;15.8;20.6;9;23;2022;266;18.2
2022-09-24;15.2;19.5;9;24;2022;267;17.4
2022-09-25;13.9;18.1;9;25;2022;268;16.0
2022-09-26;13.7;19.3;9;26;2022;269;16.5
2022-09-27;15.5;20.8;9;27;2022;270;18.2
2022-09-28;14.9;18.6;9;28;2022;271;16.8
2022-09-29;14.7;18.8;9;29;2022;272;16.8
2022-09-30;12.5;19.8;9;30;2022;273;16.2
2022-10-01;17.0;20.5;10;1;2022;274;18.8
2022-10-02;15.5;21.8;10;2;2022;275;18.6
2022-10-03;14.7;24.3;10;3;2022;276;19.5
2022-10-04;13.5;20.6;10;4;2022;277;17.0
2022-10-05;14.4;20.3;10;5;2022;278;17.4
2022-10-06;16.5;22.0;10;6;2022;279;19.2
2022-10-07;15.3;19.0;10;7;2022;280;17.2
2022-10-08;16.3;21.8;10;8;2022;281;19.0
2022-10-09;15.1;21.6;10;9;2022;282;18.4
2022-10-10;15.8;19.8;10;10;2022;283;17.8
2022-10-11;15.0;21.2;10;11;2022;284;18.1
2022-10-12;14.1;20.8;10;12;2022;285;17.4
2022-10-13;15.3;21.5;10;13;2022;286;18.4
2022-10-14;18.6;21.9;10;14;2022;287;20.2
2022-10-15;14.5;19.2;10;15;2022;288;16.8
2022-10-16;14.5;21.4;10;16;2022;289;18.0
2022-10-17;15.5;21.7;10;17;2022;290;18.6
2022-10-18;16.8;24.3;10;18;2022;291;20.6
2022-10-19;14.2;20.5;10;19;2022;292;17.4
2022-10-20;15.1;21.5;10;20;2022;293;18.3
2022-10-21;16.4;20.6;10;21;2022;294;18.5
2022-10-22;14.7;19.3;10;22;2022;295;17.0
2022-10-23;12.3;19.7;10;23;2022;296;16.0
2022-10-24;15.7;21.0;10;24;2022;297;18.4
2022-10-25;16.8;20.8;10;25;2022;298;18.8
2022-10-26;17.1;22.4;10;26;2022;299;19.8
2022-10-27;17.3;23.3;10;27;2022;300;20.3
2022-10-28;15.9;21.5;10;28;2022;301;18.7
2022-10-29;15.1;20.0;10;29;2022;302;17.6
2022-10-30;13.6;20.2;10;30;2022;303;16.9
2022-10-31;13.4;19.8;10;31;2022;304;16.6
2022-11-01;12.3;18.6;11;1;2022;305;15.4
2022-11-02;12.8;18.5;11;2;2022;306;15.6
2022-11-03;14.1;17.6;11;3;2022;307;15.8
2022-11-04;10.7;17.0;11;4;2022;308;13.8
2022-11-05;10.0;18.3;11;5;2022;309;14.2
2022-11-06;14.2;19.4;11;6;2022;310;16.8
2022-11-07;14.2;19.6;11;7;2022;311;16.9
2022-11-08;13.9;17.8;11;8;2022;312;15.8
2022-11-09;13.7;19.7;11;9;2022;313;16.7
2022-11-10;13.8;20.3;11;10;2022;314;17.0
2022-11-11;12.7;21.8;11;11;2022;315;17.2
2022-11-12;13.7;22.0;11;12;2022;316;17.8
2022-11-13;12.8;21.6;11;13;2022;317;17.2
2022-11-14;11.3;17.1;11;14;2022;318;14.2
2022-11-15;12.7;17.1;11;15;2022;319;14.9
2022-11-16;13.8;19.0;11;16;2022;320;16.4
2022-11-17;11.7;16.6;11;17;2022;321;14.2
2022-11-18;10.9;14.6;11;18;2022;322;12.8
2022-11-19;10.4;14.7;11;19;2022;323;12.6
2022-11-20;14.4;17.3;11;20;2022;324;15.8
2022-11-21;10.3;17.3;11;21;2022;325;13.8
2022-11-22;9.7;17.6;11;22;2022;326;13.6
2022-11-23;13.0;17.0;11;23;2022;327;15.0
2022-11-24;11.8;16.8;11;24;2022;328;14.3
2022-11-25;10.5;16.8;11;25;2022;329;13.6
2022-11-26;10.1;17.9;11;26;2022;330;14.0
2022-11-27;11.6;15.1;11;27;2022;331;13.4
2022-11-28;11.0;15.5;11;28;2022;332;13.2
2022-11-29;10.9;14.8;11;29;2022;333;12.8
2022-11-30;9.8;13.0;11;30;2022;334;11.4
2022-12-01;8.4;15.8;12;1;2022;335;12.1
2022-12-02;6.4;14.5;12;2;2022;336;10.4
2022-12-03;7.0;12.5;12;3;2022;337;9.8
2022-12-04;4.3;12.5;12;4;2022;338;8.4
2022-12-05;8.2;15.4;12;5;2022;339;11.8
2022-12-06;10.5;15.4;12;6;2022;340;13.0
2022-12-07;11.1;16.2;12;7;2022;341;13.6
2022-12-08;11.5;14.0;12;8;2022;342;12.8
2022-12-09;9.8;12.6;12;9;2022;343;11.2
2022-12-10;6.9;11.7;12;10;2022;344;9.3
2022-12-11;6.9;12.3;12;11;2022;345;9.6
2022-12-12;9.9;18.6;12;12;2022;346;14.2
2022-12-13;14.8;18.4;12;13;2022;347;16.6
2022-12-14;12.8;17.6;12;14;2022;348;15.2
2022-12-15;11.1;14.2;12;15;2022;349;12.6
2022-12-16;9.4;12.4;12;16;2022;350;10.9
2022-12-17;8.6;16.3;12;17;2022;351;12.4
2022-12-18;13.4;17.7;12;18;2022;352;15.6
2022-12-19;14.7;17.1;12;19;2022;353;15.9
2022-12-20;13.6;16.0;12;20;2022;354;14.8
2022-12-21;14.9;17.9;12;21;2022;355;16.4
2022-12-22;16.5;18.6;12;22;2022;356;17.6
2022-12-23;12.3;18.3;12;23;2022;357;15.3
2022-12-24;11.5;14.6;12;24;2022;358;13.0
2022-12-25;11.2;16.6;12;25;2022;359;13.9
2022-12-26;9.2;15.0;12;26;2022;360;12.1
2022-12-27;6.7;14.6;12;27;2022;361;10.6
2022-12-28;9.5;15.8;12;28;2022;362;12.6
2022-12-29;11.8;15.5;12;29;2022;363;13.6
2022-12-30;15.5;19.1;12;30;2022;364;17.3
2022-12-31;13.2;19.5;12;31;2022;365;16.4
2023-01-01;10.3;14.0;1;1;2023;1;12.2
2023-01-02;9.2;14.4;1;2;2023;2;11.8
2023-01-03;7.9;15.6;1;3;2023;3;11.8
2023-01-04;12.5;16.9;1;4;2023;4;14.7
2023-01-05;9.7;15.1;1;5;2023;5;12.4
2023-01-06;11.9;15.5;1;6;2023;6;13.7
2023-01-07;11.1;14.6;1;7;2023;7;12.8
2023-01-08;11.5;14.8;1;8;2023;8;13.2
2023-01-09;10.3;14.7;1;9;2023;9;12.5
2023-01-10;11.7;16.7;1;10;2023;10;14.2
2023-01-11;11.2;14.8;1;11;2023;11;13.0
2023-01-12;10.7;14.7;1;12;2023;12;12.7
2023-01-13;12.0;16.2;1;13;2023;13;14.1
2023-01-14;8.9;17.3;1;14;2023;14;13.1
2023-01-15;8.6;12.8;1;15;2023;15;10.7
2023-01-16;12.4;13.9;1;16;2023;16;13.2
2023-01-17;6.9;13.0;1;17;2023;17;10.0
2023-01-18;7.4;10.7;1;18;2023;18;9.0
2023-01-19;8.1;13.4;1;19;2023;19;10.8
2023-01-20;11.9;14.3;1;20;2023;20;13.1
2023-01-21;8.1;14.2;1;21;2023;21;11.2
2023-01-22;5.4;11.2;1;22;2023;22;8.3
2023-01-23;4.3;11.4;1;23;2023;23;7.8
2023-01-24;7.7;10.9;1;24;2023;24;9.3
2023-01-25;8.8;12.1;1;25;2023;25;10.4
2023-01-26;9.5;11.9;1;26;2023;26;10.7
2023-01-27;8.5;12.0;1;27;2023;27;10.2
2023-01-28;6.4;11.1;1;28;2023;28;8.8
2023-01-29;7.7;11.3;1;29;2023;29;9.5
2023-01-30;2.9;12.0;1;30;2023;30;7.4
2023-01-31;3.9;12.9;1;31;2023;31;8.4
2023-02-01;6.9;14.0;2;1;2023;32;10.4
2023-02-02;5.0;15.1;2;2;2023;33;10.0
2023-02-03;5.5;16.4;2;3;2023;34;11.0
2023-02-04;4.6;13.2;2;4;2023;35;8.9
2023-02-05;6.6;15.1;2;5;2023;36;10.8
2023-02-06;6.5;13.6;2;6;2023;37;10.0
2023-02-07;5.5;13.9;2;7;2023;38;9.7
2023-02-08;5.6;14.5;2;8;2023;39;10.0
2023-02-09;6.5;14.3;2;9;2023;40;10.4
2023-02-10;6.2;13.9;2;10;2023;41;10.0
2023-02-11;4.9;15.9;2;11;2023;42;10.4
2023-02-12;7.5;17.8;2;12;2023;43;12.6
2023-02-13;10.1;18.8;2;13;2023;44;14.4
2023-02-14;11.4;21.0;2;14;2023;45;16.2
2023-02-15;10.5;19.9;2;15;2023;46;15.2
2023-02-16;9.7;15.8;2;16;2023;47;12.8
2023-02-17;6.7;16.7;2;17;2023;48;11.7
2023-02-18;8.8;19.5;2;18;2023;49;14.2
2023-02-19;7.8;17.6;2;19;2023;50;12.7
2023-02-20;9.4;19.5;2;20;2023;51;14.4
2023-02-21;12.0;15.0;2;21;2023;52;13.5
2023-02-22;8.5;12.8;2;22;2023;53;10.6
2023-02-23;5.0;10.3;2;23;2023;54;7.6
2023-02-24;2.5;9.4;2;24;2023;55;6.0
2023-02-25;6.7;11.1;2;25;2023;56;8.9
2023-02-26;6.1;13.2;2;26;2023;57;9.6
2023-02-27;6.5;10.7;2;27;2023;58;8.6
2023-02-28;6.5;10.4;2;28;2023;59;8.4
2023-03-01;5.6;10.3;3;1;2023;60;8.0
2023-03-02;3.4;12.0;3;2;2023;61;7.7
2023-03-03;4.6;13.2;3;3;2023;62;8.9
2023-03-04;5.4;15.0;3;4;2023;63;10.2
2023-03-05;6.0;15.4;3;5;2023;64;10.7
2023-03-06;8.2;14.3;3;6;2023;65;11.2
2023-03-07;11.4;17.1;3;7;2023;66;14.2
2023-03-08;15.1;19.0;3;8;2023;67;17.0
2023-03-09;13.6;18.0;3;9;2023;68;15.8
2023-03-10;13.3;19.5;3;10;2023;69;16.4
2023-03-11;15.9;17.0;3;11;2023;70;16.4
2023-03-12;15.0;19.7;3;12;2023;71;17.4
2023-03-13;12.1;16.6;3;13;2023;72;14.4
2023-03-14;11.0;16.9;3;14;2023;73;14.0
2023-03-15;11.5;16.9;3;15;2023;74;14.2
2023-03-16;11.3;15.2;3;16;2023;75;13.2
2023-03-17;12.0;16.6;3;17;2023;76;14.3
2023-03-18;11.5;15.2;3;18;2023;77;13.4
2023-03-19;10.7;16.0;3;19;2023;78;13.4
2023-03-20;9.4;17.7;3;20;2023;79;13.6
2023-03-21;12.0;16.9;3;21;2023;80;14.4
2023-03-22;12.6;16.9;3;22;2023;81;14.8
2023-03-23;12.6;18.6;3;23;2023;82;15.6
2023-03-24;11.3;17.3;3;24;2023;83;14.3
2023-03-25;10.3;17.1;3;25;2023;84;13.7
2023-03-26;10.6;16.3;3;26;2023;85;13.4
2023-03-27;7.7;17.7;3;27;2023;86;12.7
2023-03-28;13.4;23.0;3;28;2023;87;18.2
2023-03-29;15.3;22.7;3;29;2023;88;19.0
2023-03-30;14.1;19.3;3;30;2023;89;16.7
2023-03-31;12.9;17.6;3;31;2023;90;15.2
2023-04-01;11.3;16.2;4;1;2023;91;13.8
2023-04-02;8.3;15.1;4;2;2023;92;11.7
2023-04-03;7.9;16.3;4;3;2023;93;12.1
2023-04-04;10.0;18.8;4;4;2023;94;14.4
2023-04-05;7.4;17.7;4;5;2023;95;12.6
2023-04-06;8.8;15.1;4;6;2023;96;12.0
2023-04-07;9.0;22.6;4;7;2023;97;15.8
2023-04-08;9.9;21.7;4;8;2023;98;15.8
2023-04-09;11.5;17.0;4;9;2023;99;14.2
2023-04-10;12.8;20.1;4;10;2023;100;16.4
2023-04-11;11.1;19.4;4;11;2023;101;15.2
2023-04-12;9.8;15.1;4;12;2023;102;12.4
2023-04-13;9.4;16.1;4;13;2023;103;12.8
2023-04-14;11.8;17.4;4;14;2023;104;14.6
2023-04-15;12.6;17.8;4;15;2023;105;15.2
2023-04-16;11.4;19.3;4;16;2023;106;15.4
2023-04-17;12.2;24.3;4;17;2023;107;18.2
2023-04-18;11.3;21.9;4;18;2023;108;16.6
2023-04-19;10.4;20.5;4;19;2023;109;15.4
2023-04-20;12.4;17.3;4;20;2023;110;14.8
2023-04-21;11.4;17.2;4;21;2023;111;14.3
2023-04-22;11.8;20.2;4;22;2023;112;16.0
2023-04-23;14.4;18.1;4;23;2023;113;16.2
2023-04-24;14.9;20.7;4;24;2023;114;17.8
2023-04-25;15.8;19.8;4;25;2023;115;17.8
2023-04-26;16.2;21.4;4;26;2023;116;18.8
2023-04-27;14.9;19.6;4;27;2023;117;17.2
2023-04-28;13.9;19.4;4;28;2023;118;16.6
2023-04-29;13.5;20.5;4;29;2023;119;17.0
2023-04-30;14.3;18.3;4;30;2023;120;16.3
2023-05-01;11.8;20.9;5;1;2023;121;16.4
2023-05-02;14.4;24.4;5;2;2023;122;19.4
2023-05-03;15.7;26.1;5;3;2023;123;20.9
2023-05-04;14.7;20.2;5;4;2023;124;17.4
2023-05-05;14.7;22.6;5;5;2023;125;18.6
2023-05-06;15.2;20.2;5;6;2023;126;17.7
2023-05-07;14.5;19.1;5;7;2023;127;16.8
2023-05-08;15.2;22.3;5;8;2023;128;18.8
2023-05-09;14.0;19.2;5;9;2023;129;16.6
2023-05-10;13.3;17.8;5;10;2023;130;15.6
2023-05-11;13.7;17.7;5;11;2023;131;15.7
2023-05-12;12.8;16.4;5;12;2023;132;14.6
2023-05-13;12.4;17.4;5;13;2023;133;14.9
2023-05-14;14.0;18.0;5;14;2023;134;16.0
2023-05-15;13.1;16.8;5;15;2023;135;15.0
2023-05-16;13.0;19.2;5;16;2023;136;16.1
2023-05-17;12.7;21.7;5;17;2023;137;17.2
2023-05-18;12.7;20.2;5;18;2023;138;16.4
2023-05-19;13.2;16.8;5;19;2023;139;15.0
2023-05-20;13.2;17.4;5;20;2023;140;15.3
2023-05-21;12.7;19.0;5;21;2023;141;15.8
2023-05-22;13.8;18.7;5;22;2023;142;16.2
2023-05-23;14.9;21.4;5;23;2023;143;18.2
2023-05-24;15.0;22.1;5;24;2023;144;18.6
2023-05-25;14.5;23.4;5;25;2023;145;19.0
2023-05-26;14.3;23.1;5;26;2023;146;18.7
2023-05-27;16.0;26.0;5;27;2023;147;21.0
2023-05-28;15.5;21.0;5;28;2023;148;18.2
2023-05-29;15.0;19.6;5;29;2023;149;17.3
2023-05-30;15.5;20.8;5;30;2023;150;18.2
2023-05-31;15.7;20.8;5;31;2023;151;18.2
2023-06-01;15.3;20.1;6;1;2023;152;17.7
2023-06-02;14.3;23.3;6;2;2023;153;18.8
2023-06-03;15.8;23.8;6;3;2023;154;19.8
2023-06-04;15.9;23.9;6;4;2023;155;19.9
2023-06-05;15.9;21.3;6;5;2023;156;18.6
2023-06-06;15.9;27.2;6;6;2023;157;21.6
2023-06-07;18.2;22.7;6;7;2023;158;20.4
2023-06-08;17.9;24.4;6;8;2023;159;21.2
2023-06-09;18.4;24.0;6;9;2023;160;21.2
2023-06-10;17.2;22.0;6;10;2023;161;19.6
2023-06-11;16.0;22.5;6;11;2023;162;19.2
2023-06-12;16.9;23.1;6;12;2023;163;20.0
2023-06-13;17.0;21.0;6;13;2023;164;19.0
2023-06-14;16.5;21.2;6;14;2023;165;18.8
2023-06-15;16.0;24.9;6;15;2023;166;20.4
2023-06-16;18.4;25.4;6;16;2023;167;21.9
2023-06-17;18.1;22.4;6;17;2023;168;20.2
2023-06-18;17.1;22.7;6;18;2023;169;19.9
2023-06-19;17.1;20.8;6;19;2023;170;19.0
2023-06-20;15.3;22.1;6;20;2023;171;18.7
2023-06-21;16.5;21.6;6;21;2023;172;19.0
2023-06-22;16.2;22.6;6;22;2023;173;19.4
2023-06-23;17.6;24.5;6;23;2023;174;21.0
2023-06-24;18.8;31.6;6;24;2023;175;25.2
2023-06-25;18.2;24.5;6;25;2023;176;21.4
2023-06-26;18.2;22.2;6;26;2023;177;20.2
2023-06-27;18.0;23.6;6;27;2023;178;20.8
2023-06-28;17.4;21.4;6;28;2023;179;19.4
2023-06-29;16.6;21.1;6;29;2023;180;18.8
2023-06-30;16.0;22.8;6;30;2023;181;19.4
2023-07-01;17.8;22.4;7;1;2023;182;20.1
2023-07-02;17.6;21.2;7;2;2023;183;19.4
2023-07-03;17.1;22.4;7;3;2023;184;19.8
2023-07-04;17.9;24.1;7;4;2023;185;21.0
2023-07-05;18.2;22.1;7;5;2023;186;20.2
2023-07-06;16.9;22.7;7;6;2023;187;19.8
2023-07-07;16.3;27.0;7;7;2023;188;21.6
2023-07-08;17.8;24.0;7;8;2023;189;20.9
2023-07-09;16.9;23.2;7;9;2023;190;20.0
2023-07-10;16.0;24.1;7;10;2023;191;20.0
2023-07-11;18.5;24.6;7;11;2023;192;21.6
2023-07-12;16.9;21.4;7;12;2023;193;19.2
2023-07-13;15.5;24.0;7;13;2023;194;19.8
2023-07-14;18.0;25.9;7;14;2023;195;22.0
2023-07-15;16.6;23.0;7;15;2023;196;19.8
2023-07-16;15.7;22.9;7;16;2023;197;19.3
2023-07-17;14.4;23.6;7;17;2023;198;19.0
2023-07-18;17.2;24.2;7;18;2023;199;20.7
2023-07-19;17.8;22.6;7;19;2023;200;20.2
2023-07-20;16.8;24.1;7;20;2023;201;20.4
2023-07-21;16.2;23.0;7;21;2023;202;19.6
2023-07-22;17.3;22.2;7;22;2023;203;19.8
2023-07-23;17.1;24.3;7;23;2023;204;20.7
2023-07-24;17.2;23.2;7;24;2023;205;20.2
2023-07-25;17.3;23.1;7;25;2023;206;20.2
2023-07-26;17.1;22.7;7;26;2023;207;19.9
2023-07-27;19.0;25.3;7;27;2023;208;22.2
2023-07-28;19.8;26.8;7;28;2023;209;23.3
2023-07-29;17.8;23.8;7;29;2023;210;20.8
2023-07-30;16.0;23.1;7;30;2023;211;19.6
2023-07-31;17.3;25.7;7;31;2023;212;21.5
2023-08-01;20.7;24.9;8;1;2023;213;22.8
2023-08-02;18.8;23.3;8;2;2023;214;21.0
2023-08-03;17.9;21.9;8;3;2023;215;19.9
2023-08-04;17.2;21.2;8;4;2023;216;19.2
2023-08-05;14.6;23.0;8;5;2023;217;18.8
2023-08-06;17.1;22.9;8;6;2023;218;20.0
2023-08-07;17.6;25.8;8;7;2023;219;21.7
2023-08-08;17.7;29.1;8;8;2023;220;23.4
2023-08-09;17.5;26.0;8;9;2023;221;21.8
2023-08-10;21.0;29.8;8;10;2023;222;25.4
2023-08-11;18.6;26.6;8;11;2023;223;22.6
2023-08-12;18.6;24.6;8;12;2023;224;21.6
2023-08-13;17.1;22.8;8;13;2023;225;20.0
2023-08-14;16.9;25.1;8;14;2023;226;21.0
2023-08-15;18.0;23.4;8;15;2023;227;20.7
2023-08-16;18.9;21.9;8;16;2023;228;20.4
2023-08-17;17.4;25.0;8;17;2023;229;21.2
2023-08-18;21.0;27.5;8;18;2023;230;24.2
2023-08-19;19.3;24.9;8;19;2023;231;22.1
2023-08-20;18.9;24.0;8;20;2023;232;21.4
2023-08-21;18.6;25.6;8;21;2023;233;22.1
2023-08-22;19.1;29.5;8;22;2023;234;24.3
2023-08-23;22.5;32.2;8;23;2023;235;27.4
2023-08-24;18.8;25.8;8;24;2023;236;22.3
2023-08-25;17.6;22.4;8;25;2023;237;20.0
2023-08-26;16.2;22.4;8;26;2023;238;19.3
2023-08-27;17.3;21.8;8;27;2023;239;19.6
2023-08-28;17.2;21.9;8;28;2023;240;19.6
2023-08-29;17.6;23.0;8;29;2023;241;20.3
2023-08-30;17.8;23.1;8;30;2023;242;20.4
2023-08-31;18.8;23.9;8;31;2023;243;21.4
2023-09-01;16.3;22.8;9;1;2023;244;19.6
2023-09-02;14.7;20.9;9;2;2023;245;17.8
2023-09-03;19.1;25.7;9;3;2023;246;22.4
2023-09-04;19.8;26.6;9;4;2023;247;23.2
2023-09-05;18.7;25.5;9;5;2023;248;22.1
2023-09-06;19.5;30.0;9;6;2023;249;24.8
2023-09-07;20.1;30.4;9;7;2023;250;25.2
2023-09-08;19.3;26.1;9;8;2023;251;22.7
2023-09-09;17.5;24.6;9;9;2023;252;21.0
2023-09-10;17.5;25.0;9;10;2023;253;21.2
2023-09-11;18.2;23.5;9;11;2023;254;20.8
2023-09-12;17.9;23.4;9;12;2023;255;20.6
2023-09-13;17.1;21.9;9;13;2023;256;19.5
2023-09-14;17.0;25.3;9;14;2023;257;21.2
2023-09-15;18.4;23.8;9;15;2023;258;21.1
2023-09-16;17.8;26.3;9;16;2023;259;22.0
2023-09-17;16.0;22.4;9;17;2023;260;19.2
2023-09-18;16.8;22.2;9;18;2023;261;19.5
2023-09-19;14.2;21.9;9;19;2023;262;18.0
2023-09-20;16.7;23.7;9;20;2023;263;20.2
2023-09-21;15.7;20.5;9;21;2023;264;18.1
2023-09-22;15.7;21.5;9;22;2023;265;18.6
2023-09-23;14.1;23.2;9;23;2023;266;18.6
2023-09-24;14.2;27.6;9;24;2023;267;20.9
2023-09-25;18.9;23.8;9;25;2023;268;21.4
2023-09-26;16.7;22.0;9;26;2023;269;19.4
2023-09-27;17.2;24.8;9;27;2023;270;21.0
2023-09-28;19.8;26.0;9;28;2023;271;22.9
2023-09-29;18.4;23.5;9;29;2023;272;21.0
2023-09-30;17.7;28.4;9;30;2023;273;23.0
2023-10-01;18.1;22.3;10;1;2023;274;20.2
2023-10-02;17.4;26.2;10;2;2023;275;21.8
2023-10-03;17.8;20.7;10;3;2023;276;19.2
2023-10-04;16.4;25.3;10;4;2023;277;20.8
2023-10-05;15.8;21.2;10;5;2023;278;18.5
2023-10-06;15.5;23.7;10;6;2023;279;19.6
2023-10-07;19.5;33.4;10;7;2023;280;26.4
2023-10-08;19.1;28.4;10;8;2023;281;23.8
2023-10-09;16.8;25.9;10;9;2023;282;21.4
2023-10-10;15.7;26.4;10;10;2023;283;21.0
2023-10-11;18.5;29.0;10;11;2023;284;23.8
2023-10-12;20.0;29.3;10;12;2023;285;24.6
2023-10-13;17.2;23.9;10;13;2023;286;20.6
2023-10-14;15.4;20.1;10;14;2023;287;17.8
2023-10-15;15.1;18.4;10;15;2023;288;16.8
2023-10-16;18.3;21.4;10;16;2023;289;19.8
2023-10-17;18.5;24.3;10;17;2023;290;21.4
2023-10-18;15.9;21.4;10;18;2023;291;18.6
2023-10-19;14.7;19.7;10;19;2023;292;17.2
2023-10-20;12.7;16.7;10;20;2023;293;14.7
2023-10-21;12.3;19.1;10;21;2023;294;15.7
2023-10-22;12.0;16.6;10;22;2023;295;14.3
2023-10-23;12.9;18.1;10;23;2023;296;15.5
2023-10-24;12.9;20.5;10;24;2023;297;16.7
2023-10-25;16.4;20.8;10;25;2023;298;18.6
2023-10-26;14.1;19.1;10;26;2023;299;16.6
2023-10-27;12.5;17.5;10;27;2023;300;15.0
2023-10-28;15.0;18.1;10;28;2023;301;16.6
2023-10-29;11.5;16.8;10;29;2023;302;14.2
2023-10-30;10.9;17.7;10;30;2023;303;14.3
2023-10-31;13.5;19.1;10;31;2023;304;16.3
2023-11-01;13.1;18.1;11;1;2023;305;15.6
2023-11-02;9.8;16.2;11;2;2023;306;13.0
2023-11-03;12.3;16.8;11;3;2023;307;14.6
2023-11-04;12.5;17.9;11;4;2023;308;15.2
2023-11-05;10.5;15.2;11;5;2023;309;12.8
2023-11-06;9.9;14.1;11;6;2023;310;12.0
2023-11-07;11.5;13.9;11;7;2023;311;12.7
2023-11-08;12.3;18.7;11;8;2023;312;15.5
2023-11-09;12.0;16.5;11;9;2023;313;14.2
2023-11-10;12.8;17.4;11;10;2023;314;15.1
2023-11-11;16.2;20.0;11;11;2023;315;18.1
2023-11-12;16.4;21.1;11;12;2023;316;18.8
2023-11-13;18.0;20.4;11;13;2023;317;19.2
2023-11-14;15.7;19.4;11;14;2023;318;17.6
2023-11-15;13.7;20.7;11;15;2023;319;17.2
2023-11-16;12.8;19.5;11;16;2023;320;16.2
2023-11-17;10.7;18.6;11;17;2023;321;14.6
2023-11-18;15.4;21.0;11;18;2023;322;18.2
2023-11-19;15.5;18.8;11;19;2023;323;17.2
2023-11-20;13.1;16.2;11;20;2023;324;14.6
2023-11-21;11.8;14.3;11;21;2023;325;13.0
2023-11-22;11.7;15.7;11;22;2023;326;13.7
2023-11-23;10.7;17.1;11;23;2023;327;13.9
2023-11-24;8.4;16.7;11;24;2023;328;12.6
2023-11-25;7.5;16.1;11;25;2023;329;11.8
2023-11-26;8.0;13.8;11;26;2023;330;10.9
2023-11-27;13.1;15.2;11;27;2023;331;14.2
2023-11-28;12.3;15.8;11;28;2023;332;14.0
2023-11-29;13.3;18.0;11;29;2023;333;15.6
2023-11-30;8.9;13.4;11;30;2023;334;11.2
2023-12-01;9.0;13.4;12;1;2023;335;11.2
2023-12-02;8.3;12.9;12;2;2023;336;10.6
2023-12-03;9.5;13.8;12;3;2023;337;11.6
2023-12-04;9.7;13.9;12;4;2023;338;11.8
2023-12-05;7.1;11.5;12;5;2023;339;9.3
2023-12-06;5.9;13.6;12;6;2023;340;9.8
2023-12-07;11.1;17.5;12;7;2023;341;14.3
2023-12-08;10.9;15.4;12;8;2023;342;13.2
2023-12-09;14.7;18.8;12;9;2023;343;16.8
2023-12-10;15.6;19.9;12;10;2023;344;17.8
2023-12-11;15.7;19.3;12;11;2023;345;17.5
2023-12-12;12.6;15.8;12;12;2023;346;14.2
2023-12-13;11.1;13.8;12;13;2023;347;12.4
2023-12-14;10.1;13.7;12;14;2023;348;11.9
2023-12-15;10.3;15.5;12;15;2023;349;12.9
2023-12-16;7.5;15.5;12;16;2023;350;11.5
2023-12-17;5.3;14.7;12;17;2023;351;10.0
2023-12-18;4.6;12.5;12;18;2023;352;8.6
2023-12-19;7.7;14.3;12;19;2023;353;11.0
2023-12-20;10.8;12.9;12;20;2023;354;11.8
2023-12-21;11.6;14.6;12;21;2023;355;13.1
2023-12-22;11.8;14.4;12;22;2023;356;13.1
2023-12-23;8.9;14.0;12;23;2023;357;11.4
2023-12-24;6.9;14.9;12;24;2023;358;10.9
2023-12-25;6.2;15.1;12;25;2023;359;10.6
2023-12-26;10.1;14.5;12;26;2023;360;12.3
2023-12-27;11.0;15.7;12;27;2023;361;13.4
2023-12-28;11.1;14.1;12;28;2023;362;12.6
2023-12-29;10.0;15.8;12;29;2023;363;12.9
2023-12-30;8.8;15.2;12;30;2023;364;12.0
2023-12-31;9.6;13.1;12;31;2023;365;11.4
