date;tmin;tmax;month;day;year;yearday;output
2008-01-01;6.8;15.3;1;1;2008;1;11.0
2008-01-02;8.1;17.4;1;2;2008;2;12.8
2008-01-03;8.5;15.3;1;3;2008;3;11.9
2008-01-04;7.6;16.9;1;4;2008;4;12.2
2008-01-05;8.2;16.1;1;5;2008;5;12.2
2008-01-06;7.7;18.7;1;6;2008;6;13.2
2008-01-07;8.0;17.3;1;7;2008;7;12.6
2008-01-08;10.4;15.0;1;8;2008;8;12.7
2008-01-09;12.2;17.4;1;9;2008;9;14.8
2008-01-10;11.5;17.0;1;10;2008;10;14.2
2008-01-11;9.7;17.0;1;11;2008;11;13.4
2008-01-12;9.4;17.4;1;12;2008;12;13.4
2008-01-13;7.0;16.4;1;13;2008;13;11.7
2008-01-14;9.7;15.8;1;14;2008;14;12.8
2008-01-15;9.1;16.8;1;15;2008;15;13.0
2008-01-16;9.1;19.7;1;16;2008;16;14.4
2008-01-17;10.9;17.6;1;17;2008;17;14.2
2008-01-18;10.5;19.0;1;18;2008;18;14.8
2008-01-19;11.7;22.1;1;19;2008;19;16.9
2008-01-20;12.3;22.5;1;20;2008;20;17.4
2008-01-21;10.7;18.1;1;21;2008;21;14.4
2008-01-22;9.6;16.9;1;22;2008;22;13.2
2008-01-23;9.4;20.2;1;23;2008;23;14.8
2008-01-24;8.2;17.1;1;24;2008;24;12.6
2008-01-25;10.0;18.1;1;25;2008;25;14.0
2008-01-26;8.9;17.0;1;26;2008;26;13.0
2008-01-27;8.4;18.1;1;27;2008;27;13.2
2008-01-28;8.1;17.0;1;28;2008;28;12.6
2008-01-29;8.1;16.7;1;29;2008;29;12.4
2008-01-30;8.3;16.9;1;30;2008;30;12.6
2008-01-31;7.9;17.9;1;31;2008;31;12.9
2008-02-01;8.0;16.1;2;1;2008;32;12.0
2008-02-02;9.2;17.4;2;2;2008;33;13.3
2008-02-03;9.3;16.5;2;3;2008;34;12.9
2008-02-04;11.2;18.3;2;4;2008;35;14.8
2008-02-05;9.6;18.8;2;5;2008;36;14.2
2008-02-06;9.4;18.6;2;6;2008;37;14.0
2008-02-07;9.5;20.6;2;7;2008;38;15.0
2008-02-08;12.0;20.0;2;8;2008;39;16.0
2008-02-09;10.7;18.8;2;9;2008;40;14.8
2008-02-10;9.4;18.1;2;10;2008;41;13.8
2008-02-11;10.1;17.2;2;11;2008;42;13.6
2008-02-12;12.1;18.0;2;12;2008;43;15.0
2008-02-13;12.2;16.7;2;13;2008;44;14.4
2008-02-14;13.0;17.6;2;14;2008;45;15.3
2008-02-15;13.1;18.9;2;15;2008;46;16.0
2008-02-16;12.3;18.4;2;16;2008;47;15.4
2008-02-17;12.0;15.8;2;17;2008;48;13.9
2008-02-18;12.9;15.1;2;18;2008;49;14.0
2008-02-19;11.9;17.5;2;19;2008;50;14.7
2008-02-20;10.1;17.9;2;20;2008;51;14.0
2008-02-21;12.4;18.8;2;21;2008;52;15.6
2008-02-22;12.2;17.0;2;22;2008;53;14.6
2008-02-23;12.9;19.9;2;23;2008;54;16.4
2008-02-24;11.9;19.0;2;24;2008;55;15.4
2008-02-25;12.6;18.1;2;25;2008;56;15.4
2008-02-26;11.5;18.7;2;26;2008;57;15.1
2008-02-27;11.7;17.2;2;27;2008;58;14.4
2008-02-28;11.9;17.7;2;28;2008;59;14.8
2008-02-29;10.9;18.6;2;29;2008;60;14.8
2008-03-01;10.8;17.3;3;1;2008;61;14.0
2008-03-02;11.1;19.5;3;2;2008;62;15.3
2008-03-03;10.0;21.4;3;3;2008;63;15.7
2008-03-04;13.1;20.9;3;4;2008;64;17.0
2008-03-05;8.6;17.7;3;5;2008;65;13.2
2008-03-06;5.0;13.6;3;6;2008;66;9.3
2008-03-07;10.0;19.3;3;7;2008;67;14.6
2008-03-08;11.1;19.3;3;8;2008;68;15.2
2008-03-09;8.9;18.4;3;9;2008;69;13.6
2008-03-10;12.4;17.6;3;10;2008;70;15.0
2008-03-11;11.9;21.6;3;11;2008;71;16.8
2008-03-12;12.3;19.7;3;12;2008;72;16.0
2008-03-13;12.1;25.3;3;13;2008;73;18.7
2008-03-14;13.0;20.9;3;14;2008;74;17.0
2008-03-15;13.0;20.9;3;15;2008;75;17.0
2008-03-16;12.0;20.8;3;16;2008;76;16.4
2008-03-17;11.3;19.5;3;17;2008;77;15.4
2008-03-18;11.3;20.3;3;18;2008;78;15.8
2008-03-19;11.0;19.0;3;19;2008;79;15.0
2008-03-20;12.0;15.5;3;20;2008;80;13.8
2008-03-21;11.7;16.9;3;21;2008;81;14.3
2008-03-22;10.2;20.3;3;22;2008;82;15.2
2008-03-23;9.7;17.3;3;23;2008;83;13.5
2008-03-24;8.5;16.9;3;24;2008;84;12.7
2008-03-25;8.5;18.3;3;25;2008;85;13.4
2008-03-26;9.7;20.8;3;26;2008;86;15.2
2008-03-27;14.9;22.6;3;27;2008;87;18.8
2008-03-28;11.8;20.7;3;28;2008;88;16.2
2008-03-29;14.2;23.9;3;29;2008;89;19.0
2008-03-30;12.0;19.3;3;30;2008;90;15.6
2008-03-31;13.0;21.7;3;31;2008;91;17.4
2008-04-01;12.7;20.8;4;1;2008;92;16.8
2008-04-02;11.4;19.1;4;2;2008;93;15.2
2008-04-03;11.6;20.2;4;3;2008;94;15.9
2008-04-04;11.8;24.4;4;4;2008;95;18.1
2008-04-05;11.6;21.3;4;5;2008;96;16.4
2008-04-06;12.1;21.7;4;6;2008;97;16.9
2008-04-07;13.0;23.9;4;7;2008;98;18.4
2008-04-08;15.2;18.6;4;8;2008;99;16.9
2008-04-09;15.5;23.0;4;9;2008;100;19.2
2008-04-10;15.3;24.5;4;10;2008;101;19.9
2008-04-11;14.3;18.5;4;11;2008;102;16.4
2008-04-12;12.4;18.7;4;12;2008;103;15.6
2008-04-13;11.5;19.0;4;13;2008;104;15.2
2008-04-14;11.3;19.4;4;14;2008;105;15.4
2008-04-15;12.5;23.5;4;15;2008;106;18.0
2008-04-16;14.3;20.4;4;16;2008;107;17.4
2008-04-17;14.4;21.3;4;17;2008;108;17.8
2008-04-18;15.0;20.3;4;18;2008;109;17.6
2008-04-19;11.6;20.5;4;19;2008;110;16.0
2008-04-20;13.2;19.1;4;20;2008;111;16.2
2008-04-21;11.7;19.6;4;21;2008;112;15.6
2008-04-22;12.4;20.8;4;22;2008;113;16.6
2008-04-23;12.6;22.1;4;23;2008;114;17.4
2008-04-24;13.7;24.1;4;24;2008;115;18.9
2008-04-25;18.3;28.4;4;25;2008;116;23.4
2008-04-26;16.5;28.9;4;26;2008;117;22.7
2008-04-27;15.3;26.1;4;27;2008;118;20.7
2008-04-28;13.1;20.3;4;28;2008;119;16.7
2008-04-29;15.6;24.3;4;29;2008;120;20.0
2008-04-30;14.0;20.7;4;30;2008;121;17.4
2008-05-01;13.9;24.3;5;1;2008;122;19.1
2008-05-02;14.7;27.3;5;2;2008;123;21.0
2008-05-03;15.7;27.7;5;3;2008;124;21.7
2008-05-04;15.4;21.7;5;4;2008;125;18.6
2008-05-05;15.5;21.7;5;5;2008;126;18.6
2008-05-06;16.2;28.6;5;6;2008;127;22.4
2008-05-07;21.3;28.5;5;7;2008;128;24.9
2008-05-08;14.5;21.6;5;8;2008;129;18.0
2008-05-09;15.6;21.3;5;9;2008;130;18.4
2008-05-10;14.7;21.0;5;10;2008;131;17.8
2008-05-11;15.3;20.5;5;11;2008;132;17.9
2008-05-12;14.0;20.1;5;12;2008;133;17.0
2008-05-13;15.2;20.4;5;13;2008;134;17.8
2008-05-14;15.6;22.1;5;14;2008;135;18.8
2008-05-15;15.8;20.0;5;15;2008;136;17.9
2008-05-16;14.2;21.2;5;16;2008;137;17.7
2008-05-17;15.1;23.1;5;17;2008;138;19.1
2008-05-18;16.5;23.1;5;18;2008;139;19.8
2008-05-19;15.3;21.4;5;19;2008;140;18.4
2008-05-20;14.4;22.3;5;20;2008;141;18.4
2008-05-21;14.7;20.8;5;21;2008;142;17.8
2008-05-22;15.5;21.0;5;22;2008;143;18.2
2008-05-23;16.9;22.5;5;23;2008;144;19.7
2008-05-24;16.6;23.5;5;24;2008;145;20.0
2008-05-25;16.2;20.1;5;25;2008;146;18.2
2008-05-26;15.7;19.5;5;26;2008;147;17.6
2008-05-27;14.2;21.4;5;27;2008;148;17.8
2008-05-28;13.4;21.3;5;28;2008;149;17.4
2008-05-29;13.5;19.9;5;29;2008;150;16.7
2008-05-30;15.3;21.3;5;30;2008;151;18.3
2008-05-31;16.1;20.5;5;31;2008;152;18.3
2008-06-01;15.8;20.6;6;1;2008;153;18.2
2008-06-02;15.5;20.7;6;2;2008;154;18.1
2008-06-03;15.8;23.6;6;3;2008;155;19.7
2008-06-04;17.7;22.8;6;4;2008;156;20.2
2008-06-05;16.7;22.1;6;5;2008;157;19.4
2008-06-06;18.3;27.2;6;6;2008;158;22.8
2008-06-07;17.5;23.4;6;7;2008;159;20.4
2008-06-08;17.9;27.3;6;8;2008;160;22.6
2008-06-09;19.1;26.6;6;9;2008;161;22.8
2008-06-10;18.0;26.5;6;10;2008;162;22.2
2008-06-11;17.7;23.4;6;11;2008;163;20.6
2008-06-12;18.7;23.5;6;12;2008;164;21.1
2008-06-13;19.1;25.8;6;13;2008;165;22.4
2008-06-14;18.4;26.9;6;14;2008;166;22.6
2008-06-15;20.1;26.0;6;15;2008;167;23.0
2008-06-16;18.6;27.2;6;16;2008;168;22.9
2008-06-17;17.5;23.1;6;17;2008;169;20.3
2008-06-18;18.6;30.6;6;18;2008;170;24.6
2008-06-19;20.0;25.2;6;19;2008;171;22.6
2008-06-20;19.4;26.0;6;20;2008;172;22.7
2008-06-21;19.6;31.0;6;21;2008;173;25.3
2008-06-22;21.0;35.4;6;22;2008;174;28.2
2008-06-23;21.4;28.0;6;23;2008;175;24.7
2008-06-24;20.5;25.4;6;24;2008;176;23.0
2008-06-25;19.1;34.5;6;25;2008;177;26.8
2008-06-26;24.3;35.3;6;26;2008;178;29.8
2008-06-27;23.0;29.5;6;27;2008;179;26.2
2008-06-28;23.9;33.5;6;28;2008;180;28.7
2008-06-29;23.6;32.6;6;29;2008;181;28.1
2008-06-30;22.6;30.7;6;30;2008;182;26.6
2008-07-01;22.5;30.4;7;1;2008;183;26.4
2008-07-02;22.6;27.6;7;2;2008;184;25.1
2008-07-03;22.4;29.9;7;3;2008;185;26.2
2008-07-04;22.5;32.6;7;4;2008;186;27.6
2008-07-05;23.1;27.3;7;5;2008;187;25.2
2008-07-06;21.6;29.8;7;6;2008;188;25.7
2008-07-07;19.7;26.0;7;7;2008;189;22.8
2008-07-08;21.1;33.9;7;8;2008;190;27.5
2008-07-09;22.7;27.4;7;9;2008;191;25.0
2008-07-10;22.6;27.3;7;10;2008;192;25.0
2008-07-11;21.8;28.1;7;11;2008;193;25.0
2008-07-12;20.9;29.1;7;12;2008;194;25.0
2008-07-13;21.0;31.1;7;13;2008;195;26.0
2008-07-14;22.3;29.6;7;14;2008;196;26.0
2008-07-15;22.8;29.4;7;15;2008;197;26.1
2008-07-16;24.1;29.9;7;16;2008;198;27.0
2008-07-17;22.8;28.5;7;17;2008;199;25.6
2008-07-18;22.6;33.4;7;18;2008;200;28.0
2008-07-19;23.3;34.6;7;19;2008;201;29.0
2008-07-20;23.5;27.7;7;20;2008;202;25.6
2008-07-21;22.9;32.5;7;21;2008;203;27.7
2008-07-22;23.9;32.1;7;22;2008;204;28.0
2008-07-23;23.9;31.6;7;23;2008;205;27.8
2008-07-24;24.5;27.9;7;24;2008;206;26.2
2008-07-25;21.9;28.3;7;25;2008;207;25.1
2008-07-26;22.2;27.9;7;26;2008;208;25.0
2008-07-27;23.1;29.2;7;27;2008;209;26.2
2008-07-28;23.6;27.7;7;28;2008;210;25.6
2008-07-29;23.0;31.3;7;29;2008;211;27.2
2008-07-30;24.0;29.0;7;30;2008;212;26.5
2008-07-31;23.9;28.2;7;31;2008;213;26.0
2008-08-01;22.7;31.6;8;1;2008;214;27.2
2008-08-02;23.9;34.5;8;2;2008;215;29.2
2008-08-03;25.0;35.6;8;3;2008;216;30.3
2008-08-04;25.2;30.6;8;4;2008;217;27.9
2008-08-05;24.5;29.4;8;5;2008;218;27.0
2008-08-06;23.4;29.0;8;6;2008;219;26.2
2008-08-07;23.2;30.0;8;7;2008;220;26.6
2008-08-08;22.3;33.6;8;8;2008;221;28.0
2008-08-09;24.6;33.7;8;9;2008;222;29.2
2008-08-10;25.0;29.1;8;10;2008;223;27.0
2008-08-11;24.1;28.2;8;11;2008;224;26.2
2008-08-12;22.4;29.2;8;12;2008;225;25.8
2008-08-13;22.9;34.6;8;13;2008;226;28.8
2008-08-14;24.3;29.8;8;14;2008;227;27.0
2008-08-15;22.4;30.8;8;15;2008;228;26.6
2008-08-16;22.2;27.7;8;16;2008;229;25.0
2008-08-17;23.1;28.7;8;17;2008;230;25.9
2008-08-18;23.9;33.4;8;18;2008;231;28.6
2008-08-19;23.9;27.4;8;19;2008;232;25.6
2008-08-20;22.1;33.1;8;20;2008;233;27.6
2008-08-21;23.3;33.0;8;21;2008;234;28.2
2008-08-22;25.0;28.1;8;22;2008;235;26.6
2008-08-23;24.7;32.5;8;23;2008;236;28.6
2008-08-24;23.8;28.8;8;24;2008;237;26.3
2008-08-25;24.2;29.1;8;25;2008;238;26.6
2008-08-26;24.4;35.3;8;26;2008;239;29.8
2008-08-27;25.2;33.4;8;27;2008;240;29.3
2008-08-28;22.6;32.7;8;28;2008;241;27.6
2008-08-29;21.8;33.1;8;29;2008;242;27.4
2008-08-30;21.9;28.1;8;30;2008;243;25.0
2008-08-31;22.6;28.2;8;31;2008;244;25.4
2008-09-01;22.3;32.6;9;1;2008;245;27.4
2008-09-02;22.1;27.9;9;2;2008;246;25.0
2008-09-03;21.8;29.7;9;3;2008;247;25.8
2008-09-04;22.4;32.9;9;4;2008;248;27.6
2008-09-05;21.0;28.0;9;5;2008;249;24.5
2008-09-06;19.5;25.8;9;6;2008;250;22.6
2008-09-07;20.3;30.6;9;7;2008;251;25.4
2008-09-08;23.8;31.5;9;8;2008;252;27.6
2008-09-09;22.4;28.2;9;9;2008;253;25.3
2008-09-10;18.7;27.2;9;10;2008;254;23.0
2008-09-11;21.5;26.8;9;11;2008;255;24.2
2008-09-12;20.8;28.6;9;12;2008;256;24.7
2008-09-13;21.6;28.7;9;13;2008;257;25.2
2008-09-14;19.7;26.3;9;14;2008;258;23.0
2008-09-15;19.0;26.1;9;15;2008;259;22.6
2008-09-16;18.6;26.4;9;16;2008;260;22.5
2008-09-17;20.6;27.0;9;17;2008;261;23.8
2008-09-18;20.1;27.9;9;18;2008;262;24.0
2008-09-19;22.2;26.0;9;19;2008;263;24.1
2008-09-20;21.8;30.1;9;20;2008;264;26.0
2008-09-21;21.8;25.9;9;21;2008;265;23.8
2008-09-22;21.5;26.5;9;22;2008;266;24.0
2008-09-23;19.4;24.5;9;23;2008;267;22.0
2008-09-24;18.9;24.3;9;24;2008;268;21.6
2008-09-25;18.5;24.9;9;25;2008;269;21.7
2008-09-26;18.9;25.3;9;26;2008;270;22.1
2008-09-27;19.3;23.7;9;27;2008;271;21.5
2008-09-28;19.4;25.2;9;28;2008;272;22.3
2008-09-29;20.6;26.0;9;29;2008;273;23.3
2008-09-30;17.0;26.9;9;30;2008;274;22.0
2008-10-01;16.2;24.2;10;1;2008;275;20.2
2008-10-02;16.7;24.1;10;2;2008;276;20.4
2008-10-03;17.0;24.8;10;3;2008;277;20.9
2008-10-04;17.4;24.8;10;4;2008;278;21.1
2008-10-05;15.6;24.0;10;5;2008;279;19.8
2008-10-06;15.8;23.5;10;6;2008;280;19.6
2008-10-07;16.2;23.3;10;7;2008;281;19.8
2008-10-08;17.6;24.9;10;8;2008;282;21.2
2008-10-09;14.4;20.6;10;9;2008;283;17.5
2008-10-10;20.6;24.9;10;10;2008;284;22.8
2008-10-11;22.0;27.5;10;11;2008;285;24.8
2008-10-12;19.6;25.6;10;12;2008;286;22.6
2008-10-13;19.2;28.7;10;13;2008;287;24.0
2008-10-14;16.3;25.8;10;14;2008;288;21.0
2008-10-15;16.8;25.5;10;15;2008;289;21.2
2008-10-16;16.6;23.1;10;16;2008;290;19.8
2008-10-17;16.9;23.5;10;17;2008;291;20.2
2008-10-18;17.9;23.0;10;18;2008;292;20.4
2008-10-19;17.5;26.1;10;19;2008;293;21.8
2008-10-20;19.8;26.3;10;20;2008;294;23.0
2008-10-21;18.3;23.6;10;21;2008;295;21.0
2008-10-22;17.6;22.9;10;22;2008;296;20.2
2008-10-23;18.8;23.9;10;23;2008;297;21.4
2008-10-24;18.0;26.3;10;24;2008;298;22.2
2008-10-25;18.5;26.0;10;25;2008;299;22.2
2008-10-26;20.3;25.6;10;26;2008;300;23.0
2008-10-27;18.7;26.3;10;27;2008;301;22.5
2008-10-28;12.7;21.5;10;28;2008;302;17.1
2008-10-29;11.9;19.2;10;29;2008;303;15.6
2008-10-30;11.0;19.5;10;30;2008;304;15.2
2008-10-31;14.3;20.1;10;31;2008;305;17.2
2008-11-01;13.2;18.2;11;1;2008;306;15.7
2008-11-02;11.4;18.5;11;2;2008;307;15.0
2008-11-03;10.2;18.6;11;3;2008;308;14.4
2008-11-04;11.2;18.8;11;4;2008;309;15.0
2008-11-05;10.3;19.8;11;5;2008;310;15.0
2008-11-06;11.3;19.9;11;6;2008;311;15.6
2008-11-07;11.8;18.7;11;7;2008;312;15.2
2008-11-08;10.5;19.2;11;8;2008;313;14.8
2008-11-09;11.6;20.1;11;9;2008;314;15.8
2008-11-10;11.0;20.9;11;10;2008;315;16.0
2008-11-11;11.0;18.2;11;11;2008;316;14.6
2008-11-12;11.7;20.1;11;12;2008;317;15.9
2008-11-13;12.4;19.8;11;13;2008;318;16.1
2008-11-14;10.2;18.5;11;14;2008;319;14.4
2008-11-15;8.1;19.6;11;15;2008;320;13.8
2008-11-16;10.0;20.9;11;16;2008;321;15.4
2008-11-17;10.3;18.4;11;17;2008;322;14.4
2008-11-18;10.2;18.7;11;18;2008;323;14.4
2008-11-19;12.5;19.1;11;19;2008;324;15.8
2008-11-20;13.8;18.6;11;20;2008;325;16.2
2008-11-21;12.7;20.6;11;21;2008;326;16.6
2008-11-22;10.5;18.7;11;22;2008;327;14.6
2008-11-23;11.7;19.3;11;23;2008;328;15.5
2008-11-24;9.5;20.2;11;24;2008;329;14.8
2008-11-25;9.3;17.8;11;25;2008;330;13.6
2008-11-26;7.9;15.4;11;26;2008;331;11.6
2008-11-27;8.3;15.6;11;27;2008;332;12.0
2008-11-28;7.9;17.8;11;28;2008;333;12.8
2008-11-29;10.3;15.1;11;29;2008;334;12.7
2008-11-30;6.7;15.2;11;30;2008;335;11.0
2008-12-01;6.1;14.3;12;1;2008;336;10.2
2008-12-02;8.6;14.5;12;2;2008;337;11.6
2008-12-03;6.6;15.3;12;3;2008;338;11.0
2008-12-04;7.6;16.9;12;4;2008;339;12.2
2008-12-05;10.5;18.8;12;5;2008;340;14.6
2008-12-06;11.8;20.7;12;6;2008;341;16.2
2008-12-07;10.7;18.3;12;7;2008;342;14.5
2008-12-08;9.5;13.9;12;8;2008;343;11.7
2008-12-09;9.1;17.2;12;9;2008;344;13.2
2008-12-10;9.4;15.6;12;10;2008;345;12.5
2008-12-11;7.8;15.9;12;11;2008;346;11.8
2008-12-12;6.0;15.0;12;12;2008;347;10.5
2008-12-13;6.2;13.6;12;13;2008;348;9.9
2008-12-14;8.6;14.4;12;14;2008;349;11.5
2008-12-15;8.3;13.0;12;15;2008;350;10.6
2008-12-16;7.0;14.2;12;16;2008;351;10.6
2008-12-17;6.8;16.5;12;17;2008;352;11.6
2008-12-18;9.2;17.2;12;18;2008;353;13.2
2008-12-19;7.4;17.0;12;19;2008;354;12.2
2008-12-20;7.2;16.8;12;20;2008;355;12.0
2008-12-21;7.0;17.7;12;21;2008;356;12.4
2008-12-22;9.3;19.0;12;22;2008;357;14.2
2008-12-23;8.0;16.3;12;23;2008;358;12.2
2008-12-24;8.2;15.6;12;24;2008;359;11.9
2008-12-25;7.7;16.0;12;25;2008;360;11.8
2008-12-26;5.7;16.2;12;26;2008;361;11.0
2008-12-27;8.9;15.2;12;27;2008;362;12.0
2008-12-28;9.9;14.7;12;28;2008;363;12.3
2008-12-29;10.2;17.5;12;29;2008;364;13.8
2008-12-30;9.5;18.0;12;30;2008;365;13.8
2008-12-31;11.1;17.0;12;31;2008;366;14.0
2009-01-01;10.4;16.0;1;1;2009;1;13.2
2009-01-02;10.4;16.5;1;2;2009;2;13.4
2009-01-03;10.0;17.1;1;3;2009;3;13.6
2009-01-04;8.8;16.4;1;4;2009;4;12.6
2009-01-05;8.3;15.3;1;5;2009;5;11.8
2009-01-06;7.6;14.7;1;6;2009;6;11.2
2009-01-07;6.4;10.3;1;7;2009;7;8.4
2009-01-08;6.0;10.4;1;8;2009;8;8.2
2009-01-09;4.9;12.5;1;9;2009;9;8.7
2009-01-10;3.5;9.6;1;10;2009;10;6.6
2009-01-11;6.4;14.1;1;11;2009;11;10.2
2009-01-12;7.0;15.1;1;12;2009;12;11.0
2009-01-13;6.5;16.6;1;13;2009;13;11.6
2009-01-14;7.9;15.7;1;14;2009;14;11.8
2009-01-15;5.8;15.0;1;15;2009;15;10.4
2009-01-16;8.1;14.2;1;16;2009;16;11.2
2009-01-17;7.6;17.3;1;17;2009;17;12.4
2009-01-18;7.2;15.5;1;18;2009;18;11.4
2009-01-19;9.2;16.4;1;19;2009;19;12.8
2009-01-20;9.4;16.7;1;20;2009;20;13.0
2009-01-21;8.5;15.1;1;21;2009;21;11.8
2009-01-22;8.2;14.6;1;22;2009;22;11.4
2009-01-23;13.0;17.7;1;23;2009;23;15.4
2009-01-24;12.2;20.3;1;24;2009;24;16.2
2009-01-25;9.0;17.6;1;25;2009;25;13.3
2009-01-26;8.3;15.6;1;26;2009;26;12.0
2009-01-27;9.7;16.9;1;27;2009;27;13.3
2009-01-28;11.6;18.3;1;28;2009;28;15.0
2009-01-29;9.6;18.4;1;29;2009;29;14.0
2009-01-30;8.4;13.5;1;30;2009;30;11.0
2009-01-31;9.3;15.4;1;31;2009;31;12.4
2009-02-01;9.2;11.7;2;1;2009;32;10.4
2009-02-02;8.3;13.4;2;2;2009;33;10.8
2009-02-03;7.5;17.1;2;3;2009;34;12.3
2009-02-04;10.7;16.7;2;4;2009;35;13.7
2009-02-05;9.7;15.1;2;5;2009;36;12.4
2009-02-06;7.1;15.3;2;6;2009;37;11.2
2009-02-07;6.2;15.3;2;7;2009;38;10.8
2009-02-08;6.9;17.0;2;8;2009;39;12.0
2009-02-09;11.0;17.4;2;9;2009;40;14.2
2009-02-10;9.1;17.5;2;10;2009;41;13.3
2009-02-11;9.4;17.8;2;11;2009;42;13.6
2009-02-12;6.4;16.6;2;12;2009;43;11.5
2009-02-13;8.5;18.1;2;13;2009;44;13.3
2009-02-14;7.5;15.4;2;14;2009;45;11.4
2009-02-15;9.5;16.4;2;15;2009;46;13.0
2009-02-16;7.9;15.8;2;16;2009;47;11.8
2009-02-17;6.9;14.8;2;17;2009;48;10.8
2009-02-18;5.9;15.3;2;18;2009;49;10.6
2009-02-19;7.3;16.7;2;19;2009;50;12.0
2009-02-20;8.3;17.3;2;20;2009;51;12.8
2009-02-21;8.2;15.8;2;21;2009;52;12.0
2009-02-22;7.5;15.8;2;22;2009;53;11.6
2009-02-23;6.8;16.5;2;23;2009;54;11.6
2009-02-24;7.2;17.5;2;24;2009;55;12.4
2009-02-25;8.7;18.6;2;25;2009;56;13.6
2009-02-26;10.8;18.3;2;26;2009;57;14.6
2009-02-27;9.5;20.3;2;27;2009;58;14.9
2009-02-28;12.4;16.7;2;28;2009;59;14.6
2009-03-01;9.2;19.1;3;1;2009;60;14.2
2009-03-02;9.8;17.0;3;2;2009;61;13.4
2009-03-03;9.1;13.5;3;3;2009;62;11.3
2009-03-04;9.0;17.5;3;4;2009;63;13.2
2009-03-05;11.3;19.9;3;5;2009;64;15.6
2009-03-06;12.3;20.2;3;6;2009;65;16.2
2009-03-07;12.2;19.6;3;7;2009;66;15.9
2009-03-08;9.7;22.0;3;8;2009;67;15.8
2009-03-09;10.8;20.2;3;9;2009;68;15.5
2009-03-10;8.8;20.1;3;10;2009;69;14.4
2009-03-11;8.4;17.0;3;11;2009;70;12.7
2009-03-12;9.8;21.5;3;12;2009;71;15.6
2009-03-13;8.2;21.4;3;13;2009;72;14.8
2009-03-14;10.7;18.5;3;14;2009;73;14.6
2009-03-15;11.4;25.3;3;15;2009;74;18.4
2009-03-16;13.1;23.5;3;16;2009;75;18.3
2009-03-17;11.2;19.8;3;17;2009;76;15.5
2009-03-18;10.3;20.2;3;18;2009;77;15.2
2009-03-19;9.8;20.3;3;19;2009;78;15.0
2009-03-20;10.8;17.5;3;20;2009;79;14.2
2009-03-21;11.7;20.0;3;21;2009;80;15.8
2009-03-22;11.2;19.1;3;22;2009;81;15.2
2009-03-23;9.1;22.1;3;23;2009;82;15.6
2009-03-24;12.0;19.1;3;24;2009;83;15.6
2009-03-25;12.9;22.7;3;25;2009;84;17.8
2009-03-26;11.3;25.1;3;26;2009;85;18.2
2009-03-27;13.2;21.1;3;27;2009;86;17.2
2009-03-28;12.1;18.8;3;28;2009;87;15.4
2009-03-29;10.8;18.0;3;29;2009;88;14.4
2009-03-30;8.6;16.2;3;30;2009;89;12.4
2009-03-31;9.8;16.4;3;31;2009;90;13.1
2009-04-01;9.4;18.9;4;1;2009;91;14.2
2009-04-02;11.1;18.2;4;2;2009;92;14.6
2009-04-03;13.4;18.6;4;3;2009;93;16.0
2009-04-04;12.0;17.9;4;4;2009;94;15.0
2009-04-05;10.8;18.2;4;5;2009;95;14.5
2009-04-06;12.8;18.7;4;6;2009;96;15.8
2009-04-07;13.1;20.2;4;7;2009;97;16.6
2009-04-08;11.6;19.0;4;8;2009;98;15.3
2009-04-09;11.6;19.4;4;9;2009;99;15.5
2009-04-10;10.0;20.2;4;10;2009;100;15.1
2009-04-11;12.6;20.2;4;11;2009;101;16.4
2009-04-12;11.9;20.7;4;12;2009;102;16.3
2009-04-13;12.9;21.1;4;13;2009;103;17.0
2009-04-14;11.0;20.2;4;14;2009;104;15.6
2009-04-15;13.1;19.6;4;15;2009;105;16.4
2009-04-16;11.9;18.3;4;16;2009;106;15.1
2009-04-17;10.9;21.0;4;17;2009;107;16.0
2009-04-18;13.4;17.7;4;18;2009;108;15.6
2009-04-19;11.9;17.2;4;19;2009;109;14.6
2009-04-20;10.0;18.5;4;20;2009;110;14.2
2009-04-21;14.3;20.1;4;21;2009;111;17.2
2009-04-22;13.0;19.9;4;22;2009;112;16.4
2009-04-23;13.2;22.3;4;23;2009;113;17.8
2009-04-24;15.4;29.7;4;24;2009;114;22.6
2009-04-25;14.4;22.3;4;25;2009;115;18.4
2009-04-26;12.4;18.8;4;26;2009;116;15.6
2009-04-27;10.3;20.7;4;27;2009;117;15.5
2009-04-28;11.3;19.4;4;28;2009;118;15.4
2009-04-29;12.9;20.7;4;29;2009;119;16.8
2009-04-30;12.6;20.8;4;30;2009;120;16.7
2009-05-01;12.8;22.1;5;1;2009;121;17.4
2009-05-02;12.1;24.2;5;2;2009;122;18.2
2009-05-03;13.8;25.4;5;3;2009;123;19.6
2009-05-04;14.6;26.9;5;4;2009;124;20.8
2009-05-05;14.1;21.9;5;5;2009;125;18.0
2009-05-06;14.8;23.4;5;6;2009;126;19.1
2009-05-07;14.5;22.4;5;7;2009;127;18.4
2009-05-08;14.8;24.0;5;8;2009;128;19.4
2009-05-09;16.2;22.0;5;9;2009;129;19.1
2009-05-10;18.0;28.1;5;10;2009;130;23.0
2009-05-11;17.1;22.3;5;11;2009;131;19.7
2009-05-12;16.2;22.4;5;12;2009;132;19.3
2009-05-13;15.9;21.1;5;13;2009;133;18.5
2009-05-14;15.3;23.9;5;14;2009;134;19.6
2009-05-15;15.8;22.7;5;15;2009;135;19.2
2009-05-16;14.2;22.7;5;16;2009;136;18.4
2009-05-17;14.8;22.4;5;17;2009;137;18.6
2009-05-18;16.1;22.8;5;18;2009;138;19.4
2009-05-19;17.3;28.2;5;19;2009;139;22.8
2009-05-20;19.9;33.1;5;20;2009;140;26.5
2009-05-21;18.4;27.5;5;21;2009;141;23.0
2009-05-22;18.9;23.3;5;22;2009;142;21.1
2009-05-23;18.5;26.2;5;23;2009;143;22.4
2009-05-24;16.9;22.7;5;24;2009;144;19.8
2009-05-25;15.1;21.9;5;25;2009;145;18.5
2009-05-26;15.5;25.0;5;26;2009;146;20.2
2009-05-27;19.4;28.1;5;27;2009;147;23.8
2009-05-28;19.1;29.0;5;28;2009;148;24.0
2009-05-29;19.8;30.6;5;29;2009;149;25.2
2009-05-30;18.0;26.2;5;30;2009;150;22.1
2009-05-31;19.3;24.0;5;31;2009;151;21.6
2009-06-01;19.0;23.1;6;1;2009;152;21.0
2009-06-02;20.0;23.8;6;2;2009;153;21.9
2009-06-03;19.7;24.7;6;3;2009;154;22.2
2009-06-04;18.5;25.2;6;4;2009;155;21.8
2009-06-05;19.1;24.7;6;5;2009;156;21.9
2009-06-06;17.4;24.3;6;6;2009;157;20.8
2009-06-07;15.6;23.3;6;7;2009;158;19.4
2009-06-08;15.0;23.1;6;8;2009;159;19.0
2009-06-09;15.7;22.1;6;9;2009;160;18.9
2009-06-10;16.5;26.3;6;10;2009;161;21.4
2009-06-11;17.5;26.9;6;11;2009;162;22.2
2009-06-12;21.5;36.6;6;12;2009;163;29.0
2009-06-13;20.3;27.6;6;13;2009;164;24.0
2009-06-14;21.0;38.5;6;14;2009;165;29.8
2009-06-15;21.8;33.6;6;15;2009;166;27.7
2009-06-16;22.6;31.8;6;16;2009;167;27.2
2009-06-17;22.3;28.9;6;17;2009;168;25.6
2009-06-18;22.5;35.8;6;18;2009;169;29.2
2009-06-19;21.8;26.1;6;19;2009;170;24.0
2009-06-20;21.0;28.4;6;20;2009;171;24.7
2009-06-21;23.2;29.2;6;21;2009;172;26.2
2009-06-22;22.1;27.0;6;22;2009;173;24.6
2009-06-23;21.5;26.6;6;23;2009;174;24.0
2009-06-24;22.3;27.6;6;24;2009;175;25.0
2009-06-25;20.8;28.9;6;25;2009;176;24.8
2009-06-26;18.6;25.1;6;26;2009;177;21.8
2009-06-27;18.9;25.8;6;27;2009;178;22.4
2009-06-28;16.7;25.1;6;28;2009;179;20.9
2009-06-29;18.9;25.6;6;29;2009;180;22.2
2009-06-30;19.7;25.5;6;30;2009;181;22.6
2009-07-01;21.0;26.6;7;1;2009;182;23.8
2009-07-02;21.5;26.8;7;2;2009;183;24.2
2009-07-03;22.3;28.9;7;3;2009;184;25.6
2009-07-04;21.7;28.6;7;4;2009;185;25.2
2009-07-05;20.9;27.6;7;5;2009;186;24.2
2009-07-06;21.1;27.9;7;6;2009;187;24.5
2009-07-07;20.4;26.3;7;7;2009;188;23.4
2009-07-08;20.6;28.0;7;8;2009;189;24.3
2009-07-09;22.6;27.7;7;9;2009;190;25.2
2009-07-10;22.5;27.2;7;10;2009;191;24.8
2009-07-11;21.6;28.2;7;11;2009;192;24.9
2009-07-12;23.6;28.5;7;12;2009;193;26.0
2009-07-13;23.2;29.2;7;13;2009;194;26.2
2009-07-14;22.0;27.1;7;14;2009;195;24.6
2009-07-15;20.0;30.7;7;15;2009;196;25.4
2009-07-16;23.5;28.7;7;16;2009;197;26.1
2009-07-17;21.7;29.9;7;17;2009;198;25.8
2009-07-18;22.4;31.8;7;18;2009;199;27.1
2009-07-19;21.3;31.9;7;19;2009;200;26.6
2009-07-20;21.2;31.1;7;20;2009;201;26.2
2009-07-21;23.4;33.5;7;21;2009;202;28.4
2009-07-22;23.7;30.5;7;22;2009;203;27.1
2009-07-23;22.9;29.8;7;23;2009;204;26.4
2009-07-24;22.4;28.4;7;24;2009;205;25.4
2009-07-25;23.0;35.8;7;25;2009;206;29.4
2009-07-26;24.4;29.9;7;26;2009;207;27.2
2009-07-27;24.4;28.4;7;27;2009;208;26.4
2009-07-28;23.8;33.0;7;28;2009;209;28.4
2009-07-29;23.7;28.9;7;29;2009;210;26.3
2009-07-30;22.2;35.3;7;30;2009;211;28.8
2009-07-31;24.6;29.2;7;31;2009;212;26.9
2009-08-01;23.4;29.1;8;1;2009;213;26.2
2009-08-02;22.6;30.1;8;2;2009;214;26.4
2009-08-03;23.4;29.2;8;3;2009;215;26.3
2009-08-04;23.6;33.8;8;4;2009;216;28.7
2009-08-05;23.6;30.1;8;5;2009;217;26.8
2009-08-06;24.3;28.5;8;6;2009;218;26.4
2009-08-07;22.5;29.6;8;7;2009;219;26.0
2009-08-08;24.5;30.8;8;8;2009;220;27.6
2009-08-09;24.3;29.4;8;9;2009;221;26.8
2009-08-10;25.4;33.1;8;10;2009;222;29.2
2009-08-11;25.8;37.1;8;11;2009;223;31.4
2009-08-12;24.1;32.9;8;12;2009;224;28.5
2009-08-13;24.6;33.6;8;13;2009;225;29.1
2009-08-14;24.2;34.9;8;14;2009;226;29.6
2009-08-15;24.0;33.8;8;15;2009;227;28.9
2009-08-16;23.1;33.0;8;16;2009;228;28.0
2009-08-17;23.9;29.8;8;17;2009;229;26.8
2009-08-18;25.1;37.4;8;18;2009;230;31.2
2009-08-19;24.0;29.9;8;19;2009;231;27.0
2009-08-20;21.9;29.9;8;20;2009;232;25.9
2009-08-21;23.0;31.6;8;21;2009;233;27.3
2009-08-22;23.9;35.8;8;22;2009;234;29.8
2009-08-23;24.2;37.0;8;23;2009;235;30.6
2009-08-24;22.9;29.7;8;24;2009;236;26.3
2009-08-25;24.1;30.7;8;25;2009;237;27.4
2009-08-26;22.4;28.5;8;26;2009;238;25.4
2009-08-27;23.5;35.1;8;27;2009;239;29.3
2009-08-28;22.6;29.1;8;28;2009;240;25.8
2009-08-29;23.6;33.5;8;29;2009;241;28.6
2009-08-30;24.1;34.2;8;30;2009;242;29.2
2009-08-31;25.6;36.2;8;31;2009;243;30.9
2009-09-01;24.2;29.6;9;1;2009;244;26.9
2009-09-02;23.2;29.2;9;2;2009;245;26.2
2009-09-03;20.7;28.5;9;3;2009;246;24.6
2009-09-04;22.2;28.0;9;4;2009;247;25.1
2009-09-05;23.1;33.3;9;5;2009;248;28.2
2009-09-06;25.0;32.3;9;6;2009;249;28.6
2009-09-07;24.6;32.6;9;7;2009;250;28.6
2009-09-08;24.5;31.3;9;8;2009;251;27.9
2009-09-09;22.2;31.6;9;9;2009;252;26.9
2009-09-10;21.0;31.3;9;10;2009;253;26.2
2009-09-11;22.1;31.1;9;11;2009;254;26.6
2009-09-12;20.9;29.4;9;12;2009;255;25.2
2009-09-13;21.9;27.1;9;13;2009;256;24.5
2009-09-14;20.9;28.6;9;14;2009;257;24.8
2009-09-15;19.7;27.0;9;15;2009;258;23.4
2009-09-16;18.0;27.0;9;16;2009;259;22.5
2009-09-17;17.5;25.4;9;17;2009;260;21.4
2009-09-18;15.0;23.8;9;18;2009;261;19.4
2009-09-19;16.5;24.3;9;19;2009;262;20.4
2009-09-20;17.9;26.1;9;20;2009;263;22.0
2009-09-21;16.5;25.2;9;21;2009;264;20.8
2009-09-22;16.5;24.6;9;22;2009;265;20.6
2009-09-23;20.6;25.6;9;23;2009;266;23.1
2009-09-24;18.3;27.3;9;24;2009;267;22.8
2009-09-25;18.3;26.8;9;25;2009;268;22.6
2009-09-26;20.6;26.9;9;26;2009;269;23.8
2009-09-27;17.5;24.6;9;27;2009;270;21.0
2009-09-28;18.9;24.8;9;28;2009;271;21.8
2009-09-29;19.1;25.7;9;29;2009;272;22.4
2009-09-30;19.0;25.3;9;30;2009;273;22.2
2009-10-01;18.3;24.7;10;1;2009;274;21.5
2009-10-02;18.7;26.1;10;2;2009;275;22.4
2009-10-03;19.4;25.9;10;3;2009;276;22.6
2009-10-04;18.5;26.5;10;4;2009;277;22.5
2009-10-05;17.8;28.0;10;5;2009;278;22.9
2009-10-06;20.5;26.6;10;6;2009;279;23.6
2009-10-07;19.6;25.7;10;7;2009;280;22.6
2009-10-08;19.5;25.9;10;8;2009;281;22.7
2009-10-09;19.8;24.9;10;9;2009;282;22.4
2009-10-10;18.3;25.4;10;10;2009;283;21.8
2009-10-11;19.8;26.8;10;11;2009;284;23.3
2009-10-12;18.7;25.3;10;12;2009;285;22.0
2009-10-13;19.4;27.7;10;13;2009;286;23.6
2009-10-14;17.0;27.0;10;14;2009;287;22.0
2009-10-15;16.9;24.0;10;15;2009;288;20.4
2009-10-16;17.6;26.0;10;16;2009;289;21.8
2009-10-17;16.9;24.6;10;17;2009;290;20.8
2009-10-18;16.3;23.5;10;18;2009;291;19.9
2009-10-19;17.4;23.0;10;19;2009;292;20.2
2009-10-20;15.8;22.7;10;20;2009;293;19.2
2009-10-21;16.3;22.9;10;21;2009;294;19.6
2009-10-22;17.6;26.0;10;22;2009;295;21.8
2009-10-23;15.1;23.4;10;23;2009;296;19.2
2009-10-24;14.6;21.8;10;24;2009;297;18.2
2009-10-25;14.4;26.9;10;25;2009;298;20.6
2009-10-26;16.7;27.2;10;26;2009;299;22.0
2009-10-27;17.0;27.8;10;27;2009;300;22.4
2009-10-28;17.4;26.3;10;28;2009;301;21.8
2009-10-29;17.2;22.2;10;29;2009;302;19.7
2009-10-30;15.9;21.8;10;30;2009;303;18.8
2009-10-31;14.8;22.7;10;31;2009;304;18.8
2009-11-01;16.9;22.2;11;1;2009;305;19.6
2009-11-02;16.9;23.5;11;2;2009;306;20.2
2009-11-03;16.7;23.5;11;3;2009;307;20.1
2009-11-04;14.4;23.8;11;4;2009;308;19.1
2009-11-05;17.1;23.8;11;5;2009;309;20.4
2009-11-06;15.6;23.8;11;6;2009;310;19.7
2009-11-07;13.6;23.1;11;7;2009;311;18.4
2009-11-08;15.7;20.4;11;8;2009;312;18.0
2009-11-09;16.3;22.5;11;9;2009;313;19.4
2009-11-10;13.2;20.8;11;10;2009;314;17.0
2009-11-11;11.6;20.4;11;11;2009;315;16.0
2009-11-12;11.1;21.0;11;12;2009;316;16.0
2009-11-13;12.0;19.3;11;13;2009;317;15.6
2009-11-14;12.4;21.9;11;14;2009;318;17.2
2009-11-15;13.0;25.3;11;15;2009;319;19.2
2009-11-16;14.1;25.0;11;16;2009;320;19.6
2009-11-17;16.2;26.4;11;17;2009;321;21.3
2009-11-18;14.8;25.4;11;18;2009;322;20.1
2009-11-19;14.3;21.2;11;19;2009;323;17.8
2009-11-20;14.2;21.2;11;20;2009;324;17.7
2009-11-21;13.4;22.1;11;21;2009;325;17.8
2009-11-22;14.3;20.5;11;22;2009;326;17.4
2009-11-23;12.4;20.9;11;23;2009;327;16.6
2009-11-24;11.3;20.9;11;24;2009;328;16.1
2009-11-25;10.7;18.8;11;25;2009;329;14.8
2009-11-26;15.0;19.7;11;26;2009;330;17.4
2009-11-27;12.9;18.9;11;27;2009;331;15.9
2009-11-28;12.5;19.6;11;28;2009;332;16.0
2009-11-29;11.8;17.8;11;29;2009;333;14.8
2009-11-30;11.4;17.9;11;30;2009;334;14.6
2009-12-01;10.1;16.9;12;1;2009;335;13.5
2009-12-02;8.7;18.1;12;2;2009;336;13.4
2009-12-03;10.0;20.9;12;3;2009;337;15.4
2009-12-04;9.7;17.4;12;4;2009;338;13.6
2009-12-05;8.7;18.0;12;5;2009;339;13.4
2009-12-06;7.8;17.0;12;6;2009;340;12.4
2009-12-07;6.9;17.4;12;7;2009;341;12.2
2009-12-08;9.6;18.8;12;8;2009;342;14.2
2009-12-09;10.8;18.6;12;9;2009;343;14.7
2009-12-10;11.3;20.1;12;10;2009;344;15.7
2009-12-11;10.1;17.8;12;11;2009;345;14.0
2009-12-12;9.2;17.0;12;12;2009;346;13.1
2009-12-13;11.4;16.1;12;13;2009;347;13.8
2009-12-14;9.4;15.0;12;14;2009;348;12.2
2009-12-15;6.9;15.4;12;15;2009;349;11.2
2009-12-16;6.5;14.9;12;16;2009;350;10.7
2009-12-17;9.3;21.7;12;17;2009;351;15.5
2009-12-18;10.6;17.7;12;18;2009;352;14.2
2009-12-19;5.9;15.1;12;19;2009;353;10.5
2009-12-20;4.0;12.5;12;20;2009;354;8.2
2009-12-21;8.6;15.5;12;21;2009;355;12.0
2009-12-22;14.7;17.6;12;22;2009;356;16.2
2009-12-23;12.7;17.0;12;23;2009;357;14.8
2009-12-24;15.7;18.3;12;24;2009;358;17.0
2009-12-25;12.5;18.5;12;25;2009;359;15.5
2009-12-26;12.7;16.0;12;26;2009;360;14.4
2009-12-27;10.0;17.8;12;27;2009;361;13.9
2009-12-28;9.0;19.0;12;28;2009;362;14.0
2009-12-29;16.0;21.7;12;29;2009;363;18.8
2009-12-30;14.9;20.3;12;30;2009;364;17.6
2009-12-31;12.0;15.8;12;31;2009;365;13.9
2010-01-01;9.9;18.6;1;1;2010;1;14.2
2010-01-02;8.0;17.0;1;2;2010;2;12.5
2010-01-03;8.1;15.6;1;3;2010;3;11.8
2010-01-04;11.3;18.6;1;4;2010;4;15.0
2010-01-05;11.5;17.9;1;5;2010;5;14.7
2010-01-06;9.1;16.3;1;6;2010;6;12.7
2010-01-07;9.0;15.5;1;7;2010;7;12.2
2010-01-08;6.3;9.9;1;8;2010;8;8.1
2010-01-09;3.7;11.3;1;9;2010;9;7.5
2010-01-10;2.9;11.2;1;10;2010;10;7.0
2010-01-11;6.6;16.4;1;11;2010;11;11.5
2010-01-12;8.0;16.2;1;12;2010;12;12.1
2010-01-13;12.5;16.7;1;13;2010;13;14.6
2010-01-14;12.1;19.5;1;14;2010;14;15.8
2010-01-15;9.9;17.7;1;15;2010;15;13.8
2010-01-16;8.9;15.9;1;16;2010;16;12.4
2010-01-17;8.6;16.6;1;17;2010;17;12.6
2010-01-18;9.4;18.2;1;18;2010;18;13.8
2010-01-19;10.0;15.9;1;19;2010;19;13.0
2010-01-20;10.4;18.3;1;20;2010;20;14.4
2010-01-21;9.5;18.5;1;21;2010;21;14.0
2010-01-22;9.8;16.9;1;22;2010;22;13.4
2010-01-23;11.2;17.2;1;23;2010;23;14.2
2010-01-24;11.1;18.0;1;24;2010;24;14.6
2010-01-25;12.1;16.2;1;25;2010;25;14.2
2010-01-26;8.1;12.6;1;26;2010;26;10.4
2010-01-27;7.1;11.5;1;27;2010;27;9.3
2010-01-28;7.2;14.7;1;28;2010;28;11.0
2010-01-29;6.9;15.5;1;29;2010;29;11.2
2010-01-30;9.4;17.1;1;30;2010;30;13.2
2010-01-31;7.2;16.7;1;31;2010;31;12.0
2010-02-01;6.6;17.3;2;1;2010;32;12.0
2010-02-02;8.2;15.8;2;2;2010;33;12.0
2010-02-03;6.8;16.1;2;3;2010;34;11.4
2010-02-04;10.4;18.8;2;4;2010;35;14.6
2010-02-05;11.3;19.8;2;5;2010;36;15.6
2010-02-06;10.4;17.3;2;6;2010;37;13.8
2010-02-07;8.6;16.4;2;7;2010;38;12.5
2010-02-08;11.9;17.1;2;8;2010;39;14.5
2010-02-09;11.5;18.5;2;9;2010;40;15.0
2010-02-10;10.3;18.1;2;10;2010;41;14.2
2010-02-11;9.2;15.0;2;11;2010;42;12.1
2010-02-12;6.7;13.1;2;12;2010;43;9.9
2010-02-13;6.0;8.3;2;13;2010;44;7.2
2010-02-14;6.9;13.1;2;14;2010;45;10.0
2010-02-15;7.8;10.5;2;15;2010;46;9.2
2010-02-16;9.2;15.6;2;16;2010;47;12.4
2010-02-17;10.8;16.5;2;17;2010;48;13.6
2010-02-18;8.7;14.9;2;18;2010;49;11.8
2010-02-19;10.3;16.1;2;19;2010;50;13.2
2010-02-20;7.4;15.3;2;20;2010;51;11.4
2010-02-21;9.2;14.6;2;21;2010;52;11.9
2010-02-22;13.4;18.8;2;22;2010;53;16.1
2010-02-23;14.1;19.2;2;23;2010;54;16.6
2010-02-24;13.0;19.1;2;24;2010;55;16.0
2010-02-25;9.7;17.6;2;25;2010;56;13.6
2010-02-26;13.4;19.7;2;26;2010;57;16.6
2010-02-27;13.0;25.0;2;27;2010;58;19.0
2010-02-28;12.7;17.7;2;28;2010;59;15.2
2010-03-01;10.3;16.9;3;1;2010;60;13.6
2010-03-02;10.1;17.6;3;2;2010;61;13.8
2010-03-03;11.8;18.5;3;3;2010;62;15.2
2010-03-04;11.0;19.3;3;4;2010;63;15.2
2010-03-05;11.5;19.3;3;5;2010;64;15.4
2010-03-06;11.3;13.8;3;6;2010;65;12.6
2010-03-07;9.4;16.55;3;7;2010;66;13.0
2010-03-08;7.5;19.3;3;8;2010;67;13.4
2010-03-09;4.7;14.9;3;9;2010;68;9.8
2010-03-10;6.4;14.8;3;10;2010;69;10.6
2010-03-11;6.6;15.7;3;11;2010;70;11.2
2010-03-12;9.9;13.7;3;12;2010;71;11.8
2010-03-13;8.8;14.0;3;13;2010;72;11.4
2010-03-14;6.3;15.2;3;14;2010;73;10.8
2010-03-15;5.7;16.7;3;15;2010;74;11.2
2010-03-16;6.6;18.5;3;16;2010;75;12.6
2010-03-17;10.7;21.1;3;17;2010;76;15.9
2010-03-18;10.1;16.6;3;18;2010;77;13.4
2010-03-19;12.1;16.7;3;19;2010;78;14.4
2010-03-20;12.6;22.6;3;20;2010;79;17.6
2010-03-21;13.8;16.8;3;21;2010;80;15.3
2010-03-22;11.2;18.0;3;22;2010;81;14.6
2010-03-23;11.9;21.5;3;23;2010;82;16.7
2010-03-24;11.9;18.8;3;24;2010;83;15.4
2010-03-25;11.7;19.4;3;25;2010;84;15.6
2010-03-26;13.1;18.2;3;26;2010;85;15.6
2010-03-27;11.5;18.3;3;27;2010;86;14.9
2010-03-28;11.0;17.9;3;28;2010;87;14.4
2010-03-29;10.0;19.9;3;29;2010;88;15.0
2010-03-30;12.4;20.7;3;30;2010;89;16.6
2010-03-31;11.4;17.7;3;31;2010;90;14.6
2010-04-01;9.7;18.9;4;1;2010;91;14.3
2010-04-02;9.7;17.6;4;2;2010;92;13.6
2010-04-03;9.9;17.8;4;3;2010;93;13.8
2010-04-04;10.9;19.5;4;4;2010;94;15.2
2010-04-05;12.8;20.2;4;5;2010;95;16.5
2010-04-06;14.6;20.3;4;6;2010;96;17.4
2010-04-07;14.2;18.7;4;7;2010;97;16.4
2010-04-08;12.8;18.8;4;8;2010;98;15.8
2010-04-09;11.3;20.9;4;9;2010;99;16.1
2010-04-10;11.8;20.7;4;10;2010;100;16.2
2010-04-11;13.4;21.5;4;11;2010;101;17.4
2010-04-12;11.2;18.5;4;12;2010;102;14.8
2010-04-13;13.8;20.1;4;13;2010;103;17.0
2010-04-14;12.1;21.3;4;14;2010;104;16.7
2010-04-15;13.7;20.3;4;15;2010;105;17.0
2010-04-16;13.6;20.0;4;16;2010;106;16.8
2010-04-17;12.6;18.9;4;17;2010;107;15.8
2010-04-18;12.1;19.1;4;18;2010;108;15.6
2010-04-19;11.8;19.9;4;19;2010;109;15.8
2010-04-20;14.8;24.6;4;20;2010;110;19.7
2010-04-21;13.7;25.3;4;21;2010;111;19.5
2010-04-22;15.2;22.2;4;22;2010;112;18.7
2010-04-23;13.5;21.4;4;23;2010;113;17.4
2010-04-24;15.2;21.6;4;24;2010;114;18.4
2010-04-25;16.5;27.7;4;25;2010;115;22.1
2010-04-26;14.7;28.0;4;26;2010;116;21.4
2010-04-27;14.1;24.0;4;27;2010;117;19.0
2010-04-28;18.0;28.6;4;28;2010;118;23.3
2010-04-29;16.3;28.2;4;29;2010;119;22.2
2010-04-30;15.6;22.2;4;30;2010;120;18.9
2010-05-01;16.5;23.5;5;1;2010;121;20.0
2010-05-02;16.2;22.7;5;2;2010;122;19.4
2010-05-03;17.3;26.1;5;3;2010;123;21.7
2010-05-04;14.8;21.8;5;4;2010;124;18.3
2010-05-05;14.1;20.2;5;5;2010;125;17.2
2010-05-06;12.3;20.5;5;6;2010;126;16.4
2010-05-07;14.4;21.2;5;7;2010;127;17.8
2010-05-08;13.3;21.5;5;8;2010;128;17.4
2010-05-09;14.4;24.9;5;9;2010;129;19.6
2010-05-10;15.8;22.9;5;10;2010;130;19.4
2010-05-11;14.1;22.4;5;11;2010;131;18.2
2010-05-12;13.7;21.5;5;12;2010;132;17.6
2010-05-13;12.2;20.6;5;13;2010;133;16.4
2010-05-14;12.8;21.3;5;14;2010;134;17.0
2010-05-15;12.1;22.0;5;15;2010;135;17.0
2010-05-16;12.1;21.8;5;16;2010;136;17.0
2010-05-17;13.7;25.6;5;17;2010;137;19.6
2010-05-18;14.2;27.5;5;18;2010;138;20.8
2010-05-19;14.4;22.9;5;19;2010;139;18.6
2010-05-20;17.4;26.8;5;20;2010;140;22.1
2010-05-21;16.4;28.0;5;21;2010;141;22.2
2010-05-22;16.9;27.7;5;22;2010;142;22.3
2010-05-23;15.2;25.8;5;23;2010;143;20.5
2010-05-24;16.7;29.2;5;24;2010;144;23.0
2010-05-25;17.6;23.4;5;25;2010;145;20.5
2010-05-26;15.8;23.1;5;26;2010;146;19.4
2010-05-27;17.2;24.1;5;27;2010;147;20.6
2010-05-28;17.2;24.3;5;28;2010;148;20.8
2010-05-29;15.7;23.0;5;29;2010;149;19.4
2010-05-30;17.0;23.7;5;30;2010;150;20.4
2010-05-31;18.5;27.9;5;31;2010;151;23.2
2010-06-01;20.8;29.1;6;1;2010;152;25.0
2010-06-02;20.0;29.2;6;2;2010;153;24.6
2010-06-03;20.633333333333333;30.366666666666667;6;3;2010;154;25.5
2010-06-04;21.266666666666666;31.533333333333335;6;4;2010;155;26.400000000000002
2010-06-05;21.9;32.7;6;5;2010;156;27.3
2010-06-06;19.9;25.7;6;6;2010;157;22.8
2010-06-07;20.5;25.6;6;7;2010;158;23.0
2010-06-08;20.1;26.7;6;8;2010;159;23.4
2010-06-09;17.0;25.2;6;9;2010;160;21.1
2010-06-10;16.4;22.6;6;10;2010;161;19.5
2010-06-11;16.0;22.8;6;11;2010;162;19.4
2010-06-12;15.0;22.2;6;12;2010;163;18.6
2010-06-13;16.1;22.3;6;13;2010;164;19.2
2010-06-14;17.0;21.9;6;14;2010;165;19.4
2010-06-15;17.3;23.6;6;15;2010;166;20.4
2010-06-16;17.9;24.4;6;16;2010;167;21.2
2010-06-17;17.9;25.4;6;17;2010;168;21.6
2010-06-18;17.3;24.1;6;18;2010;169;20.7
2010-06-19;16.8;24.3;6;19;2010;170;20.6
2010-06-20;16.5;24.4;6;20;2010;171;20.4
2010-06-21;18.6;25.2;6;21;2010;172;21.9
2010-06-22;18.7;24.3;6;22;2010;173;21.5
2010-06-23;19.1;32.4;6;23;2010;174;25.8
2010-06-24;21.7;34.5;6;24;2010;175;28.1
2010-06-25;20.7;28.4;6;25;2010;176;24.6
2010-06-26;18.7;26.2;6;26;2010;177;22.4
2010-06-27;19.6;29.8;6;27;2010;178;24.7
2010-06-28;21.2;30.9;6;28;2010;179;26.0
2010-06-29;22.2;34.1;6;29;2010;180;28.2
2010-06-30;21.6;34.3;6;30;2010;181;28.0
2010-07-01;22.3;35.8;7;1;2010;182;29.0
2010-07-02;25.0;35.3;7;2;2010;183;30.2
2010-07-03;24.2;32.1;7;3;2010;184;28.2
2010-07-04;24.0;36.4;7;4;2010;185;30.2
2010-07-05;26.1;35.1;7;5;2010;186;30.6
2010-07-06;25.0;34.6;7;6;2010;187;29.8
2010-07-07;23.0;36.6;7;7;2010;188;29.8
2010-07-08;24.5;40.3;7;8;2010;189;32.4
2010-07-09;22.7;31.4;7;9;2010;190;27.0
2010-07-10;22.1;27.3;7;10;2010;191;24.7
2010-07-11;22.8;28.4;7;11;2010;192;25.6
2010-07-12;22.6;27.6;7;12;2010;193;25.1
2010-07-13;22.5;27.0;7;13;2010;194;24.8
2010-07-14;20.9;27.0;7;14;2010;195;24.0
2010-07-15;21.5;27.4;7;15;2010;196;24.4
2010-07-16;23.2;27.9;7;16;2010;197;25.6
2010-07-17;22.9;33.9;7;17;2010;198;28.4
2010-07-18;24.1;35.3;7;18;2010;199;29.7
2010-07-19;23.2;27.8;7;19;2010;200;25.5
2010-07-20;23.2;28.3;7;20;2010;201;25.8
2010-07-21;22.2;27.4;7;21;2010;202;24.8
2010-07-22;22.2;27.7;7;22;2010;203;25.0
2010-07-23;23.4;34.1;7;23;2010;204;28.8
2010-07-24;26.4;33.9;7;24;2010;205;30.2
2010-07-25;23.9;31.5;7;25;2010;206;27.7
2010-07-26;24.1;32.0;7;26;2010;207;28.0
2010-07-27;24.5;32.9;7;27;2010;208;28.7
2010-07-28;24.0;34.8;7;28;2010;209;29.4
2010-07-29;23.4;28.1;7;29;2010;210;25.8
2010-07-30;23.7;31.1;7;30;2010;211;27.4
2010-07-31;23.2;33.6;7;31;2010;212;28.4
2010-08-01;24.0;31.5;8;1;2010;213;27.8
2010-08-02;23.4;28.9;8;2;2010;214;26.2
2010-08-03;24.5;32.8;8;3;2010;215;28.6
2010-08-04;24.0;28.9;8;4;2010;216;26.4
2010-08-05;23.9;28.9;8;5;2010;217;26.4
2010-08-06;24.8;33.8;8;6;2010;218;29.3
2010-08-07;26.0;33.7;8;7;2010;219;29.8
2010-08-08;25.2;36.5;8;8;2010;220;30.8
2010-08-09;24.7;30.7;8;9;2010;221;27.7
2010-08-10;24.9;30.0;8;10;2010;222;27.4
2010-08-11;24.4;30.5;8;11;2010;223;27.4
2010-08-12;24.9;32.6;8;12;2010;224;28.8
2010-08-13;25.2;33.5;8;13;2010;225;29.4
2010-08-14;24.3;30.3;8;14;2010;226;27.3
2010-08-15;23.1;32.0;8;15;2010;227;27.6
2010-08-16;22.4;28.9;8;16;2010;228;25.6
2010-08-17;24.2;29.3;8;17;2010;229;26.8
2010-08-18;22.6;27.8;8;18;2010;230;25.2
2010-08-19;22.8;28.9;8;19;2010;231;25.8
2010-08-20;23.0;33.3;8;20;2010;232;28.2
2010-08-21;25.0;35.1;8;21;2010;233;30.0
2010-08-22;24.3;29.0;8;22;2010;234;26.6
2010-08-23;23.9;29.2;8;23;2010;235;26.6
2010-08-24;21.4;29.1;8;24;2010;236;25.2
2010-08-25;23.5;36.9;8;25;2010;237;30.2
2010-08-26;25.0;39.2;8;26;2010;238;32.1
2010-08-27;22.4;29.5;8;27;2010;239;26.0
2010-08-28;23.6;36.3;8;28;2010;240;30.0
2010-08-29;25.3;32.8;8;29;2010;241;29.0
2010-08-30;23.8;31.5;8;30;2010;242;27.6
2010-08-31;23.725;30.825;8;31;2010;243;27.25
2010-09-01;23.65;30.15;9;1;2010;244;26.9
2010-09-02;23.575;29.475;9;2;2010;245;26.55
2010-09-03;23.5;28.8;9;3;2010;246;26.2
2010-09-04;22.6;31.8;9;4;2010;247;27.2
2010-09-05;21.4;30.0;9;5;2010;248;25.7
2010-09-06;21.2;28.5;9;6;2010;249;24.8
2010-09-07;21.6;30.0;9;7;2010;250;25.8
2010-09-08;19.9;28.3;9;8;2010;251;24.1
2010-09-09;20.2;28.3;9;9;2010;252;24.2
2010-09-10;20.8;31.4;9;10;2010;253;26.1
2010-09-11;20.7;32.0;9;11;2010;254;26.4
2010-09-12;21.0;32.4;9;12;2010;255;26.7
2010-09-13;20.9;33.9;9;13;2010;256;27.4
2010-09-14;20.6;26.8;9;14;2010;257;23.7
2010-09-15;21.4;28.6;9;15;2010;258;25.0
2010-09-16;21.4;26.9;9;16;2010;259;24.2
2010-09-17;20.6;28.9;9;17;2010;260;24.8
2010-09-18;18.7;26.0;9;18;2010;261;22.4
2010-09-19;19.7;32.3;9;19;2010;262;26.0
2010-09-20;23.1;30.1;9;20;2010;263;26.6
2010-09-21;20.8;27.6;9;21;2010;264;24.2
2010-09-22;20.3;30.4;9;22;2010;265;25.4
2010-09-23;22.6;27.9;9;23;2010;266;25.2
2010-09-24;20.3;28.3;9;24;2010;267;24.3
2010-09-25;20.2;29.4;9;25;2010;268;24.8
2010-09-26;20.4;26.0;9;26;2010;269;23.2
2010-09-27;18.7;24.8;9;27;2010;270;21.8
2010-09-28;17.8;25.6;9;28;2010;271;21.7
2010-09-29;17.3;26.0;9;29;2010;272;21.6
2010-09-30;17.7;26.7;9;30;2010;273;22.2
2010-10-01;17.0;24.8;10;1;2010;274;20.9
2010-10-02;17.1;27.6;10;2;2010;275;22.4
2010-10-03;18.6;26.7;10;3;2010;276;22.6
2010-10-04;17.4;24.0;10;4;2010;277;20.7
2010-10-05;16.5;24.9;10;5;2010;278;20.7
2010-10-06;18.1;25.3;10;6;2010;279;21.7
2010-10-07;19.9;27.8;10;7;2010;280;23.8
2010-10-08;18.6;27.0;10;8;2010;281;22.8
2010-10-09;18.4;26.1;10;9;2010;282;22.2
2010-10-10;17.5;23.1;10;10;2010;283;20.3
2010-10-11;16.1;23.6;10;11;2010;284;19.8
2010-10-12;15.6;23.2;10;12;2010;285;19.4
2010-10-13;17.4;23.4;10;13;2010;286;20.4
2010-10-14;16.9;23.2;10;14;2010;287;20.0
2010-10-15;15.7;23.1;10;15;2010;288;19.4
2010-10-16;16.2;23.7;10;16;2010;289;20.0
2010-10-17;16.8;24.2;10;17;2010;290;20.5
2010-10-18;14.4;22.8;10;18;2010;291;18.6
2010-10-19;13.2;22.5;10;19;2010;292;17.8
2010-10-20;12.8;22.8;10;20;2010;293;17.8
2010-10-21;14.1;24.9;10;21;2010;294;19.5
2010-10-22;14.0;24.6;10;22;2010;295;19.3
2010-10-23;16.0;23.0;10;23;2010;296;19.5
2010-10-24;15.4;22.3;10;24;2010;297;18.8
2010-10-25;13.7;24.3;10;25;2010;298;19.0
2010-10-26;13.7;22.1;10;26;2010;299;17.9
2010-10-27;13.0;21.4;10;27;2010;300;17.2
2010-10-28;10.9;21.5;10;28;2010;301;16.2
2010-10-29;11.5;21.3;10;29;2010;302;16.4
2010-10-30;17.6;21.3;10;30;2010;303;19.4
2010-10-31;16.0;23.7;10;31;2010;304;19.8
2010-11-01;16.6;21.8;11;1;2010;305;19.2
2010-11-02;14.4;22.5;11;2;2010;306;18.4
2010-11-03;12.8;22.1;11;3;2010;307;17.4
2010-11-04;13.4;24.3;11;4;2010;308;18.8
2010-11-05;14.2;24.9;11;5;2010;309;19.6
2010-11-06;13.8;22.4;11;6;2010;310;18.1
2010-11-07;11.9;20.0;11;7;2010;311;16.0
2010-11-08;12.4;20.6;11;8;2010;312;16.5
2010-11-09;16.0;21.8;11;9;2010;313;18.9
2010-11-10;13.8;19.8;11;10;2010;314;16.8
2010-11-11;11.6;20.8;11;11;2010;315;16.2
2010-11-12;11.1;18.2;11;12;2010;316;14.6
2010-11-13;10.6;18.4;11;13;2010;317;14.5
2010-11-14;10.0;19.3;11;14;2010;318;14.6
2010-11-15;13.3;20.7;11;15;2010;319;17.0
2010-11-16;9.2;18.8;11;16;2010;320;14.0
2010-11-17;8.9;16.4;11;17;2010;321;12.6
2010-11-18;9.9;18.9;11;18;2010;322;14.4
2010-11-19;10.8;20.4;11;19;2010;323;15.6
2010-11-20;9.1;18.1;11;20;2010;324;13.6
2010-11-21;10.7;18.1;11;21;2010;325;14.4
2010-11-22;9.8;17.8;11;22;2010;326;13.8
2010-11-23;11.6;18.0;11;23;2010;327;14.8
2010-11-24;9.9;17.4;11;24;2010;328;13.6
2010-11-25;11.6;18.5;11;25;2010;329;15.0
2010-11-26;11.1;16.2;11;26;2010;330;13.6
2010-11-27;9.1;11.9;11;27;2010;331;10.5
2010-11-28;9.4;16.7;11;28;2010;332;13.0
2010-11-29;8.3;12.2;11;29;2010;333;10.2
2010-11-30;10.4;13.9;11;30;2010;334;12.2
2010-12-01;9.1;16.2;12;1;2010;335;12.6
2010-12-02;8.4;18.2;12;2;2010;336;13.3
2010-12-03;6.7;15.4;12;3;2010;337;11.0
2010-12-04;5.2;14.4;12;4;2010;338;9.8
2010-12-05;9.3;18.0;12;5;2010;339;13.6
2010-12-06;12.6;19.3;12;6;2010;340;16.0
2010-12-07;14.1;24.2;12;7;2010;341;19.2
2010-12-08;14.1;25.95;12;8;2010;342;20.049999999999997
2010-12-09;14.1;27.7;12;9;2010;343;20.9
2010-12-10;14.6;22.0;12;10;2010;344;18.3
2010-12-11;10.6;21.8;12;11;2010;345;16.2
2010-12-12;10.2;17.7;12;12;2010;346;14.0
2010-12-13;12.5;20.4;12;13;2010;347;16.4
2010-12-14;12.5;19.0;12;14;2010;348;15.8
2010-12-15;7.2;17.6;12;15;2010;349;12.4
2010-12-16;4.5;13.2;12;16;2010;350;8.8
2010-12-17;3.5;13.6;12;17;2010;351;8.6
2010-12-18;10.4;15.4;12;18;2010;352;12.9
2010-12-19;12.8;18.3;12;19;2010;353;15.6
2010-12-20;10.2;17.1;12;20;2010;354;13.6
2010-12-21;12.4;17.1;12;21;2010;355;14.8
2010-12-22;13.0;17.4;12;22;2010;356;15.2
2010-12-23;11.5;17.6;12;23;2010;357;14.6
2010-12-24;8.5;15.4;12;24;2010;358;12.0
2010-12-25;8.8;14.6;12;25;2010;359;11.7
2010-12-26;6.8;14.4;12;26;2010;360;10.6
2010-12-27;5.3;15.2;12;27;2010;361;10.2
2010-12-28;7.4;16.0;12;28;2010;362;11.7
2010-12-29;8.1;16.5;12;29;2010;363;12.3
2010-12-30;9.4;16.4;12;30;2010;364;12.9
2010-12-31;11.4;16.8;12;31;2010;365;14.1
2011-01-01;11.7;17.5;1;1;2011;1;14.6
2011-01-02;9.6;17.1;1;2;2011;2;13.4
2011-01-03;9.9;17.6;1;3;2011;3;13.8
2011-01-04;9.6;16.3;1;4;2011;4;13.0
2011-01-05;8.4;17.0;1;5;2011;5;12.7
2011-01-06;9.6;18.0;1;6;2011;6;13.8
2011-01-07;10.8;18.5;1;7;2011;7;14.6
2011-01-08;9.9;19.8;1;8;2011;8;14.8
2011-01-09;10.9;18.2;1;9;2011;9;14.6
2011-01-10;8.8;17.3;1;10;2011;10;13.0
2011-01-11;8.4;18.6;1;11;2011;11;13.5
2011-01-12;10.8;19.9;1;12;2011;12;15.4
2011-01-13;10.2;18.1;1;13;2011;13;14.2
2011-01-14;10.7;18.8;1;14;2011;14;14.8
2011-01-15;9.0;17.4;1;15;2011;15;13.2
2011-01-16;8.7;15.8;1;16;2011;16;12.2
2011-01-17;8.3;16.5;1;17;2011;17;12.4
2011-01-18;9.6;14.9;1;18;2011;18;12.2
2011-01-19;10.8;16.7;1;19;2011;19;13.8
2011-01-20;8.7;16.7;1;20;2011;20;12.7
2011-01-21;8.7;15.2;1;21;2011;21;12.0
2011-01-22;5.8;12.7;1;22;2011;22;9.2
2011-01-23;8.4;10.4;1;23;2011;23;9.4
2011-01-24;9.8;12.8;1;24;2011;24;11.3
2011-01-25;9.4;12.7;1;25;2011;25;11.0
2011-01-26;10.0;13.8;1;26;2011;26;11.9
2011-01-27;9.433333333333334;14.8;1;27;2011;27;12.133333333333333
2011-01-28;8.866666666666667;15.8;1;28;2011;28;12.366666666666667
2011-01-29;8.3;16.8;1;29;2011;29;12.6
2011-01-30;6.7;15.7;1;30;2011;30;11.2
2011-01-31;6.833333333333333;15.4;1;31;2011;31;11.133333333333333
2011-02-01;6.966666666666667;15.1;2;1;2011;32;11.066666666666666
2011-02-02;7.1;14.8;2;2;2011;33;11.0
2011-02-03;5.8;16.5;2;3;2011;34;11.2
2011-02-04;6.7;16.0;2;4;2011;35;11.4
2011-02-05;7.1;16.1;2;5;2011;36;11.6
2011-02-06;6.6;16.2;2;6;2011;37;11.4
2011-02-07;7.2;15.2;2;7;2011;38;11.2
2011-02-08;7.7;15.3;2;8;2011;39;11.5
2011-02-09;8.1;16.2;2;9;2011;40;12.2
2011-02-10;7.1;15.649999999999999;2;10;2011;41;11.399999999999999
2011-02-11;6.1;15.1;2;11;2011;42;10.6
2011-02-12;6.5;16.1;2;12;2011;43;11.3
2011-02-13;8.1;16.7;2;13;2011;44;12.4
2011-02-14;11.4;17.3;2;14;2011;45;14.4
2011-02-15;9.0;13.8;2;15;2011;46;11.4
2011-02-16;6.9;16.2;2;16;2011;47;11.6
2011-02-17;7.8;18.1;2;17;2011;48;13.0
2011-02-18;9.7;17.0;2;18;2011;49;13.4
2011-02-19;8.7;16.6;2;19;2011;50;12.6
2011-02-20;11.6;18.2;2;20;2011;51;14.9
2011-02-21;11.2;20.0;2;21;2011;52;15.6
2011-02-22;14.3;19.1;2;22;2011;53;16.7
2011-02-23;10.7;20.6;2;23;2011;54;15.6
2011-02-24;10.8;18.6;2;24;2011;55;14.7
2011-02-25;9.9;19.6;2;25;2011;56;14.8
2011-02-26;8.9;18.0;2;26;2011;57;13.4
2011-02-27;10.1;18.0;2;27;2011;58;14.0
2011-02-28;7.5;17.6;2;28;2011;59;12.6
2011-03-01;7.4;14.8;3;1;2011;60;11.1
2011-03-02;5.6;15.3;3;2;2011;61;10.4
2011-03-03;6.1;15.3;3;3;2011;62;10.7
2011-03-04;7.7;16.1;3;4;2011;63;11.9
2011-03-05;8.7;17.0;3;5;2011;64;12.8
2011-03-06;8.3;18.4;3;6;2011;65;13.4
2011-03-07;7.8;18.8;3;7;2011;66;13.3
2011-03-08;10.8;17.9;3;8;2011;67;14.4
2011-03-09;12.2;16.4;3;9;2011;68;14.3
2011-03-10;12.5;15.2;3;10;2011;69;13.8
2011-03-11;11.3;16.9;3;11;2011;70;14.1
2011-03-12;11.5;19.2;3;12;2011;71;15.4
2011-03-13;9.5;17.9;3;13;2011;72;13.7
2011-03-14;12.2;20.4;3;14;2011;73;16.3
2011-03-15;10.6;18.75;3;15;2011;74;14.65
2011-03-16;9.0;17.1;3;16;2011;75;13.0
2011-03-17;10.8;17.5;3;17;2011;76;14.2
2011-03-18;10.5;17.9;3;18;2011;77;14.2
2011-03-19;9.5;17.6;3;19;2011;78;13.6
2011-03-20;10.0;20.8;3;20;2011;79;15.4
2011-03-21;11.0;19.1;3;21;2011;80;15.0
2011-03-22;11.7;17.4;3;22;2011;81;14.6
2011-03-23;12.0;19.3;3;23;2011;82;15.6
2011-03-24;14.1;21.3;3;24;2011;83;17.7
2011-03-25;12.2;21.7;3;25;2011;84;17.0
2011-03-26;10.7;17.4;3;26;2011;85;14.0
2011-03-27;11.8;21.2;3;27;2011;86;16.5
2011-03-28;12.8;20.1;3;28;2011;87;16.4
2011-03-29;13.8;19.2;3;29;2011;88;16.5
2011-03-30;13.6;21.1;3;30;2011;89;17.4
2011-03-31;11.8;20.8;3;31;2011;90;16.3
2011-04-01;13.0;26.6;4;1;2011;91;19.8
2011-04-02;14.9;20.5;4;2;2011;92;17.7
2011-04-03;15.7;21.5;4;3;2011;93;18.6
2011-04-04;15.8;23.4;4;4;2011;94;19.6
2011-04-05;16.9;24.1;4;5;2011;95;20.5
2011-04-06;21.0;28.2;4;6;2011;96;24.6
2011-04-07;16.1;29.1;4;7;2011;97;22.6
2011-04-08;14.8;21.5;4;8;2011;98;18.2
2011-04-09;12.6;22.3;4;9;2011;99;17.4
2011-04-10;14.8;21.9;4;10;2011;100;18.4
2011-04-11;14.9;24.9;4;11;2011;101;19.9
2011-04-12;13.6;25.3;4;12;2011;102;19.4
2011-04-13;12.6;25.2;4;13;2011;103;18.9
2011-04-14;15.6;23.9;4;14;2011;104;19.8
2011-04-15;14.7;24.4;4;15;2011;105;19.6
2011-04-16;16.2;22.7;4;16;2011;106;19.4
2011-04-17;14.6;22.5;4;17;2011;107;18.6
2011-04-18;11.5;23.1;4;18;2011;108;17.3
2011-04-19;13.0;20.8;4;19;2011;109;16.9
2011-04-20;13.4;24.2;4;20;2011;110;18.8
2011-04-21;14.3;23.3;4;21;2011;111;18.8
2011-04-22;14.5;20.1;4;22;2011;112;17.3
2011-04-23;11.6;19.9;4;23;2011;113;15.8
2011-04-24;13.5;22.1;4;24;2011;114;17.8
2011-04-25;14.3;18.7;4;25;2011;115;16.5
2011-04-26;12.5;20.2;4;26;2011;116;16.4
2011-04-27;13.8;24.7;4;27;2011;117;19.2
2011-04-28;15.2;27.4;4;28;2011;118;21.3
2011-04-29;16.0;20.5;4;29;2011;119;18.2
2011-04-30;14.1;20.5;4;30;2011;120;17.3
2011-05-01;14.1;24.7;5;1;2011;121;19.4
2011-05-02;14.8;17.7;5;2;2011;122;16.2
2011-05-03;14.6;21.7;5;3;2011;123;18.2
2011-05-04;16.0;20.4;5;4;2011;124;18.2
2011-05-05;15.3;21.9;5;5;2011;125;18.6
2011-05-06;16.9;29.0;5;6;2011;126;23.0
2011-05-07;15.4;22.8;5;7;2011;127;19.1
2011-05-08;13.5;23.0;5;8;2011;128;18.2
2011-05-09;15.4;27.9;5;9;2011;129;21.6
2011-05-10;16.1;27.3;5;10;2011;130;21.7
2011-05-11;18.4;28.5;5;11;2011;131;23.4
2011-05-12;17.9;29.2;5;12;2011;132;23.6
2011-05-13;18.0;27.9;5;13;2011;133;23.0
2011-05-14;15.7;22.2;5;14;2011;134;19.0
2011-05-15;18.2;25.1;5;15;2011;135;21.6
2011-05-16;16.7;24.4;5;16;2011;136;20.6
2011-05-17;17.6;25.8;5;17;2011;137;21.7
2011-05-18;16.8;22.6;5;18;2011;138;19.7
2011-05-19;15.7;24.3;5;19;2011;139;20.0
2011-05-20;16.0;24.8;5;20;2011;140;20.4
2011-05-21;14.0;22.6;5;21;2011;141;18.3
2011-05-22;15.4;22.6;5;22;2011;142;19.0
2011-05-23;15.6;23.4;5;23;2011;143;19.5
2011-05-24;18.7;27.4;5;24;2011;144;23.0
2011-05-25;19.5;31.4;5;25;2011;145;25.4
2011-05-26;18.6;26.3;5;26;2011;146;22.4
2011-05-27;19.3;25.5;5;27;2011;147;22.4
2011-05-28;20.7;29.9;5;28;2011;148;25.3
2011-05-29;20.0;24.5;5;29;2011;149;22.2
2011-05-30;19.9;26.0;5;30;2011;150;23.0
2011-05-31;17.8;24.7;5;31;2011;151;21.2
2011-06-01;19.6;26.6;6;1;2011;152;23.1
2011-06-02;17.7;22.4;6;2;2011;153;20.0
2011-06-03;17.4;25.2;6;3;2011;154;21.3
2011-06-04;16.1;24.5;6;4;2011;155;20.3
2011-06-05;16.1;25.2;6;5;2011;156;20.6
2011-06-06;16.7;23.6;6;6;2011;157;20.2
2011-06-07;16.9;24.5;6;7;2011;158;20.7
2011-06-08;16.7;23.8;6;8;2011;159;20.2
2011-06-09;16.7;22.6;6;9;2011;160;19.6
2011-06-10;17.6;23.1;6;10;2011;161;20.4
2011-06-11;17.5;27.8;6;11;2011;162;22.6
2011-06-12;18.9;26.2;6;12;2011;163;22.6
2011-06-13;18.4;24.1;6;13;2011;164;21.2
2011-06-14;18.5;28.5;6;14;2011;165;23.5
2011-06-15;20.0;25.7;6;15;2011;166;22.8
2011-06-16;19.6;24.7;6;16;2011;167;22.2
2011-06-17;19.7;24.4;6;17;2011;168;22.0
2011-06-18;19.3;25.4;6;18;2011;169;22.4
2011-06-19;20.9;31.9;6;19;2011;170;26.4
2011-06-20;22.2;26.8;6;20;2011;171;24.5
2011-06-21;21.9;26.1;6;21;2011;172;24.0
2011-06-22;21.4;26.0;6;22;2011;173;23.7
2011-06-23;21.2;27.5;6;23;2011;174;24.4
2011-06-24;22.6;31.5;6;24;2011;175;27.0
2011-06-25;22.2;33.1;6;25;2011;176;27.6
2011-06-26;21.9;33.4;6;26;2011;177;27.6
2011-06-27;21.9;27.7;6;27;2011;178;24.8
2011-06-28;21.2;26.9;6;28;2011;179;24.0
2011-06-29;21.8;29.7;6;29;2011;180;25.8
2011-06-30;23.6;32.8;6;30;2011;181;28.2
2011-07-01;23.1;30.8;7;1;2011;182;27.0
2011-07-02;23.0;27.1;7;2;2011;183;25.0
2011-07-03;21.0;29.6;7;3;2011;184;25.3
2011-07-04;18.7;25.3;7;4;2011;185;22.0
2011-07-05;19.8;26.6;7;5;2011;186;23.2
2011-07-06;20.3;27.8;7;6;2011;187;24.0
2011-07-07;20.4;29.6;7;7;2011;188;25.0
2011-07-08;18.1;27.6;7;8;2011;189;22.8
2011-07-09;19.8;29.4;7;9;2011;190;24.6
2011-07-10;22.4;28.3;7;10;2011;191;25.4
2011-07-11;22.7;30.4;7;11;2011;192;26.6
2011-07-12;21.9;28.3;7;12;2011;193;25.1
2011-07-13;20.2;27.2;7;13;2011;194;23.7
2011-07-14;22.7;31.5;7;14;2011;195;27.1
2011-07-15;22.9;33.3;7;15;2011;196;28.1
2011-07-16;22.9;28.4;7;16;2011;197;25.6
2011-07-17;21.8;28.9;7;17;2011;198;25.4
2011-07-18;22.3;29.4;7;18;2011;199;25.8
2011-07-19;20.6;26.6;7;19;2011;200;23.6
2011-07-20;23.1;32.3;7;20;2011;201;27.7
2011-07-21;21.6;33.7;7;21;2011;202;27.6
2011-07-22;23.0;30.6;7;22;2011;203;26.8
2011-07-23;22.8;27.6;7;23;2011;204;25.2
2011-07-24;21.6;26.3;7;24;2011;205;24.0
2011-07-25;23.0;26.8;7;25;2011;206;24.9
2011-07-26;21.6;29.2;7;26;2011;207;25.4
2011-07-27;23.1;34.4;7;27;2011;208;28.8
2011-07-28;24.5;31.6;7;28;2011;209;28.0
2011-07-29;23.4;27.3;7;29;2011;210;25.4
2011-07-30;23.0;27.1;7;30;2011;211;25.0
2011-07-31;24.2;28.7;7;31;2011;212;26.4
2011-08-01;23.5;35.5;8;1;2011;213;29.5
2011-08-02;23.1;27.5;8;2;2011;214;25.3
2011-08-03;22.6;29.5;8;3;2011;215;26.0
2011-08-04;22.8;29.8;8;4;2011;216;26.3
2011-08-05;23.9;28.6;8;5;2011;217;26.2
2011-08-06;23.6;28.2;8;6;2011;218;25.9
2011-08-07;23.3;30.8;8;7;2011;219;27.0
2011-08-08;23.6;36.1;8;8;2011;220;29.8
2011-08-09;25.7;32.3;8;9;2011;221;29.0
2011-08-10;24.5;31.2;8;10;2011;222;27.8
2011-08-11;22.4;31.9;8;11;2011;223;27.2
2011-08-12;23.2;35.8;8;12;2011;224;29.5
2011-08-13;21.0;27.6;8;13;2011;225;24.3
2011-08-14;22.1;28.1;8;14;2011;226;25.1
2011-08-15;22.9;28.3;8;15;2011;227;25.6
2011-08-16;24.1;32.6;8;16;2011;228;28.4
2011-08-17;23.6;30.3;8;17;2011;229;27.0
2011-08-18;25.2;33.9;8;18;2011;230;29.6
2011-08-19;26.1;35.6;8;19;2011;231;30.8
2011-08-20;25.0;37.3;8;20;2011;232;31.2
2011-08-21;25.5;32.2;8;21;2011;233;28.8
2011-08-22;23.8;29.6;8;22;2011;234;26.7
2011-08-23;21.5;28.3;8;23;2011;235;24.9
2011-08-24;23.4;28.5;8;24;2011;236;26.0
2011-08-25;21.9;30.0;8;25;2011;237;26.0
2011-08-26;21.6;28.8;8;26;2011;238;25.2
2011-08-27;22.3;33.0;8;27;2011;239;27.6
2011-08-28;24.5;32.8;8;28;2011;240;28.6
2011-08-29;23.4;27.8;8;29;2011;241;25.6
2011-08-30;22.9;27.8;8;30;2011;242;25.4
2011-08-31;21.3;28.4;8;31;2011;243;24.8
2011-09-01;20.4;28.2;9;1;2011;244;24.3
2011-09-02;18.7;24.0;9;2;2011;245;21.4
2011-09-03;17.0;23.9;9;3;2011;246;20.4
2011-09-04;17.9;23.5;9;4;2011;247;20.7
2011-09-05;19.2;26.4;9;5;2011;248;22.8
2011-09-06;21.0;32.1;9;6;2011;249;26.6
2011-09-07;21.2;27.5;9;7;2011;250;24.4
2011-09-08;20.7;27.2;9;8;2011;251;24.0
2011-09-09;19.7;30.3;9;9;2011;252;25.0
2011-09-10;21.7;27.0;9;10;2011;253;24.4
2011-09-11;19.3;25.6;9;11;2011;254;22.4
2011-09-12;20.5;33.8;9;12;2011;255;27.2
2011-09-13;21.7;32.2;9;13;2011;256;27.0
2011-09-14;22.5;32.9;9;14;2011;257;27.7
2011-09-15;23.4;31.3;9;15;2011;258;27.4
2011-09-16;21.0;29.5;9;16;2011;259;25.2
2011-09-17;21.6;26.2;9;17;2011;260;23.9
2011-09-18;20.2;27.6;9;18;2011;261;23.9
2011-09-19;22.5;29.3;9;19;2011;262;25.9
2011-09-20;20.8;29.5;9;20;2011;263;25.2
2011-09-21;20.0;29.5;9;21;2011;264;24.8
2011-09-22;20.1;25.0;9;22;2011;265;22.6
2011-09-23;19.6;24.6;9;23;2011;266;22.1
2011-09-24;18.2;24.3;9;24;2011;267;21.2
2011-09-25;17.4;30.3;9;25;2011;268;23.8
2011-09-26;20.5;30.3;9;26;2011;269;25.4
2011-09-27;19.1;29.7;9;27;2011;270;24.4
2011-09-28;21.6;29.3;9;28;2011;271;25.4
2011-09-29;23.3;28.7;9;29;2011;272;26.0
2011-09-30;22.2;29.5;9;30;2011;273;25.8
2011-10-01;21.4;29.0;10;1;2011;274;25.2
2011-10-02;20.7;30.0;10;2;2011;275;25.4
2011-10-03;19.6;26.2;10;3;2011;276;22.9
2011-10-04;19.2;25.0;10;4;2011;277;22.1
2011-10-05;17.2;29.1;10;5;2011;278;23.2
2011-10-06;17.9;24.7;10;6;2011;279;21.3
2011-10-07;17.3;24.3;10;7;2011;280;20.8
2011-10-08;18.5;25.9;10;8;2011;281;22.2
2011-10-09;15.9;25.5;10;9;2011;282;20.7
2011-10-10;16.6;29.0;10;10;2011;283;22.8
2011-10-11;17.2;27.6;10;11;2011;284;22.4
2011-10-12;16.6;26.0;10;12;2011;285;21.3
2011-10-13;16.7;27.3;10;13;2011;286;22.0
2011-10-14;15.9;27.6;10;14;2011;287;21.8
2011-10-15;19.2;27.8;10;15;2011;288;23.5
2011-10-16;18.1;24.4;10;16;2011;289;21.2
2011-10-17;16.9;23.8;10;17;2011;290;20.4
2011-10-18;15.3;25.8;10;18;2011;291;20.6
2011-10-19;14.9;23.5;10;19;2011;292;19.2
2011-10-20;15.7;26.0;10;20;2011;293;20.8
2011-10-21;17.6;26.6;10;21;2011;294;22.1
2011-10-22;17.6;23.6;10;22;2011;295;20.6
2011-10-23;15.9;23.4;10;23;2011;296;19.6
2011-10-24;15.7;20.8;10;24;2011;297;18.2
2011-10-25;13.0;22.4;10;25;2011;298;17.7
2011-10-26;13.9;21.6;10;26;2011;299;17.8
2011-10-27;15.2;20.3;10;27;2011;300;17.8
2011-10-28;14.1;22.8;10;28;2011;301;18.4
2011-10-29;15.9;22.6;10;29;2011;302;19.2
2011-10-30;16.8;26.6;10;30;2011;303;21.7
2011-10-31;16.6;23.0;10;31;2011;304;19.8
2011-11-01;15.4;22.6;11;1;2011;305;19.0
2011-11-02;15.3;22.6;11;2;2011;306;19.0
2011-11-03;16.1;20.1;11;3;2011;307;18.1
2011-11-04;13.3;17.7;11;4;2011;308;15.5
2011-11-05;10.1;20.1;11;5;2011;309;15.1
2011-11-06;14.1;19.9;11;6;2011;310;17.0
2011-11-07;11.4;19.3;11;7;2011;311;15.4
2011-11-08;11.5;18.8;11;8;2011;312;15.2
2011-11-09;11.6;18.2;11;9;2011;313;14.9
2011-11-10;10.4;18.9;11;10;2011;314;14.6
2011-11-11;11.7;21.3;11;11;2011;315;16.5
2011-11-12;16.3;24.4;11;12;2011;316;20.4
2011-11-13;17.8;25.2;11;13;2011;317;21.5
2011-11-14;15.2;24.0;11;14;2011;318;19.6
2011-11-15;12.1;20.1;11;15;2011;319;16.1
2011-11-16;11.8;20.2;11;16;2011;320;16.0
2011-11-17;12.5;21.5;11;17;2011;321;17.0
2011-11-18;14.0;20.5;11;18;2011;322;17.2
2011-11-19;12.5;20.5;11;19;2011;323;16.5
2011-11-20;15.7;21.0;11;20;2011;324;18.4
2011-11-21;14.9;19.9;11;21;2011;325;17.4
2011-11-22;14.3;20.3;11;22;2011;326;17.3
2011-11-23;12.3;19.2;11;23;2011;327;15.8
2011-11-24;14.1;17.1;11;24;2011;328;15.6
2011-11-25;13.2;20.8;11;25;2011;329;17.0
2011-11-26;11.0;20.9;11;26;2011;330;16.0
2011-11-27;12.0;20.2;11;27;2011;331;16.1
2011-11-28;11.7;18.0;11;28;2011;332;14.8
2011-11-29;11.5;19.3;11;29;2011;333;15.4
2011-11-30;10.8;19.5;11;30;2011;334;15.2
2011-12-01;11.2;20.6;12;1;2011;335;15.9
2011-12-02;10.9;18.5;12;2;2011;336;14.7
2011-12-03;9.5;16.7;12;3;2011;337;13.1
2011-12-04;10.1;17.5;12;4;2011;338;13.8
2011-12-05;9.2;17.7;12;5;2011;339;13.4
2011-12-06;10.0;18.7;12;6;2011;340;14.4
2011-12-07;10.3;19.3;12;7;2011;341;14.8
2011-12-08;9.3;17.7;12;8;2011;342;13.5
2011-12-09;8.4;15.6;12;9;2011;343;12.0
2011-12-10;11.1;18.3;12;10;2011;344;14.7
2011-12-11;9.9;18.6;12;11;2011;345;14.2
2011-12-12;10.8;18.6;12;12;2011;346;14.7
2011-12-13;9.9;17.8;12;13;2011;347;13.8
2011-12-14;9.1;18.5;12;14;2011;348;13.8
2011-12-15;10.3;20.0;12;15;2011;349;15.2
2011-12-16;9.0;18.8;12;16;2011;350;13.9
2011-12-17;12.1;19.4;12;17;2011;351;15.8
2011-12-18;9.6;17.0;12;18;2011;352;13.3
2011-12-19;6.6;15.4;12;19;2011;353;11.0
2011-12-20;6.4;16.1;12;20;2011;354;11.2
2011-12-21;6.8;18.2;12;21;2011;355;12.5
2011-12-22;8.7;18.5;12;22;2011;356;13.6
2011-12-23;7.1;16.7;12;23;2011;357;11.9
2011-12-24;6.7;19.8;12;24;2011;358;13.2
2011-12-25;10.3;17.8;12;25;2011;359;14.0
2011-12-26;8.7;15.8;12;26;2011;360;12.2
2011-12-27;6.8;16.0;12;27;2011;361;11.4
2011-12-28;7.9;18.9;12;28;2011;362;13.4
2011-12-29;7.6;16.5;12;29;2011;363;12.0
2011-12-30;7.3;16.0;12;30;2011;364;11.6
2011-12-31;5.7;16.9;12;31;2011;365;11.3
2012-01-01;8.0;16.8;1;1;2012;1;12.4
2012-01-02;9.0;18.2;1;2;2012;2;13.6
2012-01-03;9.4;18.1;1;3;2012;3;13.8
2012-01-04;6.7;16.3;1;4;2012;4;11.5
2012-01-05;6.6;17.2;1;5;2012;5;11.9
2012-01-06;6.9;17.5;1;6;2012;6;12.2
2012-01-07;10.3;18.2;1;7;2012;7;14.2
2012-01-08;7.5;18.1;1;8;2012;8;12.8
2012-01-09;7.2;16.9;1;9;2012;9;12.0
2012-01-10;9.4;17.6;1;10;2012;10;13.5
2012-01-11;7.6;17.2;1;11;2012;11;12.4
2012-01-12;9.1;17.2;1;12;2012;12;13.2
2012-01-13;9.3;16.4;1;13;2012;13;12.8
2012-01-14;7.5;17.1;1;14;2012;14;12.3
2012-01-15;8.2;16.6;1;15;2012;15;12.4
2012-01-16;7.1;11.5;1;16;2012;16;9.3
2012-01-17;8.5;17.1;1;17;2012;17;12.8
2012-01-18;10.1;17.5;1;18;2012;18;13.8
2012-01-19;7.7;17.0;1;19;2012;19;12.4
2012-01-20;6.2;15.3;1;20;2012;20;10.8
2012-01-21;8.2;17.2;1;21;2012;21;12.7
2012-01-22;6.8;15.6;1;22;2012;22;11.2
2012-01-23;7.1;15.9;1;23;2012;23;11.5
2012-01-24;8.0;16.4;1;24;2012;24;12.2
2012-01-25;7.1;15.8;1;25;2012;25;11.4
2012-01-26;7.4;15.8;1;26;2012;26;11.6
2012-01-27;8.5;14.9;1;27;2012;27;11.7
2012-01-28;9.1;17.6;1;28;2012;28;13.4
2012-01-29;6.8;16.6;1;29;2012;29;11.7
2012-01-30;6.4;15.1;1;30;2012;30;10.8
2012-01-31;4.6;14.4;1;31;2012;31;9.5
2012-02-01;6.1;15.9;2;1;2012;32;11.0
2012-02-02;6.9;13.9;2;2;2012;33;10.4
2012-02-03;3.8;11.1;2;3;2012;34;7.4
2012-02-04;2.5;10.3;2;4;2012;35;6.4
2012-02-05;3.9;13.6;2;5;2012;36;8.8
2012-02-06;8.5;19.1;2;6;2012;37;13.8
2012-02-07;10.3;21.3;2;7;2012;38;15.8
2012-02-08;4.4;13.4;2;8;2012;39;8.9
2012-02-09;3.1;13.0;2;9;2012;40;8.0
2012-02-10;4.2;14.5;2;10;2012;41;9.4
2012-02-11;5.4;14.9;2;11;2012;42;10.2
2012-02-12;2.2;12.7;2;12;2012;43;7.4
2012-02-13;1.8;12.2;2;13;2012;44;7.0
2012-02-14;4.3;14.2;2;14;2012;45;9.2
2012-02-15;5.9;14.5;2;15;2012;46;10.2
2012-02-16;4.1;14.8;2;16;2012;47;9.4
2012-02-17;6.9;16.1;2;17;2012;48;11.5
2012-02-18;7.1;17.0;2;18;2012;49;12.0
2012-02-19;6.3;15.8;2;19;2012;50;11.0
2012-02-20;6.7;17.4;2;20;2012;51;12.0
2012-02-21;6.6;16.1;2;21;2012;52;11.4
2012-02-22;6.2;15.4;2;22;2012;53;10.8
2012-02-23;5.9;15.5;2;23;2012;54;10.7
2012-02-24;6.3;17.6;2;24;2012;55;12.0
2012-02-25;7.0;16.1;2;25;2012;56;11.6
2012-02-26;8.0;18.9;2;26;2012;57;13.4
2012-02-27;10.5;18.3;2;27;2012;58;14.4
2012-02-28;10.1;20.0;2;28;2012;59;15.0
2012-02-29;7.8;16.4;2;29;2012;60;12.1
2012-03-01;8.9;16.4;3;1;2012;61;12.6
2012-03-02;10.0;16.1;3;2;2012;62;13.0
2012-03-03;7.9;17.0;3;3;2012;63;12.4
2012-03-04;9.4;18.0;3;4;2012;64;13.7
2012-03-05;11.0;20.6;3;5;2012;65;15.8
2012-03-06;10.1;16.7;3;6;2012;66;13.4
2012-03-07;7.1;17.6;3;7;2012;67;12.4
2012-03-08;6.9;16.7;3;8;2012;68;11.8
2012-03-09;10.8;17.1;3;9;2012;69;14.0
2012-03-10;7.7;19.2;3;10;2012;70;13.4
2012-03-11;7.5;16.7;3;11;2012;71;12.1
2012-03-12;8.0;17.2;3;12;2012;72;12.6
2012-03-13;8.4;19.9;3;13;2012;73;14.2
2012-03-14;9.1;19.1;3;14;2012;74;14.1
2012-03-15;12.2;24.4;3;15;2012;75;18.3
2012-03-16;9.5;18.1;3;16;2012;76;13.8
2012-03-17;9.9;18.9;3;17;2012;77;14.4
2012-03-18;9.4;18.6;3;18;2012;78;14.0
2012-03-19;10.0;20.2;3;19;2012;79;15.1
2012-03-20;7.6;18.6;3;20;2012;80;13.1
2012-03-21;6.7;16.8;3;21;2012;81;11.8
2012-03-22;8.4;18.5;3;22;2012;82;13.4
2012-03-23;10.6;22.7;3;23;2012;83;16.6
2012-03-24;11.9;19.3;3;24;2012;84;15.6
2012-03-25;11.3;19.9;3;25;2012;85;15.6
2012-03-26;11.6;22.4;3;26;2012;86;17.0
2012-03-27;12.2;22.3;3;27;2012;87;17.2
2012-03-28;13.3;22.5;3;28;2012;88;17.9
2012-03-29;13.0;23.0;3;29;2012;89;18.0
2012-03-30;11.2;19.2;3;30;2012;90;15.2
2012-03-31;11.7;18.6;3;31;2012;91;15.2
2012-04-01;10.2;20.2;4;1;2012;92;15.2
2012-04-02;11.3;20.1;4;2;2012;93;15.7
2012-04-03;10.6;18.9;4;3;2012;94;14.8
2012-04-04;10.3;19.8;4;4;2012;95;15.0
2012-04-05;11.2;18.1;4;5;2012;96;14.6
2012-04-06;10.5;17.0;4;6;2012;97;13.8
2012-04-07;8.3;17.0;4;7;2012;98;12.6
2012-04-08;9.1;18.2;4;8;2012;99;13.6
2012-04-09;10.0;19.7;4;9;2012;100;14.8
2012-04-10;13.4;20.3;4;10;2012;101;16.8
2012-04-11;11.2;21.1;4;11;2012;102;16.2
2012-04-12;12.0;19.4;4;12;2012;103;15.7
2012-04-13;12.4;20.9;4;13;2012;104;16.6
2012-04-14;11.8;19.2;4;14;2012;105;15.5
2012-04-15;12.0;19.6;4;15;2012;106;15.8
2012-04-16;12.4;19.5;4;16;2012;107;16.0
2012-04-17;11.8;17.9;4;17;2012;108;14.8
2012-04-18;10.5;20.2;4;18;2012;109;15.4
2012-04-19;12.7;19.4;4;19;2012;110;16.0
2012-04-20;11.9;21.6;4;20;2012;111;16.8
2012-04-21;12.1;18.6;4;21;2012;112;15.4
2012-04-22;13.4;22.7;4;22;2012;113;18.0
2012-04-23;13.8;21.1;4;23;2012;114;17.4
2012-04-24;12.5;20.7;4;24;2012;115;16.6
2012-04-25;12.2;18.4;4;25;2012;116;15.3
2012-04-26;12.7;19.3;4;26;2012;117;16.0
2012-04-27;14.0;20.8;4;27;2012;118;17.4
2012-04-28;13.5;19.7;4;28;2012;119;16.6
2012-04-29;12.5;18.1;4;29;2012;120;15.3
2012-04-30;10.8;18.0;4;30;2012;121;14.4
2012-05-01;10.1;17.6;5;1;2012;122;13.8
2012-05-02;11.1;18.0;5;2;2012;123;14.6
2012-05-03;11.7;20.5;5;3;2012;124;16.1
2012-05-04;14.8;22.2;5;4;2012;125;18.5
2012-05-05;15.0;21.3;5;5;2012;126;18.2
2012-05-06;14.1;20.3;5;6;2012;127;17.2
2012-05-07;11.9;21.1;5;7;2012;128;16.5
2012-05-08;13.7;22.4;5;8;2012;129;18.0
2012-05-09;16.6;25.9;5;9;2012;130;21.2
2012-05-10;21.3;32.8;5;10;2012;131;27.0
2012-05-11;19.9;31.4;5;11;2012;132;25.6
2012-05-12;18.7;27.3;5;12;2012;133;23.0
2012-05-13;16.4;24.2;5;13;2012;134;20.3
2012-05-14;17.6;30.9;5;14;2012;135;24.2
2012-05-15;16.6;26.7;5;15;2012;136;21.6
2012-05-16;17.1;29.5;5;16;2012;137;23.3
2012-05-17;17.7;22.4;5;17;2012;138;20.0
2012-05-18;18.3;26.6;5;18;2012;139;22.4
2012-05-19;16.3;23.3;5;19;2012;140;19.8
2012-05-20;14.5;20.3;5;20;2012;141;17.4
2012-05-21;13.7;21.1;5;21;2012;142;17.4
2012-05-22;12.9;20.1;5;22;2012;143;16.5
2012-05-23;14.2;24.4;5;23;2012;144;19.3
2012-05-24;16.3;26.2;5;24;2012;145;21.2
2012-05-25;18.7;29.0;5;25;2012;146;23.8
2012-05-26;16.9;21.6;5;26;2012;147;19.2
2012-05-27;16.6;23.7;5;27;2012;148;20.2
2012-05-28;18.6;25.4;5;28;2012;149;22.0
2012-05-29;17.2;23.1;5;29;2012;150;20.2
2012-05-30;18.9;31.7;5;30;2012;151;25.3
2012-05-31;23.6;33.3;5;31;2012;152;28.4
2012-06-01;21.4;36.0;6;1;2012;153;28.7
2012-06-02;19.8;25.0;6;2;2012;154;22.4
2012-06-03;19.8;23.5;6;3;2012;155;21.6
2012-06-04;18.6;30.0;6;4;2012;156;24.3
2012-06-05;19.2;24.5;6;5;2012;157;21.8
2012-06-06;18.4;23.9;6;6;2012;158;21.2
2012-06-07;19.7;27.7;6;7;2012;159;23.7
2012-06-08;19.7;25.1;6;8;2012;160;22.4
2012-06-09;18.4;24.8;6;9;2012;161;21.6
2012-06-10;18.5;24.1;6;10;2012;162;21.3
2012-06-11;19.1;28.1;6;11;2012;163;23.6
2012-06-12;18.5;28.7;6;12;2012;164;23.6
2012-06-13;19.1;30.1;6;13;2012;165;24.6
2012-06-14;20.3;29.5;6;14;2012;166;24.9
2012-06-15;19.1;24.0;6;15;2012;167;21.6
2012-06-16;19.3;24.1;6;16;2012;168;21.7
2012-06-17;19.7;30.7;6;17;2012;169;25.2
2012-06-18;21.1;32.4;6;18;2012;170;26.8
2012-06-19;21.8;27.0;6;19;2012;171;24.4
2012-06-20;21.5;26.9;6;20;2012;172;24.2
2012-06-21;19.9;25.7;6;21;2012;173;22.8
2012-06-22;20.3;27.7;6;22;2012;174;24.0
2012-06-23;22.6;31.6;6;23;2012;175;27.1
2012-06-24;21.8;26.9;6;24;2012;176;24.4
2012-06-25;21.2;35.4;6;25;2012;177;28.3
2012-06-26;22.0;30.7;6;26;2012;178;26.4
2012-06-27;22.3;26.8;6;27;2012;179;24.6
2012-06-28;22.4;31.8;6;28;2012;180;27.1
2012-06-29;22.7;28.3;6;29;2012;181;25.5
2012-06-30;20.0;27.0;6;30;2012;182;23.5
2012-07-01;17.3;27.9;7;1;2012;183;22.6
2012-07-02;19.5;32.5;7;2;2012;184;26.0
2012-07-03;20.8;32.5;7;3;2012;185;26.6
2012-07-04;20.6;24.3;7;4;2012;186;22.4
2012-07-05;19.8;27.9;7;5;2012;187;23.8
2012-07-06;19.1;27.0;7;6;2012;188;23.0
2012-07-07;21.8;27.4;7;7;2012;189;24.6
2012-07-08;22.2;25.8;7;8;2012;190;24.0
2012-07-09;21.9;28.9;7;9;2012;191;25.4
2012-07-10;21.8;25.7;7;10;2012;192;23.8
2012-07-11;21.9;26.3;7;11;2012;193;24.1
2012-07-12;21.6;33.4;7;12;2012;194;27.5
2012-07-13;22.5;27.8;7;13;2012;195;25.2
2012-07-14;22.9;29.5;7;14;2012;196;26.2
2012-07-15;24.7;33.4;7;15;2012;197;29.0
2012-07-16;25.0;32.2;7;16;2012;198;28.6
2012-07-17;24.0;32.8;7;17;2012;199;28.4
2012-07-18;23.1;35.5;7;18;2012;200;29.3
2012-07-19;22.6;29.4;7;19;2012;201;26.0
2012-07-20;21.6;28.0;7;20;2012;202;24.8
2012-07-21;21.2;34.5;7;21;2012;203;27.8
2012-07-22;23.7;28.4;7;22;2012;204;26.0
2012-07-23;24.1;28.5;7;23;2012;205;26.3
2012-07-24;23.2;32.3;7;24;2012;206;27.8
2012-07-25;24.3;36.9;7;25;2012;207;30.6
2012-07-26;23.3;29.8;7;26;2012;208;26.6
2012-07-27;23.1;27.5;7;27;2012;209;25.3
2012-07-28;21.4;26.1;7;28;2012;210;23.8
2012-07-29;21.0;26.6;7;29;2012;211;23.8
2012-07-30;22.7;28.9;7;30;2012;212;25.8
2012-07-31;22.2;28.0;7;31;2012;213;25.1
2012-08-01;24.4;28.4;8;1;2012;214;26.4
2012-08-02;23.4;37.1;8;2;2012;215;30.2
2012-08-03;23.8;29.5;8;3;2012;216;26.6
2012-08-04;23.8;28.2;8;4;2012;217;26.0
2012-08-05;23.1;29.7;8;5;2012;218;26.4
2012-08-06;21.0;26.3;8;6;2012;219;23.6
2012-08-07;25.2;34.5;8;7;2012;220;29.8
2012-08-08;24.1;34.0;8;8;2012;221;29.0
2012-08-09;24.3;28.8;8;9;2012;222;26.6
2012-08-10;24.2;30.3;8;10;2012;223;27.2
2012-08-11;22.4;29.0;8;11;2012;224;25.7
2012-08-12;23.4;31.3;8;12;2012;225;27.4
2012-08-13;22.6;27.4;8;13;2012;226;25.0
2012-08-14;21.4;26.5;8;14;2012;227;24.0
2012-08-15;20.8;27.1;8;15;2012;228;24.0
2012-08-16;21.3;30.5;8;16;2012;229;25.9
2012-08-17;25.1;39.0;8;17;2012;230;32.0
2012-08-18;24.6;29.9;8;18;2012;231;27.2
2012-08-19;24.8;37.6;8;19;2012;232;31.2
2012-08-20;25.3;29.4;8;20;2012;233;27.4
2012-08-21;24.6;28.8;8;21;2012;234;26.7
2012-08-22;24.5;28.3;8;22;2012;235;26.4
2012-08-23;23.2;27.7;8;23;2012;236;25.4
2012-08-24;23.0;30.4;8;24;2012;237;26.7
2012-08-25;22.5;28.2;8;25;2012;238;25.4
2012-08-26;22.4;28.7;8;26;2012;239;25.6
2012-08-27;24.0;30.0;8;27;2012;240;27.0
2012-08-28;23.1;27.9;8;28;2012;241;25.5
2012-08-29;22.4;27.1;8;29;2012;242;24.8
2012-08-30;21.3;27.8;8;30;2012;243;24.6
2012-08-31;23.4;31.3;8;31;2012;244;27.4
2012-09-01;22.8;29.0;9;1;2012;245;25.9
2012-09-02;22.4;28.7;9;2;2012;246;25.6
2012-09-03;19.2;27.7;9;3;2012;247;23.4
2012-09-04;19.6;30.2;9;4;2012;248;24.9
2012-09-05;21.1;31.3;9;5;2012;249;26.2
2012-09-06;22.2;32.5;9;6;2012;250;27.4
2012-09-07;23.6;32.3;9;7;2012;251;28.0
2012-09-08;21.4;27.1;9;8;2012;252;24.2
2012-09-09;20.6;25.4;9;9;2012;253;23.0
2012-09-10;18.8;25.8;9;10;2012;254;22.3
2012-09-11;19.5;25.6;9;11;2012;255;22.6
2012-09-12;20.0;26.3;9;12;2012;256;23.2
2012-09-13;20.5;30.1;9;13;2012;257;25.3
2012-09-14;20.2;26.5;9;14;2012;258;23.4
2012-09-15;19.4;26.5;9;15;2012;259;23.0
2012-09-16;20.1;28.0;9;16;2012;260;24.0
2012-09-17;18.2;26.0;9;17;2012;261;22.1
2012-09-18;20.6;26.4;9;18;2012;262;23.5
2012-09-19;22.3;26.3;9;19;2012;263;24.3
2012-09-20;23.3;29.4;9;20;2012;264;26.4
2012-09-21;20.9;30.8;9;21;2012;265;25.8
2012-09-22;21.3;26.2;9;22;2012;266;23.8
2012-09-23;19.7;25.5;9;23;2012;267;22.6
2012-09-24;20.9;29.4;9;24;2012;268;25.2
2012-09-25;18.4;24.9;9;25;2012;269;21.6
2012-09-26;19.3;24.2;9;26;2012;270;21.8
2012-09-27;19.0;27.2;9;27;2012;271;23.1
2012-09-28;17.3;23.7;9;28;2012;272;20.5
2012-09-29;16.0;19.4;9;29;2012;273;17.7
2012-09-30;14.6;22.1;9;30;2012;274;18.4
2012-10-01;16.7;22.2;10;1;2012;275;19.4
2012-10-02;16.6;23.4;10;2;2012;276;20.0
2012-10-03;17.3;23.933333333333334;10;3;2012;277;20.6
2012-10-04;18.0;24.466666666666665;10;4;2012;278;21.2
2012-10-05;18.7;25.0;10;5;2012;279;21.8
2012-10-06;19.1;24.4;10;6;2012;280;21.8
2012-10-07;17.2;24.0;10;7;2012;281;20.6
2012-10-08;19.0;24.7;10;8;2012;282;21.8
2012-10-09;17.4;24.2;10;9;2012;283;20.8
2012-10-10;18.4;23.2;10;10;2012;284;20.8
2012-10-11;18.0;26.0;10;11;2012;285;22.0
2012-10-12;18.5;23.6;10;12;2012;286;21.0
2012-10-13;17.9;23.6;10;13;2012;287;20.8
2012-10-14;16.7;22.7;10;14;2012;288;19.7
2012-10-15;16.6;23.4;10;15;2012;289;20.0
2012-10-16;14.4;21.9;10;16;2012;290;18.2
2012-10-17;14.8;22.7;10;17;2012;291;18.8
2012-10-18;17.6;29.0;10;18;2012;292;23.3
2012-10-19;17.2;21.0;10;19;2012;293;19.1
2012-10-20;16.1;18.6;10;20;2012;294;17.4
2012-10-21;15.1;20.7;10;21;2012;295;17.9
2012-10-22;14.6;21.7;10;22;2012;296;18.2
2012-10-23;16.9;22.3;10;23;2012;297;19.6
2012-10-24;16.2;24.1;10;24;2012;298;20.2
2012-10-25;16.2;22.4;10;25;2012;299;19.3
2012-10-26;16.0;20.6;10;26;2012;300;18.3
2012-10-27;14.2;20.9;10;27;2012;301;17.6
2012-10-28;10.6;19.2;10;28;2012;302;14.9
2012-10-29;9.3;18.8;10;29;2012;303;14.0
2012-10-30;12.1;19.9;10;30;2012;304;16.0
2012-10-31;13.8;19.9;10;31;2012;305;16.8
2012-11-01;12.9;19.8;11;1;2012;306;16.4
2012-11-02;13.0;20.9;11;2;2012;307;17.0
2012-11-03;15.9;21.6;11;3;2012;308;18.8
2012-11-04;18.1;23.0;11;4;2012;309;20.6
2012-11-05;15.9;19.9;11;5;2012;310;17.9
2012-11-06;14.850000000000001;19.549999999999997;11;6;2012;311;17.2
2012-11-07;13.8;19.2;11;7;2012;312;16.5
2012-11-08;16.1;21.3;11;8;2012;313;18.7
2012-11-09;16.5;20.5;11;9;2012;314;18.5
2012-11-10;13.9;19.4;11;10;2012;315;16.6
2012-11-11;9.9;16.3;11;11;2012;316;13.1
2012-11-12;11.0;18.8;11;12;2012;317;14.9
2012-11-13;14.4;17.5;11;13;2012;318;16.0
2012-11-14;13.1;20.6;11;14;2012;319;16.8
2012-11-15;15.3;21.9;11;15;2012;320;18.6
2012-11-16;15.5;21.3;11;16;2012;321;18.4
2012-11-17;14.6;19.6;11;17;2012;322;17.1
2012-11-18;14.4;20.5;11;18;2012;323;17.4
2012-11-19;14.2;19.6;11;19;2012;324;16.9
2012-11-20;12.6;19.2;11;20;2012;325;15.9
2012-11-21;13.6;19.1;11;21;2012;326;16.4
2012-11-22;13.0;21.2;11;22;2012;327;17.1
2012-11-23;12.1;19.7;11;23;2012;328;15.9
2012-11-24;10.5;19.4;11;24;2012;329;15.0
2012-11-25;11.5;17.7;11;25;2012;330;14.6
2012-11-26;12.0;17.8;11;26;2012;331;14.9
2012-11-27;11.5;17.4;11;27;2012;332;14.4
2012-11-28;10.7;16.7;11;28;2012;333;13.7
2012-11-29;12.2;18.0;11;29;2012;334;15.1
2012-11-30;8.4;13.8;11;30;2012;335;11.1
2012-12-01;6.3;15.2;12;1;2012;336;10.8
2012-12-02;6.7;15.8;12;2;2012;337;11.2
2012-12-03;7.1;16.2;12;3;2012;338;11.6
2012-12-04;7.6;17.9;12;4;2012;339;12.8
2012-12-05;10.4;18.4;12;5;2012;340;14.4
2012-12-06;8.9;16.4;12;6;2012;341;12.6
2012-12-07;11.3;16.9;12;7;2012;342;14.1
2012-12-08;10.9;19.2;12;8;2012;343;15.0
2012-12-09;9.7;17.5;12;9;2012;344;13.6
2012-12-10;8.3;16.5;12;10;2012;345;12.4
2012-12-11;9.7;18.1;12;11;2012;346;13.9
2012-12-12;9.8;17.6;12;12;2012;347;13.7
2012-12-13;10.2;16.6;12;13;2012;348;13.4
2012-12-14;8.2;17.7;12;14;2012;349;13.0
2012-12-15;15.1;19.6;12;15;2012;350;17.4
2012-12-16;12.8;22.2;12;16;2012;351;17.5
2012-12-17;11.0;17.9;12;17;2012;352;14.4
2012-12-18;11.7;19.4;12;18;2012;353;15.6
2012-12-19;10.9;15.0;12;19;2012;354;13.0
2012-12-20;9.9;17.7;12;20;2012;355;13.8
2012-12-21;9.9;18.4;12;21;2012;356;14.2
2012-12-22;11.7;19.7;12;22;2012;357;15.7
2012-12-23;10.0;17.6;12;23;2012;358;13.8
2012-12-24;9.5;14.1;12;24;2012;359;11.8
2012-12-25;9.3;19.8;12;25;2012;360;14.6
2012-12-26;10.8;18.1;12;26;2012;361;14.4
2012-12-27;8.5;16.6;12;27;2012;362;12.6
2012-12-28;7.4;15.9;12;28;2012;363;11.6
2012-12-29;6.0;15.9;12;29;2012;364;11.0
2012-12-30;9.2;18.0;12;30;2012;365;13.6
2012-12-31;7.2;16.1;12;31;2012;366;11.6
2013-01-01;8.7;16.9;1;1;2013;1;12.8
2013-01-02;9.4;17.1;1;2;2013;2;13.2
2013-01-03;8.7;16.7;1;3;2013;3;12.7
2013-01-04;8.4;18.0;1;4;2013;4;13.2
2013-01-05;6.6;16.9;1;5;2013;5;11.8
2013-01-06;7.2;18.0;1;6;2013;6;12.6
2013-01-07;7.4;17.0;1;7;2013;7;12.2
2013-01-08;8.4;17.3;1;8;2013;8;12.8
2013-01-09;7.7;16.6;1;9;2013;9;12.2
2013-01-10;9.9;17.6;1;10;2013;10;13.8
2013-01-11;9.5;18.0;1;11;2013;11;13.8
2013-01-12;9.0;17.4;1;12;2013;12;13.2
2013-01-13;8.5;17.6;1;13;2013;13;13.0
2013-01-14;11.1;16.9;1;14;2013;14;14.0
2013-01-15;9.4;17.1;1;15;2013;15;13.2
2013-01-16;11.7;15.1;1;16;2013;16;13.4
2013-01-17;12.6;20.1;1;17;2013;17;16.4
2013-01-18;12.8;20.0;1;18;2013;18;16.4
2013-01-19;11.8;15.9;1;19;2013;19;13.8
2013-01-20;9.6;16.3;1;20;2013;20;13.0
2013-01-21;9.8;19.1;1;21;2013;21;14.4
2013-01-22;8.1;15.4;1;22;2013;22;11.8
2013-01-23;8.0;15.6;1;23;2013;23;11.8
2013-01-24;8.9;19.9;1;24;2013;24;14.4
2013-01-25;9.9;15.7;1;25;2013;25;12.8
2013-01-26;8.1;24.4;1;26;2013;26;16.2
2013-01-27;9.4;16.9;1;27;2013;27;13.2
2013-01-28;7.9;19.7;1;28;2013;28;13.8
2013-01-29;6.8;15.7;1;29;2013;29;11.2
2013-01-30;6.4;16.0;1;30;2013;30;11.2
2013-01-31;7.3;18.3;1;31;2013;31;12.8
2013-02-01;7.5;16.6;2;1;2013;32;12.0
2013-02-02;10.6;19.4;2;2;2013;33;15.0
2013-02-03;8.5;18.3;2;3;2013;34;13.4
2013-02-04;6.9;15.3;2;4;2013;35;11.1
2013-02-05;6.6;16.2;2;5;2013;36;11.4
2013-02-06;7.5;19.3;2;6;2013;37;13.4
2013-02-07;7.8;17.0;2;7;2013;38;12.4
2013-02-08;7.4;16.5;2;8;2013;39;12.0
2013-02-09;8.1;16.7;2;9;2013;40;12.4
2013-02-10;6.0;15.4;2;10;2013;41;10.7
2013-02-11;9.4;16.8;2;11;2013;42;13.1
2013-02-12;9.2;18.1;2;12;2013;43;13.6
2013-02-13;8.3;17.0;2;13;2013;44;12.6
2013-02-14;8.2;17.1;2;14;2013;45;12.6
2013-02-15;9.0;17.1;2;15;2013;46;13.0
2013-02-16;8.4;17.1;2;16;2013;47;12.8
2013-02-17;9.7;15.5;2;17;2013;48;12.6
2013-02-18;8.9;16.9;2;18;2013;49;12.9
2013-02-19;12.9;17.4;2;19;2013;50;15.2
2013-02-20;9.8;15.0;2;20;2013;51;12.4
2013-02-21;8.3;18.6;2;21;2013;52;13.4
2013-02-22;12.8;19.2;2;22;2013;53;16.0
2013-02-23;9.4;18.6;2;23;2013;54;14.0
2013-02-24;7.4;15.0;2;24;2013;55;11.2
2013-02-25;6.6;15.0;2;25;2013;56;10.8
2013-02-26;4.3;14.1;2;26;2013;57;9.2
2013-02-27;7.2;14.1;2;27;2013;58;10.6
2013-02-28;6.1;13.6;2;28;2013;59;9.8
2013-03-01;6.0;15.3;3;1;2013;60;10.6
2013-03-02;7.9;16.5;3;2;2013;61;12.2
2013-03-03;11.4;18.4;3;3;2013;62;14.9
2013-03-04;11.0;16.3;3;4;2013;63;13.6
2013-03-05;10.0;15.6;3;5;2013;64;12.8
2013-03-06;12.9;18.4;3;6;2013;65;15.6
2013-03-07;14.8;18.7;3;7;2013;66;16.8
2013-03-08;13.2;21.5;3;8;2013;67;17.4
2013-03-09;13.9;17.7;3;9;2013;68;15.8
2013-03-10;12.7;17.7;3;10;2013;69;15.2
2013-03-11;8.8;18.6;3;11;2013;70;13.7
2013-03-12;11.6;15.7;3;12;2013;71;13.6
2013-03-13;10.9;16.1;3;13;2013;72;13.5
2013-03-14;9.8;15.7;3;14;2013;73;12.8
2013-03-15;8.8;16.4;3;15;2013;74;12.6
2013-03-16;9.5;17.4;3;16;2013;75;13.4
2013-03-17;9.8;17.7;3;17;2013;76;13.8
2013-03-18;10.5;19.4;3;18;2013;77;15.0
2013-03-19;9.3;18.0;3;19;2013;78;13.6
2013-03-20;12.9;18.3;3;20;2013;79;15.6
2013-03-21;10.4;17.3;3;21;2013;80;13.8
2013-03-22;9.6;21.5;3;22;2013;81;15.6
2013-03-23;11.1;17.5;3;23;2013;82;14.3
2013-03-24;10.1;18.5;3;24;2013;83;14.3
2013-03-25;12.4;18.5;3;25;2013;84;15.4
2013-03-26;11.7;19.4;3;26;2013;85;15.6
2013-03-27;14.4;18.4;3;27;2013;86;16.4
2013-03-28;13.2;20.0;3;28;2013;87;16.6
2013-03-29;12.3;21.0;3;29;2013;88;16.6
2013-03-30;15.1;22.1;3;30;2013;89;18.6
2013-03-31;13.9;20.1;3;31;2013;90;17.0
2013-04-01;14.0;21.3;4;1;2013;91;17.6
2013-04-02;12.0;19.5;4;2;2013;92;15.8
2013-04-03;12.0;21.3;4;3;2013;93;16.6
2013-04-04;11.8;18.5;4;4;2013;94;15.2
2013-04-05;12.1;15.9;4;5;2013;95;14.0
2013-04-06;12.5;17.4;4;6;2013;96;15.0
2013-04-07;9.7;17.8;4;7;2013;97;13.8
2013-04-08;8.3;18.4;4;8;2013;98;13.4
2013-04-09;13.4;20.6;4;9;2013;99;17.0
2013-04-10;13.2;20.3;4;10;2013;100;16.8
2013-04-11;13.5;20.4;4;11;2013;101;17.0
2013-04-12;13.7;21.5;4;12;2013;102;17.6
2013-04-13;12.9;27.4;4;13;2013;103;20.2
2013-04-14;15.1;27.6;4;14;2013;104;21.4
2013-04-15;13.0;19.7;4;15;2013;105;16.4
2013-04-16;12.7;19.2;4;16;2013;106;16.0
2013-04-17;13.0;22.1;4;17;2013;107;17.6
2013-04-18;14.1;19.3;4;18;2013;108;16.7
2013-04-19;14.4;20.2;4;19;2013;109;17.3
2013-04-20;15.8;22.1;4;20;2013;110;19.0
2013-04-21;14.5;19.6;4;21;2013;111;17.0
2013-04-22;14.7;18.8;4;22;2013;112;16.8
2013-04-23;13.2;21.8;4;23;2013;113;17.5
2013-04-24;11.8;22.8;4;24;2013;114;17.3
2013-04-25;15.2;17.7;4;25;2013;115;16.4
2013-04-26;13.2;19.9;4;26;2013;116;16.6
2013-04-27;13.6;21.9;4;27;2013;117;17.8
2013-04-28;11.7;19.0;4;28;2013;118;15.4
2013-04-29;8.3;16.9;4;29;2013;119;12.6
2013-04-30;9.1;15.9;4;30;2013;120;12.5
2013-05-01;9.5;19.2;5;1;2013;121;14.4
2013-05-02;10.6;19.1;5;2;2013;122;14.8
2013-05-03;15.3;20.8;5;3;2013;123;18.0
2013-05-04;14.8;20.4;5;4;2013;124;17.6
2013-05-05;13.4;20.5;5;5;2013;125;17.0
2013-05-06;14.5;22.1;5;6;2013;126;18.3
2013-05-07;16.0;23.7;5;7;2013;127;19.8
2013-05-08;16.8;23.6;5;8;2013;128;20.2
2013-05-09;16.6;23.7;5;9;2013;129;20.2
2013-05-10;18.8;29.9;5;10;2013;130;24.4
2013-05-11;17.8;23.1;5;11;2013;131;20.4
2013-05-12;17.2;25.5;5;12;2013;132;21.4
2013-05-13;16.4;26.9;5;13;2013;133;21.6
2013-05-14;17.9;21.5;5;14;2013;134;19.7
2013-05-15;16.2;22.5;5;15;2013;135;19.4
2013-05-16;14.3;21.2;5;16;2013;136;17.8
2013-05-17;14.3;19.6;5;17;2013;137;17.0
2013-05-18;13.7;20.1;5;18;2013;138;16.9
2013-05-19;12.4;18.6;5;19;2013;139;15.5
2013-05-20;11.6;18.6;5;20;2013;140;15.1
2013-05-21;12.4;16.7;5;21;2013;141;14.6
2013-05-22;10.3;19.5;5;22;2013;142;14.9
2013-05-23;13.5;20.0;5;23;2013;143;16.8
2013-05-24;15.6;21.3;5;24;2013;144;18.4
2013-05-25;16.7;21.0;5;25;2013;145;18.8
2013-05-26;16.5;24.8;5;26;2013;146;20.6
2013-05-27;15.4;22.4;5;27;2013;147;18.9
2013-05-28;13.5;22.3;5;28;2013;148;17.9
2013-05-29;14.5;21.9;5;29;2013;149;18.2
2013-05-30;14.9;23.2;5;30;2013;150;19.0
2013-05-31;13.5;21.7;5;31;2013;151;17.6
2013-06-01;15.4;22.7;6;1;2013;152;19.0
2013-06-02;15.5;24.8;6;2;2013;153;20.2
2013-06-03;16.7;26.1;6;3;2013;154;21.4
2013-06-04;17.8;30.1;6;4;2013;155;24.0
2013-06-05;18.9;25.1;6;5;2013;156;22.0
2013-06-06;17.6;23.1;6;6;2013;157;20.4
2013-06-07;16.6;23.3;6;7;2013;158;20.0
2013-06-08;15.9;21.9;6;8;2013;159;18.9
2013-06-09;15.7;22.2;6;9;2013;160;19.0
2013-06-10;15.7;23.0;6;10;2013;161;19.4
2013-06-11;16.0;24.6;6;11;2013;162;20.3
2013-06-12;16.7;25.4;6;12;2013;163;21.0
2013-06-13;19.3;27.5;6;13;2013;164;23.4
2013-06-14;21.7;35.1;6;14;2013;165;28.4
2013-06-15;21.1;26.3;6;15;2013;166;23.7
2013-06-16;20.5;25.4;6;16;2013;167;23.0
2013-06-17;19.5;27.3;6;17;2013;168;23.4
2013-06-18;16.2;22.5;6;18;2013;169;19.4
2013-06-19;14.8;21.4;6;19;2013;170;18.1
2013-06-20;16.0;22.5;6;20;2013;171;19.2
2013-06-21;17.4;22.5;6;21;2013;172;20.0
2013-06-22;19.9;25.9;6;22;2013;173;22.9
2013-06-23;18.7;26.3;6;23;2013;174;22.5
2013-06-24;22.1;31.4;6;24;2013;175;26.8
2013-06-25;20.7;29.5;6;25;2013;176;25.1
2013-06-26;20.9;28.85;6;26;2013;177;24.85
2013-06-27;21.1;28.2;6;27;2013;178;24.6
2013-06-28;18.4;30.0;6;28;2013;179;24.2
2013-06-29;20.3;31.9;6;29;2013;180;26.1
2013-06-30;22.6;33.5;6;30;2013;181;28.0
2013-07-01;22.5;31.9;7;1;2013;182;27.2
2013-07-02;20.4;25.9;7;2;2013;183;23.2
2013-07-03;19.8;25.3;7;3;2013;184;22.6
2013-07-04;20.2;35.2;7;4;2013;185;27.7
2013-07-05;23.1;32.8;7;5;2013;186;28.0
2013-07-06;22.6;34.1;7;6;2013;187;28.4
2013-07-07;20.8;35.1;7;7;2013;188;28.0
2013-07-08;23.3;36.1;7;8;2013;189;29.7
2013-07-09;22.7;31.0;7;9;2013;190;26.8
2013-07-10;22.8;32.0;7;10;2013;191;27.4
2013-07-11;22.3;29.5;7;11;2013;192;25.9
2013-07-12;22.6;29.0;7;12;2013;193;25.8
2013-07-13;22.3;28.2;7;13;2013;194;25.2
2013-07-14;20.5;26.7;7;14;2013;195;23.6
2013-07-15;21.3;28.1;7;15;2013;196;24.7
2013-07-16;21.8;28.6;7;16;2013;197;25.2
2013-07-17;22.5;29.1;7;17;2013;198;25.8
2013-07-18;22.3;29.0;7;18;2013;199;25.6
2013-07-19;23.3;38.1;7;19;2013;200;30.7
2013-07-20;23.2;29.9;7;20;2013;201;26.6
2013-07-21;23.8;30.0;7;21;2013;202;26.9
2013-07-22;24.0;34.4;7;22;2013;203;29.2
2013-07-23;22.4;29.0;7;23;2013;204;25.7
2013-07-24;21.8;29.3;7;24;2013;205;25.6
2013-07-25;22.3;29.3;7;25;2013;206;25.8
2013-07-26;24.9;29.4;7;26;2013;207;27.2
2013-07-27;22.9;29.8;7;27;2013;208;26.4
2013-07-28;21.7;28.8;7;28;2013;209;25.2
2013-07-29;21.0;29.9;7;29;2013;210;25.4
2013-07-30;23.2;35.2;7;30;2013;211;29.2
2013-07-31;23.5;36.5;7;31;2013;212;30.0
2013-08-01;24.1;36.1;8;1;2013;213;30.1
2013-08-02;24.3;32.7;8;2;2013;214;28.5
2013-08-03;23.3;28.7;8;3;2013;215;26.0
2013-08-04;24.5;29.3;8;4;2013;216;26.9
2013-08-05;24.5;29.4;8;5;2013;217;27.0
2013-08-06;24.3;29.0;8;6;2013;218;26.6
2013-08-07;22.3;31.4;8;7;2013;219;26.8
2013-08-08;21.7;33.4;8;8;2013;220;27.6
2013-08-09;24.2;33.3;8;9;2013;221;28.8
2013-08-10;23.2;31.0;8;10;2013;222;27.1
2013-08-11;22.4;36.2;8;11;2013;223;29.3
2013-08-12;23.3;29.0;8;12;2013;224;26.2
2013-08-13;22.6;35.2;8;13;2013;225;28.9
2013-08-14;23.8;35.3;8;14;2013;226;29.6
2013-08-15;24.7;36.3;8;15;2013;227;30.5
2013-08-16;24.1;34.1;8;16;2013;228;29.1
2013-08-17;23.0;31.0;8;17;2013;229;27.0
2013-08-18;23.7;36.6;8;18;2013;230;30.2
2013-08-19;25.9;30.8;8;19;2013;231;28.4
2013-08-20;23.4;35.4;8;20;2013;232;29.4
2013-08-21;25.1;31.9;8;21;2013;233;28.5
2013-08-22;24.0;29.5;8;22;2013;234;26.8
2013-08-23;24.6;32.6;8;23;2013;235;28.6
2013-08-24;24.4;29.7;8;24;2013;236;27.0
2013-08-25;26.0;31.3;8;25;2013;237;28.6
2013-08-26;25.1;29.9;8;26;2013;238;27.5
2013-08-27;24.6;31.8;8;27;2013;239;28.2
2013-08-28;24.6;33.2;8;28;2013;240;28.9
2013-08-29;24.5;32.1;8;29;2013;241;28.3
2013-08-30;22.0;30.9;8;30;2013;242;26.4
2013-08-31;20.6;31.7;8;31;2013;243;26.2
2013-09-01;21.2;31.9;9;1;2013;244;26.6
2013-09-02;21.3;32.0;9;2;2013;245;26.6
2013-09-03;21.8;32.9;9;3;2013;246;27.4
2013-09-04;21.4;31.9;9;4;2013;247;26.6
2013-09-05;22.0;30.6;9;5;2013;248;26.3
2013-09-06;21.4;28.0;9;6;2013;249;24.7
2013-09-07;20.6;25.3;9;7;2013;250;23.0
2013-09-08;20.9;27.8;9;8;2013;251;24.4
2013-09-09;20.6;27.9;9;9;2013;252;24.2
2013-09-10;21.6;27.6;9;10;2013;253;24.6
2013-09-11;20.5;32.6;9;11;2013;254;26.6
2013-09-12;22.6;32.3;9;12;2013;255;27.4
2013-09-13;23.1;32.0;9;13;2013;256;27.6
2013-09-14;21.2;32.0;9;14;2013;257;26.6
2013-09-15;21.4;27.5;9;15;2013;258;24.4
2013-09-16;22.1;27.6;9;16;2013;259;24.8
2013-09-17;22.1;28.3;9;17;2013;260;25.2
2013-09-18;22.6;27.7;9;18;2013;261;25.2
2013-09-19;22.0;27.2;9;19;2013;262;24.6
2013-09-20;21.9;29.5;9;20;2013;263;25.7
2013-09-21;20.9;31.3;9;21;2013;264;26.1
2013-09-22;21.0;30.8;9;22;2013;265;25.9
2013-09-23;21.3;30.0;9;23;2013;266;25.6
2013-09-24;19.9;26.6;9;24;2013;267;23.2
2013-09-25;20.7;30.1;9;25;2013;268;25.4
2013-09-26;20.4;34.4;9;26;2013;269;27.4
2013-09-27;21.3;26.7;9;27;2013;270;24.0
2013-09-28;17.6;25.8;9;28;2013;271;21.7
2013-09-29;20.4;25.5;9;29;2013;272;23.0
2013-09-30;19.1;26.3;9;30;2013;273;22.7
2013-10-01;18.5;25.2;10;1;2013;274;21.8
2013-10-02;19.3;27.2;10;2;2013;275;23.2
2013-10-03;20.7;26.7;10;3;2013;276;23.7
2013-10-04;21.2;26.6;10;4;2013;277;23.9
2013-10-05;20.9;27.2;10;5;2013;278;24.0
2013-10-06;21.9;29.3;10;6;2013;279;25.6
2013-10-07;20.7;30.0;10;7;2013;280;25.4
2013-10-08;20.8;29.2;10;8;2013;281;25.0
2013-10-09;19.3;29.1;10;9;2013;282;24.2
2013-10-10;19.2;28.8;10;10;2013;283;24.0
2013-10-11;18.7;25.3;10;11;2013;284;22.0
2013-10-12;18.3;25.7;10;12;2013;285;22.0
2013-10-13;17.2;24.0;10;13;2013;286;20.6
2013-10-14;16.2;24.2;10;14;2013;287;20.2
2013-10-15;17.1;24.3;10;15;2013;288;20.7
2013-10-16;16.0;24.3;10;16;2013;289;20.2
2013-10-17;16.9;31.4;10;17;2013;290;24.2
2013-10-18;18.3;24.6;10;18;2013;291;21.4
2013-10-19;17.8;24.3;10;19;2013;292;21.0
2013-10-20;13.1;24.6;10;20;2013;293;18.8
2013-10-21;16.9;24.1;10;21;2013;294;20.5
2013-10-22;16.2;25.0;10;22;2013;295;20.6
2013-10-23;18.0;23.3;10;23;2013;296;20.6
2013-10-24;18.1;25.0;10;24;2013;297;21.6
2013-10-25;17.4;26.6;10;25;2013;298;22.0
2013-10-26;17.6;25.7;10;26;2013;299;21.6
2013-10-27;17.8;27.6;10;27;2013;300;22.7
2013-10-28;17.6;24.0;10;28;2013;301;20.8
2013-10-29;18.4;24.3;10;29;2013;302;21.4
2013-10-30;15.1;22.9;10;30;2013;303;19.0
2013-10-31;12.5;21.6;10;31;2013;304;17.0
2013-11-01;12.5;21.9;11;1;2013;305;17.2
2013-11-02;13.6;22.0;11;2;2013;306;17.8
2013-11-03;12.6;21.8;11;3;2013;307;17.2
2013-11-04;13.2;24.1;11;4;2013;308;18.6
2013-11-05;16.7;24.1;11;5;2013;309;20.4
2013-11-06;15.9;22.6;11;6;2013;310;19.2
2013-11-07;13.1;20.5;11;7;2013;311;16.8
2013-11-08;13.6;20.7;11;8;2013;312;17.2
2013-11-09;15.0;24.1;11;9;2013;313;19.6
2013-11-10;13.6;22.0;11;10;2013;314;17.8
2013-11-11;12.6;21.2;11;11;2013;315;16.9
2013-11-12;13.8;25.2;11;12;2013;316;19.5
2013-11-13;13.8;21.5;11;13;2013;317;17.6
2013-11-14;14.6;21.7;11;14;2013;318;18.2
2013-11-15;10.3;21.7;11;15;2013;319;16.0
2013-11-16;7.7;16.6;11;16;2013;320;12.2
2013-11-17;8.8;16.3;11;17;2013;321;12.6
2013-11-18;9.4;17.3;11;18;2013;322;13.4
2013-11-19;11.9;19.4;11;19;2013;323;15.6
2013-11-20;10.1;20.0;11;20;2013;324;15.0
2013-11-21;8.3;18.2;11;21;2013;325;13.2
2013-11-22;11.6;17.9;11;22;2013;326;14.8
2013-11-23;10.5;18.5;11;23;2013;327;14.5
2013-11-24;9.2;17.3;11;24;2013;328;13.2
2013-11-25;8.1;18.1;11;25;2013;329;13.1
2013-11-26;7.8;18.3;11;26;2013;330;13.0
2013-11-27;11.2;15.3;11;27;2013;331;13.2
2013-11-28;10.6;16.4;11;28;2013;332;13.5
2013-11-29;8.2;17.3;11;29;2013;333;12.8
2013-11-30;3.1;16.4;11;30;2013;334;9.8
2013-12-01;10.5;17.9;12;1;2013;335;14.2
2013-12-02;8.9;17.8;12;2;2013;336;13.4
2013-12-03;8.9;18.6;12;3;2013;337;13.8
2013-12-04;11.5;19.9;12;4;2013;338;15.7
2013-12-05;10.2;18.9;12;5;2013;339;14.6
2013-12-06;6.3;19.0;12;6;2013;340;12.6
2013-12-07;8.1;18.2;12;7;2013;341;13.2
2013-12-08;7.8;17.2;12;8;2013;342;12.5
2013-12-09;11.0;19.1;12;9;2013;343;15.0
2013-12-10;10.8;19.0;12;10;2013;344;14.9
2013-12-11;11.0;19.3;12;11;2013;345;15.2
2013-12-12;10.8;20.3;12;12;2013;346;15.6
2013-12-13;9.0;17.9;12;13;2013;347;13.4
2013-12-14;10.2;18.8;12;14;2013;348;14.5
2013-12-15;11.3;18.7;12;15;2013;349;15.0
2013-12-16;10.5;18.5;12;16;2013;350;14.5
2013-12-17;11.8;19.2;12;17;2013;351;15.5
2013-12-18;10.5;18.5;12;18;2013;352;14.5
2013-12-19;12.3;18.3;12;19;2013;353;15.3
2013-12-20;12.5;15.9;12;20;2013;354;14.2
2013-12-21;10.4;18.5;12;21;2013;355;14.4
2013-12-22;9.1;17.0;12;22;2013;356;13.0
2013-12-23;9.4;16.9;12;23;2013;357;13.2
2013-12-24;8.8;17.9;12;24;2013;358;13.4
2013-12-25;13.4;17.1;12;25;2013;359;15.2
2013-12-26;10.5;19.0;12;26;2013;360;14.8
2013-12-27;9.0;17.8;12;27;2013;361;13.4
2013-12-28;9.1;18.1;12;28;2013;362;13.6
2013-12-29;8.7;18.0;12;29;2013;363;13.4
2013-12-30;6.2;15.9;12;30;2013;364;11.0
2013-12-31;6.8;15.5;12;31;2013;365;11.2
2014-01-01;8.9;17.8;1;1;2014;1;13.4
2014-01-02;12.2;17.5;1;2;2014;2;14.8
2014-01-03;11.0;19.7;1;3;2014;3;15.4
2014-01-04;11.6;18.8;1;4;2014;4;15.2
2014-01-05;10.6;18.6;1;5;2014;5;14.6
2014-01-06;9.6;17.3;1;6;2014;6;13.4
2014-01-07;8.5;17.5;1;7;2014;7;13.0
2014-01-08;7.6;19.5;1;8;2014;8;13.6
2014-01-09;8.9;19.7;1;9;2014;9;14.3
2014-01-10;11.0;18.1;1;10;2014;10;14.6
2014-01-11;10.6;15.9;1;11;2014;11;13.2
2014-01-12;10.2;17.6;1;12;2014;12;13.9
2014-01-13;11.2;16.9;1;13;2014;13;14.0
2014-01-14;11.6;18.4;1;14;2014;14;15.0
2014-01-15;11.0;19.6;1;15;2014;15;15.3
2014-01-16;10.9;17.0;1;16;2014;16;14.0
2014-01-17;8.6;16.4;1;17;2014;17;12.5
2014-01-18;11.0;16.4;1;18;2014;18;13.7
2014-01-19;9.4;15.9;1;19;2014;19;12.6
2014-01-20;8.6;16.2;1;20;2014;20;12.4
2014-01-21;7.3;15.7;1;21;2014;21;11.5
2014-01-22;9.7;16.8;1;22;2014;22;13.2
2014-01-23;9.8;18.7;1;23;2014;23;14.2
2014-01-24;9.2;16.1;1;24;2014;24;12.6
2014-01-25;10.8;21.0;1;25;2014;25;15.9
2014-01-26;11.4;19.3;1;26;2014;26;15.4
2014-01-27;10.5;21.2;1;27;2014;27;15.8
2014-01-28;12.2;16.6;1;28;2014;28;14.4
2014-01-29;12.0;16.8;1;29;2014;29;14.4
2014-01-30;6.9;17.5;1;30;2014;30;12.2
2014-01-31;11.9;17.5;1;31;2014;31;14.7
2014-02-01;9.4;19.3;2;1;2014;32;14.4
2014-02-02;9.7;16.7;2;2;2014;33;13.2
2014-02-03;7.4;15.7;2;3;2014;34;11.6
2014-02-04;8.9;16.6;2;4;2014;35;12.8
2014-02-05;13.2;17.7;2;5;2014;36;15.4
2014-02-06;10.3;20.0;2;6;2014;37;15.2
2014-02-07;9.7;17.5;2;7;2014;38;13.6
2014-02-08;8.0;16.9;2;8;2014;39;12.4
2014-02-09;10.8;16.5;2;9;2014;40;13.6
2014-02-10;11.7;15.9;2;10;2014;41;13.8
2014-02-11;8.4;15.7;2;11;2014;42;12.0
2014-02-12;10.8;19.1;2;12;2014;43;15.0
2014-02-13;10.5;18.5;2;13;2014;44;14.5
2014-02-14;10.9;17.7;2;14;2014;45;14.3
2014-02-15;12.3;18.5;2;15;2014;46;15.4
2014-02-16;11.2;18.0;2;16;2014;47;14.6
2014-02-17;11.0;16.0;2;17;2014;48;13.5
2014-02-18;11.6;15.3;2;18;2014;49;13.4
2014-02-19;9.8;17.4;2;19;2014;50;13.6
2014-02-20;10.2;17.1;2;20;2014;51;13.6
2014-02-21;9.9;20.3;2;21;2014;52;15.1
2014-02-22;9.6;17.3;2;22;2014;53;13.4
2014-02-23;8.4;19.8;2;23;2014;54;14.1
2014-02-24;8.3;14.7;2;24;2014;55;11.5
2014-02-25;8.2;16.4;2;25;2014;56;12.3
2014-02-26;9.8;18.0;2;26;2014;57;13.9
2014-02-27;10.3;17.6;2;27;2014;58;14.0
2014-02-28;9.4;19.4;2;28;2014;59;14.4
2014-03-01;13.1;19.0;3;1;2014;60;16.0
2014-03-02;14.1;22.9;3;2;2014;61;18.5
2014-03-03;13.7;21.9;3;3;2014;62;17.8
2014-03-04;13.0;18.0;3;4;2014;63;15.5
2014-03-05;13.3;19.5;3;5;2014;64;16.4
2014-03-06;11.5;20.9;3;6;2014;65;16.2
2014-03-07;11.3;20.3;3;7;2014;66;15.8
2014-03-08;9.4;22.4;3;8;2014;67;15.9
2014-03-09;11.5;21.1;3;9;2014;68;16.3
2014-03-10;10.6;19.4;3;10;2014;69;15.0
2014-03-11;8.8;20.8;3;11;2014;70;14.8
2014-03-12;12.3;18.6;3;12;2014;71;15.4
2014-03-13;11.9;20.1;3;13;2014;72;16.0
2014-03-14;10.8;17.0;3;14;2014;73;13.9
2014-03-15;8.2;18.4;3;15;2014;74;13.3
2014-03-16;9.9;18.6;3;16;2014;75;14.2
2014-03-17;9.6;20.4;3;17;2014;76;15.0
2014-03-18;10.1;19.1;3;18;2014;77;14.6
2014-03-19;12.2;22.5;3;19;2014;78;17.4
2014-03-20;11.9;18.1;3;20;2014;79;15.0
2014-03-21;11.5;18.7;3;21;2014;80;15.1
2014-03-22;13.0;19.0;3;22;2014;81;16.0
2014-03-23;13.0;21.6;3;23;2014;82;17.3
2014-03-24;10.3;20.5;3;24;2014;83;15.4
2014-03-25;13.6;22.7;3;25;2014;84;18.2
2014-03-26;12.5;20.4;3;26;2014;85;16.4
2014-03-27;11.0;18.3;3;27;2014;86;14.6
2014-03-28;10.3;21.2;3;28;2014;87;15.8
2014-03-29;11.7;18.8;3;29;2014;88;15.2
2014-03-30;8.7;18.4;3;30;2014;89;13.6
2014-03-31;11.6;19.8;3;31;2014;90;15.7
2014-04-01;13.0;23.0;4;1;2014;91;18.0
2014-04-02;13.3;22.4;4;2;2014;92;17.8
2014-04-03;13.0;17.7;4;3;2014;93;15.4
2014-04-04;12.1;21.3;4;4;2014;94;16.7
2014-04-05;13.2;21.5;4;5;2014;95;17.4
2014-04-06;13.7;23.1;4;6;2014;96;18.4
2014-04-07;14.3;23.0;4;7;2014;97;18.6
2014-04-08;14.1;25.2;4;8;2014;98;19.6
2014-04-09;15.7;29.1;4;9;2014;99;22.4
2014-04-10;14.3;20.1;4;10;2014;100;17.2
2014-04-11;16.3;22.8;4;11;2014;101;19.6
2014-04-12;14.9;20.6;4;12;2014;102;17.8
2014-04-13;14.9;20.4;4;13;2014;103;17.6
2014-04-14;15.6;27.5;4;14;2014;104;21.6
2014-04-15;16.0;22.8;4;15;2014;105;19.4
2014-04-16;14.2;20.7;4;16;2014;106;17.4
2014-04-17;13.0;27.9;4;17;2014;107;20.4
2014-04-18;14.6;21.7;4;18;2014;108;18.2
2014-04-19;15.8;22.4;4;19;2014;109;19.1
2014-04-20;14.9;22.2;4;20;2014;110;18.6
2014-04-21;15.7;21.7;4;21;2014;111;18.7
2014-04-22;13.3;22.1;4;22;2014;112;17.7
2014-04-23;12.4;20.3;4;23;2014;113;16.4
2014-04-24;15.0;22.6;4;24;2014;114;18.8
2014-04-25;15.2;20.3;4;25;2014;115;17.8
2014-04-26;13.9;22.8;4;26;2014;116;18.4
2014-04-27;15.8;23.5;4;27;2014;117;19.6
2014-04-28;14.3;25.0;4;28;2014;118;19.6
2014-04-29;15.1;22.7;4;29;2014;119;18.9
2014-04-30;16.1;24.8;4;30;2014;120;20.4
2014-05-01;15.5;23.3;5;1;2014;121;19.4
2014-05-02;15.6;22.8;5;2;2014;122;19.2
2014-05-03;16.5;24.3;5;3;2014;123;20.4
2014-05-04;14.5;24.0;5;4;2014;124;19.2
2014-05-05;15.5;29.4;5;5;2014;125;22.4
2014-05-06;16.4;30.1;5;6;2014;126;23.2
2014-05-07;15.0;22.1;5;7;2014;127;18.6
2014-05-08;17.9;25.8;5;8;2014;128;21.8
2014-05-09;17.6;23.1;5;9;2014;129;20.4
2014-05-10;15.8;23.5;5;10;2014;130;19.6
2014-05-11;18.3;24.3;5;11;2014;131;21.3
2014-05-12;19.1;30.3;5;12;2014;132;24.7
2014-05-13;19.7;27.9;5;13;2014;133;23.8
2014-05-14;18.8;26.0;5;14;2014;134;22.4
2014-05-15;17.6;25.8;5;15;2014;135;21.7
2014-05-16;17.4;25.7;5;16;2014;136;21.6
2014-05-17;17.6;24.4;5;17;2014;137;21.0
2014-05-18;13.9;24.9;5;18;2014;138;19.4
2014-05-19;15.1;22.1;5;19;2014;139;18.6
2014-05-20;17.3;25.5;5;20;2014;140;21.4
2014-05-21;17.7;23.1;5;21;2014;141;20.4
2014-05-22;15.3;22.0;5;22;2014;142;18.6
2014-05-23;14.6;21.6;5;23;2014;143;18.1
2014-05-24;15.2;19.8;5;24;2014;144;17.5
2014-05-25;15.8;22.3;5;25;2014;145;19.0
2014-05-26;13.8;22.5;5;26;2014;146;18.2
2014-05-27;15.3;22.1;5;27;2014;147;18.7
2014-05-28;17.0;24.9;5;28;2014;148;21.0
2014-05-29;15.7;24.3;5;29;2014;149;20.0
2014-05-30;16.5;22.8;5;30;2014;150;19.6
2014-05-31;19.5;27.2;5;31;2014;151;23.4
2014-06-01;18.0;27.6;6;1;2014;152;22.8
2014-06-02;16.9;25.4;6;2;2014;153;21.2
2014-06-03;16.8;23.8;6;3;2014;154;20.3
2014-06-04;17.5;25.7;6;4;2014;155;21.6
2014-06-05;17.6;29.5;6;5;2014;156;23.6
2014-06-06;21.0;36.9;6;6;2014;157;29.0
2014-06-07;19.2;23.8;6;7;2014;158;21.5
2014-06-08;18.1;24.4;6;8;2014;159;21.2
2014-06-09;19.1;24.0;6;9;2014;160;21.6
2014-06-10;20.400000000000002;29.2;6;10;2014;161;24.0
2014-06-11;21.7;34.4;6;11;2014;162;26.400000000000002
2014-06-12;23.0;34.5;6;12;2014;163;28.8
2014-06-13;22.2;31.5;6;13;2014;164;26.8
2014-06-14;20.9;28.3;6;14;2014;165;24.6
2014-06-15;21.8;31.9;6;15;2014;166;26.8
2014-06-16;20.0;30.0;6;16;2014;167;25.0
2014-06-17;18.7;26.6;6;17;2014;168;22.6
2014-06-18;21.2;26.3;6;18;2014;169;23.8
2014-06-19;20.9;26.3;6;19;2014;170;23.6
2014-06-20;16.2;26.9;6;20;2014;171;21.6
2014-06-21;20.7;25.9;6;21;2014;172;23.3
2014-06-22;20.5;27.7;6;22;2014;173;24.1
2014-06-23;20.2;26.7;6;23;2014;174;23.4
2014-06-24;18.6;25.7;6;24;2014;175;22.2
2014-06-25;18.1;27.2;6;25;2014;176;22.6
2014-06-26;19.1;25.1;6;26;2014;177;22.1
2014-06-27;19.4;25.9;6;27;2014;178;22.6
2014-06-28;20.8;26.0;6;28;2014;179;23.4
2014-06-29;18.9;25.1;6;29;2014;180;22.0
2014-06-30;20.1;28.4;6;30;2014;181;24.2
2014-07-01;19.1;27.8;7;1;2014;182;23.4
2014-07-02;18.6;24.4;7;2;2014;183;21.5
2014-07-03;17.9;23.4;7;3;2014;184;20.6
2014-07-04;17.8;23.9;7;4;2014;185;20.8
2014-07-05;18.6;27.5;7;5;2014;186;23.0
2014-07-06;17.8;26.1;7;6;2014;187;22.0
2014-07-07;18.1;26.8;7;7;2014;188;22.4
2014-07-08;19.5;32.5;7;8;2014;189;26.0
2014-07-09;21.7;32.0;7;9;2014;190;26.8
2014-07-10;22.9;29.4;7;10;2014;191;26.2
2014-07-11;21.9;26.3;7;11;2014;192;24.1
2014-07-12;21.5;27.1;7;12;2014;193;24.3
2014-07-13;22.4;28.7;7;13;2014;194;25.6
2014-07-14;22.4;27.1;7;14;2014;195;24.8
2014-07-15;22.4;35.2;7;15;2014;196;28.8
2014-07-16;24.5;37.6;7;16;2014;197;31.0
2014-07-17;27.1;37.1;7;17;2014;198;32.1
2014-07-18;24.2;31.1;7;18;2014;199;27.6
2014-07-19;22.5;32.3;7;19;2014;200;27.4
2014-07-20;21.1;26.9;7;20;2014;201;24.0
2014-07-21;21.1;34.6;7;21;2014;202;27.8
2014-07-22;22.8;29.5;7;22;2014;203;26.2
2014-07-23;22.8;29.4;7;23;2014;204;26.1
2014-07-24;22.2;28.0;7;24;2014;205;25.1
2014-07-25;24.2;29.5;7;25;2014;206;26.8
2014-07-26;24.1;31.4;7;26;2014;207;27.8
2014-07-27;25.0;29.4;7;27;2014;208;27.2
2014-07-28;23.8;27.9;7;28;2014;209;25.8
2014-07-29;22.3;32.7;7;29;2014;210;27.5
2014-07-30;25.1;32.4;7;30;2014;211;28.8
2014-07-31;23.7;28.1;7;31;2014;212;25.9
2014-08-01;21.3;29.4;8;1;2014;213;25.4
2014-08-02;19.6;27.5;8;2;2014;214;23.6
2014-08-03;19.3;26.4;8;3;2014;215;22.8
2014-08-04;20.8;28.6;8;4;2014;216;24.7
2014-08-05;20.3;27.2;8;5;2014;217;23.8
2014-08-06;23.6;29.2;8;6;2014;218;26.4
2014-08-07;22.9;27.1;8;7;2014;219;25.0
2014-08-08;22.5;29.4;8;8;2014;220;26.0
2014-08-09;22.4;29.4;8;9;2014;221;25.9
2014-08-10;23.0;28.7;8;10;2014;222;25.8
2014-08-11;22.5;28.9;8;11;2014;223;25.7
2014-08-12;23.8;31.3;8;12;2014;224;27.6
2014-08-13;23.5;28.5;8;13;2014;225;26.0
2014-08-14;25.3;34.5;8;14;2014;226;29.9
2014-08-15;25.6;31.4;8;15;2014;227;28.5
2014-08-16;25.0;32.8;8;16;2014;228;28.9
2014-08-17;25.5;32.4;8;17;2014;229;29.0
2014-08-18;25.2;34.0;8;18;2014;230;29.6
2014-08-19;24.2;28.3;8;19;2014;231;26.2
2014-08-20;23.3;28.8;8;20;2014;232;26.0
2014-08-21;22.6;32.2;8;21;2014;233;27.4
2014-08-22;23.5;28.9;8;22;2014;234;26.2
2014-08-23;22.7;33.9;8;23;2014;235;28.3
2014-08-24;24.4;34.6;8;24;2014;236;29.5
2014-08-25;23.4;29.7;8;25;2014;237;26.6
2014-08-26;23.4;30.2;8;26;2014;238;26.8
2014-08-27;22.7;32.9;8;27;2014;239;27.8
2014-08-28;24.7;32.4;8;28;2014;240;28.6
2014-08-29;26.0;29.9;8;29;2014;241;28.0
2014-08-30;24.6;33.6;8;30;2014;242;29.1
2014-08-31;24.6;33.6;8;31;2014;243;29.1
2014-09-01;24.0;31.0;9;1;2014;244;27.5
2014-09-02;24.3;31.3;9;2;2014;245;27.8
2014-09-03;25.3;30.8;9;3;2014;246;28.0
2014-09-04;23.8;30.1;9;4;2014;247;27.0
2014-09-05;23.9;30.3;9;5;2014;248;27.1
2014-09-06;24.5;30.2;9;6;2014;249;27.4
2014-09-07;22.8;31.4;9;7;2014;250;27.1
2014-09-08;22.1;29.4;9;8;2014;251;25.8
2014-09-09;22.7;31.3;9;9;2014;252;27.0
2014-09-10;24.1;29.7;9;10;2014;253;26.9
2014-09-11;20.8;30.7;9;11;2014;254;25.8
2014-09-12;22.5;27.7;9;12;2014;255;25.1
2014-09-13;20.9;27.8;9;13;2014;256;24.4
2014-09-14;19.3;29.0;9;14;2014;257;24.2
2014-09-15;19.8;26.4;9;15;2014;258;23.1
2014-09-16;19.2;29.9;9;16;2014;259;24.6
2014-09-17;20.1;28.6;9;17;2014;260;24.4
2014-09-18;18.6;28.5;9;18;2014;261;23.6
2014-09-19;19.5;27.4;9;19;2014;262;23.4
2014-09-20;20.5;26.9;9;20;2014;263;23.7
2014-09-21;21.1;31.0;9;21;2014;264;26.0
2014-09-22;21.1;26.5;9;22;2014;265;23.8
2014-09-23;18.7;24.9;9;23;2014;266;21.8
2014-09-24;18.5;25.6;9;24;2014;267;22.0
2014-09-25;19.6;27.6;9;25;2014;268;23.6
2014-09-26;21.6;30.7;9;26;2014;269;26.2
2014-09-27;21.7;25.5;9;27;2014;270;23.6
2014-09-28;20.6;27.2;9;28;2014;271;23.9
2014-09-29;19.7;28.3;9;29;2014;272;24.0
2014-09-30;19.2;30.5;9;30;2014;273;24.8
2014-10-01;21.2;28.3;10;1;2014;274;24.8
2014-10-02;23.0;28.7;10;2;2014;275;25.8
2014-10-03;20.1;29.7;10;3;2014;276;24.9
2014-10-04;19.4;26.0;10;4;2014;277;22.7
2014-10-05;20.1;25.3;10;5;2014;278;22.7
2014-10-06;20.3;26.0;10;6;2014;279;23.2
2014-10-07;17.0;24.8;10;7;2014;280;20.9
2014-10-08;18.2;25.4;10;8;2014;281;21.8
2014-10-09;17.8;26.4;10;9;2014;282;22.1
2014-10-10;17.9;26.7;10;10;2014;283;22.3
2014-10-11;19.4;27.8;10;11;2014;284;23.6
2014-10-12;18.7;25.5;10;12;2014;285;22.1
2014-10-13;15.2;23.0;10;13;2014;286;19.1
2014-10-14;14.9;22.3;10;14;2014;287;18.6
2014-10-15;16.5;23.7;10;15;2014;288;20.1
2014-10-16;15.6;23.7;10;16;2014;289;19.6
2014-10-17;16.0;24.1;10;17;2014;290;20.0
2014-10-18;17.9;28.2;10;18;2014;291;23.0
2014-10-19;22.6;32.8;10;19;2014;292;27.7
2014-10-20;19.8;32.5;10;20;2014;293;26.2
2014-10-21;18.0;23.9;10;21;2014;294;21.0
2014-10-22;17.5;25.3;10;22;2014;295;21.4
2014-10-23;17.7;25.9;10;23;2014;296;21.8
2014-10-24;15.1;24.6;10;24;2014;297;19.8
2014-10-25;17.8;31.2;10;25;2014;298;24.5
2014-10-26;20.0;27.6;10;26;2014;299;23.8
2014-10-27;19.6;29.6;10;27;2014;300;24.6
2014-10-28;18.2;27.0;10;28;2014;301;22.6
2014-10-29;17.7;27.0;10;29;2014;302;22.4
2014-10-30;17.1;28.8;10;30;2014;303;23.0
2014-10-31;17.7;26.3;10;31;2014;304;22.0
2014-11-01;16.1;25.1;11;1;2014;305;20.6
2014-11-02;17.1;26.0;11;2;2014;306;21.6
2014-11-03;17.0;22.7;11;3;2014;307;19.8
2014-11-04;15.0;20.9;11;4;2014;308;18.0
2014-11-05;14.7;18.7;11;5;2014;309;16.7
2014-11-06;13.8;20.8;11;6;2014;310;17.3
2014-11-07;12.3;21.8;11;7;2014;311;17.0
2014-11-08;13.8;20.2;11;8;2014;312;17.0
2014-11-09;13.3;20.3;11;9;2014;313;16.8
2014-11-10;12.0;19.2;11;10;2014;314;15.6
2014-11-11;12.4;16.9;11;11;2014;315;14.6
2014-11-12;12.8;21.0;11;12;2014;316;16.9
2014-11-13;13.4;20.5;11;13;2014;317;17.0
2014-11-14;16.7;20.3;11;14;2014;318;18.5
2014-11-15;13.9;20.8;11;15;2014;319;17.4
2014-11-16;11.6;19.0;11;16;2014;320;15.3
2014-11-17;9.9;18.3;11;17;2014;321;14.1
2014-11-18;11.1;19.1;11;18;2014;322;15.1
2014-11-19;11.2;21.2;11;19;2014;323;16.2
2014-11-20;15.7;23.3;11;20;2014;324;19.5
2014-11-21;18.0;24.3;11;21;2014;325;21.2
2014-11-22;18.2;25.9;11;22;2014;326;22.0
2014-11-23;19.0;26.0;11;23;2014;327;22.5
2014-11-24;17.6;24.6;11;24;2014;328;21.1
2014-11-25;10.9;20.9;11;25;2014;329;15.9
2014-11-26;13.5;20.9;11;26;2014;330;17.2
2014-11-27;13.1;20.8;11;27;2014;331;17.0
2014-11-28;14.5;19.6;11;28;2014;332;17.0
2014-11-29;13.3;19.7;11;29;2014;333;16.5
2014-11-30;12.5;20.1;11;30;2014;334;16.3
2014-12-01;14.6;20.2;12;1;2014;335;17.4
2014-12-02;12.8;19.6;12;2;2014;336;16.2
2014-12-03;11.9;19.3;12;3;2014;337;15.6
2014-12-04;10.2;18.9;12;4;2014;338;14.6
2014-12-05;10.1;18.7;12;5;2014;339;14.4
2014-12-06;9.5;18.6;12;6;2014;340;14.0
2014-12-07;10.8;18.5;12;7;2014;341;14.6
2014-12-08;8.4;17.7;12;8;2014;342;13.0
2014-12-09;10.8;20.6;12;9;2014;343;15.7
2014-12-10;6.7;16.9;12;10;2014;344;11.8
2014-12-11;9.0;17.6;12;11;2014;345;13.3
2014-12-12;8.8;17.8;12;12;2014;346;13.3
2014-12-13;9.5;19.2;12;13;2014;347;14.4
2014-12-14;10.9;15.4;12;14;2014;348;13.2
2014-12-15;11.1;18.2;12;15;2014;349;14.6
2014-12-16;11.0;18.5;12;16;2014;350;14.8
2014-12-17;12.1;19.5;12;17;2014;351;15.8
2014-12-18;10.5;19.3;12;18;2014;352;14.9
2014-12-19;10.0;18.5;12;19;2014;353;14.2
2014-12-20;10.2;18.9;12;20;2014;354;14.6
2014-12-21;10.7;18.4;12;21;2014;355;14.6
2014-12-22;12.1;18.7;12;22;2014;356;15.4
2014-12-23;7.1;20.1;12;23;2014;357;13.6
2014-12-24;9.3;17.3;12;24;2014;358;13.3
2014-12-25;8.9;17.5;12;25;2014;359;13.2
2014-12-26;9.8;17.5;12;26;2014;360;13.6
2014-12-27;8.8;17.1;12;27;2014;361;13.0
2014-12-28;9.8;21.0;12;28;2014;362;15.4
2014-12-29;7.1;14.6;12;29;2014;363;10.8
2014-12-30;4.3;14.7;12;30;2014;364;9.5
2014-12-31;4.7;15.9;12;31;2014;365;10.3
2015-01-01;5.3;17.6;1;1;2015;1;11.4
2015-01-02;7.0;16.5;1;2;2015;2;11.8
2015-01-03;8.2;17.3;1;3;2015;3;12.8
2015-01-04;8.3;17.9;1;4;2015;4;13.1
2015-01-05;7.8;17.7;1;5;2015;5;12.8
2015-01-06;8.1;17.3;1;6;2015;6;12.7
2015-01-07;8.3;19.0;1;7;2015;7;13.6
2015-01-08;8.9;18.8;1;8;2015;8;13.8
2015-01-09;8.5;19.6;1;9;2015;9;14.0
2015-01-10;6.0;17.0;1;10;2015;10;11.5
2015-01-11;6.9;17.9;1;11;2015;11;12.4
2015-01-12;10.4;19.2;1;12;2015;12;14.8
2015-01-13;10.3;17.5;1;13;2015;13;13.9
2015-01-14;10.8;17.7;1;14;2015;14;14.2
2015-01-15;10.2;17.6;1;15;2015;15;13.9
2015-01-16;11.4;18.0;1;16;2015;16;14.7
2015-01-17;8.4;16.6;1;17;2015;17;12.5
2015-01-18;6.5;14.3;1;18;2015;18;10.4
2015-01-19;8.6;16.2;1;19;2015;19;12.4
2015-01-20;7.3;15.3;1;20;2015;20;11.3
2015-01-21;8.1;14.5;1;21;2015;21;11.3
2015-01-22;9.0;16.3;1;22;2015;22;12.6
2015-01-23;10.5;17.7;1;23;2015;23;14.1
2015-01-24;8.0;16.9;1;24;2015;24;12.4
2015-01-25;7.6;17.6;1;25;2015;25;12.6
2015-01-26;7.5;17.4;1;26;2015;26;12.4
2015-01-27;8.8;17.0;1;27;2015;27;12.9
2015-01-28;8.4;17.3;1;28;2015;28;12.8
2015-01-29;7.1;19.7;1;29;2015;29;13.4
2015-01-30;13.4;20.9;1;30;2015;30;17.2
2015-01-31;11.3;19.6;1;31;2015;31;15.4
2015-02-01;9.8;16.5;2;1;2015;32;13.2
2015-02-02;8.3;15.7;2;2;2015;33;12.0
2015-02-03;8.0;18.4;2;3;2015;34;13.2
2015-02-04;8.3;14.0;2;4;2015;35;11.2
2015-02-05;6.8;13.8;2;5;2015;36;10.3
2015-02-06;7.6;14.4;2;6;2015;37;11.0
2015-02-07;5.7;15.2;2;7;2015;38;10.4
2015-02-08;6.6;14.8;2;8;2015;39;10.7
2015-02-09;5.7;16.6;2;9;2015;40;11.2
2015-02-10;10.1;16.0;2;10;2015;41;13.0
2015-02-11;8.8;19.7;2;11;2015;42;14.2
2015-02-12;10.6;13.4;2;12;2015;43;12.0
2015-02-13;9.4;15.9;2;13;2015;44;12.6
2015-02-14;8.9;16.1;2;14;2015;45;12.5
2015-02-15;11.5;20.0;2;15;2015;46;15.8
2015-02-16;11.2;17.8;2;16;2015;47;14.5
2015-02-17;8.5;13.7;2;17;2015;48;11.1
2015-02-18;11.6;16.3;2;18;2015;49;14.0
2015-02-19;12.4;17.5;2;19;2015;50;15.0
2015-02-20;9.6;17.6;2;20;2015;51;13.6
2015-02-21;7.6;20.3;2;21;2015;52;14.0
2015-02-22;13.3;18.0;2;22;2015;53;15.6
2015-02-23;11.6;19.4;2;23;2015;54;15.5
2015-02-24;12.5;20.0;2;24;2015;55;16.2
2015-02-25;12.3;19.2;2;25;2015;56;15.8
2015-02-26;12.2;22.7;2;26;2015;57;17.4
2015-02-27;14.5;20.2;2;27;2015;58;17.4
2015-02-28;11.7;17.6;2;28;2015;59;14.6
2015-03-01;9.8;18.6;3;1;2015;60;14.2
2015-03-02;10.1;18.1;3;2;2015;61;14.1
2015-03-03;11.7;16.1;3;3;2015;62;13.9
2015-03-04;12.7;15.7;3;4;2015;63;14.2
2015-03-05;7.8;18.9;3;5;2015;64;13.4
2015-03-06;7.1;16.4;3;6;2015;65;11.8
2015-03-07;7.5;16.5;3;7;2015;66;12.0
2015-03-08;6.8;20.4;3;8;2015;67;13.6
2015-03-09;8.7;16.5;3;9;2015;68;12.6
2015-03-10;8.5;17.7;3;10;2015;69;13.1
2015-03-11;9.2;18.7;3;11;2015;70;14.0
2015-03-12;9.8;17.6;3;12;2015;71;13.7
2015-03-13;10.2;20.3;3;13;2015;72;15.2
2015-03-14;11.0;16.3;3;14;2015;73;13.6
2015-03-15;11.6;17.6;3;15;2015;74;14.6
2015-03-16;10.2;17.1;3;16;2015;75;13.6
2015-03-17;11.5;18.6;3;17;2015;76;15.0
2015-03-18;10.9;16.7;3;18;2015;77;13.8
2015-03-19;11.9;19.6;3;19;2015;78;15.8
2015-03-20;10.8;19.2;3;20;2015;79;15.0
2015-03-21;10.5;17.0;3;21;2015;80;13.8
2015-03-22;10.7;17.9;3;22;2015;81;14.3
2015-03-23;11.5;19.8;3;23;2015;82;15.6
2015-03-24;10.9;16.2;3;24;2015;83;13.6
2015-03-25;10.3;17.4;3;25;2015;84;13.8
2015-03-26;10.8;17.4;3;26;2015;85;14.1
2015-03-27;12.6;18.9;3;27;2015;86;15.8
2015-03-28;12.8;20.2;3;28;2015;87;16.5
2015-03-29;12.5;23.6;3;29;2015;88;18.0
2015-03-30;13.4;23.3;3;30;2015;89;18.4
2015-03-31;14.2;23.1;3;31;2015;90;18.6
2015-04-01;15.7;26.9;4;1;2015;91;21.3
2015-04-02;13.9;22.5;4;2;2015;92;18.2
2015-04-03;12.1;18.4;4;3;2015;93;15.2
2015-04-04;13.4;19.9;4;4;2015;94;16.6
2015-04-05;13.2;19.1;4;5;2015;95;16.2
2015-04-06;15.0;19.4;4;6;2015;96;17.2
2015-04-07;13.5;17.6;4;7;2015;97;15.6
2015-04-08;13.9;18.8;4;8;2015;98;16.4
2015-04-09;13.3;21.0;4;9;2015;99;17.2
2015-04-10;11.1;22.2;4;10;2015;100;16.6
2015-04-11;13.5;18.3;4;11;2015;101;15.9
2015-04-12;13.5;22.2;4;12;2015;102;17.8
2015-04-13;18.4;26.2;4;13;2015;103;22.3
2015-04-14;16.7;27.0;4;14;2015;104;21.8
2015-04-15;14.8;18.5;4;15;2015;105;16.6
2015-04-16;14.6;20.6;4;16;2015;106;17.6
2015-04-17;13.5;20.1;4;17;2015;107;16.8
2015-04-18;13.7;20.1;4;18;2015;108;16.9
2015-04-19;13.5;21.0;4;19;2015;109;17.2
2015-04-20;14.2;24.7;4;20;2015;110;19.4
2015-04-21;16.7;25.0;4;21;2015;111;20.8
2015-04-22;15.9;20.9;4;22;2015;112;18.4
2015-04-23;14.7;20.1;4;23;2015;113;17.4
2015-04-24;15.5;18.6;4;24;2015;114;17.0
2015-04-25;15.9;19.9;4;25;2015;115;17.9
2015-04-26;16.5;24.5;4;26;2015;116;20.5
2015-04-27;14.5;22.3;4;27;2015;117;18.4
2015-04-28;14.0;20.7;4;28;2015;118;17.4
2015-04-29;14.9;20.9;4;29;2015;119;17.9
2015-04-30;14.9;21.6;4;30;2015;120;18.2
2015-05-01;15.1;20.4;5;1;2015;121;17.8
2015-05-02;15.4;25.1;5;2;2015;122;20.2
2015-05-03;15.7;24.2;5;3;2015;123;20.0
2015-05-04;18.0;24.8;5;4;2015;124;21.4
2015-05-05;17.1;22.9;5;5;2015;125;20.0
2015-05-06;15.9;21.6;5;6;2015;126;18.8
2015-05-07;14.9;30.8;5;7;2015;127;22.8
2015-05-08;16.0;22.8;5;8;2015;128;19.4
2015-05-09;16.0;28.1;5;9;2015;129;22.0
2015-05-10;18.9;32.3;5;10;2015;130;25.6
2015-05-11;17.5;26.0;5;11;2015;131;21.8
2015-05-12;16.2;24.2;5;12;2015;132;20.2
2015-05-13;17.3;23.8;5;13;2015;133;20.6
2015-05-14;17.9;30.6;5;14;2015;134;24.2
2015-05-15;18.5;27.6;5;15;2015;135;23.0
2015-05-16;17.5;24.5;5;16;2015;136;21.0
2015-05-17;16.4;29.2;5;17;2015;137;22.8
2015-05-18;15.9;30.8;5;18;2015;138;23.4
2015-05-19;18.2;24.5;5;19;2015;139;21.4
2015-05-20;18.7;24.3;5;20;2015;140;21.5
2015-05-21;18.3;24.0;5;21;2015;141;21.2
2015-05-22;15.5;24.4;5;22;2015;142;20.0
2015-05-23;15.4;25.2;5;23;2015;143;20.3
2015-05-24;16.8;22.8;5;24;2015;144;19.8
2015-05-25;16.3;25.4;5;25;2015;145;20.8
2015-05-26;16.0;24.9;5;26;2015;146;20.4
2015-05-27;16.3;25.8;5;27;2015;147;21.0
2015-05-28;17.6;30.8;5;28;2015;148;24.2
2015-05-29;17.8;26.8;5;29;2015;149;22.3
2015-05-30;17.1;25.8;5;30;2015;150;21.4
2015-05-31;18.7;26.7;5;31;2015;151;22.7
2015-06-01;19.5;26.8;6;1;2015;152;23.2
2015-06-02;17.2;33.0;6;2;2015;153;25.1
2015-06-03;20.4;32.9;6;3;2015;154;26.6
2015-06-04;20.0;31.9;6;4;2015;155;26.0
2015-06-05;19.4;34.1;6;5;2015;156;26.8
2015-06-06;20.3;33.2;6;6;2015;157;26.8
2015-06-07;20.2;32.8;6;7;2015;158;26.5
2015-06-08;19.4;33.2;6;8;2015;159;26.3
2015-06-09;19.5;28.4;6;9;2015;160;24.0
2015-06-10;19.1;28.5;6;10;2015;161;23.8
2015-06-11;19.2;26.3;6;11;2015;162;22.8
2015-06-12;18.0;25.8;6;12;2015;163;21.9
2015-06-13;17.4;26.3;6;13;2015;164;21.8
2015-06-14;15.7;22.8;6;14;2015;165;19.2
2015-06-15;14.2;24.5;6;15;2015;166;19.4
2015-06-16;15.1;23.6;6;16;2015;167;19.4
2015-06-17;15.3;26.5;6;17;2015;168;20.9
2015-06-18;19.4;30.7;6;18;2015;169;25.0
2015-06-19;17.8;26.6;6;19;2015;170;22.2
2015-06-20;18.3;28.5;6;20;2015;171;23.4
2015-06-21;22.1;34.9;6;21;2015;172;28.5
2015-06-22;20.0;27.7;6;22;2015;173;23.8
2015-06-23;18.4;27.9;6;23;2015;174;23.2
2015-06-24;22.4;30.6;6;24;2015;175;26.5
2015-06-25;20.9;30.9;6;25;2015;176;25.9
2015-06-26;21.5;29.4;6;26;2015;177;25.4
2015-06-27;20.8;31.4;6;27;2015;178;26.1
2015-06-28;22.1;32.2;6;28;2015;179;27.2
2015-06-29;22.4;40.8;6;29;2015;180;31.6
2015-06-30;23.5;36.1;6;30;2015;181;29.8
2015-07-01;22.7;29.6;7;1;2015;182;26.2
2015-07-02;23.0;28.9;7;2;2015;183;26.0
2015-07-03;24.0;34.9;7;3;2015;184;29.4
2015-07-04;23.5;31.4;7;4;2015;185;27.4
2015-07-05;24.1;30.8;7;5;2015;186;27.4
2015-07-06;25.2;36.1;7;6;2015;187;30.6
2015-07-07;24.6;40.5;7;7;2015;188;32.6
2015-07-08;24.0;32.3;7;8;2015;189;28.2
2015-07-09;24.1;35.7;7;9;2015;190;29.9
2015-07-10;23.3;30.1;7;10;2015;191;26.7
2015-07-11;23.7;30.4;7;11;2015;192;27.0
2015-07-12;24.4;30.7;7;12;2015;193;27.6
2015-07-13;23.5;30.8;7;13;2015;194;27.2
2015-07-14;23.9;31.3;7;14;2015;195;27.6
2015-07-15;23.9;32.9;7;15;2015;196;28.4
2015-07-16;25.4;36.7;7;16;2015;197;31.0
2015-07-17;25.5;38.7;7;17;2015;198;32.1
2015-07-18;26.0;31.6;7;18;2015;199;28.8
2015-07-19;24.2;31.5;7;19;2015;200;27.8
2015-07-20;24.8;32.0;7;20;2015;201;28.4
2015-07-21;24.8;32.2;7;21;2015;202;28.5
2015-07-22;25.2;32.9;7;22;2015;203;29.0
2015-07-23;25.7;33.5;7;23;2015;204;29.6
2015-07-24;26.0;31.3;7;24;2015;205;28.6
2015-07-25;24.8;31.6;7;25;2015;206;28.2
2015-07-26;25.8;34.3;7;26;2015;207;30.0
2015-07-27;25.6;31.2;7;27;2015;208;28.4
2015-07-28;23.5;34.0;7;28;2015;209;28.8
2015-07-29;26.2;32.6;7;29;2015;210;29.4
2015-07-30;25.3;31.6;7;30;2015;211;28.4
2015-07-31;25.6;32.9;7;31;2015;212;29.2
2015-08-01;23.9;30.9;8;1;2015;213;27.4
2015-08-02;25.7;34.9;8;2;2015;214;30.3
2015-08-03;26.0;41.1;8;3;2015;215;33.6
2015-08-04;25.7;30.9;8;4;2015;216;28.3
2015-08-05;24.9;32.4;8;5;2015;217;28.6
2015-08-06;27.3;33.0;8;6;2015;218;30.2
2015-08-07;27.4;34.0;8;7;2015;219;30.7
2015-08-08;28.0;33.5;8;8;2015;220;30.8
2015-08-09;27.4;35.4;8;9;2015;221;31.4
2015-08-10;26.3;30.9;8;10;2015;222;28.6
2015-08-11;26.3;32.4;8;11;2015;223;29.4
2015-08-12;25.9;33.4;8;12;2015;224;29.6
2015-08-13;25.5;34.5;8;13;2015;225;30.0
2015-08-14;22.6;31.2;8;14;2015;226;26.9
2015-08-15;20.5;28.5;8;15;2015;227;24.5
2015-08-16;23.7;32.8;8;16;2015;228;28.2
2015-08-17;22.0;28.8;8;17;2015;229;25.4
2015-08-18;22.3;29.6;8;18;2015;230;26.0
2015-08-19;23.9;31.6;8;19;2015;231;27.8
2015-08-20;24.6;35.0;8;20;2015;232;29.8
2015-08-21;26.3;36.6;8;21;2015;233;31.4
2015-08-22;24.2;31.2;8;22;2015;234;27.7
2015-08-23;21.7;28.8;8;23;2015;235;25.2
2015-08-24;19.2;28.2;8;24;2015;236;23.7
2015-08-25;19.7;28.8;8;25;2015;237;24.2
2015-08-26;21.9;31.6;8;26;2015;238;26.8
2015-08-27;22.6;30.2;8;27;2015;239;26.4
2015-08-28;22.8;34.5;8;28;2015;240;28.6
2015-08-29;23.0;33.3;8;29;2015;241;28.2
2015-08-30;24.8;34.4;8;30;2015;242;29.6
2015-08-31;25.4;30.7;8;31;2015;243;28.0
2015-09-01;24.1;29.5;9;1;2015;244;26.8
2015-09-02;21.8;30.4;9;2;2015;245;26.1
2015-09-03;21.1;27.3;9;3;2015;246;24.2
2015-09-04;19.8;27.4;9;4;2015;247;23.6
2015-09-05;21.1;30.2;9;5;2015;248;25.6
2015-09-06;18.7;29.3;9;6;2015;249;24.0
2015-09-07;21.1;28.8;9;7;2015;250;25.0
2015-09-08;19.5;27.4;9;8;2015;251;23.4
2015-09-09;19.6;27.7;9;9;2015;252;23.6
2015-09-10;20.7;28.0;9;10;2015;253;24.4
2015-09-11;20.0;28.8;9;11;2015;254;24.4
2015-09-12;22.4;31.6;9;12;2015;255;27.0
2015-09-13;20.4;27.0;9;13;2015;256;23.7
2015-09-14;19.4;28.0;9;14;2015;257;23.7
2015-09-15;19.4;25.8;9;15;2015;258;22.6
2015-09-16;18.6;24.8;9;16;2015;259;21.7
2015-09-17;17.5;23.2;9;17;2015;260;20.4
2015-09-18;17.2;28.7;9;18;2015;261;23.0
2015-09-19;21.7;30.3;9;19;2015;262;26.0
2015-09-20;19.6;28.3;9;20;2015;263;24.0
2015-09-21;20.1;26.3;9;21;2015;264;23.2
2015-09-22;19.4;27.8;9;22;2015;265;23.6
2015-09-23;18.4;31.2;9;23;2015;266;24.8
2015-09-24;20.3;27.2;9;24;2015;267;23.8
2015-09-25;17.7;26.2;9;25;2015;268;22.0
2015-09-26;16.4;26.0;9;26;2015;269;21.2
2015-09-27;17.7;28.3;9;27;2015;270;23.0
2015-09-28;18.7;28.3;9;28;2015;271;23.5
2015-09-29;19.3;23.9;9;29;2015;272;21.6
2015-09-30;18.3;25.3;9;30;2015;273;21.8
2015-10-01;17.1;25.4;10;1;2015;274;21.2
2015-10-02;17.1;24.6;10;2;2015;275;20.8
2015-10-03;19.8;26.6;10;3;2015;276;23.2
2015-10-04;18.4;27.4;10;4;2015;277;22.9
2015-10-05;20.9;26.9;10;5;2015;278;23.9
2015-10-06;19.4;27.6;10;6;2015;279;23.5
2015-10-07;18.1;26.1;10;7;2015;280;22.1
2015-10-08;18.4;26.3;10;8;2015;281;22.4
2015-10-09;16.4;26.8;10;9;2015;282;21.6
2015-10-10;16.3;25.0;10;10;2015;283;20.6
2015-10-11;17.8;25.4;10;11;2015;284;21.6
2015-10-12;18.0;26.0;10;12;2015;285;22.0
2015-10-13;17.7;24.2;10;13;2015;286;21.0
2015-10-14;16.9;24.4;10;14;2015;287;20.6
2015-10-15;17.1;24.9;10;15;2015;288;21.0
2015-10-16;17.4;28.2;10;16;2015;289;22.8
2015-10-17;19.1;28.3;10;17;2015;290;23.7
2015-10-18;18.1;26.9;10;18;2015;291;22.5
2015-10-19;17.5;24.4;10;19;2015;292;21.0
2015-10-20;16.1;24.5;10;20;2015;293;20.3
2015-10-21;16.4;23.8;10;21;2015;294;20.1
2015-10-22;14.2;23.1;10;22;2015;295;18.6
2015-10-23;15.6;23.5;10;23;2015;296;19.6
2015-10-24;16.7;22.1;10;24;2015;297;19.4
2015-10-25;17.1;21.6;10;25;2015;298;19.4
2015-10-26;16.4;22.5;10;26;2015;299;19.4
2015-10-27;15.9;23.1;10;27;2015;300;19.5
2015-10-28;14.1;23.2;10;28;2015;301;18.6
2015-10-29;14.6;23.9;10;29;2015;302;19.2
2015-10-30;14.4;26.3;10;30;2015;303;20.4
2015-10-31;16.4;24.0;10;31;2015;304;20.2
2015-11-01;18.5;23.9;11;1;2015;305;21.2
2015-11-02;13.0;19.8;11;2;2015;306;16.4
2015-11-03;12.4;22.4;11;3;2015;307;17.4
2015-11-04;15.3;23.4;11;4;2015;308;19.4
2015-11-05;13.8;22.5;11;5;2015;309;18.2
2015-11-06;15.5;23.9;11;6;2015;310;19.7
2015-11-07;15.6;25.2;11;7;2015;311;20.4
2015-11-08;14.3;24.1;11;8;2015;312;19.2
2015-11-09;14.4;24.3;11;9;2015;313;19.4
2015-11-10;13.7;25.5;11;10;2015;314;19.6
2015-11-11;12.9;22.4;11;11;2015;315;17.6
2015-11-12;12.6;22.2;11;12;2015;316;17.4
2015-11-13;14.5;22.3;11;13;2015;317;18.4
2015-11-14;15.8;23.3;11;14;2015;318;19.6
2015-11-15;14.5;22.4;11;15;2015;319;18.4
2015-11-16;13.3;21.1;11;16;2015;320;17.2
2015-11-17;11.7;22.2;11;17;2015;321;17.0
2015-11-18;12.4;21.7;11;18;2015;322;17.0
2015-11-19;12.1;20.8;11;19;2015;323;16.4
2015-11-20;12.2;21.3;11;20;2015;324;16.8
2015-11-21;12.5;25.0;11;21;2015;325;18.8
2015-11-22;10.1;18.6;11;22;2015;326;14.4
2015-11-23;8.0;17.8;11;23;2015;327;12.9
2015-11-24;6.7;17.3;11;24;2015;328;12.0
2015-11-25;9.5;18.5;11;25;2015;329;14.0
2015-11-26;8.8;24.3;11;26;2015;330;16.6
2015-11-27;12.3;21.6;11;27;2015;331;17.0
2015-11-28;11.1;19.7;11;28;2015;332;15.4
2015-11-29;11.3;21.3;11;29;2015;333;16.3
2015-11-30;9.4;21.2;11;30;2015;334;15.3
2015-12-01;9.1;19.4;12;1;2015;335;14.2
2015-12-02;8.8;19.5;12;2;2015;336;14.2
2015-12-03;10.3;21.4;12;3;2015;337;15.8
2015-12-04;10.7;19.6;12;4;2015;338;15.2
2015-12-05;10.4;20.3;12;5;2015;339;15.4
2015-12-06;10.1;20.2;12;6;2015;340;15.2
2015-12-07;11.3;21.2;12;7;2015;341;16.2
2015-12-08;11.2;20.5;12;8;2015;342;15.8
2015-12-09;11.6;20.0;12;9;2015;343;15.8
2015-12-10;14.8;20.1;12;10;2015;344;17.4
2015-12-11;12.6;19.6;12;11;2015;345;16.1
2015-12-12;11.7;20.7;12;12;2015;346;16.2
2015-12-13;10.6;18.7;12;13;2015;347;14.6
2015-12-14;10.4;19.0;12;14;2015;348;14.7
2015-12-15;9.5;19.4;12;15;2015;349;14.4
2015-12-16;11.3;22.3;12;16;2015;350;16.8
2015-12-17;11.9;21.8;12;17;2015;351;16.8
2015-12-18;9.8;19.0;12;18;2015;352;14.4
2015-12-19;8.2;18.6;12;19;2015;353;13.4
2015-12-20;7.1;17.3;12;20;2015;354;12.2
2015-12-21;9.2;19.9;12;21;2015;355;14.6
2015-12-22;10.4;20.4;12;22;2015;356;15.4
2015-12-23;9.2;19.8;12;23;2015;357;14.5
2015-12-24;10.0;18.7;12;24;2015;358;14.4
2015-12-25;9.5;20.2;12;25;2015;359;14.8
2015-12-26;10.3;20.3;12;26;2015;360;15.3
2015-12-27;11.3;19.8;12;27;2015;361;15.6
2015-12-28;12.3;19.4;12;28;2015;362;15.8
2015-12-29;10.7;18.6;12;29;2015;363;14.6
2015-12-30;9.8;18.3;12;30;2015;364;14.0
2015-12-31;9.7;19.6;12;31;2015;365;14.6
2016-01-01;10.149999999999999;19.5;1;1;2016;1;14.8
2016-01-02;10.6;19.4;1;2;2016;2;15.0
2016-01-03;11.9;19.7;1;3;2016;3;15.8
2016-01-04;13.7;19.8;1;4;2016;4;16.8
2016-01-05;11.3;20.4;1;5;2016;5;15.8
2016-01-06;8.4;16.8;1;6;2016;6;12.6
2016-01-07;7.4;18.4;1;7;2016;7;12.9
2016-01-08;8.5;17.7;1;8;2016;8;13.1
2016-01-09;13.2;18.6;1;9;2016;9;15.9
2016-01-10;8.0;18.3;1;10;2016;10;13.2
2016-01-11;13.2;18.4;1;11;2016;11;15.8
2016-01-12;9.3;18.3;1;12;2016;12;13.8
2016-01-13;8.9;19.0;1;13;2016;13;14.0
2016-01-14;6.9;16.7;1;14;2016;14;11.8
2016-01-15;11.6;18.3;1;15;2016;15;15.0
2016-01-16;7.1;18.0;1;16;2016;16;12.6
2016-01-17;4.9;15.5;1;17;2016;17;10.2
2016-01-18;7.0;17.6;1;18;2016;18;12.3
2016-01-19;9.4;17.7;1;19;2016;19;13.6
2016-01-20;8.8;16.8;1;20;2016;20;12.8
2016-01-21;7.9;17.6;1;21;2016;21;12.8
2016-01-22;9.7;18.4;1;22;2016;22;14.0
2016-01-23;9.5;21.6;1;23;2016;23;15.6
2016-01-24;9.9;19.2;1;24;2016;24;14.6
2016-01-25;9.6;17.5;1;25;2016;25;13.6
2016-01-26;11.3;16.2;1;26;2016;26;13.8
2016-01-27;9.5;18.5;1;27;2016;27;14.0
2016-01-28;8.6;18.3;1;28;2016;28;13.4
2016-01-29;10.6;17.1;1;29;2016;29;13.8
2016-01-30;9.9;20.5;1;30;2016;30;15.2
2016-01-31;7.1;18.3;1;31;2016;31;12.7
2016-02-01;9.2;20.5;2;1;2016;32;14.8
2016-02-02;9.2;18.2;2;2;2016;33;13.7
2016-02-03;8.3;16.4;2;3;2016;34;12.4
2016-02-04;11.5;17.9;2;4;2016;35;14.7
2016-02-05;10.8;18.9;2;5;2016;36;14.8
2016-02-06;10.4;16.8;2;6;2016;37;13.6
2016-02-07;12.4;20.9;2;7;2016;38;16.6
2016-02-08;9.4;18.9;2;8;2016;39;14.2
2016-02-09;7.9;20.4;2;9;2016;40;14.2
2016-02-10;12.8;21.1;2;10;2016;41;17.0
2016-02-11;11.7;19.5;2;11;2016;42;15.6
2016-02-12;10.3;18.6;2;12;2016;43;14.4
2016-02-13;12.9;19.4;2;13;2016;44;16.2
2016-02-14;11.1;20.6;2;14;2016;45;15.8
2016-02-15;10.4;16.8;2;15;2016;46;13.6
2016-02-16;5.8;15.6;2;16;2016;47;10.7
2016-02-17;6.3;14.8;2;17;2016;48;10.6
2016-02-18;6.1;14.9;2;18;2016;49;10.5
2016-02-19;11.4;16.9;2;19;2016;50;14.2
2016-02-20;12.9;17.0;2;20;2016;51;15.0
2016-02-21;13.2;20.6;2;21;2016;52;16.9
2016-02-22;11.1;18.8;2;22;2016;53;15.0
2016-02-23;10.4;21.3;2;23;2016;54;15.8
2016-02-24;8.0;17.5;2;24;2016;55;12.8
2016-02-25;9.8;19.2;2;25;2016;56;14.5
2016-02-26;7.9;16.9;2;26;2016;57;12.4
2016-02-27;6.2;15.6;2;27;2016;58;10.9
2016-02-28;8.3;17.6;2;28;2016;59;13.0
2016-02-29;11.6;18.8;2;29;2016;60;15.2
2016-03-01;9.0;17.4;3;1;2016;61;13.2
2016-03-02;7.6;17.3;3;2;2016;62;12.4
2016-03-03;9.2;21.7;3;3;2016;63;15.4
2016-03-04;9.2;18.0;3;4;2016;64;13.6
2016-03-05;12.0;19.5;3;5;2016;65;15.8
2016-03-06;10.5;18.2;3;6;2016;66;14.4
2016-03-07;10.0;15.6;3;7;2016;67;12.8
2016-03-08;7.9;18.4;3;8;2016;68;13.2
2016-03-09;6.6;17.6;3;9;2016;69;12.1
2016-03-10;10.2;18.9;3;10;2016;70;14.6
2016-03-11;9.4;18.3;3;11;2016;71;13.8
2016-03-12;7.8;16.9;3;12;2016;72;12.4
2016-03-13;7.6;17.0;3;13;2016;73;12.3
2016-03-14;7.7;17.3;3;14;2016;74;12.5
2016-03-15;8.7;17.8;3;15;2016;75;13.2
2016-03-16;10.4;19.2;3;16;2016;76;14.8
2016-03-17;10.0;19.7;3;17;2016;77;14.8
2016-03-18;12.1;18.1;3;18;2016;78;15.1
2016-03-19;12.6;17.8;3;19;2016;79;15.2
2016-03-20;11.2;18.3;3;20;2016;80;14.8
2016-03-21;10.5;15.7;3;21;2016;81;13.1
2016-03-22;11.2;17.5;3;22;2016;82;14.4
2016-03-23;9.3;18.4;3;23;2016;83;13.8
2016-03-24;11.4;19.4;3;24;2016;84;15.4
2016-03-25;9.6;19.3;3;25;2016;85;14.4
2016-03-26;10.4;19.2;3;26;2016;86;14.8
2016-03-27;11.5;20.6;3;27;2016;87;16.0
2016-03-28;10.8;18.7;3;28;2016;88;14.8
2016-03-29;10.0;19.5;3;29;2016;89;14.8
2016-03-30;10.9;21.5;3;30;2016;90;16.2
2016-03-31;11.7;19.2;3;31;2016;91;15.4
2016-04-01;11.4;18.9;4;1;2016;92;15.2
2016-04-02;9.4;18.6;4;2;2016;93;14.0
2016-04-03;10.7;19.0;4;3;2016;94;14.8
2016-04-04;12.6;18.2;4;4;2016;95;15.4
2016-04-05;12.1;19.9;4;5;2016;96;16.0
2016-04-06;12.5;18.8;4;6;2016;97;15.6
2016-04-07;12.6;19.4;4;7;2016;98;16.0
2016-04-08;12.3;20.9;4;8;2016;99;16.6
2016-04-09;9.6;18.1;4;9;2016;100;13.8
2016-04-10;10.5;19.5;4;10;2016;101;15.0
2016-04-11;13.6;21.1;4;11;2016;102;17.4
2016-04-12;12.2;20.4;4;12;2016;103;16.3
2016-04-13;14.4;20.4;4;13;2016;104;17.4
2016-04-14;11.9;19.6;4;14;2016;105;15.8
2016-04-15;13.0;20.3;4;15;2016;106;16.6
2016-04-16;11.5;22.2;4;16;2016;107;16.8
2016-04-17;15.3;21.1;4;17;2016;108;18.2
2016-04-18;15.1;25.3;4;18;2016;109;20.2
2016-04-19;16.1;23.5;4;19;2016;110;19.8
2016-04-20;14.2;18.5;4;20;2016;111;16.4
2016-04-21;10.1;19.6;4;21;2016;112;14.8
2016-04-22;14.5;21.1;4;22;2016;113;17.8
2016-04-23;12.5;20.9;4;23;2016;114;16.7
2016-04-24;14.5;22.1;4;24;2016;115;18.3
2016-04-25;13.5;24.3;4;25;2016;116;18.9
2016-04-26;13.2;20.9;4;26;2016;117;17.0
2016-04-27;13.2;20.9;4;27;2016;118;17.0
2016-04-28;16.6;22.1;4;28;2016;119;19.4
2016-04-29;16.0;24.6;4;29;2016;120;20.3
2016-04-30;15.5;20.9;4;30;2016;121;18.2
2016-05-01;15.4;22.8;5;1;2016;122;19.1
2016-05-02;12.5;21.7;5;2;2016;123;17.1
2016-05-03;10.6;28.5;5;3;2016;124;19.6
2016-05-04;15.5;26.8;5;4;2016;125;21.2
2016-05-05;16.6;25.5;5;5;2016;126;21.0
2016-05-06;13.3;21.1;5;6;2016;127;17.2
2016-05-07;13.9;22.3;5;7;2016;128;18.1
2016-05-08;15.4;21.7;5;8;2016;129;18.6
2016-05-09;13.5;19.5;5;9;2016;130;16.5
2016-05-10;13.9;23.5;5;10;2016;131;18.7
2016-05-11;14.6;20.1;5;11;2016;132;17.4
2016-05-12;13.7;21.0;5;12;2016;133;17.4
2016-05-13;11.9;20.9;5;13;2016;134;16.4
2016-05-14;14.9;21.5;5;14;2016;135;18.2
2016-05-15;13.5;20.5;5;15;2016;136;17.0
2016-05-16;13.2;22.2;5;16;2016;137;17.7
2016-05-17;15.2;28.3;5;17;2016;138;21.8
2016-05-18;17.3;26.3;5;18;2016;139;21.8
2016-05-19;16.6;22.8;5;19;2016;140;19.7
2016-05-20;17.8;28.0;5;20;2016;141;22.9
2016-05-21;17.2;29.9;5;21;2016;142;23.6
2016-05-22;16.1;24.4;5;22;2016;143;20.2
2016-05-23;17.5;27.7;5;23;2016;144;22.6
2016-05-24;16.2;23.7;5;24;2016;145;20.0
2016-05-25;18.0;23.9;5;25;2016;146;21.0
2016-05-26;17.3;23.1;5;26;2016;147;20.2
2016-05-27;16.8;23.5;5;27;2016;148;20.2
2016-05-28;17.1;26.1;5;28;2016;149;21.6
2016-05-29;14.6;21.1;5;29;2016;150;17.8
2016-05-30;14.7;21.6;5;30;2016;151;18.2
2016-05-31;15.7;22.1;5;31;2016;152;18.9
2016-06-01;16.4;23.7;6;1;2016;153;20.0
2016-06-02;17.4;30.5;6;2;2016;154;24.0
2016-06-03;18.4;23.8;6;3;2016;155;21.1
2016-06-04;16.7;22.8;6;4;2016;156;19.8
2016-06-05;17.2;29.2;6;5;2016;157;23.2
2016-06-06;18.0;26.0;6;6;2016;158;22.0
2016-06-07;17.8;32.8;6;7;2016;159;25.3
2016-06-08;19.2;29.6;6;8;2016;160;24.4
2016-06-09;18.8;25.1;6;9;2016;161;22.0
2016-06-10;20.1;25.6;6;10;2016;162;22.8
2016-06-11;19.2;25.0;6;11;2016;163;22.1
2016-06-12;20.2;24.8;6;12;2016;164;22.5
2016-06-13;18.2;26.2;6;13;2016;165;22.2
2016-06-14;20.9;28.9;6;14;2016;166;24.9
2016-06-15;18.3;26.0;6;15;2016;167;22.2
2016-06-16;15.8;24.2;6;16;2016;168;20.0
2016-06-17;14.7;22.5;6;17;2016;169;18.6
2016-06-18;15.6;22.8;6;18;2016;170;19.2
2016-06-19;18.3;26.7;6;19;2016;171;22.5
2016-06-20;17.8;27.4;6;20;2016;172;22.6
2016-06-21;18.5;30.6;6;21;2016;173;24.6
2016-06-22;20.5;32.7;6;22;2016;174;26.6
2016-06-23;21.2;25.7;6;23;2016;175;23.4
2016-06-24;19.2;25.2;6;24;2016;176;22.2
2016-06-25;20.0;25.6;6;25;2016;177;22.8
2016-06-26;22.1;30.2;6;26;2016;178;26.2
2016-06-27;22.5;33.0;6;27;2016;179;27.8
2016-06-28;22.4;35.2;6;28;2016;180;28.8
2016-06-29;20.5;27.4;6;29;2016;181;24.0
2016-06-30;21.8;26.9;6;30;2016;182;24.4
2016-07-01;21.8;25.9;7;1;2016;183;23.8
2016-07-02;22.2;31.0;7;2;2016;184;26.6
2016-07-03;23.3;37.0;7;3;2016;185;30.2
2016-07-04;22.5;33.8;7;4;2016;186;28.2
2016-07-05;22.3;27.2;7;5;2016;187;24.8
2016-07-06;22.2;34.7;7;6;2016;188;28.4
2016-07-07;23.2;31.7;7;7;2016;189;27.4
2016-07-08;23.4;34.2;7;8;2016;190;28.8
2016-07-09;24.7;36.8;7;9;2016;191;30.8
2016-07-10;23.8;29.5;7;10;2016;192;26.6
2016-07-11;22.0;28.8;7;11;2016;193;25.4
2016-07-12;22.8;29.0;7;12;2016;194;25.9
2016-07-13;24.0;33.7;7;13;2016;195;28.8
2016-07-14;24.1;33.1;7;14;2016;196;28.6
2016-07-15;24.2;31.5;7;15;2016;197;27.8
2016-07-16;23.1;31.3;7;16;2016;198;27.2
2016-07-17;21.7;32.2;7;17;2016;199;27.0
2016-07-18;22.0;33.3;7;18;2016;200;27.6
2016-07-19;22.4;30.2;7;19;2016;201;26.3
2016-07-20;23.4;35.8;7;20;2016;202;29.6
2016-07-21;24.1;29.1;7;21;2016;203;26.6
2016-07-22;21.7;28.9;7;22;2016;204;25.3
2016-07-23;24.1;33.5;7;23;2016;205;28.8
2016-07-24;24.5;34.1;7;24;2016;206;29.3
2016-07-25;22.8;35.5;7;25;2016;207;29.2
2016-07-26;23.9;37.5;7;26;2016;208;30.7
2016-07-27;25.4;30.0;7;27;2016;209;27.7
2016-07-28;23.7;38.2;7;28;2016;210;31.0
2016-07-29;24.9;36.7;7;29;2016;211;30.8
2016-07-30;25.1;31.4;7;30;2016;212;28.2
2016-07-31;24.9;31.0;7;31;2016;213;28.0
2016-08-01;24.5;35.8;8;1;2016;214;30.2
2016-08-02;24.9;36.0;8;2;2016;215;30.4
2016-08-03;25.6;29.6;8;3;2016;216;27.6
2016-08-04;23.6;29.0;8;4;2016;217;26.3
2016-08-05;22.7;34.5;8;5;2016;218;28.6
2016-08-06;25.1;34.0;8;6;2016;219;29.6
2016-08-07;23.8;33.2;8;7;2016;220;28.5
2016-08-08;22.9;34.5;8;8;2016;221;28.7
2016-08-09;22.0;30.2;8;9;2016;222;26.1
2016-08-10;22.0;32.7;8;10;2016;223;27.4
2016-08-11;24.1;31.5;8;11;2016;224;27.8
2016-08-12;23.0;31.8;8;12;2016;225;27.4
2016-08-13;21.6;32.4;8;13;2016;226;27.0
2016-08-14;21.9;32.8;8;14;2016;227;27.4
2016-08-15;21.6;32.7;8;15;2016;228;27.2
2016-08-16;24.4;31.2;8;16;2016;229;27.8
2016-08-17;23.7;29.6;8;17;2016;230;26.6
2016-08-18;22.9;29.1;8;18;2016;231;26.0
2016-08-19;23.5;29.5;8;19;2016;232;26.5
2016-08-20;23.2;29.9;8;20;2016;233;26.6
2016-08-21;25.6;33.8;8;21;2016;234;29.7
2016-08-22;24.7;33.8;8;22;2016;235;29.2
2016-08-23;21.8;33.1;8;23;2016;236;27.4
2016-08-24;21.4;34.6;8;24;2016;237;28.0
2016-08-25;21.8;33.6;8;25;2016;238;27.7
2016-08-26;21.4;32.8;8;26;2016;239;27.1
2016-08-27;23.5;32.8;8;27;2016;240;28.2
2016-08-28;23.1;29.0;8;28;2016;241;26.0
2016-08-29;23.6;29.2;8;29;2016;242;26.4
2016-08-30;25.0;32.3;8;30;2016;243;28.6
2016-08-31;24.9;29.8;8;31;2016;244;27.4
2016-09-01;23.0;34.3;9;1;2016;245;28.6
2016-09-02;24.1;34.3;9;2;2016;246;29.2
2016-09-03;22.8;33.3;9;3;2016;247;28.0
2016-09-04;25.0;35.8;9;4;2016;248;30.4
2016-09-05;24.2;33.2;9;5;2016;249;28.7
2016-09-06;24.6;36.1;9;6;2016;250;30.4
2016-09-07;24.2;30.9;9;7;2016;251;27.6
2016-09-08;23.9;29.9;9;8;2016;252;26.9
2016-09-09;23.9;30.3;9;9;2016;253;27.1
2016-09-10;23.6;29.2;9;10;2016;254;26.4
2016-09-11;22.3;32.9;9;11;2016;255;27.6
2016-09-12;23.2;35.3;9;12;2016;256;29.2
2016-09-13;23.0;29.5;9;13;2016;257;26.2
2016-09-14;18.6;27.5;9;14;2016;258;23.0
2016-09-15;17.3;26.2;9;15;2016;259;21.8
2016-09-16;19.0;27.4;9;16;2016;260;23.2
2016-09-17;18.4;27.2;9;17;2016;261;22.8
2016-09-18;19.7;27.7;9;18;2016;262;23.7
2016-09-19;20.3;27.1;9;19;2016;263;23.7
2016-09-20;20.7;25.7;9;20;2016;264;23.2
2016-09-21;17.8;26.0;9;21;2016;265;21.9
2016-09-22;19.3;26.4;9;22;2016;266;22.8
2016-09-23;18.6;26.0;9;23;2016;267;22.3
2016-09-24;21.0;30.9;9;24;2016;268;26.0
2016-09-25;19.7;26.4;9;25;2016;269;23.0
2016-09-26;20.3;30.7;9;26;2016;270;25.5
2016-09-27;21.2;31.6;9;27;2016;271;26.4
2016-09-28;19.8;28.5;9;28;2016;272;24.2
2016-09-29;21.1;28.4;9;29;2016;273;24.8
2016-09-30;20.1;29.1;9;30;2016;274;24.6
2016-10-01;18.6;26.2;10;1;2016;275;22.4
2016-10-02;18.6;25.9;10;2;2016;276;22.2
2016-10-03;19.1;31.6;10;3;2016;277;25.4
2016-10-04;18.7;27.7;10;4;2016;278;23.2
2016-10-05;20.0;31.2;10;5;2016;279;25.6
2016-10-06;18.7;26.1;10;6;2016;280;22.4
2016-10-07;18.9;26.7;10;7;2016;281;22.8
2016-10-08;20.5;26.1;10;8;2016;282;23.3
2016-10-09;20.3;26.6;10;9;2016;283;23.4
2016-10-10;19.0;25.9;10;10;2016;284;22.4
2016-10-11;17.9;25.7;10;11;2016;285;21.8
2016-10-12;16.3;24.8;10;12;2016;286;20.6
2016-10-13;16.1;21.4;10;13;2016;287;18.8
2016-10-14;15.0;22.8;10;14;2016;288;18.9
2016-10-15;15.0;23.8;10;15;2016;289;19.4
2016-10-16;17.4;25.5;10;16;2016;290;21.4
2016-10-17;18.3;24.5;10;17;2016;291;21.4
2016-10-18;18.9;25.7;10;18;2016;292;22.3
2016-10-19;21.1;25.3;10;19;2016;293;23.2
2016-10-20;19.5;23.8;10;20;2016;294;21.6
2016-10-21;18.2;25.0;10;21;2016;295;21.6
2016-10-22;18.2;25.0;10;22;2016;296;21.6
2016-10-23;19.1;25.5;10;23;2016;297;22.3
2016-10-24;19.6;28.7;10;24;2016;298;24.2
2016-10-25;22.3;29.2;10;25;2016;299;25.8
2016-10-26;22.0;31.6;10;26;2016;300;26.8
2016-10-27;21.0;29.4;10;27;2016;301;25.2
2016-10-28;19.6;26.8;10;28;2016;302;23.2
2016-10-29;15.0;25.8;10;29;2016;303;20.4
2016-10-30;14.6;23.5;10;30;2016;304;19.0
2016-10-31;14.9;25.7;10;31;2016;305;20.3
2016-11-01;15.3;24.1;11;1;2016;306;19.7
2016-11-02;16.1;23.5;11;2;2016;307;19.8
2016-11-03;16.4;24.1;11;3;2016;308;20.2
2016-11-04;18.9;23.9;11;4;2016;309;21.4
2016-11-05;18.9;25.2;11;5;2016;310;22.0
2016-11-06;14.1;21.8;11;6;2016;311;18.0
2016-11-07;11.8;20.2;11;7;2016;312;16.0
2016-11-08;12.6;20.2;11;8;2016;313;16.4
2016-11-09;10.7;20.2;11;9;2016;314;15.4
2016-11-10;14.0;21.9;11;10;2016;315;18.0
2016-11-11;11.8;19.6;11;11;2016;316;15.7
2016-11-12;11.1;19.4;11;12;2016;317;15.2
2016-11-13;10.5;20.1;11;13;2016;318;15.3
2016-11-14;11.8;20.3;11;14;2016;319;16.0
2016-11-15;12.8;22.2;11;15;2016;320;17.5
2016-11-16;12.3;20.8;11;16;2016;321;16.6
2016-11-17;9.8;19.7;11;17;2016;322;14.8
2016-11-18;11.6;19.3;11;18;2016;323;15.4
2016-11-19;12.5;19.5;11;19;2016;324;16.0
2016-11-20;11.2;19.8;11;20;2016;325;15.5
2016-11-21;16.7;20.1;11;21;2016;326;18.4
2016-11-22;11.9;18.6;11;22;2016;327;15.2
2016-11-23;10.1;17.7;11;23;2016;328;13.9
2016-11-24;9.2;15.5;11;24;2016;329;12.4
2016-11-25;8.5;17.4;11;25;2016;330;13.0
2016-11-26;12.8;18.2;11;26;2016;331;15.5
2016-11-27;12.9;17.6;11;27;2016;332;15.2
2016-11-28;11.1;17.9;11;28;2016;333;14.5
2016-11-29;11.0;19.3;11;29;2016;334;15.2
2016-11-30;15.5;20.0;11;30;2016;335;17.8
2016-12-01;14.2;19.3;12;1;2016;336;16.8
2016-12-02;11.7;18.8;12;2;2016;337;15.2
2016-12-03;13.4;19.1;12;3;2016;338;16.2
2016-12-04;13.3;16.9;12;4;2016;339;15.1
2016-12-05;13.3;20.5;12;5;2016;340;16.9
2016-12-06;14.2;20.2;12;6;2016;341;17.2
2016-12-07;12.9;20.1;12;7;2016;342;16.5
2016-12-08;12.1;19.4;12;8;2016;343;15.8
2016-12-09;13.8;20.2;12;9;2016;344;17.0
2016-12-10;12.5;20.9;12;10;2016;345;16.7
2016-12-11;10.9;18.4;12;11;2016;346;14.6
2016-12-12;10.8;18.2;12;12;2016;347;14.5
2016-12-13;11.0;17.9;12;13;2016;348;14.4
2016-12-14;11.6;17.8;12;14;2016;349;14.7
2016-12-15;10.2;16.5;12;15;2016;350;13.4
2016-12-16;10.2;13.0;12;16;2016;351;11.6
2016-12-17;10.2;17.4;12;17;2016;352;13.8
2016-12-18;10.9;17.3;12;18;2016;353;14.1
2016-12-19;10.4;15.6;12;19;2016;354;13.0
2016-12-20;10.2;17.2;12;20;2016;355;13.7
2016-12-21;10.4;17.4;12;21;2016;356;13.9
2016-12-22;9.0;18.1;12;22;2016;357;13.6
2016-12-23;9.8;19.4;12;23;2016;358;14.6
2016-12-24;9.7;19.1;12;24;2016;359;14.4
2016-12-25;9.7;18.8;12;25;2016;360;14.2
2016-12-26;8.0;17.7;12;26;2016;361;12.8
2016-12-27;8.6;18.8;12;27;2016;362;13.7
2016-12-28;11.6;17.6;12;28;2016;363;14.6
2016-12-29;11.2;19.6;12;29;2016;364;15.4
2016-12-30;9.4;17.2;12;30;2016;365;13.3
2016-12-31;9.2;16.7;12;31;2016;366;13.0
2017-01-01;8.8;16.5;1;1;2017;1;12.6
2017-01-02;7.6;17.3;1;2;2017;2;12.4
2017-01-03;8.1;17.4;1;3;2017;3;12.8
2017-01-04;9.1;18.9;1;4;2017;4;14.0
2017-01-05;10.4;20.0;1;5;2017;5;15.2
2017-01-06;9.9;17.3;1;6;2017;6;13.6
2017-01-07;8.3;17.1;1;7;2017;7;12.7
2017-01-08;6.9;17.1;1;8;2017;8;12.0
2017-01-09;5.9;16.4;1;9;2017;9;11.2
2017-01-10;7.3;17.6;1;10;2017;10;12.4
2017-01-11;10.8;20.3;1;11;2017;11;15.6
2017-01-12;9.9;17.5;1;12;2017;12;13.7
2017-01-13;8.9;18.6;1;13;2017;13;13.8
2017-01-14;9.8;17.9;1;14;2017;14;13.8
2017-01-15;8.3;16.2;1;15;2017;15;12.2
2017-01-16;9.3;16.9;1;16;2017;16;13.1
2017-01-17;9.4;21.0;1;17;2017;17;15.2
2017-01-18;5.8;9.5;1;18;2017;18;7.6
2017-01-19;7.2;13.2;1;19;2017;19;10.2
2017-01-20;6.6;11.3;1;20;2017;20;9.0
2017-01-21;5.7;13.8;1;21;2017;21;9.8
2017-01-22;11.3;15.7;1;22;2017;22;13.5
2017-01-23;7.5;16.7;1;23;2017;23;12.1
2017-01-24;7.3;16.7;1;24;2017;24;12.0
2017-01-25;8.1;16.9;1;25;2017;25;12.5
2017-01-26;7.1;16.2;1;26;2017;26;11.6
2017-01-27;8.7;15.3;1;27;2017;27;12.0
2017-01-28;10.1;17.6;1;28;2017;28;13.8
2017-01-29;7.7;17.8;1;29;2017;29;12.8
2017-01-30;7.9;16.5;1;30;2017;30;12.2
2017-01-31;8.1;17.7;1;31;2017;31;12.9
2017-02-01;8.9;17.8;2;1;2017;32;13.4
2017-02-02;10.1;17.6;2;2;2017;33;13.8
2017-02-03;10.4;19.4;2;3;2017;34;14.9
2017-02-04;10.3;19.5;2;4;2017;35;14.9
2017-02-05;14.6;21.2;2;5;2017;36;17.9
2017-02-06;14.5;20.7;2;6;2017;37;17.6
2017-02-07;12.7;21.9;2;7;2017;38;17.3
2017-02-08;11.9;20.3;2;8;2017;39;16.1
2017-02-09;7.3;16.9;2;9;2017;40;12.1
2017-02-10;7.3;16.5;2;10;2017;41;11.9
2017-02-11;10.0;18.7;2;11;2017;42;14.4
2017-02-12;12.7;22.0;2;12;2017;43;17.4
2017-02-13;11.0;17.9;2;13;2017;44;14.4
2017-02-14;9.4;19.6;2;14;2017;45;14.5
2017-02-15;11.0;19.6;2;15;2017;46;15.3
2017-02-16;10.8;19.4;2;16;2017;47;15.1
2017-02-17;9.5;18.0;2;17;2017;48;13.8
2017-02-18;11.1;16.8;2;18;2017;49;14.0
2017-02-19;12.3;17.6;2;19;2017;50;15.0
2017-02-20;13.5;17.1;2;20;2017;51;15.3
2017-02-21;14.6;19.2;2;21;2017;52;16.9
2017-02-22;14.8;22.3;2;22;2017;53;18.6
2017-02-23;12.6;22.2;2;23;2017;54;17.4
2017-02-24;10.5;17.8;2;24;2017;55;14.2
2017-02-25;11.0;19.1;2;25;2017;56;15.0
2017-02-26;9.6;17.8;2;26;2017;57;13.7
2017-02-27;11.9;18.2;2;27;2017;58;15.0
2017-02-28;9.1;18.8;2;28;2017;59;14.0
2017-03-01;11.3;18.9;3;1;2017;60;15.1
2017-03-02;10.3;17.7;3;2;2017;61;14.0
2017-03-03;7.7;19.2;3;3;2017;62;13.4
2017-03-04;9.3;16.1;3;4;2017;63;12.7
2017-03-05;11.7;17.4;3;5;2017;64;14.6
2017-03-06;10.3;19.1;3;6;2017;65;14.7
2017-03-07;12.1;22.1;3;7;2017;66;17.1
2017-03-08;11.1;23.5;3;8;2017;67;17.3
2017-03-09;11.5;21.4;3;9;2017;68;16.4
2017-03-10;13.5;24.3;3;10;2017;69;18.9
2017-03-11;10.5;20.2;3;11;2017;70;15.4
2017-03-12;12.1;22.2;3;12;2017;71;17.2
2017-03-13;8.4;18.6;3;13;2017;72;13.5
2017-03-14;9.7;19.3;3;14;2017;73;14.5
2017-03-15;14.1;20.0;3;15;2017;74;17.0
2017-03-16;13.3;20.7;3;16;2017;75;17.0
2017-03-17;12.3;20.3;3;17;2017;76;16.3
2017-03-18;13.4;22.5;3;18;2017;77;18.0
2017-03-19;11.1;22.2;3;19;2017;78;16.6
2017-03-20;9.5;18.9;3;20;2017;79;14.2
2017-03-21;12.0;20.4;3;21;2017;80;16.2
2017-03-22;12.2;19.6;3;22;2017;81;15.9
2017-03-23;10.3;15.9;3;23;2017;82;13.1
2017-03-24;7.8;14.8;3;24;2017;83;11.3
2017-03-25;6.9;17.1;3;25;2017;84;12.0
2017-03-26;8.7;18.3;3;26;2017;85;13.5
2017-03-27;12.6;19.6;3;27;2017;86;16.1
2017-03-28;10.8;19.3;3;28;2017;87;15.0
2017-03-29;10.7;20.0;3;29;2017;88;15.4
2017-03-30;12.0;24.3;3;30;2017;89;18.2
2017-03-31;12.0;19.1;3;31;2017;90;15.6
2017-04-01;12.1;22.0;4;1;2017;91;17.0
2017-04-02;11.5;20.9;4;2;2017;92;16.2
2017-04-03;12.2;22.2;4;3;2017;93;17.2
2017-04-04;10.0;24.3;4;4;2017;94;17.2
2017-04-05;11.9;22.3;4;5;2017;95;17.1
2017-04-06;11.4;21.7;4;6;2017;96;16.6
2017-04-07;10.0;22.1;4;7;2017;97;16.0
2017-04-08;11.0;22.9;4;8;2017;98;17.0
2017-04-09;11.3;23.1;4;9;2017;99;17.2
2017-04-10;11.5;24.1;4;10;2017;100;17.8
2017-04-11;10.4;20.1;4;11;2017;101;15.2
2017-04-12;12.2;20.8;4;12;2017;102;16.5
2017-04-13;12.1;21.6;4;13;2017;103;16.8
2017-04-14;14.4;22.4;4;14;2017;104;18.4
2017-04-15;14.4;21.1;4;15;2017;105;17.8
2017-04-16;15.6;26.4;4;16;2017;106;21.0
2017-04-17;13.8;21.1;4;17;2017;107;17.4
2017-04-18;12.8;28.0;4;18;2017;108;20.4
2017-04-19;16.4;23.8;4;19;2017;109;20.1
2017-04-20;15.0;21.7;4;20;2017;110;18.4
2017-04-21;14.5;21.1;4;21;2017;111;17.8
2017-04-22;14.5;23.4;4;22;2017;112;19.0
2017-04-23;14.3;24.7;4;23;2017;113;19.5
2017-04-24;12.7;20.7;4;24;2017;114;16.7
2017-04-25;14.8;21.6;4;25;2017;115;18.2
2017-04-26;15.0;22.3;4;26;2017;116;18.6
2017-04-27;14.4;21.7;4;27;2017;117;18.0
2017-04-28;12.8;15.6;4;28;2017;118;14.2
2017-04-29;12.1;19.2;4;29;2017;119;15.6
2017-04-30;14.5;21.0;4;30;2017;120;17.8
2017-05-01;13.6;23.2;5;1;2017;121;18.4
2017-05-02;12.2;24.7;5;2;2017;122;18.4
2017-05-03;12.1;27.7;5;3;2017;123;19.9
2017-05-04;16.2;27.9;5;4;2017;124;22.0
2017-05-05;17.5;25.3;5;5;2017;125;21.4
2017-05-06;14.7;22.1;5;6;2017;126;18.4
2017-05-07;14.0;26.4;5;7;2017;127;20.2
2017-05-08;14.6;23.5;5;8;2017;128;19.0
2017-05-09;14.8;25.1;5;9;2017;129;20.0
2017-05-10;15.7;24.7;5;10;2017;130;20.2
2017-05-11;17.1;22.2;5;11;2017;131;19.6
2017-05-12;16.8;22.8;5;12;2017;132;19.8
2017-05-13;14.5;24.9;5;13;2017;133;19.7
2017-05-14;14.9;23.1;5;14;2017;134;19.0
2017-05-15;17.3;30.4;5;15;2017;135;23.8
2017-05-16;17.5;30.2;5;16;2017;136;23.8
2017-05-17;16.7;31.7;5;17;2017;137;24.2
2017-05-18;14.5;23.1;5;18;2017;138;18.8
2017-05-19;16.2;27.0;5;19;2017;139;21.6
2017-05-20;15.9;29.1;5;20;2017;140;22.5
2017-05-21;19.8;29.3;5;21;2017;141;24.6
2017-05-22;18.7;23.7;5;22;2017;142;21.2
2017-05-23;17.7;30.6;5;23;2017;143;24.2
2017-05-24;19.7;32.0;5;24;2017;144;25.8
2017-05-25;21.5;34.0;5;25;2017;145;27.8
2017-05-26;19.6;25.7;5;26;2017;146;22.6
2017-05-27;19.1;33.0;5;27;2017;147;26.0
2017-05-28;19.4;25.6;5;28;2017;148;22.5
2017-05-29;19.7;24.5;5;29;2017;149;22.1
2017-05-30;18.4;24.7;5;30;2017;150;21.6
2017-05-31;19.6;30.2;5;31;2017;151;24.9
2017-06-01;20.7;32.0;6;1;2017;152;26.4
2017-06-02;21.3;32.6;6;2;2017;153;27.0
2017-06-03;20.5;25.9;6;3;2017;154;23.2
2017-06-04;19.9;25.8;6;4;2017;155;22.8
2017-06-05;19.2;26.2;6;5;2017;156;22.7
2017-06-06;18.6;25.8;6;6;2017;157;22.2
2017-06-07;20.2;33.0;6;7;2017;158;26.6
2017-06-08;22.0;34.1;6;8;2017;159;28.0
2017-06-09;20.1;26.0;6;9;2017;160;23.0
2017-06-10;20.3;27.6;6;10;2017;161;24.0
2017-06-11;19.3;26.2;6;11;2017;162;22.8
2017-06-12;19.5;34.5;6;12;2017;163;27.0
2017-06-13;23.1;32.2;6;13;2017;164;27.6
2017-06-14;20.5;28.1;6;14;2017;165;24.3
2017-06-15;21.0;27.3;6;15;2017;166;24.2
2017-06-16;22.8;37.8;6;16;2017;167;30.3
2017-06-17;23.5;36.0;6;17;2017;168;29.8
2017-06-18;23.6;36.7;6;18;2017;169;30.2
2017-06-19;23.6;35.5;6;19;2017;170;29.6
2017-06-20;22.7;36.3;6;20;2017;171;29.5
2017-06-21;22.9;29.9;6;21;2017;172;26.4
2017-06-22;21.6;28.7;6;22;2017;173;25.2
2017-06-23;22.4;28.8;6;23;2017;174;25.6
2017-06-24;22.7;31.4;6;24;2017;175;27.0
2017-06-25;23.9;37.9;6;25;2017;176;30.9
2017-06-26;25.0;30.0;6;26;2017;177;27.5
2017-06-27;21.6;31.0;6;27;2017;178;26.3
2017-06-28;19.7;27.9;6;28;2017;179;23.8
2017-06-29;17.0;25.4;6;29;2017;180;21.2
2017-06-30;17.0;25.2;6;30;2017;181;21.1
2017-07-01;16.7;26.5;7;1;2017;182;21.6
2017-07-02;19.8;30.3;7;2;2017;183;25.0
2017-07-03;20.2;33.0;7;3;2017;184;26.6
2017-07-04;19.8;34.2;7;4;2017;185;27.0
2017-07-05;21.3;33.9;7;5;2017;186;27.6
2017-07-06;23.2;35.8;7;6;2017;187;29.5
2017-07-07;21.4;27.5;7;7;2017;188;24.4
2017-07-08;19.1;26.5;7;8;2017;189;22.8
2017-07-09;21.1;27.1;7;9;2017;190;24.1
2017-07-10;21.5;28.3;7;10;2017;191;24.9
2017-07-11;22.6;29.3;7;11;2017;192;26.0
2017-07-12;22.5;28.7;7;12;2017;193;25.6
2017-07-13;24.2;32.8;7;13;2017;194;28.5
2017-07-14;23.6;34.6;7;14;2017;195;29.1
2017-07-15;25.1;33.8;7;15;2017;196;29.4
2017-07-16;23.1;36.6;7;16;2017;197;29.8
2017-07-17;26.0;36.4;7;17;2017;198;31.2
2017-07-18;25.7;38.5;7;18;2017;199;32.1
2017-07-19;24.5;29.3;7;19;2017;200;26.9
2017-07-20;22.6;29.0;7;20;2017;201;25.8
2017-07-21;20.7;27.3;7;21;2017;202;24.0
2017-07-22;21.3;28.9;7;22;2017;203;25.1
2017-07-23;23.3;28.6;7;23;2017;204;26.0
2017-07-24;20.3;28.6;7;24;2017;205;24.4
2017-07-25;23.0;33.9;7;25;2017;206;28.4
2017-07-26;24.8;29.6;7;26;2017;207;27.2
2017-07-27;23.7;30.1;7;27;2017;208;26.9
2017-07-28;23.0;30.2;7;28;2017;209;26.6
2017-07-29;23.3;30.9;7;29;2017;210;27.1
2017-07-30;24.0;31.7;7;30;2017;211;27.8
2017-07-31;24.3;30.3;7;31;2017;212;27.3
2017-08-01;25.3;29.9;8;1;2017;213;27.6
2017-08-02;26.0;32.0;8;2;2017;214;29.0
2017-08-03;24.9;31.2;8;3;2017;215;28.0
2017-08-04;23.8;31.8;8;4;2017;216;27.8
2017-08-05;25.0;31.6;8;5;2017;217;28.3
2017-08-06;24.6;32.7;8;6;2017;218;28.6
2017-08-07;26.6;31.9;8;7;2017;219;29.2
2017-08-08;26.3;32.1;8;8;2017;220;29.2
2017-08-09;24.7;30.8;8;9;2017;221;27.8
2017-08-10;24.1;30.8;8;10;2017;222;27.4
2017-08-11;22.5;32.5;8;11;2017;223;27.5
2017-08-12;22.6;33.0;8;12;2017;224;27.8
2017-08-13;21.3;33.3;8;13;2017;225;27.3
2017-08-14;23.6;34.7;8;14;2017;226;29.2
2017-08-15;24.5;32.6;8;15;2017;227;28.6
2017-08-16;24.8;29.8;8;16;2017;228;27.3
2017-08-17;24.8;31.9;8;17;2017;229;28.4
2017-08-18;24.3;30.6;8;18;2017;230;27.4
2017-08-19;23.8;35.6;8;19;2017;231;29.7
2017-08-20;23.7;34.8;8;20;2017;232;29.2
2017-08-21;24.6;33.8;8;21;2017;233;29.2
2017-08-22;22.6;33.5;8;22;2017;234;28.0
2017-08-23;23.1;30.3;8;23;2017;235;26.7
2017-08-24;21.2;30.0;8;24;2017;236;25.6
2017-08-25;24.3;31.0;8;25;2017;237;27.6
2017-08-26;24.1;36.7;8;26;2017;238;30.4
2017-08-27;25.6;35.6;8;27;2017;239;30.6
2017-08-28;23.4;31.3;8;28;2017;240;27.4
2017-08-29;18.0;26.4;8;29;2017;241;22.2
2017-08-30;19.2;25.4;8;30;2017;242;22.3
2017-08-31;21.0;31.9;8;31;2017;243;26.4
2017-09-01;22.2;32.5;9;1;2017;244;27.4
2017-09-02;23.4;30.6;9;2;2017;245;27.0
2017-09-03;22.1;28.7;9;3;2017;246;25.4
2017-09-04;22.6;27.9;9;4;2017;247;25.2
2017-09-05;22.7;33.5;9;5;2017;248;28.1
2017-09-06;22.6;29.4;9;6;2017;249;26.0
2017-09-07;21.7;30.3;9;7;2017;250;26.0
2017-09-08;22.4;28.4;9;8;2017;251;25.4
2017-09-09;23.3;27.7;9;9;2017;252;25.5
2017-09-10;19.7;28.8;9;10;2017;253;24.2
2017-09-11;18.2;27.6;9;11;2017;254;22.9
2017-09-12;19.6;28.0;9;12;2017;255;23.8
2017-09-13;21.8;33.3;9;13;2017;256;27.6
2017-09-14;19.4;26.2;9;14;2017;257;22.8
2017-09-15;20.7;28.3;9;15;2017;258;24.5
2017-09-16;20.0;27.1;9;16;2017;259;23.6
2017-09-17;18.8;26.9;9;17;2017;260;22.8
2017-09-18;16.3;25.3;9;18;2017;261;20.8
2017-09-19;18.3;27.0;9;19;2017;262;22.6
2017-09-20;18.4;26.9;9;20;2017;263;22.6
2017-09-21;19.4;30.7;9;21;2017;264;25.0
2017-09-22;20.6;29.8;9;22;2017;265;25.2
2017-09-23;19.9;29.9;9;23;2017;266;24.9
2017-09-24;20.0;28.0;9;24;2017;267;24.0
2017-09-25;17.0;25.1;9;25;2017;268;21.0
2017-09-26;19.0;30.3;9;26;2017;269;24.6
2017-09-27;21.4;30.0;9;27;2017;270;25.7
2017-09-28;21.6;29.5;9;28;2017;271;25.6
2017-09-29;19.4;28.8;9;29;2017;272;24.1
2017-09-30;18.8;26.2;9;30;2017;273;22.5
2017-10-01;19.7;26.6;10;1;2017;274;23.2
2017-10-02;19.8;29.4;10;2;2017;275;24.6
2017-10-03;20.0;27.1;10;3;2017;276;23.6
2017-10-04;20.7;29.6;10;4;2017;277;25.2
2017-10-05;19.5;29.8;10;5;2017;278;24.6
2017-10-06;18.7;25.7;10;6;2017;279;22.2
2017-10-07;18.5;29.2;10;7;2017;280;23.8
2017-10-08;19.5;27.6;10;8;2017;281;23.6
2017-10-09;17.9;25.6;10;9;2017;282;21.8
2017-10-10;17.5;26.0;10;10;2017;283;21.8
2017-10-11;17.9;26.8;10;11;2017;284;22.4
2017-10-12;17.5;26.5;10;12;2017;285;22.0
2017-10-13;18.4;29.6;10;13;2017;286;24.0
2017-10-14;18.7;32.2;10;14;2017;287;25.4
2017-10-15;19.6;31.1;10;15;2017;288;25.4
2017-10-16;18.0;28.3;10;16;2017;289;23.2
2017-10-17;17.7;25.0;10;17;2017;290;21.4
2017-10-18;15.4;22.5;10;18;2017;291;19.0
2017-10-19;16.2;22.2;10;19;2017;292;19.2
2017-10-20;17.5;25.5;10;20;2017;293;21.5
2017-10-21;15.8;24.2;10;21;2017;294;20.0
2017-10-22;15.6;24.3;10;22;2017;295;20.0
2017-10-23;17.2;26.6;10;23;2017;296;21.9
2017-10-24;16.4;26.8;10;24;2017;297;21.6
2017-10-25;14.8;28.6;10;25;2017;298;21.7
2017-10-26;16.1;28.9;10;26;2017;299;22.5
2017-10-27;15.9;25.0;10;27;2017;300;20.4
2017-10-28;14.6;27.2;10;28;2017;301;20.9
2017-10-29;16.3;25.3;10;29;2017;302;20.8
2017-10-30;14.9;23.3;10;30;2017;303;19.1
2017-10-31;16.4;26.3;10;31;2017;304;21.4
2017-11-01;16.6;25.6;11;1;2017;305;21.1
2017-11-02;16.8;26.2;11;2;2017;306;21.5
2017-11-03;15.9;21.9;11;3;2017;307;18.9
2017-11-04;14.9;21.7;11;4;2017;308;18.3
2017-11-05;13.9;22.6;11;5;2017;309;18.2
2017-11-06;12.4;22.0;11;6;2017;310;17.2
2017-11-07;12.3;21.1;11;7;2017;311;16.7
2017-11-08;10.6;21.3;11;8;2017;312;16.0
2017-11-09;10.3;21.7;11;9;2017;313;16.0
2017-11-10;9.7;20.5;11;10;2017;314;15.1
2017-11-11;9.9;20.7;11;11;2017;315;15.3
2017-11-12;11.3;21.1;11;12;2017;316;16.2
2017-11-13;10.7;21.8;11;13;2017;317;16.2
2017-11-14;9.3;19.3;11;14;2017;318;14.3
2017-11-15;10.5;20.1;11;15;2017;319;15.3
2017-11-16;9.8;19.3;11;16;2017;320;14.6
2017-11-17;10.6;19.8;11;17;2017;321;15.2
2017-11-18;10.4;20.0;11;18;2017;322;15.2
2017-11-19;11.5;22.6;11;19;2017;323;17.0
2017-11-20;9.5;22.5;11;20;2017;324;16.0
2017-11-21;10.5;20.1;11;21;2017;325;15.3
2017-11-22;8.9;19.5;11;22;2017;326;14.2
2017-11-23;9.5;19.3;11;23;2017;327;14.4
2017-11-24;10.3;19.9;11;24;2017;328;15.1
2017-11-25;10.5;19.9;11;25;2017;329;15.2
2017-11-26;14.5;21.7;11;26;2017;330;18.1
2017-11-27;14.4;20.0;11;27;2017;331;17.2
2017-11-28;12.5;19.1;11;28;2017;332;15.8
2017-11-29;14.0;17.7;11;29;2017;333;15.8
2017-11-30;9.7;15.3;11;30;2017;334;12.5
2017-12-01;7.5;15.8;12;1;2017;335;11.6
2017-12-02;8.5;16.4;12;2;2017;336;12.4
2017-12-03;6.7;15.5;12;3;2017;337;11.1
2017-12-04;5.2;16.4;12;4;2017;338;10.8
2017-12-05;7.6;17.4;12;5;2017;339;12.5
2017-12-06;7.8;18.7;12;6;2017;340;13.2
2017-12-07;7.3;17.3;12;7;2017;341;12.3
2017-12-08;7.0;16.9;12;8;2017;342;12.0
2017-12-09;9.6;19.3;12;9;2017;343;14.4
2017-12-10;9.4;19.9;12;10;2017;344;14.6
2017-12-11;8.7;17.1;12;11;2017;345;12.9
2017-12-12;7.0;17.5;12;12;2017;346;12.2
2017-12-13;6.6;16.4;12;13;2017;347;11.5
2017-12-14;5.6;17.0;12;14;2017;348;11.3
2017-12-15;9.4;19.3;12;15;2017;349;14.4
2017-12-16;8.2;17.6;12;16;2017;350;12.9
2017-12-17;7.0;16.5;12;17;2017;351;11.8
2017-12-18;6.1;15.3;12;18;2017;352;10.7
2017-12-19;8.0;18.2;12;19;2017;353;13.1
2017-12-20;8.3;17.0;12;20;2017;354;12.6
2017-12-21;7.5;19.4;12;21;2017;355;13.4
2017-12-22;7.5;16.8;12;22;2017;356;12.2
2017-12-23;7.5;18.7;12;23;2017;357;13.1
2017-12-24;10.6;18.6;12;24;2017;358;14.6
2017-12-25;8.1;16.7;12;25;2017;359;12.4
2017-12-26;7.1;18.0;12;26;2017;360;12.6
2017-12-27;9.1;20.5;12;27;2017;361;14.8
2017-12-28;11.1;18.7;12;28;2017;362;14.9
2017-12-29;10.9;20.7;12;29;2017;363;15.8
2017-12-30;11.0;15.5;12;30;2017;364;13.2
2017-12-31;11.2;20.3;12;31;2017;365;15.8
2018-01-01;9.5;18.9;1;1;2018;1;14.2
2018-01-02;7.7;17.7;1;2;2018;2;12.7
2018-01-03;8.8;18.1;1;3;2018;3;13.4
2018-01-04;8.5;18.1;1;4;2018;4;13.3
2018-01-05;8.8;18.1;1;5;2018;5;13.4
2018-01-06;9.7;14.9;1;6;2018;6;12.3
2018-01-07;4.8;13.8;1;7;2018;7;9.3
2018-01-08;6.2;14.1;1;8;2018;8;10.2
2018-01-09;5.7;14.5;1;9;2018;9;10.1
2018-01-10;9.7;17.7;1;10;2018;10;13.7
2018-01-11;9.2;18.4;1;11;2018;11;13.8
2018-01-12;8.2;16.2;1;12;2018;12;12.2
2018-01-13;6.8;14.6;1;13;2018;13;10.7
2018-01-14;6.1;15.7;1;14;2018;14;10.9
2018-01-15;5.4;17.3;1;15;2018;15;11.4
2018-01-16;6.4;16.0;1;16;2018;16;11.2
2018-01-17;5.4;16.8;1;17;2018;17;11.1
2018-01-18;10.3;20.5;1;18;2018;18;15.4
2018-01-19;8.6;15.6;1;19;2018;19;12.1
2018-01-20;7.5;17.0;1;20;2018;20;12.2
2018-01-21;7.9;20.1;1;21;2018;21;14.0
2018-01-22;10.5;18.6;1;22;2018;22;14.6
2018-01-23;6.9;17.9;1;23;2018;23;12.4
2018-01-24;8.1;17.7;1;24;2018;24;12.9
2018-01-25;12.1;16.7;1;25;2018;25;14.4
2018-01-26;11.8;16.9;1;26;2018;26;14.4
2018-01-27;10.9;17.8;1;27;2018;27;14.4
2018-01-28;9.1;15.5;1;28;2018;28;12.3
2018-01-29;13.1;18.8;1;29;2018;29;16.0
2018-01-30;10.5;18.6;1;30;2018;30;14.6
2018-01-31;8.7;19.1;1;31;2018;31;13.9
2018-02-01;11.3;17.7;2;1;2018;32;14.5
2018-02-02;8.1;13.8;2;2;2018;33;11.0
2018-02-03;7.2;15.8;2;3;2018;34;11.5
2018-02-04;5.9;14.6;2;4;2018;35;10.2
2018-02-05;5.8;14.0;2;5;2018;36;9.9
2018-02-06;5.4;14.4;2;6;2018;37;9.9
2018-02-07;8.2;15.0;2;7;2018;38;11.6
2018-02-08;6.6;15.6;2;8;2018;39;11.1
2018-02-09;6.2;14.7;2;9;2018;40;10.4
2018-02-10;6.1;17.0;2;10;2018;41;11.6
2018-02-11;7.1;16.5;2;11;2018;42;11.8
2018-02-12;7.6;20.1;2;12;2018;43;13.8
2018-02-13;8.3;16.7;2;13;2018;44;12.5
2018-02-14;7.1;17.4;2;14;2018;45;12.2
2018-02-15;7.9;17.7;2;15;2018;46;12.8
2018-02-16;8.8;17.1;2;16;2018;47;13.0
2018-02-17;9.6;17.2;2;17;2018;48;13.4
2018-02-18;10.4;19.4;2;18;2018;49;14.9
2018-02-19;9.2;15.8;2;19;2018;50;12.5
2018-02-20;8.0;17.4;2;20;2018;51;12.7
2018-02-21;9.8;19.4;2;21;2018;52;14.6
2018-02-22;8.1;15.5;2;22;2018;53;11.8
2018-02-23;5.7;16.2;2;23;2018;54;11.0
2018-02-24;5.9;15.2;2;24;2018;55;10.6
2018-02-25;7.7;16.6;2;25;2018;56;12.2
2018-02-26;7.7;18.0;2;26;2018;57;12.8
2018-02-27;12.9;20.6;2;27;2018;58;16.8
2018-02-28;12.7;19.8;2;28;2018;59;16.2
2018-03-01;12.2;17.6;3;1;2018;60;14.9
2018-03-02;13.0;15.9;3;2;2018;61;14.4
2018-03-03;12.1;18.8;3;3;2018;62;15.4
2018-03-04;11.9;18.1;3;4;2018;63;15.0
2018-03-05;11.7;16.7;3;5;2018;64;14.2
2018-03-06;10.1;17.5;3;6;2018;65;13.8
2018-03-07;10.7;19.0;3;7;2018;66;14.8
2018-03-08;10.5;18.2;3;8;2018;67;14.4
2018-03-09;9.9;21.0;3;9;2018;68;15.4
2018-03-10;13.8;23.5;3;10;2018;69;18.6
2018-03-11;12.4;18.0;3;11;2018;70;15.2
2018-03-12;9.3;19.2;3;12;2018;71;14.2
2018-03-13;10.3;19.8;3;13;2018;72;15.0
2018-03-14;10.6;19.9;3;14;2018;73;15.2
2018-03-15;11.0;17.1;3;15;2018;74;14.0
2018-03-16;8.7;17.8;3;16;2018;75;13.2
2018-03-17;8.2;16.7;3;17;2018;76;12.4
2018-03-18;10.9;17.3;3;18;2018;77;14.1
2018-03-19;9.1;18.6;3;19;2018;78;13.8
2018-03-20;10.9;18.3;3;20;2018;79;14.6
2018-03-21;8.6;15.1;3;21;2018;80;11.8
2018-03-22;7.3;15.6;3;22;2018;81;11.4
2018-03-23;6.6;16.8;3;23;2018;82;11.7
2018-03-24;10.8;19.2;3;24;2018;83;15.0
2018-03-25;10.1;17.3;3;25;2018;84;13.7
2018-03-26;10.5;19.1;3;26;2018;85;14.8
2018-03-27;10.5;19.6;3;27;2018;86;15.0
2018-03-28;9.5;18.8;3;28;2018;87;14.2
2018-03-29;12.1;18.9;3;29;2018;88;15.5
2018-03-30;12.4;17.6;3;30;2018;89;15.0
2018-03-31;10.1;18.9;3;31;2018;90;14.5
2018-04-01;9.2;22.7;4;1;2018;91;16.0
2018-04-02;13.4;19.6;4;2;2018;92;16.5
2018-04-03;11.6;20.4;4;3;2018;93;16.0
2018-04-04;12.5;19.4;4;4;2018;94;16.0
2018-04-05;10.7;24.6;4;5;2018;95;17.6
2018-04-06;14.9;26.7;4;6;2018;96;20.8
2018-04-07;12.6;18.4;4;7;2018;97;15.5
2018-04-08;10.0;20.2;4;8;2018;98;15.1
2018-04-09;12.8;16.7;4;9;2018;99;14.8
2018-04-10;8.1;17.1;4;10;2018;100;12.6
2018-04-11;7.6;18.3;4;11;2018;101;13.0
2018-04-12;8.7;18.4;4;12;2018;102;13.6
2018-04-13;10.5;17.9;4;13;2018;103;14.2
2018-04-14;7.8;19.8;4;14;2018;104;13.8
2018-04-15;11.1;19.0;4;15;2018;105;15.0
2018-04-16;12.7;19.7;4;16;2018;106;16.2
2018-04-17;11.5;22.1;4;17;2018;107;16.8
2018-04-18;11.9;26.0;4;18;2018;108;19.0
2018-04-19;15.4;25.2;4;19;2018;109;20.3
2018-04-20;15.6;25.2;4;20;2018;110;20.4
2018-04-21;17.9;27.8;4;21;2018;111;22.8
2018-04-22;17.6;28.8;4;22;2018;112;23.2
2018-04-23;16.3;30.6;4;23;2018;113;23.4
2018-04-24;14.6;29.4;4;24;2018;114;22.0
2018-04-25;15.6;22.8;4;25;2018;115;19.2
2018-04-26;14.5;21.2;4;26;2018;116;17.8
2018-04-27;14.0;20.6;4;27;2018;117;17.3
2018-04-28;14.4;23.3;4;28;2018;118;18.8
2018-04-29;12.7;19.4;4;29;2018;119;16.0
2018-04-30;10.5;19.3;4;30;2018;120;14.9
2018-05-01;9.9;19.2;5;1;2018;121;14.6
2018-05-02;9.4;19.3;5;2;2018;122;14.4
2018-05-03;12.2;20.4;5;3;2018;123;16.3
2018-05-04;14.6;20.1;5;4;2018;124;17.4
2018-05-05;14.8;20.6;5;5;2018;125;17.7
2018-05-06;14.2;25.3;5;6;2018;126;19.8
2018-05-07;15.8;28.0;5;7;2018;127;21.9
2018-05-08;14.4;21.2;5;8;2018;128;17.8
2018-05-09;15.6;22.8;5;9;2018;129;19.2
2018-05-10;15.9;22.3;5;10;2018;130;19.1
2018-05-11;15.6;22.5;5;11;2018;131;19.0
2018-05-12;15.2;22.5;5;12;2018;132;18.8
2018-05-13;13.8;22.8;5;13;2018;133;18.3
2018-05-14;13.1;21.6;5;14;2018;134;17.4
2018-05-15;14.2;25.1;5;15;2018;135;19.6
2018-05-16;14.3;26.0;5;16;2018;136;20.2
2018-05-17;14.7;24.2;5;17;2018;137;19.4
2018-05-18;12.9;25.8;5;18;2018;138;19.4
2018-05-19;14.1;22.3;5;19;2018;139;18.2
2018-05-20;14.1;22.2;5;20;2018;140;18.2
2018-05-21;14.7;22.5;5;21;2018;141;18.6
2018-05-22;14.8;22.6;5;22;2018;142;18.7
2018-05-23;15.4;31.4;5;23;2018;143;23.4
2018-05-24;18.5;32.1;5;24;2018;144;25.3
2018-05-25;18.0;24.1;5;25;2018;145;21.0
2018-05-26;15.8;25.0;5;26;2018;146;20.4
2018-05-27;17.4;25.2;5;27;2018;147;21.3
2018-05-28;16.6;23.0;5;28;2018;148;19.8
2018-05-29;16.2;23.2;5;29;2018;149;19.7
2018-05-30;14.8;24.6;5;30;2018;150;19.7
2018-05-31;16.0;23.1;5;31;2018;151;19.6
2018-06-01;16.1;24.1;6;1;2018;152;20.1
2018-06-02;17.4;23.5;6;2;2018;153;20.4
2018-06-03;14.3;22.6;6;3;2018;154;18.4
2018-06-04;16.3;23.3;6;4;2018;155;19.8
2018-06-05;16.9;22.6;6;5;2018;156;19.8
2018-06-06;15.1;23.7;6;6;2018;157;19.4
2018-06-07;15.0;21.7;6;7;2018;158;18.4
2018-06-08;16.1;23.5;6;8;2018;159;19.8
2018-06-09;17.2;22.3;6;9;2018;160;19.8
2018-06-10;16.5;23.3;6;10;2018;161;19.9
2018-06-11;15.3;21.9;6;11;2018;162;18.6
2018-06-12;15.9;22.0;6;12;2018;163;19.0
2018-06-13;16.3;23.8;6;13;2018;164;20.0
2018-06-14;16.8;24.6;6;14;2018;165;20.7
2018-06-15;19.2;26.2;6;15;2018;166;22.7
2018-06-16;19.0;31.4;6;16;2018;167;25.2
2018-06-17;20.6;33.5;6;17;2018;168;27.0
2018-06-18;21.3;34.0;6;18;2018;169;27.6
2018-06-19;21.0;31.0;6;19;2018;170;26.0
2018-06-20;22.0;33.2;6;20;2018;171;27.6
2018-06-21;19.8;34.2;6;21;2018;172;27.0
2018-06-22;20.7;34.5;6;22;2018;173;27.6
2018-06-23;21.7;36.7;6;23;2018;174;29.2
2018-06-24;22.9;35.6;6;24;2018;175;29.2
2018-06-25;21.7;27.1;6;25;2018;176;24.4
2018-06-26;20.2;26.2;6;26;2018;177;23.2
2018-06-27;20.7;26.0;6;27;2018;178;23.4
2018-06-28;21.9;26.6;6;28;2018;179;24.2
2018-06-29;21.1;29.1;6;29;2018;180;25.1
2018-06-30;22.3;27.5;6;30;2018;181;24.9
2018-07-01;20.0;27.9;7;1;2018;182;24.0
2018-07-02;18.3;23.4;7;2;2018;183;20.8
2018-07-03;18.3;24.8;7;3;2018;184;21.6
2018-07-04;18.4;26.5;7;4;2018;185;22.4
2018-07-05;17.2;25.0;7;5;2018;186;21.1
2018-07-06;18.3;29.1;7;6;2018;187;23.7
2018-07-07;22.0;35.8;7;7;2018;188;28.9
2018-07-08;21.8;29.8;7;8;2018;189;25.8
2018-07-09;21.8;27.7;7;9;2018;190;24.8
2018-07-10;21.6;27.1;7;10;2018;191;24.4
2018-07-11;20.7;26.0;7;11;2018;192;23.4
2018-07-12;20.2;27.3;7;12;2018;193;23.8
2018-07-13;22.2;28.6;7;13;2018;194;25.4
2018-07-14;20.6;27.1;7;14;2018;195;23.8
2018-07-15;20.4;28.2;7;15;2018;196;24.3
2018-07-16;17.6;24.4;7;16;2018;197;21.0
2018-07-17;18.3;36.3;7;17;2018;198;27.3
2018-07-18;23.2;31.0;7;18;2018;199;27.1
2018-07-19;21.7;27.4;7;19;2018;200;24.6
2018-07-20;21.3;28.8;7;20;2018;201;25.0
2018-07-21;20.2;27.0;7;21;2018;202;23.6
2018-07-22;22.4;31.7;7;22;2018;203;27.0
2018-07-23;23.2;32.5;7;23;2018;204;27.8
2018-07-24;21.6;26.5;7;24;2018;205;24.0
2018-07-25;20.3;27.3;7;25;2018;206;23.8
2018-07-26;21.4;27.6;7;26;2018;207;24.5
2018-07-27;21.2;27.7;7;27;2018;208;24.4
2018-07-28;21.3;27.6;7;28;2018;209;24.4
2018-07-29;20.4;27.6;7;29;2018;210;24.0
2018-07-30;20.2;26.8;7;30;2018;211;23.5
2018-07-31;21.0;27.6;7;31;2018;212;24.3
2018-08-01;21.8;39.2;8;1;2018;213;30.5
2018-08-02;23.0;38.3;8;2;2018;214;30.6
2018-08-03;22.7;28.5;8;3;2018;215;25.6
2018-08-04;24.0;31.0;8;4;2018;216;27.5
2018-08-05;23.6;30.6;8;5;2018;217;27.1
2018-08-06;25.6;33.9;8;6;2018;218;29.8
2018-08-07;25.4;33.5;8;7;2018;219;29.4
2018-08-08;25.4;36.8;8;8;2018;220;31.1
2018-08-09;23.7;29.4;8;9;2018;221;26.6
2018-08-10;22.5;35.5;8;10;2018;222;29.0
2018-08-11;26.2;36.0;8;11;2018;223;31.1
2018-08-12;24.6;33.7;8;12;2018;224;29.2
2018-08-13;23.8;29.0;8;13;2018;225;26.4
2018-08-14;22.2;29.4;8;14;2018;226;25.8
2018-08-15;25.2;33.9;8;15;2018;227;29.6
2018-08-16;24.7;30.7;8;16;2018;228;27.7
2018-08-17;23.2;29.2;8;17;2018;229;26.2
2018-08-18;25.0;34.0;8;18;2018;230;29.5
2018-08-19;25.5;34.0;8;19;2018;231;29.8
2018-08-20;22.6;34.8;8;20;2018;232;28.7
2018-08-21;24.0;34.4;8;21;2018;233;29.2
2018-08-22;23.5;31.4;8;22;2018;234;27.4
2018-08-23;22.7;29.1;8;23;2018;235;25.9
2018-08-24;22.7;29.6;8;24;2018;236;26.2
2018-08-25;22.6;31.1;8;25;2018;237;26.8
2018-08-26;23.5;35.5;8;26;2018;238;29.5
2018-08-27;24.3;36.3;8;27;2018;239;30.3
2018-08-28;25.7;38.1;8;28;2018;240;31.9
2018-08-29;23.5;29.2;8;29;2018;241;26.4
2018-08-30;24.6;34.8;8;30;2018;242;29.7
2018-08-31;23.5;34.4;8;31;2018;243;29.0
2018-09-01;23.6;35.1;9;1;2018;244;29.4
2018-09-02;23.6;31.8;9;2;2018;245;27.7
2018-09-03;23.8;29.6;9;3;2018;246;26.7
2018-09-04;22.5;29.2;9;4;2018;247;25.8
2018-09-05;20.3;28.5;9;5;2018;248;24.4
2018-09-06;20.2;28.3;9;6;2018;249;24.2
2018-09-07;19.799999999999997;29.9;9;7;2018;250;24.799999999999997
2018-09-08;19.4;31.5;9;8;2018;251;25.4
2018-09-09;21.6;30.8;9;9;2018;252;26.2
2018-09-10;21.5;31.3;9;10;2018;253;26.4
2018-09-11;24.4;31.8;9;11;2018;254;28.1
2018-09-12;24.0;33.4;9;12;2018;255;28.7
2018-09-13;22.4;27.1;9;13;2018;256;24.8
2018-09-14;22.9;32.8;9;14;2018;257;27.8
2018-09-15;23.0;31.0;9;15;2018;258;27.0
2018-09-16;22.8;32.1;9;16;2018;259;27.4
2018-09-17;24.2;31.6;9;17;2018;260;27.9
2018-09-18;22.9;28.8;9;18;2018;261;25.8
2018-09-19;22.5;28.9;9;19;2018;262;25.7
2018-09-20;22.7;29.3;9;20;2018;263;26.0
2018-09-21;22.3;27.8;9;21;2018;264;25.0
2018-09-22;21.2;30.6;9;22;2018;265;25.9
2018-09-23;21.6;36.0;9;23;2018;266;28.8
2018-09-24;22.7;35.3;9;24;2018;267;29.0
2018-09-25;22.5;32.8;9;25;2018;268;27.6
2018-09-26;24.0;32.1;9;26;2018;269;28.0
2018-09-27;22.6;30.4;9;27;2018;270;26.5
2018-09-28;20.5;29.0;9;28;2018;271;24.8
2018-09-29;18.3;26.5;9;29;2018;272;22.4
2018-09-30;18.7;26.3;9;30;2018;273;22.5
2018-10-01;20.1;26.8;10;1;2018;274;23.4
2018-10-02;19.8;28.5;10;2;2018;275;24.2
2018-10-03;17.4;26.3;10;3;2018;276;21.8
2018-10-04;16.7;26.1;10;4;2018;277;21.4
2018-10-05;18.3;27.3;10;5;2018;278;22.8
2018-10-06;18.2;26.3;10;6;2018;279;22.2
2018-10-07;18.3;26.7;10;7;2018;280;22.5
2018-10-08;19.6;27.7;10;8;2018;281;23.6
2018-10-09;17.7;24.3;10;9;2018;282;21.0
2018-10-10;17.9;26.4;10;10;2018;283;22.2
2018-10-11;19.4;25.3;10;11;2018;284;22.4
2018-10-12;18.1;26.0;10;12;2018;285;22.0
2018-10-13;19.1;29.3;10;13;2018;286;24.2
2018-10-14;18.2;25.0;10;14;2018;287;21.6
2018-10-15;16.2;23.0;10;15;2018;288;19.6
2018-10-16;16.2;25.0;10;16;2018;289;20.6
2018-10-17;15.7;23.8;10;17;2018;290;19.8
2018-10-18;13.9;23.2;10;18;2018;291;18.6
2018-10-19;12.8;22.2;10;19;2018;292;17.5
2018-10-20;17.2;23.6;10;20;2018;293;20.4
2018-10-21;19.5;27.4;10;21;2018;294;23.4
2018-10-22;17.6;25.3;10;22;2018;295;21.4
2018-10-23;18.0;25.8;10;23;2018;296;21.9
2018-10-24;16.8;24.0;10;24;2018;297;20.4
2018-10-25;15.1;23.5;10;25;2018;298;19.3
2018-10-26;13.9;22.8;10;26;2018;299;18.4
2018-10-27;16.7;24.1;10;27;2018;300;20.4
2018-10-28;12.5;17.7;10;28;2018;301;15.1
2018-10-29;10.5;18.6;10;29;2018;302;14.6
2018-10-30;9.2;16.0;10;30;2018;303;12.6
2018-10-31;10.2;17.2;10;31;2018;304;13.7
2018-11-01;10.4;19.4;11;1;2018;305;14.9
2018-11-02;11.0;20.0;11;2;2018;306;15.5
2018-11-03;12.8;20.5;11;3;2018;307;16.6
2018-11-04;11.4;19.1;11;4;2018;308;15.2
2018-11-05;9.5;17.8;11;5;2018;309;13.6
2018-11-06;9.0;18.2;11;6;2018;310;13.6
2018-11-07;9.0;18.8;11;7;2018;311;13.9
2018-11-08;11.0;18.9;11;8;2018;312;15.0
2018-11-09;13.3;21.0;11;9;2018;313;17.2
2018-11-10;11.1;18.5;11;10;2018;314;14.8
2018-11-11;11.0;19.3;11;11;2018;315;15.2
2018-11-12;10.5;20.3;11;12;2018;316;15.4
2018-11-13;14.3;22.9;11;13;2018;317;18.6
2018-11-14;19.1;23.5;11;14;2018;318;21.3
2018-11-15;15.7;22.7;11;15;2018;319;19.2
2018-11-16;15.1;22.3;11;16;2018;320;18.7
2018-11-17;14.9;22.4;11;17;2018;321;18.6
2018-11-18;13.0;20.4;11;18;2018;322;16.7
2018-11-19;12.6;19.0;11;19;2018;323;15.8
2018-11-20;10.4;18.0;11;20;2018;324;14.2
2018-11-21;12.1;18.5;11;21;2018;325;15.3
2018-11-22;13.4;20.6;11;22;2018;326;17.0
2018-11-23;11.8;18.0;11;23;2018;327;14.9
2018-11-24;11.0;19.3;11;24;2018;328;15.2
2018-11-25;8.4;18.9;11;25;2018;329;13.6
2018-11-26;14.9;21.7;11;26;2018;330;18.3
2018-11-27;11.0;19.7;11;27;2018;331;15.4
2018-11-28;8.1;18.6;11;28;2018;332;13.4
2018-11-29;6.2;17.7;11;29;2018;333;12.0
2018-11-30;9.5;20.7;11;30;2018;334;15.1
2018-12-01;10.7;19.0;12;1;2018;335;14.8
2018-12-02;9.8;18.8;12;2;2018;336;14.3
2018-12-03;9.1;19.1;12;3;2018;337;14.1
2018-12-04;11.8;21.9;12;4;2018;338;16.8
2018-12-05;10.9;21.1;12;5;2018;339;16.0
2018-12-06;9.0;17.8;12;6;2018;340;13.4
2018-12-07;9.5;17.9;12;7;2018;341;13.7
2018-12-08;10.7;18.9;12;8;2018;342;14.8
2018-12-09;10.2;18.4;12;9;2018;343;14.3
2018-12-10;9.6;22.9;12;10;2018;344;16.2
2018-12-11;10.2;18.2;12;11;2018;345;14.2
2018-12-12;8.4;18.6;12;12;2018;346;13.5
2018-12-13;10.7;17.4;12;13;2018;347;14.0
2018-12-14;10.8;20.3;12;14;2018;348;15.6
2018-12-15;9.8;17.7;12;15;2018;349;13.8
2018-12-16;8.9;19.9;12;16;2018;350;14.4
2018-12-17;9.2;19.8;12;17;2018;351;14.5
2018-12-18;9.0;17.6;12;18;2018;352;13.3
2018-12-19;9.4;19.1;12;19;2018;353;14.2
2018-12-20;10.6;18.7;12;20;2018;354;14.6
2018-12-21;9.2;17.7;12;21;2018;355;13.4
2018-12-22;7.5;18.1;12;22;2018;356;12.8
2018-12-23;6.8;19.1;12;23;2018;357;13.0
2018-12-24;7.0;17.8;12;24;2018;358;12.4
2018-12-25;7.9;20.6;12;25;2018;359;14.2
2018-12-26;9.1;19.4;12;26;2018;360;14.2
2018-12-27;9.1;17.4;12;27;2018;361;13.2
2018-12-28;10.7;16.7;12;28;2018;362;13.7
2018-12-29;11.7;16.4;12;29;2018;363;14.0
2018-12-30;10.1;18.4;12;30;2018;364;14.2
2018-12-31;8.3;17.9;12;31;2018;365;13.1
2019-01-01;7.2;17.6;1;1;2019;1;12.4
2019-01-02;5.8;17.8;1;2;2019;2;11.8
2019-01-03;8.8;18.5;1;3;2019;3;13.6
2019-01-04;8.0;17.2;1;4;2019;4;12.6
2019-01-05;6.7;15.9;1;5;2019;5;11.3
2019-01-06;4.8;17.4;1;6;2019;6;11.1
2019-01-07;7.1;16.7;1;7;2019;7;11.9
2019-01-08;6.9;17.6;1;8;2019;8;12.2
2019-01-09;5.8;17.2;1;9;2019;9;11.5
2019-01-10;6.8;17.2;1;10;2019;10;12.0
2019-01-11;5.5;15.1;1;11;2019;11;10.3
2019-01-12;4.8;15.2;1;12;2019;12;10.0
2019-01-13;6.0;16.3;1;13;2019;13;11.2
2019-01-14;5.1;17.4;1;14;2019;14;11.2
2019-01-15;7.9;19.8;1;15;2019;15;13.8
2019-01-16;8.8;16.7;1;16;2019;16;12.8
2019-01-17;8.7;17.3;1;17;2019;17;13.0
2019-01-18;9.3;16.9;1;18;2019;18;13.1
2019-01-19;8.3;16.9;1;19;2019;19;12.6
2019-01-20;9.2;17.8;1;20;2019;20;13.5
2019-01-21;8.8;17.8;1;21;2019;21;13.3
2019-01-22;8.0;15.9;1;22;2019;22;12.0
2019-01-23;11.8;18.4;1;23;2019;23;15.1
2019-01-24;11.7;23.9;1;24;2019;24;17.8
2019-01-25;9.8;18.8;1;25;2019;25;14.3
2019-01-26;8.1;19.6;1;26;2019;26;13.8
2019-01-27;8.0;21.0;1;27;2019;27;14.5
2019-01-28;10.9;19.7;1;28;2019;28;15.3
2019-01-29;9.8;18.6;1;29;2019;29;14.2
2019-01-30;13.7;18.2;1;30;2019;30;16.0
2019-01-31;13.1;18.9;1;31;2019;31;16.0
2019-02-01;12.4;17.9;2;1;2019;32;15.2
2019-02-02;8.4;16.6;2;2;2019;33;12.5
2019-02-03;7.7;17.0;2;3;2019;34;12.4
2019-02-04;6.6;16.3;2;4;2019;35;11.4
2019-02-05;6.4;16.8;2;5;2019;36;11.6
2019-02-06;8.2;17.6;2;6;2019;37;12.9
2019-02-07;6.3;17.5;2;7;2019;38;11.9
2019-02-08;7.6;18.7;2;8;2019;39;13.2
2019-02-09;8.4;17.3;2;9;2019;40;12.8
2019-02-10;6.1;18.1;2;10;2019;41;12.1
2019-02-11;8.8;19.1;2;11;2019;42;14.0
2019-02-12;11.2;19.1;2;12;2019;43;15.2
2019-02-13;8.7;18.8;2;13;2019;44;13.8
2019-02-14;7.5;19.3;2;14;2019;45;13.4
2019-02-15;7.1;18.8;2;15;2019;46;13.0
2019-02-16;10.4;19.7;2;16;2019;47;15.0
2019-02-17;10.8;19.8;2;17;2019;48;15.3
2019-02-18;10.9;20.3;2;18;2019;49;15.6
2019-02-19;9.7;19.1;2;19;2019;50;14.4
2019-02-20;7.6;19.1;2;20;2019;51;13.4
2019-02-21;8.3;19.3;2;21;2019;52;13.8
2019-02-22;7.0;16.8;2;22;2019;53;11.9
2019-02-23;6.3;18.3;2;23;2019;54;12.3
2019-02-24;7.7;20.9;2;24;2019;55;14.3
2019-02-25;8.5;18.8;2;25;2019;56;13.6
2019-02-26;7.1;17.0;2;26;2019;57;12.0
2019-02-27;7.0;17.7;2;27;2019;58;12.4
2019-02-28;7.1;18.4;2;28;2019;59;12.8
2019-03-01;8.6;18.3;3;1;2019;60;13.4
2019-03-02;10.0;19.8;3;2;2019;61;14.9
2019-03-03;9.4;19.6;3;3;2019;62;14.5
2019-03-04;8.8;19.4;3;4;2019;63;14.1
2019-03-05;11.6;19.8;3;5;2019;64;15.7
2019-03-06;12.3;21.4;3;6;2019;65;16.8
2019-03-07;11.6;19.1;3;7;2019;66;15.4
2019-03-08;9.8;18.8;3;8;2019;67;14.3
2019-03-09;10.0;19.2;3;9;2019;68;14.6
2019-03-10;8.3;18.5;3;10;2019;69;13.4
2019-03-11;9.9;21.9;3;11;2019;70;15.9
2019-03-12;11.7;18.7;3;12;2019;71;15.2
2019-03-13;12.0;21.5;3;13;2019;72;16.8
2019-03-14;11.6;19.5;3;14;2019;73;15.6
2019-03-15;10.9;19.7;3;15;2019;74;15.3
2019-03-16;9.2;21.1;3;16;2019;75;15.2
2019-03-17;8.7;20.4;3;17;2019;76;14.6
2019-03-18;13.1;21.7;3;18;2019;77;17.4
2019-03-19;11.0;18.8;3;19;2019;78;14.9
2019-03-20;8.9;19.4;3;20;2019;79;14.2
2019-03-21;10.0;19.6;3;21;2019;80;14.8
2019-03-22;8.1;20.8;3;22;2019;81;14.4
2019-03-23;10.7;19.6;3;23;2019;82;15.2
2019-03-24;13.9;21.3;3;24;2019;83;17.6
2019-03-25;13.3;24.8;3;25;2019;84;19.0
2019-03-26;13.6;22.0;3;26;2019;85;17.8
2019-03-27;12.7;20.2;3;27;2019;86;16.4
2019-03-28;9.8;20.6;3;28;2019;87;15.2
2019-03-29;10.8;20.5;3;29;2019;88;15.6
2019-03-30;10.9;20.3;3;30;2019;89;15.6
2019-03-31;12.6;15.2;3;31;2019;90;13.9
2019-04-01;12.8;18.9;4;1;2019;91;15.8
2019-04-02;11.9;19.2;4;2;2019;92;15.6
2019-04-03;11.7;19.4;4;3;2019;93;15.6
2019-04-04;11.8;19.9;4;4;2019;94;15.8
2019-04-05;9.7;17.2;4;5;2019;95;13.4
2019-04-06;7.7;18.0;4;6;2019;96;12.8
2019-04-07;8.3;19.4;4;7;2019;97;13.8
2019-04-08;11.0;20.6;4;8;2019;98;15.8
2019-04-09;12.8;20.2;4;9;2019;99;16.5
2019-04-10;12.9;21.4;4;10;2019;100;17.2
2019-04-11;14.4;19.6;4;11;2019;101;17.0
2019-04-12;13.1;20.6;4;12;2019;102;16.8
2019-04-13;10.3;20.1;4;13;2019;103;15.2
2019-04-14;11.6;19.9;4;14;2019;104;15.8
2019-04-15;13.3;24.4;4;15;2019;105;18.8
2019-04-16;13.1;24.1;4;16;2019;106;18.6
2019-04-17;13.6;26.2;4;17;2019;107;19.9
2019-04-18;12.1;17.6;4;18;2019;108;14.8
2019-04-19;12.8;20.0;4;19;2019;109;16.4
2019-04-20;13.6;20.2;4;20;2019;110;16.9
2019-04-21;13.5;17.7;4;21;2019;111;15.6
2019-04-22;13.7;20.5;4;22;2019;112;17.1
2019-04-23;14.0;18.6;4;23;2019;113;16.3
2019-04-24;11.6;18.7;4;24;2019;114;15.2
2019-04-25;14.5;20.6;4;25;2019;115;17.6
2019-04-26;11.3;19.8;4;26;2019;116;15.6
2019-04-27;12.2;24.9;4;27;2019;117;18.6
2019-04-28;12.0;26.8;4;28;2019;118;19.4
2019-04-29;13.8;25.2;4;29;2019;119;19.5
2019-04-30;12.3;20.0;4;30;2019;120;16.2
2019-05-01;14.0;27.7;5;1;2019;121;20.8
2019-05-02;16.7;26.4;5;2;2019;122;21.6
2019-05-03;14.4;20.9;5;3;2019;123;17.6
2019-05-04;14.9;20.7;5;4;2019;124;17.8
2019-05-05;13.6;21.8;5;5;2019;125;17.7
2019-05-06;16.1;21.4;5;6;2019;126;18.8
2019-05-07;17.7;21.7;5;7;2019;127;19.7
2019-05-08;16.3;24.3;5;8;2019;128;20.3
2019-05-09;16.9;23.5;5;9;2019;129;20.2
2019-05-10;16.6;22.9;5;10;2019;130;19.8
2019-05-11;16.9;27.6;5;11;2019;131;22.2
2019-05-12;18.3;28.6;5;12;2019;132;23.4
2019-05-13;16.4;26.2;5;13;2019;133;21.3
2019-05-14;15.0;26.5;5;14;2019;134;20.8
2019-05-15;14.8;23.0;5;15;2019;135;18.9
2019-05-16;14.8;26.4;5;16;2019;136;20.6
2019-05-17;16.7;24.2;5;17;2019;137;20.4
2019-05-18;14.4;23.5;5;18;2019;138;19.0
2019-05-19;15.8;21.7;5;19;2019;139;18.8
2019-05-20;15.4;22.0;5;20;2019;140;18.7
2019-05-21;16.9;22.6;5;21;2019;141;19.8
2019-05-22;15.5;24.2;5;22;2019;142;19.8
2019-05-23;16.7;26.7;5;23;2019;143;21.7
2019-05-24;16.1;23.5;5;24;2019;144;19.8
2019-05-25;17.5;23.9;5;25;2019;145;20.7
2019-05-26;15.9;22.9;5;26;2019;146;19.4
2019-05-27;16.3;23.9;5;27;2019;147;20.1
2019-05-28;17.4;28.1;5;28;2019;148;22.8
2019-05-29;18.9;27.6;5;29;2019;149;23.2
2019-05-30;17.1;27.3;5;30;2019;150;22.2
2019-05-31;16.1;29.3;5;31;2019;151;22.7
2019-06-01;17.5;30.4;6;1;2019;152;24.0
2019-06-02;18.0;29.4;6;2;2019;153;23.7
2019-06-03;15.8;23.6;6;3;2019;154;19.7
2019-06-04;16.0;24.2;6;4;2019;155;20.1
2019-06-05;17.6;25.5;6;5;2019;156;21.6
2019-06-06;16.1;25.3;6;6;2019;157;20.7
2019-06-07;16.0;24.4;6;7;2019;158;20.2
2019-06-08;17.3;30.4;6;8;2019;159;23.8
2019-06-09;18.3;23.7;6;9;2019;160;21.0
2019-06-10;17.1;25.6;6;10;2019;161;21.4
2019-06-11;16.1;24.3;6;11;2019;162;20.2
2019-06-12;19.4;26.9;6;12;2019;163;23.2
2019-06-13;19.2;29.2;6;13;2019;164;24.2
2019-06-14;18.2;24.7;6;14;2019;165;21.4
2019-06-15;15.7;23.5;6;15;2019;166;19.6
2019-06-16;16.6;30.8;6;16;2019;167;23.7
2019-06-17;16.9;23.9;6;17;2019;168;20.4
2019-06-18;17.3;24.7;6;18;2019;169;21.0
2019-06-19;17.7;24.5;6;19;2019;170;21.1
2019-06-20;18.4;26.2;6;20;2019;171;22.3
2019-06-21;18.3;24.9;6;21;2019;172;21.6
2019-06-22;20.5;31.1;6;22;2019;173;25.8
2019-06-23;20.4;25.8;6;23;2019;174;23.1
2019-06-24;19.7;26.4;6;24;2019;175;23.0
2019-06-25;20.0;26.6;6;25;2019;176;23.3
2019-06-26;21.2;27.9;6;26;2019;177;24.6
2019-06-27;22.6;32.9;6;27;2019;178;27.8
2019-06-28;25.2;37.3;6;28;2019;179;31.2
2019-06-29;24.1;38.8;6;29;2019;180;31.4
2019-06-30;21.3;29.3;6;30;2019;181;25.3
2019-07-01;21.9;27.4;7;1;2019;182;24.6
2019-07-02;21.9;31.7;7;2;2019;183;26.8
2019-07-03;22.5;28.9;7;3;2019;184;25.7
2019-07-04;23.1;28.9;7;4;2019;185;26.0
2019-07-05;23.4;28.9;7;5;2019;186;26.2
2019-07-06;23.3;41.6;7;6;2019;187;32.4
2019-07-07;23.4;31.9;7;7;2019;188;27.6
2019-07-08;20.5;27.6;7;8;2019;189;24.0
2019-07-09;18.1;24.7;7;9;2019;190;21.4
2019-07-10;18.9;35.5;7;10;2019;191;27.2
2019-07-11;24.2;37.9;7;11;2019;192;31.0
2019-07-12;23.1;30.8;7;12;2019;193;27.0
2019-07-13;22.4;26.9;7;13;2019;194;24.6
2019-07-14;20.0;26.8;7;14;2019;195;23.4
2019-07-15;20.9;28.8;7;15;2019;196;24.8
2019-07-16;21.9;35.7;7;16;2019;197;28.8
2019-07-17;22.1;27.2;7;17;2019;198;24.6
2019-07-18;20.6;26.9;7;18;2019;199;23.8
2019-07-19;22.0;37.2;7;19;2019;200;29.6
2019-07-20;23.8;30.1;7;20;2019;201;27.0
2019-07-21;23.1;33.1;7;21;2019;202;28.1
2019-07-22;24.0;36.7;7;22;2019;203;30.4
2019-07-23;24.9;40.5;7;23;2019;204;32.7
2019-07-24;26.3;35.7;7;24;2019;205;31.0
2019-07-25;23.3;31.5;7;25;2019;206;27.4
2019-07-26;23.0;29.3;7;26;2019;207;26.2
2019-07-27;21.2;28.7;7;27;2019;208;25.0
2019-07-28;20.9;26.5;7;28;2019;209;23.7
2019-07-29;20.4;26.1;7;29;2019;210;23.2
2019-07-30;20.9;28.0;7;30;2019;211;24.4
2019-07-31;25.0;35.1;7;31;2019;212;30.0
2019-08-01;23.8;31.8;8;1;2019;213;27.8
2019-08-02;22.9;28.6;8;2;2019;214;25.8
2019-08-03;23.2;29.3;8;3;2019;215;26.2
2019-08-04;24.0;28.8;8;4;2019;216;26.4
2019-08-05;23.4;29.3;8;5;2019;217;26.4
2019-08-06;23.9;29.1;8;6;2019;218;26.5
2019-08-07;22.6;29.3;8;7;2019;219;26.0
2019-08-08;21.5;32.2;8;8;2019;220;26.8
2019-08-09;21.0;28.0;8;9;2019;221;24.5
2019-08-10;21.2;31.0;8;10;2019;222;26.1
2019-08-11;22.4;27.4;8;11;2019;223;24.9
2019-08-12;20.8;29.5;8;12;2019;224;25.2
2019-08-13;25.1;33.4;8;13;2019;225;29.2
2019-08-14;23.3;31.0;8;14;2019;226;27.2
2019-08-15;22.6;32.7;8;15;2019;227;27.6
2019-08-16;23.0;33.4;8;16;2019;228;28.2
2019-08-17;22.8;29.7;8;17;2019;229;26.2
2019-08-18;23.8;29.6;8;18;2019;230;26.7
2019-08-19;22.7;29.5;8;19;2019;231;26.1
2019-08-20;22.8;31.6;8;20;2019;232;27.2
2019-08-21;25.9;33.0;8;21;2019;233;29.4
2019-08-22;23.0;33.4;8;22;2019;234;28.2
2019-08-23;23.7;34.5;8;23;2019;235;29.1
2019-08-24;21.7;33.9;8;24;2019;236;27.8
2019-08-25;22.9;32.4;8;25;2019;237;27.6
2019-08-26;25.2;33.8;8;26;2019;238;29.5
2019-08-27;23.6;29.0;8;27;2019;239;26.3
2019-08-28;21.7;29.2;8;28;2019;240;25.4
2019-08-29;22.3;32.5;8;29;2019;241;27.4
2019-08-30;22.9;29.1;8;30;2019;242;26.0
2019-08-31;23.5;29.1;8;31;2019;243;26.3
2019-09-01;23.3;29.0;9;1;2019;244;26.2
2019-09-02;22.5;33.9;9;2;2019;245;28.2
2019-09-03;24.3;34.6;9;3;2019;246;29.4
2019-09-04;23.5;29.2;9;4;2019;247;26.4
2019-09-05;23.9;29.3;9;5;2019;248;26.6
2019-09-06;23.4;32.3;9;6;2019;249;27.8
2019-09-07;24.4;30.8;9;7;2019;250;27.6
2019-09-08;23.5;32.2;9;8;2019;251;27.8
2019-09-09;22.3;28.5;9;9;2019;252;25.4
2019-09-10;20.6;32.3;9;10;2019;253;26.4
2019-09-11;17.4;24.0;9;11;2019;254;20.7
2019-09-12;17.8;28.4;9;12;2019;255;23.1
2019-09-13;16.2;28.0;9;13;2019;256;22.1
2019-09-14;22.5;30.3;9;14;2019;257;26.4
2019-09-15;22.1;28.7;9;15;2019;258;25.4
2019-09-16;22.3;28.0;9;16;2019;259;25.2
2019-09-17;22.5;30.3;9;17;2019;260;26.4
2019-09-18;21.3;28.5;9;18;2019;261;24.9
2019-09-19;20.5;26.9;9;19;2019;262;23.7
2019-09-20;22.7;29.6;9;20;2019;263;26.2
2019-09-21;22.3;27.7;9;21;2019;264;25.0
2019-09-22;21.4;28.0;9;22;2019;265;24.7
2019-09-23;20.6;27.3;9;23;2019;266;24.0
2019-09-24;19.9;27.1;9;24;2019;267;23.5
2019-09-25;18.4;26.3;9;25;2019;268;22.4
2019-09-26;20.9;30.9;9;26;2019;269;25.9
2019-09-27;19.7;26.0;9;27;2019;270;22.8
2019-09-28;19.6;26.7;9;28;2019;271;23.2
2019-09-29;19.8;26.8;9;29;2019;272;23.3
2019-09-30;19.4;25.8;9;30;2019;273;22.6
2019-10-01;18.2;29.5;10;1;2019;274;23.8
2019-10-02;19.9;31.1;10;2;2019;275;25.5
2019-10-03;18.7;27.4;10;3;2019;276;23.0
2019-10-04;17.6;25.1;10;4;2019;277;21.4
2019-10-05;16.7;24.5;10;5;2019;278;20.6
2019-10-06;16.4;24.4;10;6;2019;279;20.4
2019-10-07;16.9;25.3;10;7;2019;280;21.1
2019-10-08;20.3;28.8;10;8;2019;281;24.6
2019-10-09;18.1;26.4;10;9;2019;282;22.2
2019-10-10;19.8;29.4;10;10;2019;283;24.6
2019-10-11;20.7;30.0;10;11;2019;284;25.4
2019-10-12;19.1;30.2;10;12;2019;285;24.6
2019-10-13;18.9;25.9;10;13;2019;286;22.4
2019-10-14;20.1;26.0;10;14;2019;287;23.0
2019-10-15;15.1;22.9;10;15;2019;288;19.0
2019-10-16;13.9;23.4;10;16;2019;289;18.6
2019-10-17;13.2;23.9;10;17;2019;290;18.6
2019-10-18;14.6;23.8;10;18;2019;291;19.2
2019-10-19;16.3;24.2;10;19;2019;292;20.2
2019-10-20;13.7;22.3;10;20;2019;293;18.0
2019-10-21;13.1;20.9;10;21;2019;294;17.0
2019-10-22;12.1;15.6;10;22;2019;295;13.8
2019-10-23;11.0;19.8;10;23;2019;296;15.4
2019-10-24;11.9;21.1;10;24;2019;297;16.5
2019-10-25;12.5;21.7;10;25;2019;298;17.1
2019-10-26;13.4;22.3;10;26;2019;299;17.8
2019-10-27;13.8;23.5;10;27;2019;300;18.6
2019-10-28;14.7;21.3;10;28;2019;301;18.0
2019-10-29;13.4;21.9;10;29;2019;302;17.6
2019-10-30;15.3;23.1;10;30;2019;303;19.2
2019-10-31;16.0;25.5;10;31;2019;304;20.8
2019-11-01;17.3;26.6;11;1;2019;305;22.0
2019-11-02;18.0;25.4;11;2;2019;306;21.7
2019-11-03;16.7;23.4;11;3;2019;307;20.0
2019-11-04;14.1;23.2;11;4;2019;308;18.6
2019-11-05;13.7;23.1;11;5;2019;309;18.4
2019-11-06;12.9;21.0;11;6;2019;310;17.0
2019-11-07;11.0;20.2;11;7;2019;311;15.6
2019-11-08;13.8;19.7;11;8;2019;312;16.8
2019-11-09;8.9;18.7;11;9;2019;313;13.8
2019-11-10;11.0;19.0;11;10;2019;314;15.0
2019-11-11;12.5;18.7;11;11;2019;315;15.6
2019-11-12;12.1;20.8;11;12;2019;316;16.4
2019-11-13;11.0;21.2;11;13;2019;317;16.1
2019-11-14;9.7;18.4;11;14;2019;318;14.0
2019-11-15;11.1;17.8;11;15;2019;319;14.4
2019-11-16;9.6;17.0;11;16;2019;320;13.3
2019-11-17;7.2;16.7;11;17;2019;321;12.0
2019-11-18;11.5;19.6;11;18;2019;322;15.6
2019-11-19;9.8;18.5;11;19;2019;323;14.2
2019-11-20;9.2;17.6;11;20;2019;324;13.4
2019-11-21;9.3;17.4;11;21;2019;325;13.4
2019-11-22;14.0;17.5;11;22;2019;326;15.8
2019-11-23;13.3;20.9;11;23;2019;327;17.1
2019-11-24;10.3;18.8;11;24;2019;328;14.6
2019-11-25;9.1;17.9;11;25;2019;329;13.5
2019-11-26;11.7;19.7;11;26;2019;330;15.7
2019-11-27;11.8;20.4;11;27;2019;331;16.1
2019-11-28;10.5;19.1;11;28;2019;332;14.8
2019-11-29;9.5;18.2;11;29;2019;333;13.8
2019-11-30;10.8;18.8;11;30;2019;334;14.8
2019-12-01;9.6;19.0;12;1;2019;335;14.3
2019-12-02;11.3;16.8;12;2;2019;336;14.0
2019-12-03;11.5;16.1;12;3;2019;337;13.8
2019-12-04;9.4;18.8;12;4;2019;338;14.1
2019-12-05;10.4;17.9;12;5;2019;339;14.2
2019-12-06;13.3;19.2;12;6;2019;340;16.2
2019-12-07;11.7;18.9;12;7;2019;341;15.3
2019-12-08;10.1;17.7;12;8;2019;342;13.9
2019-12-09;11.3;19.4;12;9;2019;343;15.4
2019-12-10;9.1;18.4;12;10;2019;344;13.8
2019-12-11;7.6;19.1;12;11;2019;345;13.4
2019-12-12;9.7;18.4;12;12;2019;346;14.0
2019-12-13;11.2;21.0;12;13;2019;347;16.1
2019-12-14;8.8;18.8;12;14;2019;348;13.8
2019-12-15;9.0;17.3;12;15;2019;349;13.2
2019-12-16;9.4;16.4;12;16;2019;350;12.9
2019-12-17;11.4;17.6;12;17;2019;351;14.5
2019-12-18;8.9;17.5;12;18;2019;352;13.2
2019-12-19;7.9;17.6;12;19;2019;353;12.8
2019-12-20;14.9;17.8;12;20;2019;354;16.4
2019-12-21;16.7;20.1;12;21;2019;355;18.4
2019-12-22;12.1;20.9;12;22;2019;356;16.5
2019-12-23;10.0;20.2;12;23;2019;357;15.1
2019-12-24;9.8;24.7;12;24;2019;358;17.2
2019-12-25;9.5;23.6;12;25;2019;359;16.6
2019-12-26;7.0;18.4;12;26;2019;360;12.7
2019-12-27;10.5;20.4;12;27;2019;361;15.4
2019-12-28;7.9;20.0;12;28;2019;362;14.0
2019-12-29;8.8;18.4;12;29;2019;363;13.6
2019-12-30;9.6;16.9;12;30;2019;364;13.2
2019-12-31;8.2;17.3;12;31;2019;365;12.8
2020-01-01;7.9;16.4;1;1;2020;1;12.2
2020-01-02;9.1;15.4;1;2;2020;2;12.2
2020-01-03;8.9;16.4;1;3;2020;3;12.6
2020-01-04;8.5;15.2;1;4;2020;4;11.8
2020-01-05;7.6;17.1;1;5;2020;5;12.4
2020-01-06;7.2;16.7;1;6;2020;6;12.0
2020-01-07;5.9;16.1;1;7;2020;7;11.0
2020-01-08;6.1;16.2;1;8;2020;8;11.2
2020-01-09;8.6;17.2;1;9;2020;9;12.9
2020-01-10;7.8;17.5;1;10;2020;10;12.6
2020-01-11;9.4;18.4;1;11;2020;11;13.9
2020-01-12;6.6;16.1;1;12;2020;12;11.4
2020-01-13;6.4;15.9;1;13;2020;13;11.2
2020-01-14;5.6;16.7;1;14;2020;14;11.2
2020-01-15;7.7;16.9;1;15;2020;15;12.3
2020-01-16;7.4;16.8;1;16;2020;16;12.1
2020-01-17;8.1;18.2;1;17;2020;17;13.2
2020-01-18;9.5;15.6;1;18;2020;18;12.6
2020-01-19;9.6;18.7;1;19;2020;19;14.2
2020-01-20;7.9;13.4;1;20;2020;20;10.6
2020-01-21;8.5;13.4;1;21;2020;21;11.0
2020-01-22;8.9;17.3;1;22;2020;22;13.1
2020-01-23;9.3;18.3;1;23;2020;23;13.8
2020-01-24;10.3;17.2;1;24;2020;24;13.8
2020-01-25;10.1;15.8;1;25;2020;25;13.0
2020-01-26;7.4;17.1;1;26;2020;26;12.2
2020-01-27;8.1;16.8;1;27;2020;27;12.4
2020-01-28;8.0;16.9;1;28;2020;28;12.4
2020-01-29;8.3;17.4;1;29;2020;29;12.8
2020-01-30;9.0;17.0;1;30;2020;30;13.0
2020-01-31;10.7;21.4;1;31;2020;31;16.0
2020-02-01;9.8;19.4;2;1;2020;32;14.6
2020-02-02;11.9;20.2;2;2;2020;33;16.0
2020-02-03;11.1;22.0;2;3;2020;34;16.6
2020-02-04;8.0;14.5;2;4;2020;35;11.2
2020-02-05;7.7;18.6;2;5;2020;36;13.2
2020-02-06;10.4;17.8;2;6;2020;37;14.1
2020-02-07;8.4;15.8;2;7;2020;38;12.1
2020-02-08;9.8;18.0;2;8;2020;39;13.9
2020-02-09;9.1;19.4;2;9;2020;40;14.2
2020-02-10;9.7;19.4;2;10;2020;41;14.6
2020-02-11;7.1;18.8;2;11;2020;42;13.0
2020-02-12;10.0;19.7;2;12;2020;43;14.8
2020-02-13;11.3;18.5;2;13;2020;44;14.9
2020-02-14;10.0;18.7;2;14;2020;45;14.4
2020-02-15;9.3;18.1;2;15;2020;46;13.7
2020-02-16;13.0;17.1;2;16;2020;47;15.0
2020-02-17;11.5;18.0;2;17;2020;48;14.8
2020-02-18;10.5;20.1;2;18;2020;49;15.3
2020-02-19;11.6;20.3;2;19;2020;50;16.0
2020-02-20;9.2;19.6;2;20;2020;51;14.4
2020-02-21;9.1;19.4;2;21;2020;52;14.2
2020-02-22;8.2;17.5;2;22;2020;53;12.8
2020-02-23;6.9;24.2;2;23;2020;54;15.6
2020-02-24;8.3;18.6;2;24;2020;55;13.4
2020-02-25;9.9;20.4;2;25;2020;56;15.2
2020-02-26;11.0;20.5;2;26;2020;57;15.8
2020-02-27;10.0;20.5;2;27;2020;58;15.2
2020-02-28;8.8;22.9;2;28;2020;59;15.8
2020-02-29;9.0;20.0;2;29;2020;60;14.5
2020-03-01;12.9;20.6;3;1;2020;61;16.8
2020-03-02;12.8;21.0;3;2;2020;62;16.9
2020-03-03;13.9;22.7;3;3;2020;63;18.3
2020-03-04;12.3;21.2;3;4;2020;64;16.8
2020-03-05;10.1;21.3;3;5;2020;65;15.7
2020-03-06;15.1;20.6;3;6;2020;66;17.8
2020-03-07;11.5;18.5;3;7;2020;67;15.0
2020-03-08;8.1;19.0;3;8;2020;68;13.6
2020-03-09;11.4;21.8;3;9;2020;69;16.6
2020-03-10;11.5;21.6;3;10;2020;70;16.6
2020-03-11;12.2;23.0;3;11;2020;71;17.6
2020-03-12;13.4;28.1;3;12;2020;72;20.8
2020-03-13;12.5;21.6;3;13;2020;73;17.0
2020-03-14;11.9;20.3;3;14;2020;74;16.1
2020-03-15;11.2;21.5;3;15;2020;75;16.4
2020-03-16;12.2;19.1;3;16;2020;76;15.6
2020-03-17;10.1;19.8;3;17;2020;77;15.0
2020-03-18;16.0;21.5;3;18;2020;78;18.8
2020-03-19;15.4;20.7;3;19;2020;79;18.0
2020-03-20;13.9;21.1;3;20;2020;80;17.5
2020-03-21;9.8;18.2;3;21;2020;81;14.0
2020-03-22;11.0;15.0;3;22;2020;82;13.0
2020-03-23;10.1;18.2;3;23;2020;83;14.2
2020-03-24;13.8;17.8;3;24;2020;84;15.8
2020-03-25;10.3;16.3;3;25;2020;85;13.3
2020-03-26;8.7;20.0;3;26;2020;86;14.4
2020-03-27;12.6;18.4;3;27;2020;87;15.5
2020-03-28;10.7;19.9;3;28;2020;88;15.3
2020-03-29;8.3;18.7;3;29;2020;89;13.5
2020-03-30;11.6;19.3;3;30;2020;90;15.4
2020-03-31;12.6;18.7;3;31;2020;91;15.6
2020-04-01;12.6;19.6;4;1;2020;92;16.1
2020-04-02;9.4;16.5;4;2;2020;93;13.0
2020-04-03;9.5;19.0;4;3;2020;94;14.2
2020-04-04;10.8;21.2;4;4;2020;95;16.0
2020-04-05;11.8;22.7;4;5;2020;96;17.2
2020-04-06;12.6;19.4;4;6;2020;97;16.0
2020-04-07;12.5;22.7;4;7;2020;98;17.6
2020-04-08;11.1;24.2;4;8;2020;99;17.6
2020-04-09;14.6;24.2;4;9;2020;100;19.4
2020-04-10;13.2;20.8;4;10;2020;101;17.0
2020-04-11;11.2;24.1;4;11;2020;102;17.6
2020-04-12;14.2;19.2;4;12;2020;103;16.7
2020-04-13;14.0;17.7;4;13;2020;104;15.8
2020-04-14;13.8;20.8;4;14;2020;105;17.3
2020-04-15;14.7;23.2;4;15;2020;106;19.0
2020-04-16;13.0;26.0;4;16;2020;107;19.5
2020-04-17;15.9;20.4;4;17;2020;108;18.2
2020-04-18;15.1;21.9;4;18;2020;109;18.5
2020-04-19;16.2;20.8;4;19;2020;110;18.5
2020-04-20;14.6;22.6;4;20;2020;111;18.6
2020-04-21;13.3;20.0;4;21;2020;112;16.6
2020-04-22;12.1;23.3;4;22;2020;113;17.7
2020-04-23;13.5;24.6;4;23;2020;114;19.0
2020-04-24;13.8;24.4;4;24;2020;115;19.1
2020-04-25;13.7;17.9;4;25;2020;116;15.8
2020-04-26;13.35;19.75;4;26;2020;117;16.55
2020-04-27;13.0;21.6;4;27;2020;118;17.3
2020-04-28;13.7;22.0;4;28;2020;119;17.8
2020-04-29;13.2;21.5;4;29;2020;120;17.4
2020-04-30;12.8;22.6;4;30;2020;121;17.7
2020-05-01;14.3;21.9;5;1;2020;122;18.1
2020-05-02;15.3;25.0;5;2;2020;123;20.2
2020-05-03;15.5;29.1;5;3;2020;124;22.3
2020-05-04;17.7;36.3;5;4;2020;125;27.0
2020-05-05;17.0;23.1;5;5;2020;126;20.0
2020-05-06;16.2;24.1;5;6;2020;127;20.2
2020-05-07;18.4;30.9;5;7;2020;128;24.6
2020-05-08;19.1;28.2;5;8;2020;129;23.6
2020-05-09;17.3;24.5;5;9;2020;130;20.9
2020-05-10;17.0;23.4;5;10;2020;131;20.2
2020-05-11;14.2;23.8;5;11;2020;132;19.0
2020-05-12;13.6;23.5;5;12;2020;133;18.6
2020-05-13;11.2;21.0;5;13;2020;134;16.1
2020-05-14;15.6;21.9;5;14;2020;135;18.8
2020-05-15;14.8;20.0;5;15;2020;136;17.4
2020-05-16;14.5;22.7;5;16;2020;137;18.6
2020-05-17;14.0;22.6;5;17;2020;138;18.3
2020-05-18;14.5;22.9;5;18;2020;139;18.7
2020-05-19;15.0;24.0;5;19;2020;140;19.5
2020-05-20;16.8;26.3;5;20;2020;141;21.6
2020-05-21;16.3;27.0;5;21;2020;142;21.6
2020-05-22;18.5;27.2;5;22;2020;143;22.8
2020-05-23;22.2;34.2;5;23;2020;144;28.2
2020-05-24;19.8;31.7;5;24;2020;145;25.8
2020-05-25;19.2;31.4;5;25;2020;146;25.3
2020-05-26;20.0;30.3;5;26;2020;147;25.2
2020-05-27;21.7;30.8;5;27;2020;148;26.2
2020-05-28;21.9;31.3;5;28;2020;149;26.6
2020-05-29;19.1;32.1;5;29;2020;150;25.6
2020-05-30;15.5;31.2;5;30;2020;151;23.4
2020-05-31;19.6;32.1;5;31;2020;152;25.8
2020-06-01;18.6;25.8;6;1;2020;153;22.2
2020-06-02;16.7;24.8;6;2;2020;154;20.8
2020-06-03;17.6;26.6;6;3;2020;155;22.1
2020-06-04;18.9;26.6;6;4;2020;156;22.8
2020-06-05;17.3;26.0;6;5;2020;157;21.6
2020-06-06;17.2;27.6;6;6;2020;158;22.4
2020-06-07;18.5;25.7;6;7;2020;159;22.1
2020-06-08;16.1;25.2;6;8;2020;160;20.6
2020-06-09;15.9;23.5;6;9;2020;161;19.7
2020-06-10;16.6;23.8;6;10;2020;162;20.2
2020-06-11;15.9;24.7;6;11;2020;163;20.3
2020-06-12;16.7;23.6;6;12;2020;164;20.2
2020-06-13;14.0;21.5;6;13;2020;165;17.8
2020-06-14;16.2;23.1;6;14;2020;166;19.6
2020-06-15;15.1;23.0;6;15;2020;167;19.0
2020-06-16;17.1;25.0;6;16;2020;168;21.0
2020-06-17;17.3;26.2;6;17;2020;169;21.8
2020-06-18;17.9;25.6;6;18;2020;170;21.8
2020-06-19;18.9;24.2;6;19;2020;171;21.6
2020-06-20;18.2;25.6;6;20;2020;172;21.9
2020-06-21;18.9;26.4;6;21;2020;173;22.6
2020-06-22;20.1;36.3;6;22;2020;174;28.2
2020-06-23;25.2;35.1;6;23;2020;175;30.2
2020-06-24;22.0;35.2;6;24;2020;176;28.6
2020-06-25;20.3;28.5;6;25;2020;177;24.4
2020-06-26;20.1;26.4;6;26;2020;178;23.2
2020-06-27;19.6;26.0;6;27;2020;179;22.8
2020-06-28;19.3;27.7;6;28;2020;180;23.5
2020-06-29;21.0;28.4;6;29;2020;181;24.7
2020-06-30;22.1;29.5;6;30;2020;182;25.8
2020-07-01;21.8;28.7;7;1;2020;183;25.2
2020-07-02;20.0;31.0;7;2;2020;184;25.5
2020-07-03;20.1;33.1;7;3;2020;185;26.6
2020-07-04;23.3;35.0;7;4;2020;186;29.2
2020-07-05;23.1;36.7;7;5;2020;187;29.9
2020-07-06;21.2;27.8;7;6;2020;188;24.5
2020-07-07;20.9;29.2;7;7;2020;189;25.0
2020-07-08;23.6;37.9;7;8;2020;190;30.8
2020-07-09;23.8;29.1;7;9;2020;191;26.4
2020-07-10;22.6;29.9;7;10;2020;192;26.2
2020-07-11;23.2;35.5;7;11;2020;193;29.4
2020-07-12;27.2;35.2;7;12;2020;194;31.2
2020-07-13;25.0;30.1;7;13;2020;195;27.6
2020-07-14;24.0;33.9;7;14;2020;196;29.0
2020-07-15;24.0;34.4;7;15;2020;197;29.2
2020-07-16;25.1;35.7;7;16;2020;198;30.4
2020-07-17;23.3;33.3;7;17;2020;199;28.3
2020-07-18;23.5;33.5;7;18;2020;200;28.5
2020-07-19;23.1;29.3;7;19;2020;201;26.2
2020-07-20;23.2;37.8;7;20;2020;202;30.5
2020-07-21;25.3;36.4;7;21;2020;203;30.8
2020-07-22;24.4;30.1;7;22;2020;204;27.2
2020-07-23;23.5;29.2;7;23;2020;205;26.4
2020-07-24;24.6;29.8;7;24;2020;206;27.2
2020-07-25;24.3;38.5;7;25;2020;207;31.4
2020-07-26;24.3;36.9;7;26;2020;208;30.6
2020-07-27;26.0;32.4;7;27;2020;209;29.2
2020-07-28;24.2;31.9;7;28;2020;210;28.0
2020-07-29;24.6;36.6;7;29;2020;211;30.6
2020-07-30;26.3;40.2;7;30;2020;212;33.2
2020-07-31;26.0;30.8;7;31;2020;213;28.4
2020-08-01;25.4;31.0;8;1;2020;214;28.2
2020-08-02;24.5;32.4;8;2;2020;215;28.4
2020-08-03;25.0;31.1;8;3;2020;216;28.0
2020-08-04;25.7;34.6;8;4;2020;217;30.2
2020-08-05;24.1;36.4;8;5;2020;218;30.2
2020-08-06;25.4;36.5;8;6;2020;219;31.0
2020-08-07;23.5;37.7;8;7;2020;220;30.6
2020-08-08;24.1;32.2;8;8;2020;221;28.2
2020-08-09;24.8;31.3;8;9;2020;222;28.0
2020-08-10;26.0;33.0;8;10;2020;223;29.5
2020-08-11;26.2;35.0;8;11;2020;224;30.6
2020-08-12;24.3;29.7;8;12;2020;225;27.0
2020-08-13;21.5;29.6;8;13;2020;226;25.6
2020-08-14;19.4;29.3;8;14;2020;227;24.4
2020-08-15;20.3;30.4;8;15;2020;228;25.4
2020-08-16;22.1;29.6;8;16;2020;229;25.8
2020-08-17;21.4;28.7;8;17;2020;230;25.0
2020-08-18;21.1;31.2;8;18;2020;231;26.2
2020-08-19;20.9;30.2;8;19;2020;232;25.6
2020-08-20;22.0;30.4;8;20;2020;233;26.2
2020-08-21;22.6;29.0;8;21;2020;234;25.8
2020-08-22;20.6;29.7;8;22;2020;235;25.2
2020-08-23;24.3;35.4;8;23;2020;236;29.8
2020-08-24;24.6;34.5;8;24;2020;237;29.6
2020-08-25;23.8;31.1;8;25;2020;238;27.4
2020-08-26;21.9;30.3;8;26;2020;239;26.1
2020-08-27;21.9;30.0;8;27;2020;240;26.0
2020-08-28;22.8;30.1;8;28;2020;241;26.4
2020-08-29;21.2;27.1;8;29;2020;242;24.2
2020-08-30;21.3;31.7;8;30;2020;243;26.5
2020-08-31;20.4;30.7;8;31;2020;244;25.6
2020-09-01;19.6;29.5;9;1;2020;245;24.6
2020-09-02;20.9;29.1;9;2;2020;246;25.0
2020-09-03;21.5;32.0;9;3;2020;247;26.8
2020-09-04;21.3;32.7;9;4;2020;248;27.0
2020-09-05;20.2;31.3;9;5;2020;249;25.8
2020-09-06;20.5;32.0;9;6;2020;250;26.2
2020-09-07;20.3;27.5;9;7;2020;251;23.9
2020-09-08;22.3;30.3;9;8;2020;252;26.3
2020-09-09;19.5;29.0;9;9;2020;253;24.2
2020-09-10;18.4;27.3;9;10;2020;254;22.8
2020-09-11;19.9;29.1;9;11;2020;255;24.5
2020-09-12;22.3;34.7;9;12;2020;256;28.5
2020-09-13;25.1;33.5;9;13;2020;257;29.3
2020-09-14;24.2;34.3;9;14;2020;258;29.2
2020-09-15;22.5;32.6;9;15;2020;259;27.6
2020-09-16;21.0;28.2;9;16;2020;260;24.6
2020-09-17;23.6;30.2;9;17;2020;261;26.9
2020-09-18;19.9;28.5;9;18;2020;262;24.2
2020-09-19;20.2;26.9;9;19;2020;263;23.6
2020-09-20;19.2;26.5;9;20;2020;264;22.8
2020-09-21;20.4;26.4;9;21;2020;265;23.4
2020-09-22;19.4;26.6;9;22;2020;266;23.0
2020-09-23;21.4;26.9;9;23;2020;267;24.2
2020-09-24;20.7;27.1;9;24;2020;268;23.9
2020-09-25;21.2;30.1;9;25;2020;269;25.6
2020-09-26;18.5;25.7;9;26;2020;270;22.1
2020-09-27;16.9;26.3;9;27;2020;271;21.6
2020-09-28;17.1;25.3;9;28;2020;272;21.2
2020-09-29;18.7;30.1;9;29;2020;273;24.4
2020-09-30;18.7;25.3;9;30;2020;274;22.0
2020-10-01;18.4;25.3;10;1;2020;275;21.8
2020-10-02;18.1;23.2;10;2;2020;276;20.6
2020-10-03;14.5;23.6;10;3;2020;277;19.0
2020-10-04;11.7;20.8;10;4;2020;278;16.2
2020-10-05;15.2;23.3;10;5;2020;279;19.2
2020-10-06;15.9;24.1;10;6;2020;280;20.0
2020-10-07;14.4;23.9;10;7;2020;281;19.2
2020-10-08;17.5;31.6;10;8;2020;282;24.6
2020-10-09;18.2;23.7;10;9;2020;283;21.0
2020-10-10;17.1;24.8;10;10;2020;284;21.0
2020-10-11;17.1;22.7;10;11;2020;285;19.9
2020-10-12;13.1;22.7;10;12;2020;286;17.9
2020-10-13;13.7;22.3;10;13;2020;287;18.0
2020-10-14;13.3;23.7;10;14;2020;288;18.5
2020-10-15;14.8;23.5;10;15;2020;289;19.2
2020-10-16;13.3;23.8;10;16;2020;290;18.6
2020-10-17;12.8;21.3;10;17;2020;291;17.0
2020-10-18;12.5;26.8;10;18;2020;292;19.6
2020-10-19;14.4;27.1;10;19;2020;293;20.8
2020-10-20;15.3;27.6;10;20;2020;294;21.4
2020-10-21;18.8;24.0;10;21;2020;295;21.4
2020-10-22;17.9;22.8;10;22;2020;296;20.4
2020-10-23;13.7;22.0;10;23;2020;297;17.8
2020-10-24;13.3;21.7;10;24;2020;298;17.5
2020-10-25;10.5;21.3;10;25;2020;299;15.9
2020-10-26;14.5;21.0;10;26;2020;300;17.8
2020-10-27;11.8;20.4;10;27;2020;301;16.1
2020-10-28;10.2;20.3;10;28;2020;302;15.2
2020-10-29;12.2;24.7;10;29;2020;303;18.4
2020-10-30;14.1;28.6;10;30;2020;304;21.4
2020-10-31;14.3;22.3;10;31;2020;305;18.3
2020-11-01;12.7;20.7;11;1;2020;306;16.7
2020-11-02;11.4;19.2;11;2;2020;307;15.3
2020-11-03;11.0;19.1;11;3;2020;308;15.0
2020-11-04;14.9;24.9;11;4;2020;309;19.9
2020-11-05;18.6;24.2;11;5;2020;310;21.4
2020-11-06;19.9;28.6;11;6;2020;311;24.2
2020-11-07;13.1;21.4;11;7;2020;312;17.2
2020-11-08;13.0;23.7;11;8;2020;313;18.4
2020-11-09;13.1;20.7;11;9;2020;314;16.9
2020-11-10;12.9;24.4;11;10;2020;315;18.6
2020-11-11;13.9;23.8;11;11;2020;316;18.8
2020-11-12;14.1;24.0;11;12;2020;317;19.0
2020-11-13;15.1;22.9;11;13;2020;318;19.0
2020-11-14;17.1;21.6;11;14;2020;319;19.4
2020-11-15;14.0;21.4;11;15;2020;320;17.7
2020-11-16;13.8;21.7;11;16;2020;321;17.8
2020-11-17;14.9;25.3;11;17;2020;322;20.1
2020-11-18;11.6;21.9;11;18;2020;323;16.8
2020-11-19;13.5;23.7;11;19;2020;324;18.6
2020-11-20;13.4;21.2;11;20;2020;325;17.3
2020-11-21;13.7;21.6;11;21;2020;326;17.6
2020-11-22;11.9;20.3;11;22;2020;327;16.1
2020-11-23;10.3;19.6;11;23;2020;328;15.0
2020-11-24;9.6;19.6;11;24;2020;329;14.6
2020-11-25;12.0;19.6;11;25;2020;330;15.8
2020-11-26;14.5;20.2;11;26;2020;331;17.4
2020-11-27;11.7;17.3;11;27;2020;332;14.5
2020-11-28;9.5;19.6;11;28;2020;333;14.6
2020-11-29;10.8;20.7;11;29;2020;334;15.8
2020-11-30;13.0;21.7;11;30;2020;335;17.4
2020-12-01;12.4;20.3;12;1;2020;336;16.4
2020-12-02;8.9;19.8;12;2;2020;337;14.4
2020-12-03;9.7;18.0;12;3;2020;338;13.8
2020-12-04;9.9;18.7;12;4;2020;339;14.3
2020-12-05;9.9;16.4;12;5;2020;340;13.2
2020-12-06;10.5;16.6;12;6;2020;341;13.6
2020-12-07;8.7;18.7;12;7;2020;342;13.7
2020-12-08;14.1;20.7;12;8;2020;343;17.4
2020-12-09;9.2;17.5;12;9;2020;344;13.4
2020-12-10;9.9;18.0;12;10;2020;345;14.0
2020-12-11;12.5;20.4;12;11;2020;346;16.4
2020-12-12;13.6;25.7;12;12;2020;347;19.6
2020-12-13;11.5;19.8;12;13;2020;348;15.6
2020-12-14;11.4;17.7;12;14;2020;349;14.6
2020-12-15;9.2;18.9;12;15;2020;350;14.0
2020-12-16;9.0;17.9;12;16;2020;351;13.4
2020-12-17;10.3;18.4;12;17;2020;352;14.4
2020-12-18;10.0;17.9;12;18;2020;353;14.0
2020-12-19;9.5;17.7;12;19;2020;354;13.6
2020-12-20;11.1;18.3;12;20;2020;355;14.7
2020-12-21;11.1;18.9;12;21;2020;356;15.0
2020-12-22;9.9;19.7;12;22;2020;357;14.8
2020-12-23;9.7;18.1;12;23;2020;358;13.9
2020-12-24;9.4;18.8;12;24;2020;359;14.1
2020-12-25;9.7;19.8;12;25;2020;360;14.8
2020-12-26;4.1;15.3;12;26;2020;361;9.7
2020-12-27;4.3;15.2;12;27;2020;362;9.8
2020-12-28;10.3;18.1;12;28;2020;363;14.2
2020-12-29;9.2;16.7;12;29;2020;364;13.0
2020-12-30;7.9;16.6;12;30;2020;365;12.2
2020-12-31;6.1;15.9;12;31;2020;366;11.0
2021-01-01;6.7;16.6;1;1;2021;1;11.6
2021-01-02;9.3;15.5;1;2;2021;2;12.4
2021-01-03;6.1;14.5;1;3;2021;3;10.3
2021-01-04;3.8;14.9;1;4;2021;4;9.4
2021-01-05;5.2;15.8;1;5;2021;5;10.5
2021-01-06;9.1;13.6;1;6;2021;6;11.4
2021-01-07;7.1;10.3;1;7;2021;7;8.7
2021-01-08;8.4;11.4;1;8;2021;8;9.9
2021-01-09;7.5;14.8;1;9;2021;9;11.2
2021-01-10;5.6;13.4;1;10;2021;10;9.5
2021-01-11;7.0;11.1;1;11;2021;11;9.0
2021-01-12;5.9;14.8;1;12;2021;12;10.4
2021-01-13;6.3;15.8;1;13;2021;13;11.0
2021-01-14;4.1;15.8;1;14;2021;14;10.0
2021-01-15;6.2;16.1;1;15;2021;15;11.2
2021-01-16;7.6;17.8;1;16;2021;16;12.7
2021-01-17;6.8;15.9;1;17;2021;17;11.4
2021-01-18;6.6;19.5;1;18;2021;18;13.0
2021-01-19;7.4;16.3;1;19;2021;19;11.8
2021-01-20;9.0;16.8;1;20;2021;20;12.9
2021-01-21;8.5;18.7;1;21;2021;21;13.6
2021-01-22;13.8;20.6;1;22;2021;22;17.2
2021-01-23;8.5;19.0;1;23;2021;23;13.8
2021-01-24;13.2;19.9;1;24;2021;24;16.6
2021-01-25;10.8;20.2;1;25;2021;25;15.5
2021-01-26;12.2;23.5;1;26;2021;26;17.8
2021-01-27;11.6;19.6;1;27;2021;27;15.6
2021-01-28;10.8;18.1;1;28;2021;28;14.4
2021-01-29;8.8;16.8;1;29;2021;29;12.8
2021-01-30;10.6;19.5;1;30;2021;30;15.0
2021-01-31;12.1;19.2;1;31;2021;31;15.6
2021-02-01;12.0;24.1;2;1;2021;32;18.0
2021-02-02;9.9;20.8;2;2;2021;33;15.4
2021-02-03;10.5;17.6;2;3;2021;34;14.0
2021-02-04;9.3;18.4;2;4;2021;35;13.8
2021-02-05;14.1;23.6;2;5;2021;36;18.8
2021-02-06;11.7;17.7;2;6;2021;37;14.7
2021-02-07;10.8;18.5;2;7;2021;38;14.6
2021-02-08;11.3;17.6;2;8;2021;39;14.4
2021-02-09;9.3;17.7;2;9;2021;40;13.5
2021-02-10;13.8;19.0;2;10;2021;41;16.4
2021-02-11;11.1;19.5;2;11;2021;42;15.3
2021-02-12;12.4;19.6;2;12;2021;43;16.0
2021-02-13;10.9;20.8;2;13;2021;44;15.8
2021-02-14;8.6;20.7;2;14;2021;45;14.6
2021-02-15;10.0;19.2;2;15;2021;46;14.6
2021-02-16;8.9;17.3;2;16;2021;47;13.1
2021-02-17;7.1;17.7;2;17;2021;48;12.4
2021-02-18;9.2;17.9;2;18;2021;49;13.6
2021-02-19;8.5;18.1;2;19;2021;50;13.3
2021-02-20;8.8;20.6;2;20;2021;51;14.7
2021-02-21;12.8;17.7;2;21;2021;52;15.2
2021-02-22;10.3;18.3;2;22;2021;53;14.3
2021-02-23;10.9;20.3;2;23;2021;54;15.6
2021-02-24;11.9;20.0;2;24;2021;55;16.0
2021-02-25;12.3;21.2;2;25;2021;56;16.8
2021-02-26;13.6;20.3;2;26;2021;57;17.0
2021-02-27;10.5;19.0;2;27;2021;58;14.8
2021-02-28;10.0;19.5;2;28;2021;59;14.8
2021-03-01;14.5;18.5;3;1;2021;60;16.5
2021-03-02;12.3;21.5;3;2;2021;61;16.9
2021-03-03;13.3;21.1;3;3;2021;62;17.2
2021-03-04;10.8;20.3;3;4;2021;63;15.6
2021-03-05;10.4;20.3;3;5;2021;64;15.4
2021-03-06;13.5;18.3;3;6;2021;65;15.9
2021-03-07;12.5;16.4;3;7;2021;66;14.4
2021-03-08;11.4;17.7;3;8;2021;67;14.6
2021-03-09;9.6;16.3;3;9;2021;68;13.0
2021-03-10;9.0;17.5;3;10;2021;69;13.2
2021-03-11;9.9;18.0;3;11;2021;70;14.0
2021-03-12;9.8;18.7;3;12;2021;71;14.2
2021-03-13;12.8;21.7;3;13;2021;72;17.2
2021-03-14;11.4;19.0;3;14;2021;73;15.2
2021-03-15;11.1;21.9;3;15;2021;74;16.5
2021-03-16;10.2;20.8;3;16;2021;75;15.5
2021-03-17;11.4;22.1;3;17;2021;76;16.8
2021-03-18;11.0;20.7;3;18;2021;77;15.8
2021-03-19;8.2;16.6;3;19;2021;78;12.4
2021-03-20;8.5;16.0;3;20;2021;79;12.2
2021-03-21;6.1;17.2;3;21;2021;80;11.6
2021-03-22;8.3;18.6;3;22;2021;81;13.4
2021-03-23;9.4;18.8;3;23;2021;82;14.1
2021-03-24;10.1;19.0;3;24;2021;83;14.6
2021-03-25;11.4;19.1;3;25;2021;84;15.2
2021-03-26;11.9;19.1;3;26;2021;85;15.5
2021-03-27;10.4;23.2;3;27;2021;86;16.8
2021-03-28;12.1;20.9;3;28;2021;87;16.5
2021-03-29;14.0;24.3;3;29;2021;88;19.2
2021-03-30;16.3;25.2;3;30;2021;89;20.8
2021-03-31;17.5;25.3;3;31;2021;90;21.4
2021-04-01;16.1;25.0;4;1;2021;91;20.6
2021-04-02;13.1;22.0;4;2;2021;92;17.6
2021-04-03;11.8;20.0;4;3;2021;93;15.9
2021-04-04;14.4;24.3;4;4;2021;94;19.4
2021-04-05;12.2;19.5;4;5;2021;95;15.8
2021-04-06;11.7;21.0;4;6;2021;96;16.4
2021-04-07;12.1;23.3;4;7;2021;97;17.7
2021-04-08;13.9;19.8;4;8;2021;98;16.8
2021-04-09;11.7;21.8;4;9;2021;99;16.8
2021-04-10;14.6;21.3;4;10;2021;100;18.0
2021-04-11;15.2;20.9;4;11;2021;101;18.0
2021-04-12;14.3;22.1;4;12;2021;102;18.2
2021-04-13;11.8;23.7;4;13;2021;103;17.8
2021-04-14;13.3;16.7;4;14;2021;104;15.0
2021-04-15;12.1;16.7;4;15;2021;105;14.4
2021-04-16;12.3;19.7;4;16;2021;106;16.0
2021-04-17;12.8;19.4;4;17;2021;107;16.1
2021-04-18;12.5;19.8;4;18;2021;108;16.2
2021-04-19;12.3;19.9;4;19;2021;109;16.1
2021-04-20;12.3;20.8;4;20;2021;110;16.6
2021-04-21;14.2;20.6;4;21;2021;111;17.4
2021-04-22;15.1;21.8;4;22;2021;112;18.4
2021-04-23;13.4;23.6;4;23;2021;113;18.5
2021-04-24;15.3;23.8;4;24;2021;114;19.6
2021-04-25;17.2;26.2;4;25;2021;115;21.7
2021-04-26;16.1;22.7;4;26;2021;116;19.4
2021-04-27;15.7;23.2;4;27;2021;117;19.4
2021-04-28;13.1;22.8;4;28;2021;118;18.0
2021-04-29;13.9;21.8;4;29;2021;119;17.8
2021-04-30;14.0;20.2;4;30;2021;120;17.1
2021-05-01;13.1;22.1;5;1;2021;121;17.6
2021-05-02;10.7;20.7;5;2;2021;122;15.7
2021-05-03;14.8;24.2;5;3;2021;123;19.5
2021-05-04;13.4;25.1;5;4;2021;124;19.2
2021-05-05;14.1;21.3;5;5;2021;125;17.7
2021-05-06;13.5;21.8;5;6;2021;126;17.6
2021-05-07;14.2;23.8;5;7;2021;127;19.0
2021-05-08;15.0;32.5;5;8;2021;128;23.8
2021-05-09;18.3;26.7;5;9;2021;129;22.5
2021-05-10;16.3;22.7;5;10;2021;130;19.5
2021-05-11;14.1;22.1;5;11;2021;131;18.1
2021-05-12;11.7;20.9;5;12;2021;132;16.3
2021-05-13;15.2;27.7;5;13;2021;133;21.4
2021-05-14;15.7;25.7;5;14;2021;134;20.7
2021-05-15;15.1;21.8;5;15;2021;135;18.4
2021-05-16;15.5;23.5;5;16;2021;136;19.5
2021-05-17;17.1;30.7;5;17;2021;137;23.9
2021-05-18;18.0;24.0;5;18;2021;138;21.0
2021-05-19;16.9;29.4;5;19;2021;139;23.2
2021-05-20;17.8;28.9;5;20;2021;140;23.4
2021-05-21;17.2;22.7;5;21;2021;141;20.0
2021-05-22;16.3;24.4;5;22;2021;142;20.4
2021-05-23;14.7;21.3;5;23;2021;143;18.0
2021-05-24;14.0;22.6;5;24;2021;144;18.3
2021-05-25;14.4;29.3;5;25;2021;145;21.8
2021-05-26;17.6;27.3;5;26;2021;146;22.4
2021-05-27;16.4;24.3;5;27;2021;147;20.4
2021-05-28;17.7;23.5;5;28;2021;148;20.6
2021-05-29;17.1;24.0;5;29;2021;149;20.6
2021-05-30;17.9;31.6;5;30;2021;150;24.8
2021-05-31;20.1;27.7;5;31;2021;151;23.9
2021-06-01;18.2;24.3;6;1;2021;152;21.2
2021-06-02;17.7;26.1;6;2;2021;153;21.9
2021-06-03;19.1;30.5;6;3;2021;154;24.8
2021-06-04;20.8;29.5;6;4;2021;155;25.2
2021-06-05;18.7;23.7;6;5;2021;156;21.2
2021-06-06;17.7;24.3;6;6;2021;157;21.0
2021-06-07;18.5;32.2;6;7;2021;158;25.4
2021-06-08;19.3;33.2;6;8;2021;159;26.2
2021-06-09;19.9;27.2;6;9;2021;160;23.6
2021-06-10;20.3;32.7;6;10;2021;161;26.5
2021-06-11;22.9;33.9;6;11;2021;162;28.4
2021-06-12;25.2;32.7;6;12;2021;163;29.0
2021-06-13;23.2;33.5;6;13;2021;164;28.4
2021-06-14;21.8;28.1;6;14;2021;165;25.0
2021-06-15;22.8;28.7;6;15;2021;166;25.8
2021-06-16;21.6;28.6;6;16;2021;167;25.1
2021-06-17;20.9;26.3;6;17;2021;168;23.6
2021-06-18;20.1;26.4;6;18;2021;169;23.2
2021-06-19;18.3;24.3;6;19;2021;170;21.3
2021-06-20;16.5;24.5;6;20;2021;171;20.5
2021-06-21;16.7;25.5;6;21;2021;172;21.1
2021-06-22;16.4;23.5;6;22;2021;173;20.0
2021-06-23;17.5;24.8;6;23;2021;174;21.2
2021-06-24;20.9;31.5;6;24;2021;175;26.2
2021-06-25;21.3;32.5;6;25;2021;176;26.9
2021-06-26;18.8;26.1;6;26;2021;177;22.4
2021-06-27;18.6;25.4;6;27;2021;178;22.0
2021-06-28;18.2;26.1;6;28;2021;179;22.2
2021-06-29;19.5;26.3;6;29;2021;180;22.9
2021-06-30;21.4;31.9;6;30;2021;181;26.6
2021-07-01;21.3;27.0;7;1;2021;182;24.2
2021-07-02;20.6;26.0;7;2;2021;183;23.3
2021-07-03;20.7;28.0;7;3;2021;184;24.4
2021-07-04;20.0;27.3;7;4;2021;185;23.6
2021-07-05;21.0;29.4;7;5;2021;186;25.2
2021-07-06;20.5;29.6;7;6;2021;187;25.0
2021-07-07;18.5;27.3;7;7;2021;188;22.9
2021-07-08;21.0;33.5;7;8;2021;189;27.2
2021-07-09;24.9;34.1;7;9;2021;190;29.5
2021-07-10;23.3;32.2;7;10;2021;191;27.8
2021-07-11;23.1;27.7;7;11;2021;192;25.4
2021-07-12;20.9;33.9;7;12;2021;193;27.4
2021-07-13;19.9;31.7;7;13;2021;194;25.8
2021-07-14;22.2;29.8;7;14;2021;195;26.0
2021-07-15;21.9;31.8;7;15;2021;196;26.8
2021-07-16;20.8;34.3;7;16;2021;197;27.6
2021-07-17;22.6;30.5;7;17;2021;198;26.6
2021-07-18;21.1;27.1;7;18;2021;199;24.1
2021-07-19;23.0;31.3;7;19;2021;200;27.2
2021-07-20;22.3;28.3;7;20;2021;201;25.3
2021-07-21;21.0;29.9;7;21;2021;202;25.4
2021-07-22;23.8;30.8;7;22;2021;203;27.3
2021-07-23;23.0;29.8;7;23;2021;204;26.4
2021-07-24;24.3;30.0;7;24;2021;205;27.2
2021-07-25;22.4;28.0;7;25;2021;206;25.2
2021-07-26;22.2;29.3;7;26;2021;207;25.8
2021-07-27;23.4;33.6;7;27;2021;208;28.5
2021-07-28;22.5;34.2;7;28;2021;209;28.4
2021-07-29;22.9;32.4;7;29;2021;210;27.6
2021-07-30;23.4;28.3;7;30;2021;211;25.8
2021-07-31;21.7;29.2;7;31;2021;212;25.4
2021-08-01;20.3;27.6;8;1;2021;213;24.0
2021-08-02;22.4;32.0;8;2;2021;214;27.2
2021-08-03;22.2;28.8;8;3;2021;215;25.5
2021-08-04;22.2;26.8;8;4;2021;216;24.5
2021-08-05;21.4;29.0;8;5;2021;217;25.2
2021-08-06;22.5;28.7;8;6;2021;218;25.6
2021-08-07;21.8;30.4;8;7;2021;219;26.1
2021-08-08;21.3;29.1;8;8;2021;220;25.2
2021-08-09;25.6;33.9;8;9;2021;221;29.8
2021-08-10;24.5;33.6;8;10;2021;222;29.0
2021-08-11;25.8;35.4;8;11;2021;223;30.6
2021-08-12;25.0;36.5;8;12;2021;224;30.8
2021-08-13;24.0;32.9;8;13;2021;225;28.4
2021-08-14;24.4;30.1;8;14;2021;226;27.2
2021-08-15;24.4;30.8;8;15;2021;227;27.6
2021-08-16;24.3;31.3;8;16;2021;228;27.8
2021-08-17;27.1;34.0;8;17;2021;229;30.6
2021-08-18;25.6;30.1;8;18;2021;230;27.8
2021-08-19;24.3;30.3;8;19;2021;231;27.3
2021-08-20;23.7;30.5;8;20;2021;232;27.1
2021-08-21;24.6;32.0;8;21;2021;233;28.3
2021-08-22;26.0;36.4;8;22;2021;234;31.2
2021-08-23;26.6;36.0;8;23;2021;235;31.3
2021-08-24;26.2;32.9;8;24;2021;236;29.6
2021-08-25;24.0;30.8;8;25;2021;237;27.4
2021-08-26;22.3;30.2;8;26;2021;238;26.2
2021-08-27;22.2;30.6;8;27;2021;239;26.4
2021-08-28;23.9;30.2;8;28;2021;240;27.0
2021-08-29;23.0;30.8;8;29;2021;241;26.9
2021-08-30;21.6;28.0;8;30;2021;242;24.8
2021-08-31;23.3;33.6;8;31;2021;243;28.4
2021-09-01;24.3;30.9;9;1;2021;244;27.6
2021-09-02;22.3;27.9;9;2;2021;245;25.1
2021-09-03;21.5;28.9;9;3;2021;246;25.2
2021-09-04;21.7;29.9;9;4;2021;247;25.8
2021-09-05;21.8;35.1;9;5;2021;248;28.4
2021-09-06;23.9;37.6;9;6;2021;249;30.8
2021-09-07;25.6;38.4;9;7;2021;250;32.0
2021-09-08;24.0;30.4;9;8;2021;251;27.2
2021-09-09;22.2;30.6;9;9;2021;252;26.4
2021-09-10;22.3;29.6;9;10;2021;253;26.0
2021-09-11;22.0;29.8;9;11;2021;254;25.9
2021-09-12;22.8;31.3;9;12;2021;255;27.0
2021-09-13;25.6;30.3;9;13;2021;256;28.0
2021-09-14;23.2;33.2;9;14;2021;257;28.2
2021-09-15;22.8;29.4;9;15;2021;258;26.1
2021-09-16;21.1;27.8;9;16;2021;259;24.4
2021-09-17;19.8;28.0;9;17;2021;260;23.9
2021-09-18;20.7;27.4;9;18;2021;261;24.0
2021-09-19;20.3;31.6;9;19;2021;262;26.0
2021-09-20;21.7;28.7;9;20;2021;263;25.2
2021-09-21;22.4;28.8;9;21;2021;264;25.6
2021-09-22;21.5;28.8;9;22;2021;265;25.2
2021-09-23;21.7;30.2;9;23;2021;266;26.0
2021-09-24;24.8;32.2;9;24;2021;267;28.5
2021-09-25;21.1;28.7;9;25;2021;268;24.9
2021-09-26;18.7;27.4;9;26;2021;269;23.0
2021-09-27;16.9;27.1;9;27;2021;270;22.0
2021-09-28;17.8;27.9;9;28;2021;271;22.8
2021-09-29;18.6;26.6;9;29;2021;272;22.6
2021-09-30;20.7;31.6;9;30;2021;273;26.2
2021-10-01;20.4;27.5;10;1;2021;274;24.0
2021-10-02;20.5;26.1;10;2;2021;275;23.3
2021-10-03;20.9;26.7;10;3;2021;276;23.8
2021-10-04;17.8;25.0;10;4;2021;277;21.4
2021-10-05;16.3;24.7;10;5;2021;278;20.5
2021-10-06;17.1;28.0;10;6;2021;279;22.6
2021-10-07;19.1;28.1;10;7;2021;280;23.6
2021-10-08;18.5;26.0;10;8;2021;281;22.2
2021-10-09;20.6;26.2;10;9;2021;282;23.4
2021-10-10;19.8;28.3;10;10;2021;283;24.0
2021-10-11;19.7;28.5;10;11;2021;284;24.1
2021-10-12;19.0;27.4;10;12;2021;285;23.2
2021-10-13;17.3;25.0;10;13;2021;286;21.2
2021-10-14;17.7;26.5;10;14;2021;287;22.1
2021-10-15;17.1;25.2;10;15;2021;288;21.2
2021-10-16;15.2;25.1;10;16;2021;289;20.2
2021-10-17;19.5;26.2;10;17;2021;290;22.8
2021-10-18;17.7;26.5;10;18;2021;291;22.1
2021-10-19;17.9;27.8;10;19;2021;292;22.8
2021-10-20;18.0;29.3;10;20;2021;293;23.6
2021-10-21;15.3;24.1;10;21;2021;294;19.7
2021-10-22;17.1;24.8;10;22;2021;295;21.0
2021-10-23;16.3;25.7;10;23;2021;296;21.0
2021-10-24;16.0;23.6;10;24;2021;297;19.8
2021-10-25;15.5;24.9;10;25;2021;298;20.2
2021-10-26;16.6;25.0;10;26;2021;299;20.8
2021-10-27;16.4;24.4;10;27;2021;300;20.4
2021-10-28;15.3;23.0;10;28;2021;301;19.2
2021-10-29;15.9;21.9;10;29;2021;302;18.9
2021-10-30;20.0;23.1;10;30;2021;303;21.6
2021-10-31;18.4;24.0;10;31;2021;304;21.2
2021-11-01;17.4;25.0;11;1;2021;305;21.2
2021-11-02;14.2;24.2;11;2;2021;306;19.2
2021-11-03;14.9;21.4;11;3;2021;307;18.2
2021-11-04;10.8;19.8;11;4;2021;308;15.3
2021-11-05;11.3;19.8;11;5;2021;309;15.6
2021-11-06;9.8;21.6;11;6;2021;310;15.7
2021-11-07;10.1;19.3;11;7;2021;311;14.7
2021-11-08;9.6;19.5;11;8;2021;312;14.6
2021-11-09;9.7;21.3;11;9;2021;313;15.5
2021-11-10;12.3;20.5;11;10;2021;314;16.4
2021-11-11;11.2;19.8;11;11;2021;315;15.5
2021-11-12;11.6;20.4;11;12;2021;316;16.0
2021-11-13;12.5;22.5;11;13;2021;317;17.5
2021-11-14;12.1;21.0;11;14;2021;318;16.6
2021-11-15;12.1;23.6;11;15;2021;319;17.8
2021-11-16;10.9;20.0;11;16;2021;320;15.4
2021-11-17;11.7;21.6;11;17;2021;321;16.6
2021-11-18;14.1;20.0;11;18;2021;322;17.0
2021-11-19;16.4;21.2;11;19;2021;323;18.8
2021-11-20;14.0;18.9;11;20;2021;324;16.4
2021-11-21;12.3;20.3;11;21;2021;325;16.3
2021-11-22;12.7;21.7;11;22;2021;326;17.2
2021-11-23;11.4;17.7;11;23;2021;327;14.6
2021-11-24;8.0;17.6;11;24;2021;328;12.8
2021-11-25;8.8;18.9;11;25;2021;329;13.8
2021-11-26;11.2;17.8;11;26;2021;330;14.5
2021-11-27;9.6;18.2;11;27;2021;331;13.9
2021-11-28;10.0;17.4;11;28;2021;332;13.7
2021-11-29;10.0;19.8;11;29;2021;333;14.9
2021-11-30;10.8;20.3;11;30;2021;334;15.6
2021-12-01;9.5;17.8;12;1;2021;335;13.6
2021-12-02;11.7;17.8;12;2;2021;336;14.8
2021-12-03;9.7;18.3;12;3;2021;337;14.0
2021-12-04;9.1;18.0;12;4;2021;338;13.6
2021-12-05;9.4;20.8;12;5;2021;339;15.1
2021-12-06;9.7;18.9;12;6;2021;340;14.3
2021-12-07;7.8;18.3;12;7;2021;341;13.0
2021-12-08;11.0;21.0;12;8;2021;342;16.0
2021-12-09;12.5;18.2;12;9;2021;343;15.4
2021-12-10;9.4;21.4;12;10;2021;344;15.4
2021-12-11;10.2;20.2;12;11;2021;345;15.2
2021-12-12;11.6;22.4;12;12;2021;346;17.0
2021-12-13;11.6;21.0;12;13;2021;347;16.3
2021-12-14;9.3;20.0;12;14;2021;348;14.6
2021-12-15;9.5;18.2;12;15;2021;349;13.8
2021-12-16;14.3;18.7;12;16;2021;350;16.5
2021-12-17;13.3;17.8;12;17;2021;351;15.6
2021-12-18;12.1;18.5;12;18;2021;352;15.3
2021-12-19;11.1;18.8;12;19;2021;353;15.0
2021-12-20;10.3;17.0;12;20;2021;354;13.6
2021-12-21;9.4;17.5;12;21;2021;355;13.4
2021-12-22;10.8;18.1;12;22;2021;356;14.4
2021-12-23;11.3;18.4;12;23;2021;357;14.8
2021-12-24;11.0;17.2;12;24;2021;358;14.1
2021-12-25;13.9;18.2;12;25;2021;359;16.0
2021-12-26;12.4;18.5;12;26;2021;360;15.4
2021-12-27;10.8;20.9;12;27;2021;361;15.8
2021-12-28;9.2;19.9;12;28;2021;362;14.6
2021-12-29;9.0;17.2;12;29;2021;363;13.1
2021-12-30;8.9;17.0;12;30;2021;364;13.0
2021-12-31;9.3;15.1;12;31;2021;365;12.2
2022-01-01;8.7;15.7;1;1;2022;1;12.2
2022-01-02;8.8;15.8;1;2;2022;2;12.3
2022-01-03;7.7;15.7;1;3;2022;3;11.7
2022-01-04;9.4;17.7;1;4;2022;4;13.6
2022-01-05;12.2;17.7;1;5;2022;5;15.0
2022-01-06;7.9;16.4;1;6;2022;6;12.2
2022-01-07;8.0;16.7;1;7;2022;7;12.4
2022-01-08;8.0;17.1;1;8;2022;8;12.6
2022-01-09;6.9;20.5;1;9;2022;9;13.7
2022-01-10;9.4;19.4;1;10;2022;10;14.4
2022-01-11;10.2;18.4;1;11;2022;11;14.3
2022-01-12;9.3;17.2;1;12;2022;12;13.2
2022-01-13;9.5;15.8;1;13;2022;13;12.6
2022-01-14;9.2;15.8;1;14;2022;14;12.5
2022-01-15;7.5;16.6;1;15;2022;15;12.0
2022-01-16;7.2;16.3;1;16;2022;16;11.8
2022-01-17;7.3;17.1;1;17;2022;17;12.2
2022-01-18;6.1;16.5;1;18;2022;18;11.3
2022-01-19;6.3;16.8;1;19;2022;19;11.6
2022-01-20;7.4;16.9;1;20;2022;20;12.2
2022-01-21;6.8;16.2;1;21;2022;21;11.5
2022-01-22;9.8;17.4;1;22;2022;22;13.6
2022-01-23;10.7;16.8;1;23;2022;23;13.8
2022-01-24;9.7;16.7;1;24;2022;24;13.2
2022-01-25;12.2;17.6;1;25;2022;25;14.9
2022-01-26;13.1;15.6;1;26;2022;26;14.4
2022-01-27;12.7;18.6;1;27;2022;27;15.6
2022-01-28;10.6;18.5;1;28;2022;28;14.6
2022-01-29;9.7;20.9;1;29;2022;29;15.3
2022-01-30;8.8;21.5;1;30;2022;30;15.2
2022-01-31;7.0;17.8;1;31;2022;31;12.4
2022-02-01;8.6;20.1;2;1;2022;32;14.4
2022-02-02;8.4;17.7;2;2;2022;33;13.0
2022-02-03;8.5;19.4;2;3;2022;34;14.0
2022-02-04;8.1;17.7;2;4;2022;35;12.9
2022-02-05;12.0;19.1;2;5;2022;36;15.6
2022-02-06;11.8;19.4;2;6;2022;37;15.6
2022-02-07;9.2;17.0;2;7;2022;38;13.1
2022-02-08;7.4;19.2;2;8;2022;39;13.3
2022-02-09;9.4;19.2;2;9;2022;40;14.3
2022-02-10;7.9;17.1;2;10;2022;41;12.5
2022-02-11;9.5;16.8;2;11;2022;42;13.2
2022-02-12;9.2;17.2;2;12;2022;43;13.2
2022-02-13;9.4;17.2;2;13;2022;44;13.3
2022-02-14;9.6;19.5;2;14;2022;45;14.6
2022-02-15;9.9;18.8;2;15;2022;46;14.4
2022-02-16;6.8;18.1;2;16;2022;47;12.4
2022-02-17;9.1;19.5;2;17;2022;48;14.3
2022-02-18;8.4;18.8;2;18;2022;49;13.6
2022-02-19;10.3;18.8;2;19;2022;50;14.6
2022-02-20;10.8;19.5;2;20;2022;51;15.2
2022-02-21;8.2;18.0;2;21;2022;52;13.1
2022-02-22;9.5;23.7;2;22;2022;53;16.6
2022-02-23;10.5;23.1;2;23;2022;54;16.8
2022-02-24;10.4;18.1;2;24;2022;55;14.2
2022-02-25;13.6;19.5;2;25;2022;56;16.6
2022-02-26;12.7;16.5;2;26;2022;57;14.6
2022-02-27;11.3;14.9;2;27;2022;58;13.1
2022-02-28;10.0;19.5;2;28;2022;59;14.8
2022-03-01;8.1;17.9;3;1;2022;60;13.0
2022-03-02;7.7;18.2;3;2;2022;61;13.0
2022-03-03;9.6;20.0;3;3;2022;62;14.8
2022-03-04;11.2;15.9;3;4;2022;63;13.6
2022-03-05;12.5;18.1;3;5;2022;64;15.3
2022-03-06;10.5;16.5;3;6;2022;65;13.5
2022-03-07;10.7;18.0;3;7;2022;66;14.4
2022-03-08;8.8;17.6;3;8;2022;67;13.2
2022-03-09;9.4;20.5;3;9;2022;68;15.0
2022-03-10;11.1;19.3;3;10;2022;69;15.2
2022-03-11;10.3;17.6;3;11;2022;70;14.0
2022-03-12;11.0;19.5;3;12;2022;71;15.2
2022-03-13;13.4;19.7;3;13;2022;72;16.6
2022-03-14;14.5;23.8;3;14;2022;73;19.2
2022-03-15;17.6;23.0;3;15;2022;74;20.3
2022-03-16;12.4;20.4;3;16;2022;75;16.4
2022-03-17;12.4;19.3;3;17;2022;76;15.8
2022-03-18;13.7;20.9;3;18;2022;77;17.3
2022-03-19;11.8;21.1;3;19;2022;78;16.4
2022-03-20;12.0;19.5;3;20;2022;79;15.8
2022-03-21;12.3;20.9;3;21;2022;80;16.6
2022-03-22;12.7;20.2;3;22;2022;81;16.4
2022-03-23;13.7;18.9;3;23;2022;82;16.3
2022-03-24;15.2;18.7;3;24;2022;83;17.0
2022-03-25;11.2;17.0;3;25;2022;84;14.1
2022-03-26;11.2;15.9;3;26;2022;85;13.6
2022-03-27;11.0;19.3;3;27;2022;86;15.2
2022-03-28;13.1;20.1;3;28;2022;87;16.6
2022-03-29;13.6;19.7;3;29;2022;88;16.6
2022-03-30;13.5;18.0;3;30;2022;89;15.8
2022-03-31;13.4;19.6;3;31;2022;90;16.5
2022-04-01;12.7;20.6;4;1;2022;91;16.6
2022-04-02;10.5;17.9;4;2;2022;92;14.2
2022-04-03;8.3;15.5;4;3;2022;93;11.9
2022-04-04;11.3;13.3;4;4;2022;94;12.3
2022-04-05;9.5;13.2;4;5;2022;95;11.4
2022-04-06;9.1;17.1;4;6;2022;96;13.1
2022-04-07;10.1;18.9;4;7;2022;97;14.5
2022-04-08;10.9;19.1;4;8;2022;98;15.0
2022-04-09;12.1;20.2;4;9;2022;99;16.2
2022-04-10;11.9;24.4;4;10;2022;100;18.2
2022-04-11;13.2;24.3;4;11;2022;101;18.8
2022-04-12;14.4;18.9;4;12;2022;102;16.6
2022-04-13;13.1;19.0;4;13;2022;103;16.0
2022-04-14;14.2;18.9;4;14;2022;104;16.6
2022-04-15;12.7;21.4;4;15;2022;105;17.0
2022-04-16;13.2;22.2;4;16;2022;106;17.7
2022-04-17;13.5;22.3;4;17;2022;107;17.9
2022-04-18;14.0;22.5;4;18;2022;108;18.2
2022-04-19;14.2;21.7;4;19;2022;109;18.0
2022-04-20;12.9;19.2;4;20;2022;110;16.0
2022-04-21;12.9;20.1;4;21;2022;111;16.5
2022-04-22;10.9;18.6;4;22;2022;112;14.8
2022-04-23;11.6;19.5;4;23;2022;113;15.6
2022-04-24;11.0;19.3;4;24;2022;114;15.2
2022-04-25;11.2;19.1;4;25;2022;115;15.2
2022-04-26;12.9;23.5;4;26;2022;116;18.2
2022-04-27;14.5;17.5;4;27;2022;117;16.0
2022-04-28;12.3;19.2;4;28;2022;118;15.8
2022-04-29;12.2;25.0;4;29;2022;119;18.6
2022-04-30;11.5;22.2;4;30;2022;120;16.8
2022-05-01;13.3;21.2;5;1;2022;121;17.2
2022-05-02;14.6;22.0;5;2;2022;122;18.3
2022-05-03;14.9;20.4;5;3;2022;123;17.6
2022-05-04;14.2;17.0;5;4;2022;124;15.6
2022-05-05;14.4;20.0;5;5;2022;125;17.2
2022-05-06;13.6;20.7;5;6;2022;126;17.2
2022-05-07;13.7;22.3;5;7;2022;127;18.0
2022-05-08;14.4;22.2;5;8;2022;128;18.3
2022-05-09;16.9;28.2;5;9;2022;129;22.6
2022-05-10;16.4;26.8;5;10;2022;130;21.6
2022-05-11;15.7;27.8;5;11;2022;131;21.8
2022-05-12;17.6;23.7;5;12;2022;132;20.6
2022-05-13;17.6;22.6;5;13;2022;133;20.1
2022-05-14;16.3;30.0;5;14;2022;134;23.2
2022-05-15;17.9;23.8;5;15;2022;135;20.8
2022-05-16;15.7;24.0;5;16;2022;136;19.8
2022-05-17;16.9;26.1;5;17;2022;137;21.5
2022-05-18;18.8;33.4;5;18;2022;138;26.1
2022-05-19;23.1;34.7;5;19;2022;139;28.9
2022-05-20;21.7;34.3;5;20;2022;140;28.0
2022-05-21;20.5;34.5;5;21;2022;141;27.5
2022-05-22;19.5;25.1;5;22;2022;142;22.3
2022-05-23;17.3;24.7;5;23;2022;143;21.0
2022-05-24;18.2;26.7;5;24;2022;144;22.4
2022-05-25;17.2;25.5;5;25;2022;145;21.4
2022-05-26;16.4;25.5;5;26;2022;146;21.0
2022-05-27;17.0;24.6;5;27;2022;147;20.8
2022-05-28;17.6;28.0;5;28;2022;148;22.8
2022-05-29;17.9;25.9;5;29;2022;149;21.9
2022-05-30;17.2;24.9;5;30;2022;150;21.0
2022-05-31;16.8;24.8;5;31;2022;151;20.8
2022-06-01;18.4;23.9;6;1;2022;152;21.2
2022-06-02;17.9;25.0;6;2;2022;153;21.4
2022-06-03;16.9;24.5;6;3;2022;154;20.7
2022-06-04;16.8;24.2;6;4;2022;155;20.5
2022-06-05;16.7;23.9;6;5;2022;156;20.3
2022-06-06;16.7;26.3;6;6;2022;157;21.5
2022-06-07;17.7;26.6;6;7;2022;158;22.2
2022-06-08;18.2;25.5;6;8;2022;159;21.8
2022-06-09;20.3;34.6;6;9;2022;160;27.4
2022-06-10;23.1;34.6;6;10;2022;161;28.8
2022-06-11;23.0;35.0;6;11;2022;162;29.0
2022-06-12;21.1;36.4;6;12;2022;163;28.8
2022-06-13;22.0;30.2;6;13;2022;164;26.1
2022-06-14;22.2;29.3;6;14;2022;165;25.8
2022-06-15;23.9;30.7;6;15;2022;166;27.3
2022-06-16;22.5;39.3;6;16;2022;167;30.9
2022-06-17;23.9;40.4;6;17;2022;168;32.2
2022-06-18;22.1;37.9;6;18;2022;169;30.0
2022-06-19;22.0;27.0;6;19;2022;170;24.5
2022-06-20;21.2;28.1;6;20;2022;171;24.6
2022-06-21;20.6;27.4;6;21;2022;172;24.0
2022-06-22;18.1;25.2;6;22;2022;173;21.6
2022-06-23;16.3;27.2;6;23;2022;174;21.8
2022-06-24;16.7;24.5;6;24;2022;175;20.6
2022-06-25;17.1;26.2;6;25;2022;176;21.6
2022-06-26;18.1;25.1;6;26;2022;177;21.6
2022-06-27;16.5;24.4;6;27;2022;178;20.4
2022-06-28;18.4;31.1;6;28;2022;179;24.8
2022-06-29;19.0;25.6;6;29;2022;180;22.3
2022-06-30;17.6;24.6;6;30;2022;181;21.1
2022-07-01;19.8;32.8;7;1;2022;182;26.3
2022-07-02;21.2;33.2;7;2;2022;183;27.2
2022-07-03;21.6;27.6;7;3;2022;184;24.6
2022-07-04;21.5;28.3;7;4;2022;185;24.9
2022-07-05;22.3;31.2;7;5;2022;186;26.8
2022-07-06;24.2;29.1;7;6;2022;187;26.6
2022-07-07;24.4;34.0;7;7;2022;188;29.2
2022-07-08;22.5;30.4;7;8;2022;189;26.4
2022-07-09;22.7;33.0;7;9;2022;190;27.8
2022-07-10;21.8;31.3;7;10;2022;191;26.6
2022-07-11;22.3;37.9;7;11;2022;192;30.1
2022-07-12;22.9;37.7;7;12;2022;193;30.3
2022-07-13;22.9;29.1;7;13;2022;194;26.0
2022-07-14;24.0;32.5;7;14;2022;195;28.2
2022-07-15;26.2;38.4;7;15;2022;196;32.3
2022-07-16;25.0;34.9;7;16;2022;197;30.0
2022-07-17;23.1;32.3;7;17;2022;198;27.7
2022-07-18;25.0;37.7;7;18;2022;199;31.4
2022-07-19;24.0;29.0;7;19;2022;200;26.5
2022-07-20;24.0;30.4;7;20;2022;201;27.2
2022-07-21;24.5;37.7;7;21;2022;202;31.1
2022-07-22;23.9;30.3;7;22;2022;203;27.1
2022-07-23;23.6;30.1;7;23;2022;204;26.8
2022-07-24;24.5;31.0;7;24;2022;205;27.8
2022-07-25;24.3;31.4;7;25;2022;206;27.8
2022-07-26;24.7;38.0;7;26;2022;207;31.4
2022-07-27;25.0;31.9;7;27;2022;208;28.4
2022-07-28;24.6;31.2;7;28;2022;209;27.9
2022-07-29;23.5;31.4;7;29;2022;210;27.4
2022-07-30;26.7;35.2;7;30;2022;211;31.0
2022-07-31;25.3;37.2;7;31;2022;212;31.2
2022-08-01;25.4;32.5;8;1;2022;213;29.0
2022-08-02;24.9;33.5;8;2;2022;214;29.2
2022-08-03;25.9;39.1;8;3;2022;215;32.5
2022-08-04;27.2;38.6;8;4;2022;216;32.9
2022-08-05;26.7;39.1;8;5;2022;217;32.9
2022-08-06;24.9;31.8;8;6;2022;218;28.4
2022-08-07;23.5;31.6;8;7;2022;219;27.6
2022-08-08;23.9;30.8;8;8;2022;220;27.4
2022-08-09;25.8;37.2;8;9;2022;221;31.5
2022-08-10;27.3;38.7;8;10;2022;222;33.0
2022-08-11;25.6;32.1;8;11;2022;223;28.8
2022-08-12;26.3;31.5;8;12;2022;224;28.9
2022-08-13;26.0;42.0;8;13;2022;225;34.0
2022-08-14;26.4;35.0;8;14;2022;226;30.7
2022-08-15;23.1;29.7;8;15;2022;227;26.4
2022-08-16;20.3;28.9;8;16;2022;228;24.6
2022-08-17;19.8;27.3;8;17;2022;229;23.6
2022-08-18;19.4;31.9;8;18;2022;230;25.6
2022-08-19;22.4;34.0;8;19;2022;231;28.2
2022-08-20;22.7;36.4;8;20;2022;232;29.6
2022-08-21;20.8;27.7;8;21;2022;233;24.2
2022-08-22;20.2;31.5;8;22;2022;234;25.8
2022-08-23;23.2;35.8;8;23;2022;235;29.5
2022-08-24;23.0;33.5;8;24;2022;236;28.2
2022-08-25;24.4;29.5;8;25;2022;237;27.0
2022-08-26;23.6;35.1;8;26;2022;238;29.4
2022-08-27;23.9;34.9;8;27;2022;239;29.4
2022-08-28;26.1;36.4;8;28;2022;240;31.2
2022-08-29;26.4;36.0;8;29;2022;241;31.2
2022-08-30;25.1;32.7;8;30;2022;242;28.9
2022-08-31;24.5;32.0;8;31;2022;243;28.2
2022-09-01;22.8;30.3;9;1;2022;244;26.6
2022-09-02;22.7;30.0;9;2;2022;245;26.4
2022-09-03;22.0;27.3;9;3;2022;246;24.6
2022-09-04;18.7;27.2;9;4;2022;247;23.0
2022-09-05;19.9;29.2;9;5;2022;248;24.6
2022-09-06;20.7;26.4;9;6;2022;249;23.6
2022-09-07;20.8;27.2;9;7;2022;250;24.0
2022-09-08;19.4;28.3;9;8;2022;251;23.8
2022-09-09;19.4;28.8;9;9;2022;252;24.1
2022-09-10;21.3;30.6;9;10;2022;253;26.0
2022-09-11;21.8;32.8;9;11;2022;254;27.3
2022-09-12;23.5;34.2;9;12;2022;255;28.8
2022-09-13;24.0;30.7;9;13;2022;256;27.4
2022-09-14;21.2;28.7;9;14;2022;257;25.0
2022-09-15;18.8;26.3;9;15;2022;258;22.6
2022-09-16;19.1;26.8;9;16;2022;259;23.0
2022-09-17;19.9;33.4;9;17;2022;260;26.6
2022-09-18;24.6;31.8;9;18;2022;261;28.2
2022-09-19;22.0;31.2;9;19;2022;262;26.6
2022-09-20;20.4;27.3;9;20;2022;263;23.8
2022-09-21;22.1;28.0;9;21;2022;264;25.0
2022-09-22;21.0;27.6;9;22;2022;265;24.3
2022-09-23;20.0;27.7;9;23;2022;266;23.8
2022-09-24;19.9;27.6;9;24;2022;267;23.8
2022-09-25;20.0;27.8;9;25;2022;268;23.9
2022-09-26;16.7;26.6;9;26;2022;269;21.6
2022-09-27;16.6;26.5;9;27;2022;270;21.6
2022-09-28;16.9;25.4;9;28;2022;271;21.2
2022-09-29;16.9;24.9;9;29;2022;272;20.9
2022-09-30;16.6;24.3;9;30;2022;273;20.4
2022-10-01;16.7;26.1;10;1;2022;274;21.4
2022-10-02;18.4;30.7;10;2;2022;275;24.6
2022-10-03;20.4;26.5;10;3;2022;276;23.4
2022-10-04;19.3;23.5;10;4;2022;277;21.4
2022-10-05;20.2;29.7;10;5;2022;278;25.0
2022-10-06;20.7;28.1;10;6;2022;279;24.4
2022-10-07;20.3;28.7;10;7;2022;280;24.5
2022-10-08;19.8;29.9;10;8;2022;281;24.8
2022-10-09;21.2;30.1;10;9;2022;282;25.6
2022-10-10;19.2;25.3;10;10;2022;283;22.2
2022-10-11;18.7;27.9;10;11;2022;284;23.3
2022-10-12;19.5;27.9;10;12;2022;285;23.7
2022-10-13;17.5;29.1;10;13;2022;286;23.3
2022-10-14;17.6;24.8;10;14;2022;287;21.2
2022-10-15;17.1;26.1;10;15;2022;288;21.6
2022-10-16;16.0;29.9;10;16;2022;289;23.0
2022-10-17;20.7;31.7;10;17;2022;290;26.2
2022-10-18;21.4;32.2;10;18;2022;291;26.8
2022-10-19;20.5;26.3;10;19;2022;292;23.4
2022-10-20;20.2;24.5;10;20;2022;293;22.4
2022-10-21;19.1;25.2;10;21;2022;294;22.2
2022-10-22;18.9;26.8;10;22;2022;295;22.8
2022-10-23;17.3;25.0;10;23;2022;296;21.2
2022-10-24;16.4;25.2;10;24;2022;297;20.8
2022-10-25;18.1;28.5;10;25;2022;298;23.3
2022-10-26;19.2;26.3;10;26;2022;299;22.8
2022-10-27;18.0;31.5;10;27;2022;300;24.8
2022-10-28;17.6;28.0;10;28;2022;301;22.8
2022-10-29;16.5;26.7;10;29;2022;302;21.6
2022-10-30;19.0;26.5;10;30;2022;303;22.8
2022-10-31;18.2;25.5;10;31;2022;304;21.8
2022-11-01;17.5;24.7;11;1;2022;305;21.1
2022-11-02;16.5;25.1;11;2;2022;306;20.8
2022-11-03;17.6;23.3;11;3;2022;307;20.4
2022-11-04;16.6;24.8;11;4;2022;308;20.7
2022-11-05;15.3;24.5;11;5;2022;309;19.9
2022-11-06;13.4;22.2;11;6;2022;310;17.8
2022-11-07;11.7;22.6;11;7;2022;311;17.2
2022-11-08;14.4;22.6;11;8;2022;312;18.5
2022-11-09;13.6;22.0;11;9;2022;313;17.8
2022-11-10;14.7;24.9;11;10;2022;314;19.8
2022-11-11;15.5;24.1;11;11;2022;315;19.8
2022-11-12;19.5;26.9;11;12;2022;316;23.2
2022-11-13;16.1;25.0;11;13;2022;317;20.6
2022-11-14;15.1;21.5;11;14;2022;318;18.3
2022-11-15;13.6;22.8;11;15;2022;319;18.2
2022-11-16;17.9;22.1;11;16;2022;320;20.0
2022-11-17;15.4;24.0;11;17;2022;321;19.7
2022-11-18;14.6;18.6;11;18;2022;322;16.6
2022-11-19;13.6;20.1;11;19;2022;323;16.8
2022-11-20;11.0;19.5;11;20;2022;324;15.2
2022-11-21;9.4;20.0;11;21;2022;325;14.7
2022-11-22;14.7;20.3;11;22;2022;326;17.5
2022-11-23;12.5;21.4;11;23;2022;327;17.0
2022-11-24;12.1;20.5;11;24;2022;328;16.3
2022-11-25;11.1;19.8;11;25;2022;329;15.4
2022-11-26;11.3;20.9;11;26;2022;330;16.1
2022-11-27;9.8;18.9;11;27;2022;331;14.4
2022-11-28;9.5;20.7;11;28;2022;332;15.1
2022-11-29;10.7;19.6;11;29;2022;333;15.2
2022-11-30;10.3;18.4;11;30;2022;334;14.4
2022-12-01;9.9;17.9;12;1;2022;335;13.9
2022-12-02;11.9;19.6;12;2;2022;336;15.8
2022-12-03;9.8;18.4;12;3;2022;337;14.1
2022-12-04;10.4;19.9;12;4;2022;338;15.2
2022-12-05;12.7;22.6;12;5;2022;339;17.6
2022-12-06;14.0;19.2;12;6;2022;340;16.6
2022-12-07;12.4;19.3;12;7;2022;341;15.8
2022-12-08;13.0;19.0;12;8;2022;342;16.0
2022-12-09;12.3;18.8;12;9;2022;343;15.6
2022-12-10;12.0;20.4;12;10;2022;344;16.2
2022-12-11;12.1;19.2;12;11;2022;345;15.6
2022-12-12;12.8;20.6;12;12;2022;346;16.7
2022-12-13;17.1;23.2;12;13;2022;347;20.2
2022-12-14;15.7;19.7;12;14;2022;348;17.7
2022-12-15;13.0;17.5;12;15;2022;349;15.2
2022-12-16;9.1;17.3;12;16;2022;350;13.2
2022-12-17;10.1;18.1;12;17;2022;351;14.1
2022-12-18;9.5;20.7;12;18;2022;352;15.1
2022-12-19;10.9;19.4;12;19;2022;353;15.2
2022-12-20;9.9;17.5;12;20;2022;354;13.7
2022-12-21;10.9;19.2;12;21;2022;355;15.0
2022-12-22;11.7;20.5;12;22;2022;356;16.1
2022-12-23;10.2;17.2;12;23;2022;357;13.7
2022-12-24;10.1;17.4;12;24;2022;358;13.8
2022-12-25;9.9;19.8;12;25;2022;359;14.8
2022-12-26;11.6;22.6;12;26;2022;360;17.1
2022-12-27;12.5;23.7;12;27;2022;361;18.1
2022-12-28;10.3;21.3;12;28;2022;362;15.8
2022-12-29;9.2;18.5;12;29;2022;363;13.8
2022-12-30;9.4;19.1;12;30;2022;364;14.2
2022-12-31;10.2;18.9;12;31;2022;365;14.6
2023-01-01;9.1;20.9;1;1;2023;1;15.0
2023-01-02;8.8;18.4;1;2;2023;2;13.6
2023-01-03;10.6;19.8;1;3;2023;3;15.2
2023-01-04;11.0;20.0;1;4;2023;4;15.5
2023-01-05;10.8;19.5;1;5;2023;5;15.2
2023-01-06;9.8;18.1;1;6;2023;6;14.0
2023-01-07;9.9;18.0;1;7;2023;7;14.0
2023-01-08;9.1;19.4;1;8;2023;8;14.2
2023-01-09;12.4;21.1;1;9;2023;9;16.8
2023-01-10;11.8;21.2;1;10;2023;10;16.5
2023-01-11;8.5;18.6;1;11;2023;11;13.6
2023-01-12;11.7;20.5;1;12;2023;12;16.1
2023-01-13;9.4;18.1;1;13;2023;13;13.8
2023-01-14;8.0;17.7;1;14;2023;14;12.8
2023-01-15;8.5;18.1;1;15;2023;15;13.3
2023-01-16;9.6;18.6;1;16;2023;16;14.1
2023-01-17;10.1;18.2;1;17;2023;17;14.2
2023-01-18;8.7;15.5;1;18;2023;18;12.1
2023-01-19;9.4;15.2;1;19;2023;19;12.3
2023-01-20;10.7;18.7;1;20;2023;20;14.7
2023-01-21;9.0;18.3;1;21;2023;21;13.6
2023-01-22;5.6;16.2;1;22;2023;22;10.9
2023-01-23;4.8;15.0;1;23;2023;23;9.9
2023-01-24;5.4;13.4;1;24;2023;24;9.4
2023-01-25;5.8;15.4;1;25;2023;25;10.6
2023-01-26;6.4;15.3;1;26;2023;26;10.8
2023-01-27;7.2;15.5;1;27;2023;27;11.4
2023-01-28;7.3;15.5;1;28;2023;28;11.4
2023-01-29;5.1;14.4;1;29;2023;29;9.8
2023-01-30;5.8;14.8;1;30;2023;30;10.3
2023-01-31;5.7;16.1;1;31;2023;31;10.9
2023-02-01;6.3;17.1;2;1;2023;32;11.7
2023-02-02;6.8;18.5;2;2;2023;33;12.6
2023-02-03;5.4;16.4;2;3;2023;34;10.9
2023-02-04;6.9;16.7;2;4;2023;35;11.8
2023-02-05;6.0;18.8;2;5;2023;36;12.4
2023-02-06;7.4;16.7;2;6;2023;37;12.0
2023-02-07;9.0;15.4;2;7;2023;38;12.2
2023-02-08;10.5;18.3;2;8;2023;39;14.4
2023-02-09;9.9;17.2;2;9;2023;40;13.6
2023-02-10;8.4;15.1;2;10;2023;41;11.8
2023-02-11;10.1;16.4;2;11;2023;42;13.2
2023-02-12;11.0;17.5;2;12;2023;43;14.2
2023-02-13;9.9;17.6;2;13;2023;44;13.8
2023-02-14;12.1;16.4;2;14;2023;45;14.2
2023-02-15;13.5;18.8;2;15;2023;46;16.2
2023-02-16;13.4;19.0;2;16;2023;47;16.2
2023-02-17;13.2;16.7;2;17;2023;48;15.0
2023-02-18;11.8;19.1;2;18;2023;49;15.4
2023-02-19;13.5;21.9;2;19;2023;50;17.7
2023-02-20;12.5;22.2;2;20;2023;51;17.4
2023-02-21;10.1;18.1;2;21;2023;52;14.1
2023-02-22;10.1;18.0;2;22;2023;53;14.0
2023-02-23;10.8;18.4;2;23;2023;54;14.6
2023-02-24;10.4;16.7;2;24;2023;55;13.6
2023-02-25;8.3;15.8;2;25;2023;56;12.0
2023-02-26;6.7;17.8;2;26;2023;57;12.2
2023-02-27;6.3;15.3;2;27;2023;58;10.8
2023-02-28;5.4;15.8;2;28;2023;59;10.6
2023-03-01;6.3;16.0;3;1;2023;60;11.2
2023-03-02;6.3;16.0;3;2;2023;61;11.2
2023-03-03;6.9;17.3;3;3;2023;62;12.1
2023-03-04;7.3;16.5;3;4;2023;63;11.9
2023-03-05;7.1;16.6;3;5;2023;64;11.8
2023-03-06;8.8;19.1;3;6;2023;65;14.0
2023-03-07;12.8;20.9;3;7;2023;66;16.8
2023-03-08;11.7;20.9;3;8;2023;67;16.3
2023-03-09;12.2;20.9;3;9;2023;68;16.6
2023-03-10;11.9;21.5;3;10;2023;69;16.7
2023-03-11;11.4;23.3;3;11;2023;70;17.4
2023-03-12;11.6;24.9;3;12;2023;71;18.2
2023-03-13;11.6;20.1;3;13;2023;72;15.8
2023-03-14;13.1;22.3;3;14;2023;73;17.7
2023-03-15;11.0;21.3;3;15;2023;74;16.2
2023-03-16;10.7;26.5;3;16;2023;75;18.6
2023-03-17;10.4;19.2;3;17;2023;76;14.8
2023-03-18;13.0;21.3;3;18;2023;77;17.2
2023-03-19;12.5;21.7;3;19;2023;78;17.1
2023-03-20;11.6;19.6;3;20;2023;79;15.6
2023-03-21;9.5;18.8;3;21;2023;80;14.2
2023-03-22;9.3;19.2;3;22;2023;81;14.2
2023-03-23;9.0;19.7;3;23;2023;82;14.4
2023-03-24;9.9;20.2;3;24;2023;83;15.0
2023-03-25;11.9;24.3;3;25;2023;84;18.1
2023-03-26;11.4;20.8;3;26;2023;85;16.1
2023-03-27;13.6;24.9;3;27;2023;86;19.2
2023-03-28;11.6;23.8;3;28;2023;87;17.7
2023-03-29;10.8;26.3;3;29;2023;88;18.6
2023-03-30;11.1;20.2;3;30;2023;89;15.6
2023-03-31;13.0;25.4;3;31;2023;90;19.2
2023-04-01;17.2;25.3;4;1;2023;91;21.2
2023-04-02;13.2;23.8;4;2;2023;92;18.5
2023-04-03;10.1;20.9;4;3;2023;93;15.5
2023-04-04;10.4;23.0;4;4;2023;94;16.7
2023-04-05;10.3;22.3;4;5;2023;95;16.3
2023-04-06;12.6;24.7;4;6;2023;96;18.6
2023-04-07;10.8;23.8;4;7;2023;97;17.3
2023-04-08;9.9;20.2;4;8;2023;98;15.0
2023-04-09;12.1;20.2;4;9;2023;99;16.2
2023-04-10;13.0;20.5;4;10;2023;100;16.8
2023-04-11;14.2;23.5;4;11;2023;101;18.8
2023-04-12;15.2;24.2;4;12;2023;102;19.7
2023-04-13;15.3;22.6;4;13;2023;103;19.0
2023-04-14;12.8;21.9;4;14;2023;104;17.4
2023-04-15;14.7;24.5;4;15;2023;105;19.6
2023-04-16;14.1;23.8;4;16;2023;106;19.0
2023-04-17;11.4;24.3;4;17;2023;107;17.8
2023-04-18;13.9;24.3;4;18;2023;108;19.1
2023-04-19;14.4;25.9;4;19;2023;109;20.2
2023-04-20;14.6;21.4;4;20;2023;110;18.0
2023-04-21;12.9;21.6;4;21;2023;111;17.2
2023-04-22;15.8;23.6;4;22;2023;112;19.7
2023-04-23;14.7;23.6;4;23;2023;113;19.2
2023-04-24;13.6;23.6;4;24;2023;114;18.6
2023-04-25;14.2;23.6;4;25;2023;115;18.9
2023-04-26;15.2;27.7;4;26;2023;116;21.4
2023-04-27;15.7;26.7;4;27;2023;117;21.2
2023-04-28;18.8;25.6;4;28;2023;118;22.2
2023-04-29;18.1;27.1;4;29;2023;119;22.6
2023-04-30;18.2;28.1;4;30;2023;120;23.2
2023-05-01;16.7;26.6;5;1;2023;121;21.6
2023-05-02;17.3;27.8;5;2;2023;122;22.6
2023-05-03;18.1;29.6;5;3;2023;123;23.8
2023-05-04;15.3;22.9;5;4;2023;124;19.1
2023-05-05;14.9;24.0;5;5;2023;125;19.4
2023-05-06;16.5;23.9;5;6;2023;126;20.2
2023-05-07;17.4;24.2;5;7;2023;127;20.8
2023-05-08;16.2;24.2;5;8;2023;128;20.2
2023-05-09;18.2;24.6;5;9;2023;129;21.4
2023-05-10;18.9;29.5;5;10;2023;130;24.2
2023-05-11;18.1;28.1;5;11;2023;131;23.1
2023-05-12;14.5;25.4;5;12;2023;132;20.0
2023-05-13;13.7;22.9;5;13;2023;133;18.3
2023-05-14;13.5;21.9;5;14;2023;134;17.7
2023-05-15;14.9;25.0;5;15;2023;135;20.0
2023-05-16;16.2;24.3;5;16;2023;136;20.2
2023-05-17;18.3;24.9;5;17;2023;137;21.6
2023-05-18;15.9;24.9;5;18;2023;138;20.4
2023-05-19;15.0;22.3;5;19;2023;139;18.6
2023-05-20;13.5;21.9;5;20;2023;140;17.7
2023-05-21;15.3;23.7;5;21;2023;141;19.5
2023-05-22;13.7;18.2;5;22;2023;142;16.0
2023-05-23;14.6;21.6;5;23;2023;143;18.1
2023-05-24;15.5;22.7;5;24;2023;144;19.1
2023-05-25;15.7;23.1;5;25;2023;145;19.4
2023-05-26;17.0;27.5;5;26;2023;146;22.2
2023-05-27;18.5;23.6;5;27;2023;147;21.0
2023-05-28;17.8;24.0;5;28;2023;148;20.9
2023-05-29;17.0;24.1;5;29;2023;149;20.6
2023-05-30;18.5;24.4;5;30;2023;150;21.4
2023-05-31;17.4;24.2;5;31;2023;151;20.8
2023-06-01;18.5;28.1;6;1;2023;152;23.3
2023-06-02;19.2;26.9;6;2;2023;153;23.0
2023-06-03;17.1;25.2;6;3;2023;154;21.2
2023-06-04;17.9;24.8;6;4;2023;155;21.4
2023-06-05;18.6;24.9;6;5;2023;156;21.8
2023-06-06;19.1;30.1;6;6;2023;157;24.6
2023-06-07;21.4;27.7;6;7;2023;158;24.6
2023-06-08;20.2;26.0;6;8;2023;159;23.1
2023-06-09;18.5;28.2;6;9;2023;160;23.4
2023-06-10;20.0;25.6;6;10;2023;161;22.8
2023-06-11;20.2;26.9;6;11;2023;162;23.6
2023-06-12;20.0;27.3;6;12;2023;163;23.6
2023-06-13;19.4;26.2;6;13;2023;164;22.8
2023-06-14;18.8;26.4;6;14;2023;165;22.6
2023-06-15;20.9;28.1;6;15;2023;166;24.5
2023-06-16;21.7;34.0;6;16;2023;167;27.8
2023-06-17;21.7;36.2;6;17;2023;168;29.0
2023-06-18;21.9;30.3;6;18;2023;169;26.1
2023-06-19;20.9;27.3;6;19;2023;170;24.1
2023-06-20;21.0;27.0;6;20;2023;171;24.0
2023-06-21;21.9;27.2;6;21;2023;172;24.6
2023-06-22;20.6;27.3;6;22;2023;173;24.0
2023-06-23;24.1;34.1;6;23;2023;174;29.1
2023-06-24;23.5;34.9;6;24;2023;175;29.2
2023-06-25;23.2;30.1;6;25;2023;176;26.6
2023-06-26;23.3;31.7;6;26;2023;177;27.5
2023-06-27;23.4;34.8;6;27;2023;178;29.1
2023-06-28;24.3;37.0;6;28;2023;179;30.6
2023-06-29;23.1;28.0;6;29;2023;180;25.6
2023-06-30;22.3;34.0;6;30;2023;181;28.2
2023-07-01;24.9;31.0;7;1;2023;182;28.0
2023-07-02;23.4;29.5;7;2;2023;183;26.4
2023-07-03;23.5;29.8;7;3;2023;184;26.6
2023-07-04;23.9;30.3;7;4;2023;185;27.1
2023-07-05;24.0;32.7;7;5;2023;186;28.4
2023-07-06;24.9;30.9;7;6;2023;187;27.9
2023-07-07;24.4;34.2;7;7;2023;188;29.3
2023-07-08;24.5;29.6;7;8;2023;189;27.0
2023-07-09;24.6;30.5;7;9;2023;190;27.6
2023-07-10;25.5;39.6;7;10;2023;191;32.6
2023-07-11;26.6;31.9;7;11;2023;192;29.2
2023-07-12;26.0;34.4;7;12;2023;193;30.2
2023-07-13;25.2;35.9;7;13;2023;194;30.6
2023-07-14;26.2;31.9;7;14;2023;195;29.0
2023-07-15;25.4;31.6;7;15;2023;196;28.5
2023-07-16;25.6;32.9;7;16;2023;197;29.2
2023-07-17;25.8;39.8;7;17;2023;198;32.8
2023-07-18;26.9;32.3;7;18;2023;199;29.6
2023-07-19;25.6;31.7;7;19;2023;200;28.6
2023-07-20;26.6;33.0;7;20;2023;201;29.8
2023-07-21;24.7;32.9;7;21;2023;202;28.8
2023-07-22;23.6;32.4;7;22;2023;203;28.0
2023-07-23;26.0;32.1;7;23;2023;204;29.0
2023-07-24;22.5;32.3;7;24;2023;205;27.4
2023-07-25;21.5;29.9;7;25;2023;206;25.7
2023-07-26;22.2;36.5;7;26;2023;207;29.4
2023-07-27;25.4;31.5;7;27;2023;208;28.4
2023-07-28;23.7;29.1;7;28;2023;209;26.4
2023-07-29;24.4;30.4;7;29;2023;210;27.4
2023-07-30;23.8;30.2;7;30;2023;211;27.0
2023-07-31;24.3;31.2;7;31;2023;212;27.8
2023-08-01;23.7;30.0;8;1;2023;213;26.8
2023-08-02;23.0;30.8;8;2;2023;214;26.9
2023-08-03;23.2;30.7;8;3;2023;215;27.0
2023-08-04;24.0;32.9;8;4;2023;216;28.4
2023-08-05;23.1;31.7;8;5;2023;217;27.4
2023-08-06;23.5;34.8;8;6;2023;218;29.2
2023-08-07;24.2;34.8;8;7;2023;219;29.5
2023-08-08;24.6;35.4;8;8;2023;220;30.0
2023-08-09;24.8;30.9;8;9;2023;221;27.8
2023-08-10;25.3;31.3;8;10;2023;222;28.3
2023-08-11;24.7;37.6;8;11;2023;223;31.2
2023-08-12;26.0;30.9;8;12;2023;224;28.4
2023-08-13;24.4;31.7;8;13;2023;225;28.0
2023-08-14;24.4;30.7;8;14;2023;226;27.6
2023-08-15;24.9;30.9;8;15;2023;227;27.9
2023-08-16;24.0;31.5;8;16;2023;228;27.8
2023-08-17;23.0;30.7;8;17;2023;229;26.8
2023-08-18;23.1;30.7;8;18;2023;230;26.9
2023-08-19;23.4;33.5;8;19;2023;231;28.4
2023-08-20;24.8;35.3;8;20;2023;232;30.0
2023-08-21;26.1;32.9;8;21;2023;233;29.5
2023-08-22;26.0;39.8;8;22;2023;234;32.9
2023-08-23;26.9;39.4;8;23;2023;235;33.2
2023-08-24;26.0;32.7;8;24;2023;236;29.4
2023-08-25;24.5;31.1;8;25;2023;237;27.8
2023-08-26;24.7;33.3;8;26;2023;238;29.0
2023-08-27;23.7;35.1;8;27;2023;239;29.4
2023-08-28;23.0;30.9;8;28;2023;240;27.0
2023-08-29;19.3;30.0;8;29;2023;241;24.6
2023-08-30;21.5;32.8;8;30;2023;242;27.2
2023-08-31;22.6;31.0;8;31;2023;243;26.8
2023-09-01;22.3;32.4;9;1;2023;244;27.4
2023-09-02;20.0;28.6;9;2;2023;245;24.3
2023-09-03;19.2;29.6;9;3;2023;246;24.4
2023-09-04;24.1;28.9;9;4;2023;247;26.5
2023-09-05;23.0;30.8;9;5;2023;248;26.9
2023-09-06;25.3;33.7;9;6;2023;249;29.5
2023-09-07;23.3;32.1;9;7;2023;250;27.7
2023-09-08;21.6;31.5;9;8;2023;251;26.6
2023-09-09;22.5;33.2;9;9;2023;252;27.8
2023-09-10;21.1;32.8;9;10;2023;253;27.0
2023-09-11;24.0;29.2;9;11;2023;254;26.6
2023-09-12;22.6;28.9;9;12;2023;255;25.8
2023-09-13;22.0;33.4;9;13;2023;256;27.7
2023-09-14;24.2;33.0;9;14;2023;257;28.6
2023-09-15;24.4;30.6;9;15;2023;258;27.5
2023-09-16;23.5;29.4;9;16;2023;259;26.4
2023-09-17;22.0;30.2;9;17;2023;260;26.1
2023-09-18;22.2;28.8;9;18;2023;261;25.5
2023-09-19;19.9;26.7;9;19;2023;262;23.3
2023-09-20;20.1;27.5;9;20;2023;263;23.8
2023-09-21;19.2;27.3;9;21;2023;264;23.2
2023-09-22;19.6;25.8;9;22;2023;265;22.7
2023-09-23;20.0;30.1;9;23;2023;266;25.0
2023-09-24;19.4;30.3;9;24;2023;267;24.8
2023-09-25;18.6;30.4;9;25;2023;268;24.5
2023-09-26;18.9;30.0;9;26;2023;269;24.4
2023-09-27;20.1;29.3;9;27;2023;270;24.7
2023-09-28;19.3;27.2;9;28;2023;271;23.2
2023-09-29;19.7;30.4;9;29;2023;272;25.0
2023-09-30;18.7;33.8;9;30;2023;273;26.2
2023-10-01;19.9;31.1;10;1;2023;274;25.5
2023-10-02;22.0;34.3;10;2;2023;275;28.2
2023-10-03;20.5;27.3;10;3;2023;276;23.9
2023-10-04;21.2;31.8;10;4;2023;277;26.5
2023-10-05;18.6;31.6;10;5;2023;278;25.1
2023-10-06;20.4;33.2;10;6;2023;279;26.8
2023-10-07;21.2;34.5;10;7;2023;280;27.8
2023-10-08;19.8;28.9;10;8;2023;281;24.4
2023-10-09;20.0;29.8;10;9;2023;282;24.9
2023-10-10;19.6;28.0;10;10;2023;283;23.8
2023-10-11;18.7;27.2;10;11;2023;284;23.0
2023-10-12;19.0;26.3;10;12;2023;285;22.6
2023-10-13;18.4;26.6;10;13;2023;286;22.5
2023-10-14;18.8;25.9;10;14;2023;287;22.4
2023-10-15;18.0;25.3;10;15;2023;288;21.6
2023-10-16;19.5;25.2;10;16;2023;289;22.4
2023-10-17;19.3;27.2;10;17;2023;290;23.2
2023-10-18;20.9;25.9;10;18;2023;291;23.4
2023-10-19;17.0;24.3;10;19;2023;292;20.6
2023-10-20;14.9;22.0;10;20;2023;293;18.4
2023-10-21;13.8;21.0;10;21;2023;294;17.4
2023-10-22;13.9;26.6;10;22;2023;295;20.2
2023-10-23;16.4;24.6;10;23;2023;296;20.5
2023-10-24;14.2;22.4;10;24;2023;297;18.3
2023-10-25;14.6;22.7;10;25;2023;298;18.6
2023-10-26;13.9;22.6;10;26;2023;299;18.2
2023-10-27;13.5;22.2;10;27;2023;300;17.8
2023-10-28;12.0;21.5;10;28;2023;301;16.8
2023-10-29;10.8;19.6;10;29;2023;302;15.2
2023-10-30;15.6;20.6;10;30;2023;303;18.1
2023-10-31;15.1;22.8;10;31;2023;304;19.0
2023-11-01;12.8;20.0;11;1;2023;305;16.4
2023-11-02;13.6;22.1;11;2;2023;306;17.8
2023-11-03;14.2;20.7;11;3;2023;307;17.4
2023-11-04;11.6;20.9;11;4;2023;308;16.2
2023-11-05;13.4;20.6;11;5;2023;309;17.0
2023-11-06;12.9;21.4;11;6;2023;310;17.2
2023-11-07;11.1;19.6;11;7;2023;311;15.4
2023-11-08;10.1;18.3;11;8;2023;312;14.2
2023-11-09;11.4;19.3;11;9;2023;313;15.4
2023-11-10;12.3;20.3;11;10;2023;314;16.3
2023-11-11;12.1;19.8;11;11;2023;315;16.0
2023-11-12;11.9;21.5;11;12;2023;316;16.7
2023-11-13;12.9;21.6;11;13;2023;317;17.2
2023-11-14;10.5;19.6;11;14;2023;318;15.0
2023-11-15;10.6;24.9;11;15;2023;319;17.8
2023-11-16;12.4;21.0;11;16;2023;320;16.7
2023-11-17;11.3;19.0;11;17;2023;321;15.2
2023-11-18;14.5;26.0;11;18;2023;322;20.2
2023-11-19;12.9;22.5;11;19;2023;323;17.7
2023-11-20;10.5;18.6;11;20;2023;324;14.6
2023-11-21;11.8;19.8;11;21;2023;325;15.8
2023-11-22;11.6;20.6;11;22;2023;326;16.1
2023-11-23;11.3;20.0;11;23;2023;327;15.6
2023-11-24;9.9;18.5;11;24;2023;328;14.2
2023-11-25;8.5;19.3;11;25;2023;329;13.9
2023-11-26;9.8;18.9;11;26;2023;330;14.4
2023-11-27;9.5;19.2;11;27;2023;331;14.4
2023-11-28;10.4;19.3;11;28;2023;332;14.8
2023-11-29;11.2;20.2;11;29;2023;333;15.7
2023-11-30;12.7;19.4;11;30;2023;334;16.0
2023-12-01;13.9;21.7;12;1;2023;335;17.8
2023-12-02;9.6;17.7;12;2;2023;336;13.6
2023-12-03;8.5;18.2;12;3;2023;337;13.4
2023-12-04;9.3;16.2;12;4;2023;338;12.8
2023-12-05;11.3;18.6;12;5;2023;339;15.0
2023-12-06;11.8;17.8;12;6;2023;340;14.8
2023-12-07;11.8;18.0;12;7;2023;341;14.9
2023-12-08;12.5;21.2;12;8;2023;342;16.8
2023-12-09;10.6;20.7;12;9;2023;343;15.6
2023-12-10;10.5;20.4;12;10;2023;344;15.4
2023-12-11;9.0;17.2;12;11;2023;345;13.1
2023-12-12;9.9;16.1;12;12;2023;346;13.0
2023-12-13;10.7;19.5;12;13;2023;347;15.1
2023-12-14;9.8;19.1;12;14;2023;348;14.4
2023-12-15;9.1;19.7;12;15;2023;349;14.4
2023-12-16;7.8;18.1;12;16;2023;350;13.0
2023-12-17;9.1;18.8;12;17;2023;351;14.0
2023-12-18;8.3;19.6;12;18;2023;352;14.0
2023-12-19;7.5;17.6;12;19;2023;353;12.6
2023-12-20;4.9;17.7;12;20;2023;354;11.3
2023-12-21;10.3;18.6;12;21;2023;355;14.4
2023-12-22;9.2;18.3;12;22;2023;356;13.8
2023-12-23;7.0;17.7;12;23;2023;357;12.4
2023-12-24;8.1;17.7;12;24;2023;358;12.9
2023-12-25;9.0;17.9;12;25;2023;359;13.4
2023-12-26;7.3;17.7;12;26;2023;360;12.5
2023-12-27;7.8;17.2;12;27;2023;361;12.5
2023-12-28;8.1;16.9;12;28;2023;362;12.5
2023-12-29;9.4;16.7;12;29;2023;363;13.0
2023-12-30;10.1;18.6;12;30;2023;364;14.4
2023-12-31;8.2;18.0;12;31;2023;365;13.1
