date;tmin;tmax;month;day;year;yearday;output
2008-01-01;-13.4;7.2;1;1;2008;1;-3.1
2008-01-02;2.0;7.2;1;2;2008;2;4.6
2008-01-03;1.6;6.0;1;3;2008;3;3.8
2008-01-04;-1.4;6.8;1;4;2008;4;2.7
2008-01-05;-1.4;9.0;1;5;2008;5;3.8
2008-01-06;6.2;12.0;1;6;2008;6;9.1
2008-01-07;2.6;9.6;1;7;2008;7;6.1
2008-01-08;2.6;11.8;1;8;2008;8;7.2
2008-01-09;3.2;12.4;1;9;2008;9;7.8
2008-01-10;4.2;10.8;1;10;2008;10;7.5
2008-01-11;-1.0;8.4;1;11;2008;11;3.7
2008-01-12;-4.0;5.6;1;12;2008;12;0.8
2008-01-13;-7.4;8.4;1;13;2008;13;0.5
2008-01-14;-2.0;8.2;1;14;2008;14;3.1
2008-01-15;-2.8;6.6;1;15;2008;15;1.9
2008-01-16;-0.6;7.6;1;16;2008;16;3.5
2008-01-17;-2.4;9.4;1;17;2008;17;3.5
2008-01-18;-0.8;12.8;1;18;2008;18;6.0
2008-01-19;-1.4;16.4;1;19;2008;19;7.5
2008-01-20;-3.6;17.2;1;20;2008;20;6.8
2008-01-21;-4.8;16.2;1;21;2008;21;5.7
2008-01-22;-5.0;15.6;1;22;2008;22;5.3
2008-01-23;-3.4;13.2;1;23;2008;23;4.9
2008-01-24;-3.2;13.4;1;24;2008;24;5.1
2008-01-25;-2.2;12.2;1;25;2008;25;5.0
2008-01-26;-6.0;13.0;1;26;2008;26;3.5
2008-01-27;-7.4;14.6;1;27;2008;27;3.6
2008-01-28;-8.4;16.4;1;28;2008;28;4.0
2008-01-29;-7.8;15.4;1;29;2008;29;3.8
2008-01-30;-8.4;14.0;1;30;2008;30;2.8
2008-01-31;-7.4;11.2;1;31;2008;31;1.9
2008-02-01;-5.4;10.0;2;1;2008;32;2.3
2008-02-02;-4.6;6.6;2;2;2008;33;1.0
2008-02-03;-6.2;9.2;2;3;2008;34;1.5
2008-02-04;-2.8;8.8;2;4;2008;35;3.0
2008-02-05;-4.8;11.4;2;5;2008;36;3.3
2008-02-06;-2.8;14.4;2;6;2008;37;5.8
2008-02-07;-3.4;17.2;2;7;2008;38;6.9
2008-02-08;-6.8;18.8;2;8;2008;39;6.0
2008-02-09;-7.0;16.2;2;9;2008;40;4.6
2008-02-10;-7.8;15.4;2;10;2008;41;3.8
2008-02-11;-8.8;15.2;2;11;2008;42;3.2
2008-02-12;-8.0;10.2;2;12;2008;43;1.1
2008-02-13;-9.0;8.8;2;13;2008;44;-0.1
2008-02-14;0.8;6.8;2;14;2008;45;3.8
2008-02-15;-2.6;12.6;2;15;2008;46;5.0
2008-02-16;-6.4;14.0;2;16;2008;47;3.8
2008-02-17;-5.6;11.0;2;17;2008;48;2.7
2008-02-18;2.8;8.8;2;18;2008;49;5.8
2008-02-19;4.8;12.2;2;19;2008;50;8.5
2008-02-20;5.0;12.2;2;20;2008;51;8.6
2008-02-21;0.4;15.0;2;21;2008;52;7.7
2008-02-22;-1.4;16.6;2;22;2008;53;7.6
2008-02-23;-3.0;19.0;2;23;2008;54;8.0
2008-02-24;1.2;9.2;2;24;2008;55;5.2
2008-02-25;3.4;14.0;2;25;2008;56;8.7
2008-02-26;1.6;16.4;2;26;2008;57;9.0
2008-02-27;0.6;18.6;2;27;2008;58;9.6
2008-02-28;4.8;12.2;2;28;2008;59;8.5
2008-02-29;1.6;15.2;2;29;2008;60;8.4
2008-03-01;-1.4;17.0;3;1;2008;61;7.8
2008-03-02;-0.8;21.4;3;2;2008;62;10.3
2008-03-03;-1.0;17.4;3;3;2008;63;8.2
2008-03-04;-3.0;7.8;3;4;2008;64;2.4
2008-03-05;-4.4;3.4;3;5;2008;65;-0.5
2008-03-06;-3.8;8.6;3;6;2008;66;2.4
2008-03-07;-3.4;13.0;3;7;2008;67;4.8
2008-03-08;-3.4;15.6;3;8;2008;68;6.1
2008-03-09;-4.6;12.2;3;9;2008;69;3.8
2008-03-10;-3.8;8.4;3;10;2008;70;2.3
2008-03-11;2.6;17.4;3;11;2008;71;10.0
2008-03-12;-0.8;17.6;3;12;2008;72;8.4
2008-03-13;-3.4;20.8;3;13;2008;73;8.7
2008-03-14;-3.0;22.0;3;14;2008;74;9.5
2008-03-15;2.0;19.0;3;15;2008;75;10.5
2008-03-16;-2.0;16.8;3;16;2008;76;7.4
2008-03-17;-1.4;19.4;3;17;2008;77;9.0
2008-03-18;0.0;11.6;3;18;2008;78;5.8
2008-03-19;-5.2;12.4;3;19;2008;79;3.6
2008-03-20;-8.6;11.8;3;20;2008;80;1.6
2008-03-21;-8.4;15.6;3;21;2008;81;3.6
2008-03-22;-2.4;7.6;3;22;2008;82;2.6
2008-03-23;-3.6;5.0;3;23;2008;83;0.7
2008-03-24;-0.8;10.4;3;24;2008;84;4.8
2008-03-25;-2.4;14.8;3;25;2008;85;6.2
2008-03-26;-1.2;9.0;3;26;2008;86;3.9
2008-03-27;-0.2;9.8;3;27;2008;87;4.8
2008-03-28;3.6;19.2;3;28;2008;88;11.4
2008-03-29;1.2;20.2;3;29;2008;89;10.7
2008-03-30;1.2;16.6;3;30;2008;90;8.9
2008-03-31;0.0;12.2;3;31;2008;91;6.1
2008-04-01;-0.2;14.4;4;1;2008;92;7.1
2008-04-02;0.8;21.8;4;2;2008;93;11.3
2008-04-03;-1.8;23.4;4;3;2008;94;10.8
2008-04-04;-3.0;22.8;4;4;2008;95;9.9
2008-04-05;-2.8;23.0;4;5;2008;96;10.1
2008-04-06;-2.8;21.8;4;6;2008;97;9.5
2008-04-07;0.0;17.4;4;7;2008;98;8.7
2008-04-08;5.2;13.4;4;8;2008;99;9.3
2008-04-09;7.8;13.8;4;9;2008;100;10.8
2008-04-10;7.4;13.6;4;10;2008;101;10.5
2008-04-11;0.4;10.0;4;11;2008;102;5.2
2008-04-12;-3.2;11.6;4;12;2008;103;4.2
2008-04-13;-3.2;14.0;4;13;2008;104;5.4
2008-04-14;0.8;13.8;4;14;2008;105;7.3
2008-04-15;-2.6;19.4;4;15;2008;106;8.4
2008-04-16;3.8;19.8;4;16;2008;107;11.8
2008-04-17;5.4;11.6;4;17;2008;108;8.5
2008-04-18;4.0;10.4;4;18;2008;109;7.2
2008-04-19;4.4;9.8;4;19;2008;110;7.1
2008-04-20;2.8;10.6;4;20;2008;111;6.7
2008-04-21;3.0;12.8;4;21;2008;112;7.9
2008-04-22;4.2;13.6;4;22;2008;113;8.9
2008-04-23;6.2;18.4;4;23;2008;114;12.3
2008-04-24;4.6;22.0;4;24;2008;115;13.3
2008-04-25;3.8;25.6;4;25;2008;116;14.7
2008-04-26;4.2;27.8;4;26;2008;117;16.0
2008-04-27;5.6;25.8;4;27;2008;118;15.7
2008-04-28;4.6;19.4;4;28;2008;119;12.0
2008-04-29;-0.4;18.2;4;29;2008;120;8.9
2008-04-30;2.8;17.4;4;30;2008;121;10.1
2008-05-01;-1.4;22.0;5;1;2008;122;10.3
2008-05-02;2.2;26.0;5;2;2008;123;14.1
2008-05-03;2.8;29.4;5;3;2008;124;16.1
2008-05-04;8.0;28.4;5;4;2008;125;18.2
2008-05-05;9.6;25.8;5;5;2008;126;17.7
2008-05-06;6.4;25.0;5;6;2008;127;15.7
2008-05-07;10.2;24.0;5;7;2008;128;17.1
2008-05-08;9.6;14.6;5;8;2008;129;12.1
2008-05-09;8.0;15.4;5;9;2008;130;11.7
2008-05-10;6.2;11.0;5;10;2008;131;8.6
2008-05-11;6.0;15.0;5;11;2008;132;10.5
2008-05-12;5.2;16.8;5;12;2008;133;11.0
2008-05-13;3.4;17.2;5;13;2008;134;10.3
2008-05-14;8.2;16.6;5;14;2008;135;12.4
2008-05-15;5.0;17.4;5;15;2008;136;11.2
2008-05-16;8.6;17.8;5;16;2008;137;13.2
2008-05-17;5.8;17.8;5;17;2008;138;11.8
2008-05-18;3.8;16.6;5;18;2008;139;10.2
2008-05-19;5.2;14.0;5;19;2008;140;9.6
2008-05-20;3.0;19.4;5;20;2008;141;11.2
2008-05-21;2.2;20.6;5;21;2008;142;11.4
2008-05-22;10.0;20.6;5;22;2008;143;15.3
2008-05-23;10.2;19.0;5;23;2008;144;14.6
2008-05-24;7.2;18.4;5;24;2008;145;12.8
2008-05-25;4.6;17.6;5;25;2008;146;11.1
2008-05-26;6.0;18.0;5;26;2008;147;12.0
2008-05-27;5.0;16.6;5;27;2008;148;10.8
2008-05-28;6.2;19.4;5;28;2008;149;12.8
2008-05-29;6.0;17.6;5;29;2008;150;11.8
2008-05-30;5.6;19.0;5;30;2008;151;12.3
2008-05-31;6.0;14.0;5;31;2008;152;10.0
2008-06-01;4.8;14.8;6;1;2008;153;9.8
2008-06-02;7.8;16.2;6;2;2008;154;12.0
2008-06-03;4.4;21.2;6;3;2008;155;12.8
2008-06-04;5.6;22.2;6;4;2008;156;13.9
2008-06-05;7.2;18.0;6;5;2008;157;12.6
2008-06-06;3.8;19.8;6;6;2008;158;11.8
2008-06-07;3.8;19.8;6;7;2008;159;11.8
2008-06-08;3.2;16.0;6;8;2008;160;9.6
2008-06-09;8.4;12.2;6;9;2008;161;10.3
2008-06-10;9.0;16.0;6;10;2008;162;12.5
2008-06-11;10.0;16.6;6;11;2008;163;13.3
2008-06-12;8.6;22.0;6;12;2008;164;15.3
2008-06-13;4.6;23.0;6;13;2008;165;13.8
2008-06-14;6.0;25.8;6;14;2008;166;15.9
2008-06-15;8.2;23.0;6;15;2008;167;15.6
2008-06-16;9.6;20.0;6;16;2008;168;14.8
2008-06-17;9.2;20.0;6;17;2008;169;14.6
2008-06-18;5.0;26.6;6;18;2008;170;15.8
2008-06-19;8.6;28.8;6;19;2008;171;18.7
2008-06-20;10.2;30.0;6;20;2008;172;20.1
2008-06-21;11.4;29.6;6;21;2008;173;20.5
2008-06-22;10.8;32.8;6;22;2008;174;21.8
2008-06-23;11.0;31.0;6;23;2008;175;21.0
2008-06-24;12.0;26.6;6;24;2008;176;19.3
2008-06-25;10.6;30.6;6;25;2008;177;20.6
2008-06-26;11.6;31.8;6;26;2008;178;21.7
2008-06-27;13.0;29.8;6;27;2008;179;21.4
2008-06-28;9.0;32.0;6;28;2008;180;20.5
2008-06-29;11.0;29.8;6;29;2008;181;20.4
2008-06-30;12.6;29.2;6;30;2008;182;20.9
2008-07-01;10.2;30.4;7;1;2008;183;20.3
2008-07-02;8.6;27.4;7;2;2008;184;18.0
2008-07-03;8.6;24.4;7;3;2008;185;16.5
2008-07-04;5.8;29.6;7;4;2008;186;17.7
2008-07-05;9.4;30.4;7;5;2008;187;19.9
2008-07-06;12.6;28.0;7;6;2008;188;20.3
2008-07-07;5.8;28.6;7;7;2008;189;17.2
2008-07-08;5.8;28.6;7;8;2008;190;17.2
2008-07-09;11.0;31.0;7;9;2008;191;21.0
2008-07-10;8.6;30.6;7;10;2008;192;19.6
2008-07-11;8.0;29.8;7;11;2008;193;18.9
2008-07-12;8.8;24.4;7;12;2008;194;16.6
2008-07-13;7.0;23.4;7;13;2008;195;15.2
2008-07-14;6.6;27.0;7;14;2008;196;16.8
2008-07-15;8.0;28.0;7;15;2008;197;18.0
2008-07-16;8.4;28.2;7;16;2008;198;18.3
2008-07-17;12.4;27.8;7;17;2008;199;20.1
2008-07-18;9.0;32.0;7;18;2008;200;20.5
2008-07-19;11.0;34.0;7;19;2008;201;22.5
2008-07-20;15.0;32.0;7;20;2008;202;23.5
2008-07-21;11.6;30.8;7;21;2008;203;21.2
2008-07-22;7.6;32.0;7;22;2008;204;19.8
2008-07-23;8.2;34.0;7;23;2008;205;21.1
2008-07-24;12.4;30.6;7;24;2008;206;21.5
2008-07-25;8.0;30.4;7;25;2008;207;19.2
2008-07-26;11.6;30.6;7;26;2008;208;21.1
2008-07-27;11.0;31.8;7;27;2008;209;21.4
2008-07-28;10.6;30.8;7;28;2008;210;20.7
2008-07-29;10.0;32.0;7;29;2008;211;21.0
2008-07-30;13.2;31.8;7;30;2008;212;22.5
2008-07-31;7.6;31.6;7;31;2008;213;19.6
2008-08-01;10.4;32.0;8;1;2008;214;21.2
2008-08-02;11.6;32.4;8;2;2008;215;22.0
2008-08-03;12.6;33.2;8;3;2008;216;22.9
2008-08-04;13.6;35.4;8;4;2008;217;24.5
2008-08-05;14.0;34.6;8;5;2008;218;24.3
2008-08-06;12.0;34.0;8;6;2008;219;23.0
2008-08-07;13.0;30.6;8;7;2008;220;21.8
2008-08-08;9.0;29.8;8;8;2008;221;19.4
2008-08-09;8.8;31.6;8;9;2008;222;20.2
2008-08-10;10.0;32.0;8;10;2008;223;21.0
2008-08-11;11.4;29.8;8;11;2008;224;20.6
2008-08-12;16.4;26.8;8;12;2008;225;21.6
2008-08-13;7.8;29.6;8;13;2008;226;18.7
2008-08-14;10.2;24.6;8;14;2008;227;17.4
2008-08-15;8.0;23.4;8;15;2008;228;15.7
2008-08-16;6.0;25.2;8;16;2008;229;15.6
2008-08-17;8.6;27.4;8;17;2008;230;18.0
2008-08-18;7.0;30.4;8;18;2008;231;18.7
2008-08-19;8.0;29.6;8;19;2008;232;18.8
2008-08-20;8.4;30.4;8;20;2008;233;19.4
2008-08-21;9.0;30.4;8;21;2008;234;19.7
2008-08-22;12.8;28.4;8;22;2008;235;20.6
2008-08-23;10.6;25.2;8;23;2008;236;17.9
2008-08-24;9.0;28.6;8;24;2008;237;18.8
2008-08-25;10.4;29.0;8;25;2008;238;19.7
2008-08-26;11.0;31.2;8;26;2008;239;21.1
2008-08-27;10.2;29.6;8;27;2008;240;19.9
2008-08-28;10.0;28.0;8;28;2008;241;19.0
2008-08-29;10.8;30.0;8;29;2008;242;20.4
2008-08-30;12.2;27.8;8;30;2008;243;20.0
2008-08-31;8.6;27.4;8;31;2008;244;18.0
2008-09-01;7.2;27.4;9;1;2008;245;17.3
2008-09-02;11.2;26.6;9;2;2008;246;18.9
2008-09-03;7.0;26.2;9;3;2008;247;16.6
2008-09-04;7.2;25.2;9;4;2008;248;16.2
2008-09-05;12.2;23.2;9;5;2008;249;17.7
2008-09-06;7.4;18.6;9;6;2008;250;13.0
2008-09-07;3.4;23.4;9;7;2008;251;13.4
2008-09-08;10.4;27.0;9;8;2008;252;18.7
2008-09-09;13.2;25.6;9;9;2008;253;19.4
2008-09-10;9.0;28.8;9;10;2008;254;18.9
2008-09-11;12.2;25.6;9;11;2008;255;18.9
2008-09-12;7.4;18.0;9;12;2008;256;12.7
2008-09-13;2.0;19.2;9;13;2008;257;10.6
2008-09-14;1.0;20.2;9;14;2008;258;10.6
2008-09-15;1.4;24.4;9;15;2008;259;12.9
2008-09-16;2.2;26.2;9;16;2008;260;14.2
2008-09-17;7.0;25.8;9;17;2008;261;16.4
2008-09-18;11.0;24.6;9;18;2008;262;17.8
2008-09-19;9.4;25.0;9;19;2008;263;17.2
2008-09-20;6.4;26.2;9;20;2008;264;16.3
2008-09-21;8.6;25.2;9;21;2008;265;16.9
2008-09-22;12.8;17.4;9;22;2008;266;15.1
2008-09-23;9.8;15.8;9;23;2008;267;12.8
2008-09-24;5.0;17.4;9;24;2008;268;11.2
2008-09-25;2.0;17.8;9;25;2008;269;9.9
2008-09-26;1.0;18.0;9;26;2008;270;9.5
2008-09-27;3.8;17.8;9;27;2008;271;10.8
2008-09-28;2.0;18.6;9;28;2008;272;10.3
2008-09-29;2.4;20.4;9;29;2008;273;11.4
2008-09-30;1.8;18.6;9;30;2008;274;10.2
2008-10-01;0.8;21.4;10;1;2008;275;11.1
2008-10-02;2.0;20.8;10;2;2008;276;11.4
2008-10-03;2.2;13.2;10;3;2008;277;7.7
2008-10-04;-2.4;15.0;10;4;2008;278;6.3
2008-10-05;-1.8;20.2;10;5;2008;279;9.2
2008-10-06;-1.2;21.0;10;6;2008;280;9.9
2008-10-07;-0.2;18.0;10;7;2008;281;8.9
2008-10-08;4.0;14.6;10;8;2008;282;9.3
2008-10-09;-0.6;15.2;10;9;2008;283;7.3
2008-10-10;9.0;18.8;10;10;2008;284;13.9
2008-10-11;8.0;18.2;10;11;2008;285;13.1
2008-10-12;9.8;16.2;10;12;2008;286;13.0
2008-10-13;6.4;20.2;10;13;2008;287;13.3
2008-10-14;8.8;19.4;10;14;2008;288;14.1
2008-10-15;6.6;20.6;10;15;2008;289;13.6
2008-10-16;6.2;20.2;10;16;2008;290;13.2
2008-10-17;6.4;19.2;10;17;2008;291;12.8
2008-10-18;10.0;14.6;10;18;2008;292;12.3
2008-10-19;8.0;18.4;10;19;2008;293;13.2
2008-10-20;7.0;19.6;10;20;2008;294;13.3
2008-10-21;7.4;18.4;10;21;2008;295;12.9
2008-10-22;5.0;11.4;10;22;2008;296;8.2
2008-10-23;1.2;9.2;10;23;2008;297;5.2
2008-10-24;1.0;15.2;10;24;2008;298;8.1
2008-10-25;0.6;16.6;10;25;2008;299;8.6
2008-10-26;1.2;18.4;10;26;2008;300;9.8
2008-10-27;1.2;18.6;10;27;2008;301;9.9
2008-10-28;1.2;9.4;10;28;2008;302;5.3
2008-10-29;-1.2;6.0;10;29;2008;303;2.4
2008-10-30;-1.8;8.2;10;30;2008;304;3.2
2008-10-31;5.2;9.4;10;31;2008;305;7.3
2008-11-01;3.4;10.2;11;1;2008;306;6.8
2008-11-02;0.6;6.4;11;2;2008;307;3.5
2008-11-03;-2.0;8.6;11;3;2008;308;3.3
2008-11-04;-2.8;9.8;11;4;2008;309;3.5
2008-11-05;-0.6;9.6;11;5;2008;310;4.5
2008-11-06;0.4;12.2;11;6;2008;311;6.3
2008-11-07;-1.8;12.2;11;7;2008;312;5.2
2008-11-08;-0.4;12.0;11;8;2008;313;5.8
2008-11-09;-1.8;13.4;11;9;2008;314;5.8
2008-11-10;-1.2;15.6;11;10;2008;315;7.2
2008-11-11;0.6;11.8;11;11;2008;316;6.2
2008-11-12;1.8;9.0;11;12;2008;317;5.4
2008-11-13;1.4;8.4;11;13;2008;318;4.9
2008-11-14;-3.6;10.0;11;14;2008;319;3.2
2008-11-15;-6.4;11.6;11;15;2008;320;2.6
2008-11-16;-5.4;12.2;11;16;2008;321;3.4
2008-11-17;-5.0;12.6;11;17;2008;322;3.8
2008-11-18;-5.8;7.4;11;18;2008;323;0.8
2008-11-19;-2.6;9.2;11;19;2008;324;3.3
2008-11-20;-4.6;9.0;11;20;2008;325;2.2
2008-11-21;-5.8;11.6;11;21;2008;326;2.9
2008-11-22;2.6;11.6;11;22;2008;327;7.1
2008-11-23;1.4;11.2;11;23;2008;328;6.3
2008-11-24;0.4;7.4;11;24;2008;329;3.9
2008-11-25;-5.0;4.2;11;25;2008;330;-0.4
2008-11-26;-9.4;4.4;11;26;2008;331;-2.5
2008-11-27;-10.8;0.4;11;27;2008;332;-5.2
2008-11-28;-11.2;4.4;11;28;2008;333;-3.4
2008-11-29;-0.6;3.4;11;29;2008;334;1.4
2008-11-30;-1.4;3.2;11;30;2008;335;0.9
2008-12-01;-2.2;3.2;12;1;2008;336;0.5
2008-12-02;-3.8;3.2;12;2;2008;337;-0.3
2008-12-03;-2.8;2.2;12;3;2008;338;-0.3
2008-12-04;1.0;5.8;12;4;2008;339;3.4
2008-12-05;-0.2;10.8;12;5;2008;340;5.3
2008-12-06;-2.8;9.4;12;6;2008;341;3.3
2008-12-07;5.8;10.0;12;7;2008;342;7.9
2008-12-08;5.8;8.6;12;8;2008;343;7.2
2008-12-09;1.4;6.2;12;9;2008;344;3.8
2008-12-10;-2.2;2.4;12;10;2008;345;0.1
2008-12-11;-3.4;4.4;12;11;2008;346;0.5
2008-12-12;-4.2;6.4;12;12;2008;347;1.1
2008-12-13;-5.6;2.4;12;13;2008;348;-1.6
2008-12-14;-3.8;2.0;12;14;2008;349;-0.9
2008-12-15;-3.2;2.4;12;15;2008;350;-0.4
2008-12-16;0.6;6.4;12;16;2008;351;3.5
2008-12-17;-1.4;6.8;12;17;2008;352;2.7
2008-12-18;-0.8;8.2;12;18;2008;353;3.7
2008-12-19;-4.0;8.6;12;19;2008;354;2.3
2008-12-20;-6.2;10.4;12;20;2008;355;2.1
2008-12-21;-7.2;13.8;12;21;2008;356;3.3
2008-12-22;-9.6;12.6;12;22;2008;357;1.5
2008-12-23;-10.6;13.4;12;23;2008;358;1.4
2008-12-24;-10.4;11.8;12;24;2008;359;0.7
2008-12-25;-10.2;12.2;12;25;2008;360;1.0
2008-12-26;-7.4;0.8;12;26;2008;361;-3.3
2008-12-27;-2.8;7.4;12;27;2008;362;2.3
2008-12-28;-2.6;7.6;12;28;2008;363;2.5
2008-12-29;1.8;8.6;12;29;2008;364;5.2
2008-12-30;-1.2;12.6;12;30;2008;365;5.7
2008-12-31;-3.0;7.0;12;31;2008;366;2.0
2009-01-01;-2.4;8.6;1;1;2009;1;3.1
2009-01-02;-0.8;10.4;1;2;2009;2;4.8
2009-01-03;-1.4;9.6;1;3;2009;3;4.1
2009-01-04;-4.4;5.0;1;4;2009;4;0.3
2009-01-05;-5.0;3.6;1;5;2009;5;-0.7
2009-01-06;-7.0;3.2;1;6;2009;6;-1.9
2009-01-07;-8.6;0.2;1;7;2009;7;-4.2
2009-01-08;-11.2;-2.8;1;8;2009;8;-7.0
2009-01-09;-8.6;1.4;1;9;2009;9;-3.6
2009-01-10;-4.2;2.0;1;10;2009;10;-1.1
2009-01-11;-8.6;3.0;1;11;2009;11;-2.8
2009-01-12;-12.6;3.4;1;12;2009;12;-4.6
2009-01-13;-13.0;2.6;1;13;2009;13;-5.2
2009-01-14;-7.6;5.6;1;14;2009;14;-1.0
2009-01-15;-7.6;5.2;1;15;2009;15;-1.2
2009-01-16;-10.4;8.2;1;16;2009;16;-1.1
2009-01-17;-7.4;6.8;1;17;2009;17;-0.3
2009-01-18;-7.0;10.0;1;18;2009;18;1.5
2009-01-19;2.0;9.0;1;19;2009;19;5.5
2009-01-20;-3.2;4.0;1;20;2009;20;0.4
2009-01-21;-4.2;3.2;1;21;2009;21;-0.5
2009-01-22;-3.8;8.6;1;22;2009;22;2.4
2009-01-23;8.0;12.0;1;23;2009;23;10.0
2009-01-24;0.6;8.4;1;24;2009;24;4.5
2009-01-25;0.2;6.4;1;25;2009;25;3.3
2009-01-26;-1.2;3.8;1;26;2009;26;1.3
2009-01-27;0.6;6.6;1;27;2009;27;3.6
2009-01-28;2.6;10.6;1;28;2009;28;6.6
2009-01-29;6.0;12.2;1;29;2009;29;9.1
2009-01-30;1.4;14.6;1;30;2009;30;8.0
2009-01-31;0.8;5.8;1;31;2009;31;3.3
2009-02-01;-1.4;4.0;2;1;2009;32;1.3
2009-02-02;0.4;7.2;2;2;2009;33;3.8
2009-02-03;0.4;5.4;2;3;2009;34;2.9
2009-02-04;1.4;7.8;2;4;2009;35;4.6
2009-02-05;0.6;7.2;2;5;2009;36;3.9
2009-02-06;-2.2;2.4;2;6;2009;37;0.1
2009-02-07;-3.6;2.6;2;7;2009;38;-0.5
2009-02-08;-2.2;5.2;2;8;2009;39;1.5
2009-02-09;4.0;7.8;2;9;2009;40;5.9
2009-02-10;-2.0;9.0;2;10;2009;41;3.5
2009-02-11;-1.6;9.2;2;11;2009;42;3.8
2009-02-12;-2.6;10.2;2;12;2009;43;3.8
2009-02-13;-6.4;11.6;2;13;2009;44;2.6
2009-02-14;-7.6;15.2;2;14;2009;45;3.8
2009-02-15;-8.0;12.4;2;15;2009;46;2.2
2009-02-16;-7.4;11.0;2;16;2009;47;1.8
2009-02-17;-8.2;13.6;2;17;2009;48;2.7
2009-02-18;-7.4;13.8;2;18;2009;49;3.2
2009-02-19;-7.0;12.2;2;19;2009;50;2.6
2009-02-20;-6.8;12.8;2;20;2009;51;3.0
2009-02-21;-6.0;12.2;2;21;2009;52;3.1
2009-02-22;-7.6;14.4;2;22;2009;53;3.4
2009-02-23;-5.8;13.6;2;23;2009;54;3.9
2009-02-24;-5.8;15.2;2;24;2009;55;4.7
2009-02-25;-5.6;16.6;2;25;2009;56;5.5
2009-02-26;-5.8;17.8;2;26;2009;57;6.0
2009-02-27;-6.6;19.4;2;27;2009;58;6.4
2009-02-28;-6.6;8.6;2;28;2009;59;1.0
2009-03-01;2.8;9.6;3;1;2009;60;6.2
2009-03-02;3.4;9.4;3;2;2009;61;6.4
2009-03-03;1.8;8.2;3;3;2009;62;5.0
2009-03-04;-2.0;5.4;3;4;2009;63;1.7
2009-03-05;-2.6;4.0;3;5;2009;64;0.7
2009-03-06;-1.4;6.2;3;6;2009;65;2.4
2009-03-07;0.0;14.0;3;7;2009;66;7.0
2009-03-08;-1.2;20.2;3;8;2009;67;9.5
2009-03-09;-0.8;17.0;3;9;2009;68;8.1
2009-03-10;-4.4;19.4;3;10;2009;69;7.5
2009-03-11;-4.0;19.6;3;11;2009;70;7.8
2009-03-12;-4.2;20.6;3;12;2009;71;8.2
2009-03-13;-2.4;22.8;3;13;2009;72;10.2
2009-03-14;-2.4;22.4;3;14;2009;73;10.0
2009-03-15;1.4;20.8;3;15;2009;74;11.1
2009-03-16;-1.8;20.6;3;16;2009;75;9.4
2009-03-17;-3.8;17.6;3;17;2009;76;6.9
2009-03-18;-4.8;20.6;3;18;2009;77;7.9
2009-03-19;-4.4;22.4;3;19;2009;78;9.0
2009-03-20;-4.0;21.8;3;20;2009;79;8.9
2009-03-21;-6.0;17.8;3;21;2009;80;5.9
2009-03-22;-4.2;18.4;3;22;2009;81;7.1
2009-03-23;-5.4;19.8;3;23;2009;82;7.2
2009-03-24;-3.6;17.2;3;24;2009;83;6.8
2009-03-25;-6.0;19.2;3;25;2009;84;6.6
2009-03-26;-5.4;22.2;3;26;2009;85;8.4
2009-03-27;-3.4;22.0;3;27;2009;86;9.3
2009-03-28;0.2;12.4;3;28;2009;87;6.3
2009-03-29;-0.6;5.4;3;29;2009;88;2.4
2009-03-30;0.2;5.6;3;30;2009;89;2.9
2009-03-31;-1.2;11.0;3;31;2009;90;4.9
2009-04-01;-3.0;10.8;4;1;2009;91;3.9
2009-04-02;-3.0;13.4;4;2;2009;92;5.2
2009-04-03;-0.2;17.8;4;3;2009;93;8.8
2009-04-04;-1.6;17.6;4;4;2009;94;8.0
2009-04-05;0.6;20.0;4;5;2009;95;10.3
2009-04-06;-0.2;21.0;4;6;2009;96;10.4
2009-04-07;2.8;9.4;4;7;2009;97;6.1
2009-04-08;0.2;16.2;4;8;2009;98;8.2
2009-04-09;-1.6;19.6;4;9;2009;99;9.0
2009-04-10;1.0;12.4;4;10;2009;100;6.7
2009-04-11;0.0;3.4;4;11;2009;101;1.7
2009-04-12;0.0;9.0;4;12;2009;102;4.5
2009-04-13;-1.6;17.0;4;13;2009;103;7.7
2009-04-14;-1.2;13.6;4;14;2009;104;6.2
2009-04-15;2.8;10.4;4;15;2009;105;6.6
2009-04-16;2.6;9.6;4;16;2009;106;6.1
2009-04-17;2.0;12.6;4;17;2009;107;7.3
2009-04-18;-0.2;10.6;4;18;2009;108;5.2
2009-04-19;1.4;14.2;4;19;2009;109;7.8
2009-04-20;0.0;13.8;4;20;2009;110;6.9
2009-04-21;-1.6;16.0;4;21;2009;111;7.2
2009-04-22;-1.6;19.6;4;22;2009;112;9.0
2009-04-23;-1.2;25.0;4;23;2009;113;11.9
2009-04-24;1.2;23.8;4;24;2009;114;12.5
2009-04-25;3.4;20.2;4;25;2009;115;11.8
2009-04-26;-1.2;9.2;4;26;2009;116;4.0
2009-04-27;-3.4;13.6;4;27;2009;117;5.1
2009-04-28;2.2;15.4;4;28;2009;118;8.8
2009-04-29;-0.2;18.6;4;29;2009;119;9.2
2009-04-30;1.6;13.4;4;30;2009;120;7.5
2009-05-01;2.0;16.6;5;1;2009;121;9.3
2009-05-02;-1.4;22.2;5;2;2009;122;10.4
2009-05-03;0.4;24.0;5;3;2009;123;12.2
2009-05-04;1.0;22.9;5;4;2009;124;12.0
2009-05-05;1.2;23.2;5;5;2009;125;12.2
2009-05-06;2.4;27.2;5;6;2009;126;14.8
2009-05-07;6.2;26.2;5;7;2009;127;16.2
2009-05-08;9.0;24.4;5;8;2009;128;16.7
2009-05-09;9.2;23.8;5;9;2009;129;16.5
2009-05-10;7.4;22.0;5;10;2009;130;14.7
2009-05-11;8.6;22.2;5;11;2009;131;15.4
2009-05-12;3.6;24.4;5;12;2009;132;14.0
2009-05-13;6.6;20.8;5;13;2009;133;13.7
2009-05-14;4.8;18.0;5;14;2009;134;11.4
2009-05-15;2.6;19.0;5;15;2009;135;10.8
2009-05-16;0.2;24.0;5;16;2009;136;12.1
2009-05-17;5.0;23.2;5;17;2009;137;14.1
2009-05-18;2.6;24.4;5;18;2009;138;13.5
2009-05-19;2.6;27.0;5;19;2009;139;14.8
2009-05-20;10.0;30.0;5;20;2009;140;20.0
2009-05-21;11.0;27.8;5;21;2009;141;19.4
2009-05-22;10.0;29.4;5;22;2009;142;19.7
2009-05-23;12.8;24.6;5;23;2009;143;18.7
2009-05-24;11.0;21.8;5;24;2009;144;16.4
2009-05-25;7.0;20.6;5;25;2009;145;13.8
2009-05-26;5.0;19.2;5;26;2009;146;12.1
2009-05-27;1.6;23.6;5;27;2009;147;12.6
2009-05-28;1.8;27.0;5;28;2009;148;14.4
2009-05-29;5.0;28.6;5;29;2009;149;16.8
2009-05-30;8.0;28.2;5;30;2009;150;18.1
2009-05-31;9.0;27.8;5;31;2009;151;18.4
2009-06-01;3.4;28.4;6;1;2009;152;15.9
2009-06-02;3.8;28.4;6;2;2009;153;16.1
2009-06-03;6.4;29.8;6;3;2009;154;18.1
2009-06-04;10.0;27.7;6;4;2009;155;18.8
2009-06-05;10.4;21.5;6;5;2009;156;16.0
2009-06-06;8.9;17.6;6;6;2009;157;13.2
2009-06-07;8.9;19.5;6;7;2009;158;14.2
2009-06-08;7.2;18.2;6;8;2009;159;12.7
2009-06-09;8.5;20.4;6;9;2009;160;14.4
2009-06-10;7.0;27.1;6;10;2009;161;17.0
2009-06-11;7.3;31.1;6;11;2009;162;19.2
2009-06-12;10.0;34.1;6;12;2009;163;22.0
2009-06-13;11.6;35.1;6;13;2009;164;23.4
2009-06-14;18.2;33.5;6;14;2009;165;25.8
2009-06-15;16.75;32.8;6;15;2009;166;24.75
2009-06-16;15.3;32.1;6;16;2009;167;23.700000000000003
2009-06-17;13.85;31.4;6;17;2009;168;22.65
2009-06-18;12.4;30.7;6;18;2009;169;21.6
2009-06-19;15.1;31.4;6;19;2009;170;23.2
2009-06-20;11.966666666666669;31.3;6;20;2009;171;21.6
2009-06-21;8.833333333333334;31.2;6;21;2009;172;20.0
2009-06-22;5.7;31.1;6;22;2009;173;18.4
2009-06-23;7.6;31.5;6;23;2009;174;19.6
2009-06-24;8.5;30.2;6;24;2009;175;19.4
2009-06-25;8.566666666666666;29.5;6;25;2009;176;19.066666666666663
2009-06-26;8.633333333333333;28.8;6;26;2009;177;18.73333333333333
2009-06-27;8.7;28.1;6;27;2009;178;18.4
2009-06-28;7.9;29.9;6;28;2009;179;18.9
2009-06-29;11.2;31.8;6;29;2009;180;21.5
2009-06-30;12.0;33.1;6;30;2009;181;22.6
2009-07-01;14.0;32.5;7;1;2009;182;23.2
2009-07-02;12.3;32.3;7;2;2009;183;22.3
2009-07-03;11.6;31.9;7;3;2009;184;21.8
2009-07-04;12.0;30.5;7;4;2009;185;21.2
2009-07-05;9.6;29.7;7;5;2009;186;19.6
2009-07-06;12.6;30.0;7;6;2009;187;21.3
2009-07-07;12.5;30.25;7;7;2009;188;21.375
2009-07-08;12.4;30.5;7;8;2009;189;21.450000000000003
2009-07-09;12.3;30.75;7;9;2009;190;21.525
2009-07-10;12.2;31.0;7;10;2009;191;21.6
2009-07-11;12.1;31.9;7;11;2009;192;22.0
2009-07-12;10.4;32.9;7;12;2009;193;21.6
2009-07-13;11.25;31.75;7;13;2009;194;21.5
2009-07-14;12.1;30.6;7;14;2009;195;21.4
2009-07-15;11.333333333333334;28.9;7;15;2009;196;20.133333333333333
2009-07-16;10.566666666666666;27.2;7;16;2009;197;18.866666666666667
2009-07-17;9.8;25.5;7;17;2009;198;17.6
2009-07-18;4.3;28.4;7;18;2009;199;16.4
2009-07-19;7.2;31.1;7;19;2009;200;19.2
2009-07-20;11.6;31.6;7;20;2009;201;21.6
2009-07-21;11.7;35.0;7;21;2009;202;23.4
2009-07-22;22.6;32.7;7;22;2009;203;27.6
2009-07-23;14.7;27.9;7;23;2009;204;21.3
2009-07-24;9.4;30.2;7;24;2009;205;19.8
2009-07-25;9.2;32.8;7;25;2009;206;21.0
2009-07-26;11.7;34.7;7;26;2009;207;23.2
2009-07-27;14.6;33.3;7;27;2009;208;24.0
2009-07-28;9.9;32.8;7;28;2009;209;21.4
2009-07-29;9.8;32.4;7;29;2009;210;21.1
2009-07-30;8.6;34.1;7;30;2009;211;21.4
2009-07-31;11.5;32.8;7;31;2009;212;22.2
2009-08-01;9.7;29.1;8;1;2009;213;19.4
2009-08-02;10.8;28.4;8;2;2009;214;19.6
2009-08-03;10.9;32.2;8;3;2009;215;21.6
2009-08-04;12.7;33.0;8;4;2009;216;22.8
2009-08-05;12.4;34.4;8;5;2009;217;23.4
2009-08-06;15.1;32.2;8;6;2009;218;23.6
2009-08-07;13.7;31.1;8;7;2009;219;22.4
2009-08-08;13.1;29.3;8;8;2009;220;21.2
2009-08-09;14.0;25.9;8;9;2009;221;20.0
2009-08-10;11.4;26.2;8;10;2009;222;18.8
2009-08-11;13.5;28.2;8;11;2009;223;20.8
2009-08-12;12.9;32.0;8;12;2009;224;22.4
2009-08-13;14.2;30.1;8;13;2009;225;22.2
2009-08-14;14.8;30.1;8;14;2009;226;22.4
2009-08-15;11.9;32.8;8;15;2009;227;22.4
2009-08-16;11.5;33.6;8;16;2009;228;22.6
2009-08-17;12.1;32.9;8;17;2009;229;22.5
2009-08-18;13.5;33.1;8;18;2009;230;23.3
2009-08-19;11.1;34.7;8;19;2009;231;22.9
2009-08-20;12.5;33.1;8;20;2009;232;22.8
2009-08-21;13.1;32.9;8;21;2009;233;23.0
2009-08-22;13.4;34.0;8;22;2009;234;23.7
2009-08-23;13.2;33.0;8;23;2009;235;23.1
2009-08-24;17.3;30.0;8;24;2009;236;23.6
2009-08-25;15.8;28.8;8;25;2009;237;22.3
2009-08-26;11.5;29.8;8;26;2009;238;20.6
2009-08-27;9.3;32.6;8;27;2009;239;21.0
2009-08-28;11.9;32.9;8;28;2009;240;22.4
2009-08-29;12.8;32.7;8;29;2009;241;22.8
2009-08-30;10.5;34.5;8;30;2009;242;22.5
2009-08-31;12.1;32.2;8;31;2009;243;22.2
2009-09-01;16.6;30.0;9;1;2009;244;23.3
2009-09-02;14.6;29.5;9;2;2009;245;22.0
2009-09-03;8.4;31.2;9;3;2009;246;19.8
2009-09-04;8.9;30.0;9;4;2009;247;19.4
2009-09-05;9.0;29.2;9;5;2009;248;19.1
2009-09-06;15.0;30.1;9;6;2009;249;22.6
2009-09-07;14.4;31.0;9;7;2009;250;22.7
2009-09-08;15.5;30.2;9;8;2009;251;22.8
2009-09-09;11.8;30.4;9;9;2009;252;21.1
2009-09-10;10.0;29.6;9;10;2009;253;19.8
2009-09-11;10.2;27.7;9;11;2009;254;19.0
2009-09-12;14.0;25.5;9;12;2009;255;19.8
2009-09-13;11.6;23.4;9;13;2009;256;17.5
2009-09-14;7.7;21.8;9;14;2009;257;14.8
2009-09-15;4.5;21.1;9;15;2009;258;12.8
2009-09-16;3.0;16.8;9;16;2009;259;9.9
2009-09-17;5.7;16.8;9;17;2009;260;11.2
2009-09-18;8.6;15.7;9;18;2009;261;12.2
2009-09-19;8.4;19.2;9;19;2009;262;13.8
2009-09-20;5.2;20.0;9;20;2009;263;12.6
2009-09-21;7.5;19.9;9;21;2009;264;13.7
2009-09-22;3.9;23.4;9;22;2009;265;13.6
2009-09-23;9.1;21.5;9;23;2009;266;15.3
2009-09-24;6.3;26.3;9;24;2009;267;16.3
2009-09-25;5.0;27.1;9;25;2009;268;16.0
2009-09-26;5.9;26.2;9;26;2009;269;16.0
2009-09-27;8.2;23.4;9;27;2009;270;15.8
2009-09-28;5.6;20.5;9;28;2009;271;13.0
2009-09-29;11.4;17.8;9;29;2009;272;14.6
2009-09-30;10.3;21.3;9;30;2009;273;15.8
2009-10-01;9.6;21.1;10;1;2009;274;15.4
2009-10-02;8.3;22.7;10;2;2009;275;15.5
2009-10-03;3.9;24.6;10;3;2009;276;14.2
2009-10-04;4.8;25.3;10;4;2009;277;15.0
2009-10-05;5.8;26.7;10;5;2009;278;16.2
2009-10-06;11.1;27.0;10;6;2009;279;19.0
2009-10-07;10.4;24.7;10;7;2009;280;17.6
2009-10-08;10.9;20.8;10;8;2009;281;15.8
2009-10-09;8.6;23.0;10;9;2009;282;15.8
2009-10-10;8.9;22.9;10;10;2009;283;15.9
2009-10-11;7.4;23.7;10;11;2009;284;15.6
2009-10-12;4.1;23.0;10;12;2009;285;13.6
2009-10-13;2.7;23.6;10;13;2009;286;13.2
2009-10-14;1.2;24.4;10;14;2009;287;12.8
2009-10-15;0.5;20.6;10;15;2009;288;10.6
2009-10-16;-4.5;20.0;10;16;2009;289;7.8
2009-10-17;-4.3;22.8;10;17;2009;290;9.2
2009-10-18;-5.8;20.0;10;18;2009;291;7.1
2009-10-19;-4.9;19.5;10;19;2009;292;7.3
2009-10-20;8.9;15.0;10;20;2009;293;12.0
2009-10-21;6.6;10.5;10;21;2009;294;8.6
2009-10-22;8.0;12.6;10;22;2009;295;10.3
2009-10-23;3.9;18.5;10;23;2009;296;11.2
2009-10-24;8.2;20.6;10;24;2009;297;14.4
2009-10-25;7.5;19.5;10;25;2009;298;13.5
2009-10-26;6.7;24.1;10;26;2009;299;15.4
2009-10-27;3.3;24.1;10;27;2009;300;13.7
2009-10-28;3.7;23.4;10;28;2009;301;13.6
2009-10-29;3.2;23.8;10;29;2009;302;13.5
2009-10-30;3.0;23.4;10;30;2009;303;13.2
2009-10-31;4.65;22.85;10;31;2009;304;13.75
2009-11-01;6.3;22.3;11;1;2009;305;14.3
2009-11-02;5.2;14.8;11;2;2009;306;10.0
2009-11-03;0.5;18.2;11;3;2009;307;9.4
2009-11-04;2.6;15.5;11;4;2009;308;9.0
2009-11-05;2.7333333333333334;14.433333333333334;11;5;2009;309;8.533333333333333
2009-11-06;2.8666666666666667;13.366666666666667;11;6;2009;310;8.066666666666666
2009-11-07;3.0;12.3;11;7;2009;311;7.6
2009-11-08;2.9;10.7;11;8;2009;312;6.8
2009-11-09;2.5;8.4;11;9;2009;313;5.4
2009-11-10;-4.1;10.7;11;10;2009;314;3.3
2009-11-11;2.0;16.0;11;11;2009;315;9.0
2009-11-12;-1.2;16.4;11;12;2009;316;7.6
2009-11-13;-0.2;15.6;11;13;2009;317;7.7
2009-11-14;4.499999999999999;17.05;11;14;2009;318;10.75
2009-11-15;9.2;18.5;11;15;2009;319;13.8
2009-11-16;2.3;18.9;11;16;2009;320;10.6
2009-11-17;2.3;20.1;11;17;2009;321;11.2
2009-11-18;1.3;18.3;11;18;2009;322;9.8
2009-11-19;-0.9;18.4;11;19;2009;323;8.8
2009-11-20;-1.7;17.5;11;20;2009;324;7.9
2009-11-21;-1.7;16.8;11;21;2009;325;7.6
2009-11-22;-0.5;14.2;11;22;2009;326;6.8
2009-11-23;-2.2;15.0;11;23;2009;327;6.4
2009-11-24;-6.1;19.1;11;24;2009;328;6.5
2009-11-25;-5.7;13.4;11;25;2009;329;3.8
2009-11-26;7.4;12.8;11;26;2009;330;10.1
2009-11-27;4.0;10.0;11;27;2009;331;7.0
2009-11-28;0.0;9.0;11;28;2009;332;4.5
2009-11-29;0.6;7.7;11;29;2009;333;4.2
2009-11-30;0.2;4.4;11;30;2009;334;2.3
2009-12-01;-1.9;6.5;12;1;2009;335;2.3
2009-12-02;5.1;10.7;12;2;2009;336;7.9
2009-12-03;4.05;11.0;12;3;2009;337;7.53
2009-12-04;3.0;11.3;12;4;2009;338;7.16
2009-12-05;1.95;11.6;12;5;2009;339;6.79
2009-12-06;0.8999999999999995;11.9;12;6;2009;340;6.42
2009-12-07;-0.1500000000000003;12.2;12;7;2009;341;6.050000000000001
2009-12-08;-1.2000000000000002;12.5;12;8;2009;342;5.68
2009-12-09;-2.25;12.8;12;9;2009;343;5.3100000000000005
2009-12-10;-3.3000000000000007;13.1;12;10;2009;344;4.94
2009-12-11;-4.35;13.4;12;11;2009;345;4.57
2009-12-12;-5.4;13.7;12;12;2009;346;4.2
2009-12-13;-3.1;3.2;12;13;2009;347;0.0
2009-12-14;-4.4;0.6;12;14;2009;348;-1.9
2009-12-15;-13.8;0.8;12;15;2009;349;-6.5
2009-12-16;-15.5;3.2;12;16;2009;350;-6.2
2009-12-17;-3.5;5.9;12;17;2009;351;1.2
2009-12-18;-6.1;3.45;12;18;2009;352;-1.3
2009-12-19;-8.7;1.0;12;19;2009;353;-3.8
2009-12-20;-11.6;4.0;12;20;2009;354;-3.8
2009-12-21;-5.7;8.0;12;21;2009;355;1.2
2009-12-22;5.5;8.4;12;22;2009;356;7.0
2009-12-23;4.870588235294118;7.788235294117648;12;23;2009;357;6.376470588235295
2009-12-24;4.241176470588235;7.176470588235294;12;24;2009;358;5.752941176470588
2009-12-25;3.6117647058823534;6.564705882352941;12;25;2009;359;5.129411764705882
2009-12-26;2.982352941176471;5.952941176470588;12;26;2009;360;4.505882352941176
2009-12-27;2.3529411764705888;5.341176470588236;12;27;2009;361;3.882352941176471
2009-12-28;1.7235294117647064;4.729411764705882;12;28;2009;362;3.2588235294117647
2009-12-29;1.094117647058824;4.11764705882353;12;29;2009;363;2.6352941176470592
2009-12-30;0.4647058823529422;3.5058823529411764;12;30;2009;364;2.011764705882353
2009-12-31;-0.1647058823529406;2.894117647058824;12;31;2009;365;1.3882352941176477
2010-01-01;-0.7941176470588225;2.2823529411764705;1;1;2010;1;0.7647058823529411
2010-01-02;-1.4235294117647053;1.670588235294118;1;2;2010;2;0.1411764705882356
2010-01-03;-2.052941176470587;1.0588235294117645;1;3;2010;3;-0.4823529411764706
2010-01-04;-2.68235294117647;0.4470588235294119;1;4;2010;4;-1.105882352941176
2010-01-05;-3.311764705882352;-0.1647058823529406;1;5;2010;5;-1.7294117647058815
2010-01-06;-3.9411764705882337;-0.7764705882352949;1;6;2010;6;-2.3529411764705888
2010-01-07;-4.570588235294116;-1.3882352941176477;1;7;2010;7;-2.976470588235294
2010-01-08;-5.2;-2.0;1;8;2010;8;-3.6
2010-01-09;-7.6;-2.6;1;9;2010;9;-5.1
2010-01-10;-14.6;-2.1;1;10;2010;10;-8.4
2010-01-11;-8.2;4.5;1;11;2010;11;-1.8
2010-01-12;-6.424999999999999;5.15;1;12;2010;12;-0.6000000000000001
2010-01-13;-4.65;5.8;1;13;2010;13;0.5999999999999999
2010-01-14;-2.875;6.45;1;14;2010;14;1.8
2010-01-15;-1.0999999999999996;7.1;1;15;2010;15;3.0
2010-01-16;0.6750000000000007;7.75;1;16;2010;16;4.2
2010-01-17;2.4499999999999997;8.4;1;17;2010;17;5.4
2010-01-18;4.225;9.05;1;18;2010;18;6.6000000000000005
2010-01-19;6.0;9.7;1;19;2010;19;7.8
2010-01-20;1.2;9.1;1;20;2010;20;5.2
2010-01-21;-0.6;9.2;1;21;2010;21;4.3
2010-01-22;-1.2;12.7;1;22;2010;22;5.8
2010-01-23;1.1;12.8;1;23;2010;23;7.0
2010-01-24;-2.5;8.0;1;24;2010;24;2.8
2010-01-25;-1.5;5.1;1;25;2010;25;1.8
2010-01-26;-2.4;3.5;1;26;2010;26;0.6
2010-01-27;-6.049999999999999;5.4;1;27;2010;27;-0.2999999999999999
2010-01-28;-9.7;7.3;1;28;2010;28;-1.2
2010-01-29;-1.4;8.6;1;29;2010;29;3.6
2010-01-30;1.5;8.8;1;30;2010;30;5.2
2010-01-31;0.1;5.2;1;31;2010;31;2.6
2010-02-01;-4.7;6.5;2;1;2010;32;0.9
2010-02-02;-6.7;10.3;2;2;2010;33;1.8
2010-02-03;-7.2;17.7;2;3;2010;34;5.2
2010-02-04;-1.1;10.2;2;4;2010;35;4.6
2010-02-05;3.4;8.2;2;5;2010;36;5.8
2010-02-06;0.9;11.2;2;6;2010;37;6.0
2010-02-07;0.2;10.9;2;7;2010;38;5.6
2010-02-08;3.1;6.9;2;8;2010;39;5.0
2010-02-09;-2.6;4.8;2;9;2010;40;1.1
2010-02-10;-4.9;5.6;2;10;2010;41;0.4
2010-02-11;-5.7;0.1;2;11;2010;42;-2.8
2010-02-12;-5.6;2.3;2;12;2010;43;-1.6
2010-02-13;-6.4;2.9;2;13;2010;44;-1.8
2010-02-14;-8.4;4.1;2;14;2010;45;-2.2
2010-02-15;-6.4;3.1;2;15;2010;46;-1.6
2010-02-16;-0.3;8.8;2;16;2010;47;4.2
2010-02-17;4.7;7.6;2;17;2010;48;6.2
2010-02-18;1.9;10.6;2;18;2010;49;6.2
2010-02-19;-0.8;5.4;2;19;2010;50;2.3
2010-02-20;-2.5;7.2;2;20;2010;51;2.4
2010-02-21;-1.4;9.0;2;21;2010;52;3.8
2010-02-22;5.7;9.6;2;22;2010;53;7.6
2010-02-23;4.1;9.5;2;23;2010;54;6.8
2010-02-24;5.1;11.0;2;24;2010;55;8.0
2010-02-25;7.2;11.7;2;25;2010;56;9.4
2010-02-26;2.2;12.0;2;26;2010;57;7.1
2010-02-27;2.3;19.7;2;27;2010;58;11.0
2010-02-28;2.7;13.5;2;28;2010;59;8.1
2010-03-01;2.7;13.0;3;1;2010;60;7.85
2010-03-02;2.7;12.5;3;2;2010;61;7.6
2010-03-03;2.7;12.0;3;3;2010;62;7.35
2010-03-04;2.7;11.5;3;4;2010;63;7.1
2010-03-05;1.6;6.9;3;5;2010;64;4.2
2010-03-06;-0.9;5.4;3;6;2010;65;2.2
2010-03-07;-1.6;4.6;3;7;2010;66;1.5
2010-03-08;-6.3;0.1;3;8;2010;67;-3.1
2010-03-09;-7.6;5.8;3;9;2010;68;-0.9
2010-03-10;-5.5;3.4;3;10;2010;69;-1.0
2010-03-11;-6.2;1.6;3;11;2010;70;-2.3
2010-03-12;-5.8;0.5;3;12;2010;71;-2.6
2010-03-13;-7.1;9.8;3;13;2010;72;1.4
2010-03-14;-6.7;12.7;3;14;2010;73;3.0
2010-03-15;-7.3;17.0;3;15;2010;74;4.8
2010-03-16;-6.7;18.9;3;16;2010;75;6.1
2010-03-17;-5.1;20.1;3;17;2010;76;7.5
2010-03-18;0.0;16.3;3;18;2010;77;8.2
2010-03-19;0.0;14.3;3;19;2010;78;7.2
2010-03-20;6.0;18.0;3;20;2010;79;12.0
2010-03-21;5.5;15.1;3;21;2010;80;10.3
2010-03-22;3.2;17.0;3;22;2010;81;10.1
2010-03-23;0.7;15.9;3;23;2010;82;8.3
2010-03-24;6.2;18.4;3;24;2010;83;12.3
2010-03-25;4.7;14.1;3;25;2010;84;9.4
2010-03-26;2.7;10.8;3;26;2010;85;6.8
2010-03-27;2.5;14.8;3;27;2010;86;8.6
2010-03-28;0.3;19.4;3;28;2010;87;9.8
2010-03-29;1.8;13.6;3;29;2010;88;7.7
2010-03-30;2.5;11.5;3;30;2010;89;7.0
2010-03-31;1.1;11.3;3;31;2010;90;6.2
2010-04-01;-0.3;11.1;4;1;2010;91;5.4
2010-04-02;-0.75;11.7;4;2;2010;92;5.5
2010-04-03;-1.2;12.3;4;3;2010;93;5.6
2010-04-04;0.1;13.3;4;4;2010;94;6.7
2010-04-05;-2.8;19.5;4;5;2010;95;8.4
2010-04-06;1.3;21.6;4;6;2010;96;11.4
2010-04-07;2.0;9.6;4;7;2010;97;5.8
2010-04-08;-1.5;17.1;4;8;2010;98;7.8
2010-04-09;-2.8;17.7;4;9;2010;99;7.4
2010-04-10;-1.3;18.8;4;10;2010;100;8.8
2010-04-11;-1.9;21.9;4;11;2010;101;10.0
2010-04-12;3.1;13.5;4;12;2010;102;8.3
2010-04-13;1.0;6.2;4;13;2010;103;3.6
2010-04-14;4.4;9.9;4;14;2010;104;7.2
2010-04-15;4.8;16.0;4;15;2010;105;10.4
2010-04-16;3.4;17.3;4;16;2010;106;10.4
2010-04-17;6.8;11.7;4;17;2010;107;9.2
2010-04-18;6.6;16.0;4;18;2010;108;11.3
2010-04-19;5.7;19.2;4;19;2010;109;12.4
2010-04-20;2.4;21.2;4;20;2010;110;11.8
2010-04-21;3.8;22.2;4;21;2010;111;13.0
2010-04-22;8.8;17.7;4;22;2010;112;13.2
2010-04-23;7.4;19.4;4;23;2010;113;13.4
2010-04-24;4.9;23.1;4;24;2010;114;14.0
2010-04-25;6.2;25.5;4;25;2010;115;15.8
2010-04-26;6.6;24.8;4;26;2010;116;15.7
2010-04-27;6.4;27.5;4;27;2010;117;17.0
2010-04-28;4.3;27.6;4;28;2010;118;16.0
2010-04-29;9.5;24.1;4;29;2010;119;16.8
2010-04-30;7.4;21.1;4;30;2010;120;14.2
2010-05-01;9.3;19.3;5;1;2010;121;14.3
2010-05-02;5.0;20.1;5;2;2010;122;12.6
2010-05-03;0.9;10.1;5;3;2010;123;5.5
2010-05-04;1.9;5.2;5;4;2010;124;3.6
2010-05-05;2.0;8.4;5;5;2010;125;5.2
2010-05-06;-2.0;16.7;5;6;2010;126;7.4
2010-05-07;-0.3;14.3;5;7;2010;127;7.0
2010-05-08;5.0;14.6;5;8;2010;128;9.8
2010-05-09;8.7;15.4;5;9;2010;129;12.0
2010-05-10;6.9;13.6;5;10;2010;130;10.2
2010-05-11;1.5;15.5;5;11;2010;131;8.5
2010-05-12;5.0;11.8;5;12;2010;132;8.4
2010-05-13;3.1;11.9;5;13;2010;133;7.5
2010-05-14;1.4;11.0;5;14;2010;134;6.2
2010-05-15;2.0;12.9;5;15;2010;135;7.4
2010-05-16;-0.7;16.7;5;16;2010;136;8.0
2010-05-17;0.5;21.4;5;17;2010;137;11.0
2010-05-18;1.4;24.6;5;18;2010;138;13.0
2010-05-19;3.5;23.0;5;19;2010;139;13.2
2010-05-20;3.4;25.4;5;20;2010;140;14.4
2010-05-21;5.0;27.6;5;21;2010;141;16.3
2010-05-22;6.9;27.6;5;22;2010;142;17.2
2010-05-23;8.0;26.1;5;23;2010;143;17.0
2010-05-24;8.3;23.9;5;24;2010;144;16.1
2010-05-25;9.3;22.7;5;25;2010;145;16.0
2010-05-26;6.9;22.0;5;26;2010;146;14.4
2010-05-27;6.5;24.1;5;27;2010;147;15.3
2010-05-28;8.0;19.2;5;28;2010;148;13.6
2010-05-29;4.0;23.5;5;29;2010;149;13.8
2010-05-30;6.4;27.6;5;30;2010;150;17.0
2010-05-31;8.6;28.2;5;31;2010;151;18.4
2010-06-01;9.8;27.7;6;1;2010;152;18.8
2010-06-02;11.1;26.3;6;2;2010;153;18.7
2010-06-03;8.0;28.1;6;3;2010;154;18.0
2010-06-04;7.0;31.2;6;4;2010;155;19.1
2010-06-05;11.2;30.2;6;5;2010;156;20.7
2010-06-06;12.7;25.5;6;6;2010;157;19.1
2010-06-07;10.8;27.6;6;7;2010;158;19.2
2010-06-08;9.1;26.5;6;8;2010;159;17.8
2010-06-09;10.7;14.4;6;9;2010;160;12.6
2010-06-10;9.7;16.2;6;10;2010;161;13.0
2010-06-11;9.7;15.6;6;11;2010;162;12.6
2010-06-12;10.7;16.1;6;12;2010;163;13.4
2010-06-13;10.8;22.0;6;13;2010;164;16.4
2010-06-14;8.2;18.9;6;14;2010;165;13.6
2010-06-15;4.5;15.4;6;15;2010;166;10.0
2010-06-16;5.7;14.0;6;16;2010;167;9.8
2010-06-17;5.8;20.8;6;17;2010;168;13.3
2010-06-18;6.6;22.2;6;18;2010;169;14.4
2010-06-19;8.9;21.4;6;19;2010;170;15.2
2010-06-20;5.3;19.2;6;20;2010;171;12.2
2010-06-21;1.8;24.6;6;21;2010;172;13.2
2010-06-22;4.9;28.3;6;22;2010;173;16.6
2010-06-23;6.0;29.7;6;23;2010;174;17.8
2010-06-24;7.0;32.0;6;24;2010;175;19.5
2010-06-25;13.7;31.2;6;25;2010;176;22.4
2010-06-26;12.5;29.0;6;26;2010;177;20.8
2010-06-27;14.0;27.9;6;27;2010;178;21.0
2010-06-28;10.9;28.0;6;28;2010;179;19.4
2010-06-29;12.9;28.4;6;29;2010;180;20.6
2010-06-30;10.9;29.6;6;30;2010;181;20.2
2010-07-01;12.9;31.9;7;1;2010;182;22.4
2010-07-02;15.1;29.4;7;2;2010;183;22.2
2010-07-03;13.3;27.2;7;3;2010;184;20.2
2010-07-04;12.5;30.8;7;4;2010;185;21.6
2010-07-05;12.8;32.2;7;5;2010;186;22.5
2010-07-06;10.4;33.4;7;6;2010;187;21.9
2010-07-07;13.7;34.6;7;7;2010;188;24.2
2010-07-08;15.2;33.9;7;8;2010;189;24.6
2010-07-09;18.2;31.5;7;9;2010;190;24.8
2010-07-10;15.0;33.9;7;10;2010;191;24.4
2010-07-11;14.4;34.1;7;11;2010;192;24.2
2010-07-12;14.7;31.6;7;12;2010;193;23.2
2010-07-13;10.0;31.6;7;13;2010;194;20.8
2010-07-14;12.1;29.4;7;14;2010;195;20.8
2010-07-15;8.4;30.6;7;15;2010;196;19.5
2010-07-16;11.0;31.4;7;16;2010;197;21.2
2010-07-17;11.3;33.1;7;17;2010;198;22.2
2010-07-18;12.6;33.6;7;18;2010;199;23.1
2010-07-19;14.4;34.9;7;19;2010;200;24.6
2010-07-20;16.4;32.7;7;20;2010;201;24.6
2010-07-21;14.8;30.1;7;21;2010;202;22.4
2010-07-22;15.4;28.4;7;22;2010;203;21.9
2010-07-23;12.8;29.7;7;23;2010;204;21.2
2010-07-24;9.0;30.1;7;24;2010;205;19.6
2010-07-25;8.8;29.1;7;25;2010;206;19.0
2010-07-26;9.2;31.2;7;26;2010;207;20.2
2010-07-27;7.0;33.2;7;27;2010;208;20.1
2010-07-28;11.2;33.0;7;28;2010;209;22.1
2010-07-29;13.4;32.7;7;29;2010;210;23.0
2010-07-30;10.2;31.8;7;30;2010;211;21.0
2010-07-31;10.6;31.6;7;31;2010;212;21.1
2010-08-01;15.8;31.0;8;1;2010;213;23.4
2010-08-02;13.7;30.8;8;2;2010;214;22.2
2010-08-03;11.8;29.8;8;3;2010;215;20.8
2010-08-04;9.2;29.6;8;4;2010;216;19.4
2010-08-05;10.4;28.5;8;5;2010;217;19.4
2010-08-06;7.0;32.6;8;6;2010;218;19.8
2010-08-07;7.2;33.0;8;7;2010;219;20.1
2010-08-08;14.2;31.5;8;8;2010;220;22.8
2010-08-09;17.8;30.7;8;9;2010;221;24.2
2010-08-10;15.6;30.5;8;10;2010;222;23.0
2010-08-11;14.4;30.6;8;11;2010;223;22.5
2010-08-12;11.4;30.7;8;12;2010;224;21.0
2010-08-13;10.5;18.1;8;13;2010;225;14.3
2010-08-14;5.5;24.1;8;14;2010;226;14.8
2010-08-15;6.2;27.7;8;15;2010;227;17.0
2010-08-16;8.0;25.5;8;16;2010;228;16.8
2010-08-17;10.8;26.0;8;17;2010;229;18.4
2010-08-18;13.0;27.6;8;18;2010;230;20.3
2010-08-19;12.5;22.6;8;19;2010;231;17.6
2010-08-20;9.5;32.9;8;20;2010;232;21.2
2010-08-21;11.4;34.7;8;21;2010;233;23.0
2010-08-22;13.2;32.3;8;22;2010;234;22.8
2010-08-23;13.0;30.5;8;23;2010;235;21.8
2010-08-24;10.7;30.7;8;24;2010;236;20.7
2010-08-25;10.6;33.6;8;25;2010;237;22.1
2010-08-26;13.1;34.2;8;26;2010;238;23.6
2010-08-27;12.0;31.6;8;27;2010;239;21.8
2010-08-28;9.8;31.1;8;28;2010;240;20.4
2010-08-29;7.7;30.5;8;29;2010;241;19.1
2010-08-30;5.9;29.0;8;30;2010;242;17.4
2010-08-31;5.2;30.6;8;31;2010;243;17.9
2010-09-01;11.6;26.6;9;1;2010;244;19.1
2010-09-02;13.0;22.2;9;2;2010;245;17.6
2010-09-03;12.8;27.4;9;3;2010;246;20.1
2010-09-04;11.2;28.0;9;4;2010;247;19.6
2010-09-05;11.2;29.0;9;5;2010;248;20.1
2010-09-06;12.2;27.9;9;6;2010;249;20.0
2010-09-07;13.0;21.2;9;7;2010;250;17.1
2010-09-08;8.2;21.2;9;8;2010;251;14.7
2010-09-09;6.0;24.0;9;9;2010;252;15.0
2010-09-10;5.1;27.1;9;10;2010;253;16.1
2010-09-11;5.3;29.2;9;11;2010;254;17.2
2010-09-12;7.7;29.6;9;12;2010;255;18.6
2010-09-13;9.0;30.8;9;13;2010;256;19.9
2010-09-14;5.5;28.9;9;14;2010;257;17.2
2010-09-15;7.0;31.2;9;15;2010;258;19.1
2010-09-16;13.6;20.8;9;16;2010;259;17.2
2010-09-17;12.5;19.4;9;17;2010;260;16.0
2010-09-18;10.1;20.4;9;18;2010;261;15.2
2010-09-19;6.9;24.3;9;19;2010;262;15.6
2010-09-20;8.1;20.2;9;20;2010;263;14.2
2010-09-21;8.2;24.1;9;21;2010;264;16.2
2010-09-22;8.8;24.3;9;22;2010;265;16.6
2010-09-23;10.7;20.5;9;23;2010;266;15.6
2010-09-24;11.0;20.2;9;24;2010;267;15.6
2010-09-25;5.4;16.2;9;25;2010;268;10.8
2010-09-26;3.0;18.1;9;26;2010;269;10.6
2010-09-27;-0.4;20.3;9;27;2010;270;10.0
2010-09-28;2.2;21.7;9;28;2010;271;12.0
2010-09-29;-0.4;23.6;9;29;2010;272;11.6
2010-09-30;3.6;22.6;9;30;2010;273;13.1
2010-10-01;4.0;23.7;10;1;2010;274;13.8
2010-10-02;3.4;24.5;10;2;2010;275;14.0
2010-10-03;4.4;20.0;10;3;2010;276;12.2
2010-10-04;4.0;16.4;10;4;2010;277;10.2
2010-10-05;0.6;20.3;10;5;2010;278;10.4
2010-10-06;1.8;24.6;10;6;2010;279;13.2
2010-10-07;6.0;23.7;10;7;2010;280;14.8
2010-10-08;11.4;23.5;10;8;2010;281;17.4
2010-10-09;10.2;20.5;10;9;2010;282;15.4
2010-10-10;6.4;14.6;10;10;2010;283;10.5
2010-10-11;6.4;14.6;10;11;2010;284;10.5
2010-10-12;8.0;12.5;10;12;2010;285;10.2
2010-10-13;6.9;17.9;10;13;2010;286;12.4
2010-10-14;2.8;18.6;10;14;2010;287;10.7
2010-10-15;-0.2;16.9;10;15;2010;288;8.4
2010-10-16;-1.0;15.4;10;16;2010;289;7.2
2010-10-17;-1.0;13.1;10;17;2010;290;6.0
2010-10-18;-3.8;14.7;10;18;2010;291;5.4
2010-10-19;-3.7;18.6;10;19;2010;292;7.4
2010-10-20;-4.4;18.5;10;20;2010;293;7.0
2010-10-21;-3.7;20.1;10;21;2010;294;8.2
2010-10-22;-3.0;19.9;10;22;2010;295;8.4
2010-10-23;0.6;19.0;10;23;2010;296;9.8
2010-10-24;-0.7;18.2;10;24;2010;297;8.8
2010-10-25;-1.4;10.6;10;25;2010;298;4.6
2010-10-26;-4.7;18.4;10;26;2010;299;6.8
2010-10-27;-4.4;21.8;10;27;2010;300;8.7
2010-10-28;2.2;21.7;10;28;2010;301;12.0
2010-10-29;0.5;18.8;10;29;2010;302;9.6
2010-10-30;5.0;9.5;10;30;2010;303;7.2
2010-10-31;4.6;10.0;10;31;2010;304;7.3
2010-11-01;6.1;10.6;11;1;2010;305;8.4
2010-11-02;2.3;15.1;11;2;2010;306;8.7
2010-11-03;1.3;18.5;11;3;2010;307;9.9
2010-11-04;0.8;20.1;11;4;2010;308;10.4
2010-11-05;2.5;17.7;11;5;2010;309;10.1
2010-11-06;1.6;18.4;11;6;2010;310;10.0
2010-11-07;-0.4;10.6;11;7;2010;311;5.1
2010-11-08;-1.2;8.3;11;8;2010;312;3.6
2010-11-09;4.2;9.6;11;9;2010;313;6.9
2010-11-10;-1.6;9.4;11;10;2010;314;3.9
2010-11-11;-3.2;10.6;11;11;2010;315;3.7
2010-11-12;0.5;15.6;11;12;2010;316;8.0
2010-11-13;-0.4;12.4;11;13;2010;317;6.0
2010-11-14;4.3;11.7;11;14;2010;318;8.0
2010-11-15;0.9;7.1;11;15;2010;319;4.0
2010-11-16;-2.4;9.4;11;16;2010;320;3.5
2010-11-17;-2.1;6.2;11;17;2010;321;2.0
2010-11-18;-3.0;8.0;11;18;2010;322;2.5
2010-11-19;-3.7;8.2;11;19;2010;323;2.2
2010-11-20;2.9;9.4;11;20;2010;324;6.2
2010-11-21;0.8;7.0;11;21;2010;325;3.9
2010-11-22;-1.6;8.2;11;22;2010;326;3.3
2010-11-23;-3.5;6.8;11;23;2010;327;1.6
2010-11-24;-4.4;8.6;11;24;2010;328;2.1
2010-11-25;-6.7;7.5;11;25;2010;329;0.4
2010-11-26;-6.7;4.8;11;26;2010;330;-1.0
2010-11-27;-8.3;4.2;11;27;2010;331;-2.0
2010-11-28;-8.2;4.8;11;28;2010;332;-1.7
2010-11-29;-9.2;2.1;11;29;2010;333;-3.6
2010-11-30;0.6;7.6;11;30;2010;334;4.1
2010-12-01;0.0;4.3;12;1;2010;335;2.2
2010-12-02;-3.7;2.7;12;2;2010;336;-0.5
2010-12-03;-10.1;1.3;12;3;2010;337;-4.4
2010-12-04;-13.3;3.7;12;4;2010;338;-4.8
2010-12-05;-1.7;10.0;12;5;2010;339;4.2
2010-12-06;9.5;14.3;12;6;2010;340;11.9
2010-12-07;9.0;12.1;12;7;2010;341;10.6
2010-12-08;7.4;13.4;12;8;2010;342;10.4
2010-12-09;7.4;14.0;12;9;2010;343;10.7
2010-12-10;0.5;15.5;12;10;2010;344;8.0
2010-12-11;-2.5;14.6;12;11;2010;345;6.0
2010-12-12;-0.9;13.8;12;12;2010;346;6.4
2010-12-13;1.2;12.2;12;13;2010;347;6.7
2010-12-14;-2.2;8.1;12;14;2010;348;3.0
2010-12-15;-5.8;2.0;12;15;2010;349;-1.9
2010-12-16;-8.9;2.4;12;16;2010;350;-3.2
2010-12-17;-10.0;7.0;12;17;2010;351;-1.5
2010-12-18;-8.4;9.1;12;18;2010;352;0.4
2010-12-19;0.6;8.5;12;19;2010;353;4.6
2010-12-20;0.6;6.3;12;20;2010;354;3.4
2010-12-21;1.0;11.3;12;21;2010;355;6.2
2010-12-22;3.8;10.8;12;22;2010;356;7.3
2010-12-23;-0.4;4.8;12;23;2010;357;2.2
2010-12-24;-2.5;2.2;12;24;2010;358;-0.2
2010-12-25;-7.4;1.0;12;25;2010;359;-3.2
2010-12-26;-11.5;6.5;12;26;2010;360;-2.5
2010-12-27;-9.8;10.8;12;27;2010;361;0.5
2010-12-28;-5.6;8.3;12;28;2010;362;1.4
2010-12-29;-2.0;14.1;12;29;2010;363;6.0
2010-12-30;-2.7;8.8;12;30;2010;364;3.0
2010-12-31;2.7;8.4;12;31;2010;365;5.6
2011-01-01;0.7;9.0;1;1;2011;1;4.8
2011-01-02;-4.2;8.1;1;2;2011;2;2.0
2011-01-03;-6.6;9.0;1;3;2011;3;1.2
2011-01-04;-2.8;6.5;1;4;2011;4;1.8
2011-01-05;4.4;7.7;1;5;2011;5;6.0
2011-01-06;7.3;11.5;1;6;2011;6;9.4
2011-01-07;6.2;10.1;1;7;2011;7;8.2
2011-01-08;6.5;10.1;1;8;2011;8;8.3
2011-01-09;1.8;7.3;1;9;2011;9;4.6
2011-01-10;1.5;8.0;1;10;2011;10;4.8
2011-01-11;4.2;10.9;1;11;2011;11;7.6
2011-01-12;-0.4;13.0;1;12;2011;12;6.3
2011-01-13;-1.5;16.2;1;13;2011;13;7.4
2011-01-14;-3.4;16.0;1;14;2011;14;6.3
2011-01-15;-5.4;17.1;1;15;2011;15;5.8
2011-01-16;-5.5;14.1;1;16;2011;16;4.3
2011-01-17;-5.1;13.4;1;17;2011;17;4.2
2011-01-18;-3.4;11.4;1;18;2011;18;4.0
2011-01-19;2.8;11.1;1;19;2011;19;7.0
2011-01-20;-5.1;9.5;1;20;2011;20;2.2
2011-01-21;-10.6;2.9;1;21;2011;21;-3.8
2011-01-22;-12.0;3.3;1;22;2011;22;-4.4
2011-01-23;-13.6;3.0;1;23;2011;23;-5.3
2011-01-24;-13.4;6.0;1;24;2011;24;-3.7
2011-01-25;-13.2;8.2;1;25;2011;25;-2.5
2011-01-26;-12.8;8.6;1;26;2011;26;-2.1
2011-01-27;-4.3;4.2;1;27;2011;27;0.0
2011-01-28;-3.3;5.8;1;28;2011;28;1.2
2011-01-29;-0.3;3.0;1;29;2011;29;1.4
2011-01-30;-4.3;1.0;1;30;2011;30;-1.6
2011-01-31;-2.4;2.0;1;31;2011;31;-0.2
2011-02-01;-8.6;4.9;2;1;2011;32;-1.8
2011-02-02;-8.4;9.1;2;2;2011;33;0.4
2011-02-03;-7.5;10.3;2;3;2011;34;1.4
2011-02-04;-7.0;14.7;2;4;2011;35;3.8
2011-02-05;-6.4;16.8;2;5;2011;36;5.2
2011-02-06;-5.7;19.2;2;6;2011;37;6.8
2011-02-07;-6.0;17.0;2;7;2011;38;5.5
2011-02-08;-6.5;15.8;2;8;2011;39;4.6
2011-02-09;-6.5;14.8;2;9;2011;40;4.2
2011-02-10;-6.4;15.3;2;10;2011;41;4.4
2011-02-11;-5.0;13.7;2;11;2011;42;4.4
2011-02-12;-6.2;12.7;2;12;2011;43;3.2
2011-02-13;-4.3;9.8;2;13;2011;44;2.8
2011-02-14;-0.1;7.2;2;14;2011;45;3.6
2011-02-15;1.3;5.3;2;15;2011;46;3.3
2011-02-16;0.0;6.3;2;16;2011;47;3.2
2011-02-17;0.0;3.5;2;17;2011;48;1.8
2011-02-18;-3.9;10.5;2;18;2011;49;3.3
2011-02-19;-0.4;8.3;2;19;2011;50;4.0
2011-02-20;2.6;10.9;2;20;2011;51;6.8
2011-02-21;3.6;9.5;2;21;2011;52;6.6
2011-02-22;5.5;12.4;2;22;2011;53;9.0
2011-02-23;1.6;15.3;2;23;2011;54;8.4
2011-02-24;-1.7;17.7;2;24;2011;55;8.0
2011-02-25;-2.7;19.9;2;25;2011;56;8.6
2011-02-26;-0.8;18.2;2;26;2011;57;8.7
2011-02-27;-1.2;8.3;2;27;2011;58;3.6
2011-02-28;-2.3;5.6;2;28;2011;59;1.6
2011-03-01;-1.9;5.9;3;1;2011;60;2.0
2011-03-02;-2.0;4.2;3;2;2011;61;1.1
2011-03-03;-1.0;3.3;3;3;2011;62;1.2
2011-03-04;-0.8;6.5;3;4;2011;63;2.8
2011-03-05;-3.0;10.9;3;5;2011;64;4.0
2011-03-06;-6.2;13.9;3;6;2011;65;3.8
2011-03-07;-2.8;14.0;3;7;2011;66;5.6
2011-03-08;2.6;11.5;3;8;2011;67;7.0
2011-03-09;0.1;15.8;3;9;2011;68;8.0
2011-03-10;-4.2;17.8;3;10;2011;69;6.8
2011-03-11;-4.6;11.6;3;11;2011;70;3.5
2011-03-12;4.0;11.5;3;12;2011;71;7.8
2011-03-13;2.2;9.1;3;13;2011;72;5.6
2011-03-14;1.3;11.2;3;14;2011;73;6.2
2011-03-15;3.1;7.7;3;15;2011;74;5.4
2011-03-16;0.7;5.0;3;16;2011;75;2.8
2011-03-17;1.3;11.6;3;17;2011;76;6.4
2011-03-18;-2.9;17.6;3;18;2011;77;7.4
2011-03-19;-3.2;17.7;3;19;2011;78;7.2
2011-03-20;-4.7;19.3;3;20;2011;79;7.3
2011-03-21;-2.0;16.2;3;21;2011;80;7.1
2011-03-22;-1.2;8.5;3;22;2011;81;3.6
2011-03-23;1.7;9.5;3;23;2011;82;5.6
2011-03-24;4.0;9.0;3;24;2011;83;6.5
2011-03-25;2.0;16.2;3;25;2011;84;9.1
2011-03-26;2.7;16.5;3;26;2011;85;9.6
2011-03-27;5.5;10.4;3;27;2011;86;8.0
2011-03-28;5.3;13.0;3;28;2011;87;9.2
2011-03-29;5.9;14.5;3;29;2011;88;10.2
2011-03-30;5.6;14.8;3;30;2011;89;10.2
2011-03-31;1.8;22.0;3;31;2011;90;11.9
2011-04-01;1.9;23.7;4;1;2011;91;12.8
2011-04-02;2.4;22.0;4;2;2011;92;12.2
2011-04-03;5.0;19.4;4;3;2011;93;12.2
2011-04-04;6.9;21.7;4;4;2011;94;14.3
2011-04-05;4.1;25.8;4;5;2011;95;15.0
2011-04-06;2.3;26.8;4;6;2011;96;14.6
2011-04-07;3.4;26.9;4;7;2011;97;15.2
2011-04-08;2.0;28.7;4;8;2011;98;15.4
2011-04-09;3.5;27.3;4;9;2011;99;15.4
2011-04-10;4.8;21.5;4;10;2011;100;13.2
2011-04-11;4.9;21.3;4;11;2011;101;13.1
2011-04-12;3.1;23.1;4;12;2011;102;13.1
2011-04-13;-0.2;24.9;4;13;2011;103;12.4
2011-04-14;1.6;24.1;4;14;2011;104;12.8
2011-04-15;-1.5;20.0;4;15;2011;105;9.2
2011-04-16;0.7;20.0;4;16;2011;106;10.4
2011-04-17;2.8;22.2;4;17;2011;107;12.5
2011-04-18;0.5;23.7;4;18;2011;108;12.1
2011-04-19;8.0;20.1;4;19;2011;109;14.0
2011-04-20;6.1;18.8;4;20;2011;110;12.4
2011-04-21;5.9;19.6;4;21;2011;111;12.8
2011-04-22;4.6;14.3;4;22;2011;112;9.4
2011-04-23;4.5;13.4;4;23;2011;113;9.0
2011-04-24;4.2;15.5;4;24;2011;114;9.8
2011-04-25;8.4;19.6;4;25;2011;115;14.0
2011-04-26;5.5;19.4;4;26;2011;116;12.4
2011-04-27;1.9;22.3;4;27;2011;117;12.1
2011-04-28;2.8;20.6;4;28;2011;118;11.7
2011-04-29;4.6;18.5;4;29;2011;119;11.6
2011-04-30;8.2;13.3;4;30;2011;120;10.8
2011-05-01;8.1;18.6;5;1;2011;121;13.4
2011-05-02;6.5;20.5;5;2;2011;122;13.5
2011-05-03;6.6;17.5;5;3;2011;123;12.0
2011-05-04;4.2;20.2;5;4;2011;124;12.2
2011-05-05;3.7;21.1;5;5;2011;125;12.4
2011-05-06;7.2;22.5;5;6;2011;126;14.8
2011-05-07;7.4;15.6;5;7;2011;127;11.5
2011-05-08;2.9;22.3;5;8;2011;128;12.6
2011-05-09;3.2;26.7;5;9;2011;129;15.0
2011-05-10;7.0;26.1;5;10;2011;130;16.6
2011-05-11;6.8;27.7;5;11;2011;131;17.2
2011-05-12;9.4;23.0;5;12;2011;132;16.2
2011-05-13;10.0;23.6;5;13;2011;133;16.8
2011-05-14;7.4;24.4;5;14;2011;134;15.9
2011-05-15;1.8;19.0;5;15;2011;135;10.4
2011-05-16;2.6;22.8;5;16;2011;136;12.7
2011-05-17;5.1;23.2;5;17;2011;137;14.2
2011-05-18;11.0;20.9;5;18;2011;138;16.0
2011-05-19;6.3;16.4;5;19;2011;139;11.4
2011-05-20;2.1;22.6;5;20;2011;140;12.4
2011-05-21;4.4;24.0;5;21;2011;141;14.2
2011-05-22;7.8;25.7;5;22;2011;142;16.8
2011-05-23;6.8;27.3;5;23;2011;143;17.0
2011-05-24;6.7;28.3;5;24;2011;144;17.5
2011-05-25;7.4;29.1;5;25;2011;145;18.2
2011-05-26;7.7;27.4;5;26;2011;146;17.6
2011-05-27;12.5;21.4;5;27;2011;147;17.0
2011-05-28;11.2;24.9;5;28;2011;148;18.0
2011-05-29;9.3;23.4;5;29;2011;149;16.4
2011-05-30;11.0;20.5;5;30;2011;150;15.8
2011-05-31;6.3;17.8;5;31;2011;151;12.0
2011-06-01;4.0;16.6;6;1;2011;152;10.3
2011-06-02;3.5;19.6;6;2;2011;153;11.6
2011-06-03;8.5;19.0;6;3;2011;154;13.8
2011-06-04;9.7;20.2;6;4;2011;155;15.0
2011-06-05;5.4;22.5;6;5;2011;156;14.0
2011-06-06;9.5;18.9;6;6;2011;157;14.2
2011-06-07;9.4;15.4;6;7;2011;158;12.4
2011-06-08;6.7;18.5;6;8;2011;159;12.6
2011-06-09;5.3;21.1;6;9;2011;160;13.2
2011-06-10;9.6;19.2;6;10;2011;161;14.4
2011-06-11;8.0;22.9;6;11;2011;162;15.4
2011-06-12;7.1;26.8;6;12;2011;163;17.0
2011-06-13;10.8;27.7;6;13;2011;164;19.2
2011-06-14;9.3;28.2;6;14;2011;165;18.8
2011-06-15;8.7;29.0;6;15;2011;166;18.8
2011-06-16;10.2;28.2;6;16;2011;167;19.2
2011-06-17;9.5;27.6;6;17;2011;168;18.6
2011-06-18;9.4;26.9;6;18;2011;169;18.2
2011-06-19;5.8;30.2;6;19;2011;170;18.0
2011-06-20;9.7;31.2;6;20;2011;171;20.4
2011-06-21;12.1;31.3;6;21;2011;172;21.7
2011-06-22;12.0;29.2;6;22;2011;173;20.6
2011-06-23;9.2;29.2;6;23;2011;174;19.2
2011-06-24;8.8;31.7;6;24;2011;175;20.2
2011-06-25;10.2;33.7;6;25;2011;176;22.0
2011-06-26;13.1;35.3;6;26;2011;177;24.2
2011-06-27;13.6;34.0;6;27;2011;178;23.8
2011-06-28;13.9;32.6;6;28;2011;179;23.2
2011-06-29;11.6;29.9;6;29;2011;180;20.8
2011-06-30;9.4;30.8;6;30;2011;181;20.1
2011-07-01;9.9;31.7;7;1;2011;182;20.8
2011-07-02;14.5;31.1;7;2;2011;183;22.8
2011-07-03;13.7;28.2;7;3;2011;184;21.0
2011-07-04;14.0;27.5;7;4;2011;185;20.8
2011-07-05;9.9;30.2;7;5;2011;186;20.0
2011-07-06;11.0;29.6;7;6;2011;187;20.3
2011-07-07;7.4;27.2;7;7;2011;188;17.3
2011-07-08;6.0;27.7;7;8;2011;189;16.8
2011-07-09;8.8;29.4;7;9;2011;190;19.1
2011-07-10;9.7;30.8;7;10;2011;191;20.2
2011-07-11;11.4;32.1;7;11;2011;192;21.8
2011-07-12;13.5;29.6;7;12;2011;193;21.6
2011-07-13;10.4;21.2;7;13;2011;194;15.8
2011-07-14;5.3;25.3;7;14;2011;195;15.3
2011-07-15;7.7;28.8;7;15;2011;196;18.2
2011-07-16;9.9;30.5;7;16;2011;197;20.2
2011-07-17;10.7;26.8;7;17;2011;198;18.8
2011-07-18;6.4;25.6;7;18;2011;199;16.0
2011-07-19;9.2;24.0;7;19;2011;200;16.6
2011-07-20;6.0;28.2;7;20;2011;201;17.1
2011-07-21;8.0;30.7;7;21;2011;202;19.4
2011-07-22;11.7;27.0;7;22;2011;203;19.4
2011-07-23;10.2;27.7;7;23;2011;204;19.0
2011-07-24;5.9;25.4;7;24;2011;205;15.6
2011-07-25;8.8;26.2;7;25;2011;206;17.5
2011-07-26;10.5;28.1;7;26;2011;207;19.3
2011-07-27;10.5;28.5;7;27;2011;208;19.5
2011-07-28;11.2;30.1;7;28;2011;209;20.6
2011-07-29;11.2;29.8;7;29;2011;210;20.5
2011-07-30;14.5;30.1;7;30;2011;211;22.3
2011-07-31;10.8;31.4;7;31;2011;212;21.1
2011-08-01;12.7;31.3;8;1;2011;213;22.0
2011-08-02;14.3;26.4;8;2;2011;214;20.4
2011-08-03;10.0;28.7;8;3;2011;215;19.4
2011-08-04;11.2;31.7;8;4;2011;216;21.4
2011-08-05;12.6;30.4;8;5;2011;217;21.5
2011-08-06;10.8;30.1;8;6;2011;218;20.4
2011-08-07;14.3;29.5;8;7;2011;219;21.9
2011-08-08;10.7;28.7;8;8;2011;220;19.7
2011-08-09;7.5;30.3;8;9;2011;221;18.9
2011-08-10;6.0;32.7;8;10;2011;222;19.4
2011-08-11;12.2;33.2;8;11;2011;223;22.7
2011-08-12;13.8;33.9;8;12;2011;224;23.8
2011-08-13;14.0;29.8;8;13;2011;225;21.9
2011-08-14;11.7;30.4;8;14;2011;226;21.0
2011-08-15;11.0;33.6;8;15;2011;227;22.3
2011-08-16;13.1;33.0;8;16;2011;228;23.0
2011-08-17;12.6;32.9;8;17;2011;229;22.8
2011-08-18;17.4;32.6;8;18;2011;230;25.0
2011-08-19;14.3;34.3;8;19;2011;231;24.3
2011-08-20;12.9;36.4;8;20;2011;232;24.6
2011-08-21;16.1;36.0;8;21;2011;233;26.0
2011-08-22;13.7;29.1;8;22;2011;234;21.4
2011-08-23;9.3;30.3;8;23;2011;235;19.8
2011-08-24;11.5;29.1;8;24;2011;236;20.3
2011-08-25;9.3;28.8;8;25;2011;237;19.0
2011-08-26;7.8;22.6;8;26;2011;238;15.2
2011-08-27;2.2;28.0;8;27;2011;239;15.1
2011-08-28;6.5;28.5;8;28;2011;240;17.5
2011-08-29;7.7;29.1;8;29;2011;241;18.4
2011-08-30;8.7;28.6;8;30;2011;242;18.6
2011-08-31;8.4;26.4;8;31;2011;243;17.4
2011-09-01;9.1;28.3;9;1;2011;244;18.7
2011-09-02;12.1;21.6;9;2;2011;245;16.8
2011-09-03;7.4;23.0;9;3;2011;246;15.2
2011-09-04;11.3;25.3;9;4;2011;247;18.3
2011-09-05;8.0;25.9;9;5;2011;248;17.0
2011-09-06;6.3;28.7;9;6;2011;249;17.5
2011-09-07;6.0;31.2;9;7;2011;250;18.6
2011-09-08;6.4;31.2;9;8;2011;251;18.8
2011-09-09;6.5;31.2;9;9;2011;252;18.8
2011-09-10;12.1;31.0;9;10;2011;253;21.6
2011-09-11;7.4;27.1;9;11;2011;254;17.2
2011-09-12;6.0;31.8;9;12;2011;255;18.9
2011-09-13;7.5;31.6;9;13;2011;256;19.6
2011-09-14;11.5;31.2;9;14;2011;257;21.4
2011-09-15;8.4;31.4;9;15;2011;258;19.9
2011-09-16;8.9;30.0;9;16;2011;259;19.4
2011-09-17;9.0;28.5;9;17;2011;260;18.8
2011-09-18;5.4;23.0;9;18;2011;261;14.2
2011-09-19;0.5;22.4;9;19;2011;262;11.4
2011-09-20;1.8;29.1;9;20;2011;263;15.4
2011-09-21;3.9;30.6;9;21;2011;264;17.2
2011-09-22;7.0;28.7;9;22;2011;265;17.8
2011-09-23;7.6;27.6;9;23;2011;266;17.6
2011-09-24;8.5;26.1;9;24;2011;267;17.3
2011-09-25;3.3;27.4;9;25;2011;268;15.4
2011-09-26;5.0;27.3;9;26;2011;269;16.2
2011-09-27;6.4;28.1;9;27;2011;270;17.2
2011-09-28;6.0;26.1;9;28;2011;271;16.0
2011-09-29;4.8;24.7;9;29;2011;272;14.8
2011-09-30;4.5;25.4;9;30;2011;273;15.0
2011-10-01;4.6;24.5;10;1;2011;274;14.6
2011-10-02;2.0;26.4;10;2;2011;275;14.2
2011-10-03;0.8;27.7;10;3;2011;276;14.2
2011-10-04;0.7;28.1;10;4;2011;277;14.4
2011-10-05;0.7;28.3;10;5;2011;278;14.5
2011-10-06;2.0;28.0;10;6;2011;279;15.0
2011-10-07;6.5;18.2;10;7;2011;280;12.4
2011-10-08;6.0;20.0;10;8;2011;281;13.0
2011-10-09;3.0;22.3;10;9;2011;282;12.6
2011-10-10;1.5;27.9;10;10;2011;283;14.7
2011-10-11;1.5;29.7;10;11;2011;284;15.6
2011-10-12;2.0;30.0;10;12;2011;285;16.0
2011-10-13;0.6;28.9;10;13;2011;286;14.8
2011-10-14;-1.0;25.7;10;14;2011;287;12.4
2011-10-15;0.0;24.1;10;15;2011;288;12.0
2011-10-16;1.5;23.9;10;16;2011;289;12.7
2011-10-17;-0.6;20.8;10;17;2011;290;10.1
2011-10-18;-0.4;22.2;10;18;2011;291;10.9
2011-10-19;-0.7;20.8;10;19;2011;292;10.0
2011-10-20;-1.3;16.2;10;20;2011;293;7.4
2011-10-21;-3.1;19.7;10;21;2011;294;8.3
2011-10-22;-2.8;20.2;10;22;2011;295;8.7
2011-10-23;1.6;18.3;10;23;2011;296;10.0
2011-10-24;7.8;14.9;10;24;2011;297;11.4
2011-10-25;1.8;11.2;10;25;2011;298;6.5
2011-10-26;0.0;14.0;10;26;2011;299;7.0
2011-10-27;7.6;13.9;10;27;2011;300;10.8
2011-10-28;7.8;12.4;10;28;2011;301;10.1
2011-10-29;5.9;17.9;10;29;2011;302;11.9
2011-10-30;5.1;20.2;10;30;2011;303;12.6
2011-10-31;2.4;18.4;10;31;2011;304;10.4
2011-11-01;4.2;16.5;11;1;2011;305;10.4
2011-11-02;3.8;16.4;11;2;2011;306;10.1
2011-11-03;6.3;12.9;11;3;2011;307;9.6
2011-11-04;5.7;11.1;11;4;2011;308;8.4
2011-11-05;4.1;6.6;11;5;2011;309;5.4
2011-11-06;4.7;8.3;11;6;2011;310;6.5
2011-11-07;7.7;10.0;11;7;2011;311;8.8
2011-11-08;2.2;13.9;11;8;2011;312;8.0
2011-11-09;-0.6;15.5;11;9;2011;313;7.4
2011-11-10;4.7;15.9;11;10;2011;314;10.3
2011-11-11;3.9;16.5;11;11;2011;315;10.2
2011-11-12;0.3;19.3;11;12;2011;316;9.8
2011-11-13;3.3;16.1;11;13;2011;317;9.7
2011-11-14;3.9;13.9;11;14;2011;318;8.9
2011-11-15;3.5;9.8;11;15;2011;319;6.6
2011-11-16;3.1;9.3;11;16;2011;320;6.2
2011-11-17;-1.1;12.9;11;17;2011;321;5.9
2011-11-18;2.1;13.2;11;18;2011;322;7.6
2011-11-19;-0.1;13.2;11;19;2011;323;6.6
2011-11-20;7.6;12.6;11;20;2011;324;10.1
2011-11-21;6.2;11.5;11;21;2011;325;8.8
2011-11-22;4.8;9.1;11;22;2011;326;7.0
2011-11-23;1.6;12.4;11;23;2011;327;7.0
2011-11-24;0.0;14.0;11;24;2011;328;7.0
2011-11-25;-1.7;13.1;11;25;2011;329;5.7
2011-11-26;-3.1;13.3;11;26;2011;330;5.1
2011-11-27;-4.1;13.2;11;27;2011;331;4.6
2011-11-28;-3.6;12.8;11;28;2011;332;4.6
2011-11-29;-4.5;12.7;11;29;2011;333;4.1
2011-11-30;-3.2;13.1;11;30;2011;334;5.0
2011-12-01;-4.3;12.4;12;1;2011;335;4.0
2011-12-02;3.0;7.2;12;2;2011;336;5.1
2011-12-03;0.5;9.1;12;3;2011;337;4.8
2011-12-04;-1.9;10.3;12;4;2011;338;4.2
2011-12-05;0.9;10.7;12;5;2011;339;5.8
2011-12-06;0.0;11.8;12;6;2011;340;5.9
2011-12-07;-2.6;14.9;12;7;2011;341;6.2
2011-12-08;-5.2;14.8;12;8;2011;342;4.8
2011-12-09;-5.0;10.6;12;9;2011;343;2.8
2011-12-10;-4.4;10.1;12;10;2011;344;2.8
2011-12-11;-0.1;7.4;12;11;2011;345;3.6
2011-12-12;3.1;6.9;12;12;2011;346;5.0
2011-12-13;4.7;8.9;12;13;2011;347;6.8
2011-12-14;4.1;10.5;12;14;2011;348;7.3
2011-12-15;0.6;7.4;12;15;2011;349;4.0
2011-12-16;3.2;9.2;12;16;2011;350;6.2
2011-12-17;-0.6;5.2;12;17;2011;351;2.3
2011-12-18;-3.2;4.4;12;18;2011;352;0.6
2011-12-19;-6.0;5.3;12;19;2011;353;-0.4
2011-12-20;-5.2;8.2;12;20;2011;354;1.5
2011-12-21;-0.8;12.4;12;21;2011;355;5.8
2011-12-22;-4.1;14.7;12;22;2011;356;5.3
2011-12-23;-7.7;14.8;12;23;2011;357;3.6
2011-12-24;-5.4;8.0;12;24;2011;358;1.3
2011-12-25;-8.5;11.4;12;25;2011;359;1.4
2011-12-26;-8.6;12.3;12;26;2011;360;1.8
2011-12-27;-8.2;11.1;12;27;2011;361;1.4
2011-12-28;-8.7;11.8;12;28;2011;362;1.6
2011-12-29;-3.9;6.1;12;29;2011;363;1.1
2011-12-30;-7.3;7.8;12;30;2011;364;0.2
2011-12-31;-2.7;12.2;12;31;2011;365;4.8
2012-01-01;-5.8;13.8;1;1;2012;1;4.0
2012-01-02;0.6;9.0;1;2;2012;2;4.8
2012-01-03;-4.1;11.6;1;3;2012;3;3.8
2012-01-04;-3.6;11.5;1;4;2012;4;4.0
2012-01-05;-2.7;15.0;1;5;2012;5;6.2
2012-01-06;-2.3;11.1;1;6;2012;6;4.4
2012-01-07;-5.7;10.7;1;7;2012;7;2.5
2012-01-08;-8.3;12.3;1;8;2012;8;2.0
2012-01-09;-8.6;11.8;1;9;2012;9;1.6
2012-01-10;-8.6;14.0;1;10;2012;10;2.7
2012-01-11;-8.8;13.6;1;11;2012;11;2.4
2012-01-12;-10.7;12.4;1;12;2012;12;0.8
2012-01-13;-6.0;10.0;1;13;2012;13;2.0
2012-01-14;-6.9;9.8;1;14;2012;14;1.4
2012-01-15;-7.2;6.9;1;15;2012;15;-0.2
2012-01-16;-0.1;2.1;1;16;2012;16;1.0
2012-01-17;-3.3;5.9;1;17;2012;17;1.3
2012-01-18;-7.2;7.3;1;18;2012;18;0.0
2012-01-19;-7.3;7.2;1;19;2012;19;0.0
2012-01-20;-0.2;10.9;1;20;2012;20;5.4
2012-01-21;-2.5;11.0;1;21;2012;21;4.2
2012-01-22;-2.3;10.9;1;22;2012;22;4.3
2012-01-23;-4.4;9.7;1;23;2012;23;2.6
2012-01-24;-3.9;12.0;1;24;2012;24;4.0
2012-01-25;-7.1;14.7;1;25;2012;25;3.8
2012-01-26;-6.3;10.6;1;26;2012;26;2.2
2012-01-27;1.4;3.9;1;27;2012;27;2.6
2012-01-28;-1.6;6.8;1;28;2012;28;2.6
2012-01-29;-1.9;3.6;1;29;2012;29;0.8
2012-01-30;-6.1;7.7;1;30;2012;30;0.8
2012-01-31;-7.4;9.4;1;31;2012;31;1.0
2012-02-01;-7.4;7.5;2;1;2012;32;0.0
2012-02-02;-5.8;-0.7;2;2;2012;33;-3.2
2012-02-03;-7.7;-0.6;2;3;2012;34;-4.2
2012-02-04;-8.2;0.4;2;4;2012;35;-3.9
2012-02-05;-4.4;1.9;2;5;2012;36;-1.2
2012-02-06;-1.6;4.0;2;6;2012;37;1.2
2012-02-07;-5.5;2.2;2;7;2012;38;-1.6
2012-02-08;-6.7;1.0;2;8;2012;39;-2.8
2012-02-09;-5.7;6.9;2;9;2012;40;0.6
2012-02-10;-8.7;4.0;2;10;2012;41;-2.4
2012-02-11;-13.3;2.5;2;11;2012;42;-5.4
2012-02-12;-13.7;1.8;2;12;2012;43;-6.0
2012-02-13;-10.2;4.7;2;13;2012;44;-2.8
2012-02-14;-3.1;2.6;2;14;2012;45;-0.2
2012-02-15;-4.8;7.7;2;15;2012;46;1.4
2012-02-16;-5.2;8.3;2;16;2012;47;1.6
2012-02-17;-8.6;11.0;2;17;2012;48;1.2
2012-02-18;-8.6;12.2;2;18;2012;49;1.8
2012-02-19;-8.1;10.5;2;19;2012;50;1.2
2012-02-20;-9.0;8.6;2;20;2012;51;-0.2
2012-02-21;-12.0;9.1;2;21;2012;52;-1.4
2012-02-22;-11.9;12.6;2;22;2012;53;0.4
2012-02-23;-12.5;15.9;2;23;2012;54;1.7
2012-02-24;-8.7;17.4;2;24;2012;55;4.4
2012-02-25;-8.4;17.3;2;25;2012;56;4.4
2012-02-26;-2.1;18.0;2;26;2012;57;8.0
2012-02-27;-6.1;19.3;2;27;2012;58;6.6
2012-02-28;-5.6;18.6;2;28;2012;59;6.5
2012-02-29;-4.9;18.6;2;29;2012;60;6.8
2012-03-01;-5.5;18.3;3;1;2012;61;6.4
2012-03-02;-4.2;12.8;3;2;2012;62;4.3
2012-03-03;-0.1;13.7;3;3;2012;63;6.8
2012-03-04;-1.6;11.3;3;4;2012;64;4.8
2012-03-05;-1.5;10.4;3;5;2012;65;4.4
2012-03-06;-6.6;9.8;3;6;2012;66;1.6
2012-03-07;-4.6;13.6;3;7;2012;67;4.5
2012-03-08;-1.0;11.0;3;8;2012;68;5.0
2012-03-09;-6.4;16.4;3;9;2012;69;5.0
2012-03-10;-5.9;16.3;3;10;2012;70;5.2
2012-03-11;-5.4;18.3;3;11;2012;71;6.4
2012-03-12;-6.0;20.2;3;12;2012;72;7.1
2012-03-13;-4.0;22.8;3;13;2012;73;9.4
2012-03-14;-3.7;23.2;3;14;2012;74;9.8
2012-03-15;-3.1;23.1;3;15;2012;75;10.0
2012-03-16;-3.7;19.1;3;16;2012;76;7.7
2012-03-17;-3.3;14.6;3;17;2012;77;5.6
2012-03-18;-3.4;11.6;3;18;2012;78;4.1
2012-03-19;-7.6;10.2;3;19;2012;79;1.3
2012-03-20;-5.1;7.1;3;20;2012;80;1.0
2012-03-21;-0.4;7.6;3;21;2012;81;3.6
2012-03-22;-3.6;11.7;3;22;2012;82;4.0
2012-03-23;-4.5;18.2;3;23;2012;83;6.8
2012-03-24;-1.7;20.6;3;24;2012;84;9.4
2012-03-25;-2.6;19.6;3;25;2012;85;8.5
2012-03-26;-2.7;17.8;3;26;2012;86;7.6
2012-03-27;-3.0;16.8;3;27;2012;87;6.9
2012-03-28;-3.2;18.0;3;28;2012;88;7.4
2012-03-29;-3.5;18.7;3;29;2012;89;7.6
2012-03-30;-2.1;21.5;3;30;2012;90;9.7
2012-03-31;-0.9;20.9;3;31;2012;91;10.0
2012-04-01;1.8;21.8;4;1;2012;92;11.8
2012-04-02;2.6;17.5;4;2;2012;93;10.0
2012-04-03;6.6;12.9;4;3;2012;94;9.8
2012-04-04;5.2;10.7;4;4;2012;95;8.0
2012-04-05;4.3;11.0;4;5;2012;96;7.6
2012-04-06;0.3;8.0;4;6;2012;97;4.2
2012-04-07;0.9;7.0;4;7;2012;98;4.0
2012-04-08;-1.3;15.3;4;8;2012;99;7.0
2012-04-09;-1.7;19.3;4;9;2012;100;8.8
2012-04-10;4.5;15.8;4;10;2012;101;10.2
2012-04-11;0.2;13.4;4;11;2012;102;6.8
2012-04-12;2.6;10.3;4;12;2012;103;6.4
2012-04-13;-0.4;11.5;4;13;2012;104;5.6
2012-04-14;1.3;9.8;4;14;2012;105;5.6
2012-04-15;0.3;9.2;4;15;2012;106;4.8
2012-04-16;-0.3;7.9;4;16;2012;107;3.8
2012-04-17;-3.8;15.4;4;17;2012;108;5.8
2012-04-18;3.9;9.9;4;18;2012;109;6.9
2012-04-19;4.4;11.1;4;19;2012;110;7.8
2012-04-20;4.9;12.5;4;20;2012;111;8.7
2012-04-21;3.8;14.5;4;21;2012;112;9.2
2012-04-22;0.7;16.4;4;22;2012;113;8.6
2012-04-23;-0.5;15.5;4;23;2012;114;7.5
2012-04-24;3.0;13.9;4;24;2012;115;8.4
2012-04-25;2.0;17.6;4;25;2012;116;9.8
2012-04-26;8.6;20.2;4;26;2012;117;14.4
2012-04-27;4.6;22.7;4;27;2012;118;13.6
2012-04-28;5.0;11.9;4;28;2012;119;8.4
2012-04-29;2.7;11.6;4;29;2012;120;7.2
2012-04-30;1.6;10.3;4;30;2012;121;6.0
2012-05-01;-0.7;13.5;5;1;2012;122;6.4
2012-05-02;3.5;16.4;5;2;2012;123;10.0
2012-05-03;0.4;17.3;5;3;2012;124;8.8
2012-05-04;6.7;14.0;5;4;2012;125;10.4
2012-05-05;6.1;13.5;5;5;2012;126;9.8
2012-05-06;3.6;16.0;5;6;2012;127;9.8
2012-05-07;2.4;17.5;5;7;2012;128;10.0
2012-05-08;9.3;20.5;5;8;2012;129;14.9
2012-05-09;5.6;25.9;5;9;2012;130;15.8
2012-05-10;8.3;29.2;5;10;2012;131;18.8
2012-05-11;8.4;32.0;5;11;2012;132;20.2
2012-05-12;9.0;29.0;5;12;2012;133;19.0
2012-05-13;11.4;29.1;5;13;2012;134;20.2
2012-05-14;7.2;27.3;5;14;2012;135;17.2
2012-05-15;5.3;24.5;5;15;2012;136;14.9
2012-05-16;2.3;28.3;5;16;2012;137;15.3
2012-05-17;8.3;26.6;5;17;2012;138;17.4
2012-05-18;9.0;25.9;5;18;2012;139;17.4
2012-05-19;7.0;18.9;5;19;2012;140;13.0
2012-05-20;4.6;10.4;5;20;2012;141;7.5
2012-05-21;3.0;11.3;5;21;2012;142;7.2
2012-05-22;5.3;20.3;5;22;2012;143;12.8
2012-05-23;0.9;26.5;5;23;2012;144;13.7
2012-05-24;4.1;28.3;5;24;2012;145;16.2
2012-05-25;6.9;28.3;5;25;2012;146;17.6
2012-05-26;7.0;24.8;5;26;2012;147;15.9
2012-05-27;2.8;26.3;5;27;2012;148;14.6
2012-05-28;6.5;28.4;5;28;2012;149;17.4
2012-05-29;10.0;27.0;5;29;2012;150;18.5
2012-05-30;8.0;29.8;5;30;2012;151;18.9
2012-05-31;8.6;31.9;5;31;2012;152;20.2
2012-06-01;8.5;31.6;6;1;2012;153;20.0
2012-06-02;9.5;28.8;6;2;2012;154;19.2
2012-06-03;12.1;23.6;6;3;2012;155;17.8
2012-06-04;8.5;26.7;6;4;2012;156;17.6
2012-06-05;8.0;28.2;6;5;2012;157;18.1
2012-06-06;9.9;27.2;6;6;2012;158;18.6
2012-06-07;12.1;26.6;6;7;2012;159;19.4
2012-06-08;8.4;21.8;6;8;2012;160;15.1
2012-06-09;4.4;24.6;6;9;2012;161;14.5
2012-06-10;8.0;23.7;6;10;2012;162;15.8
2012-06-11;9.0;22.6;6;11;2012;163;15.8
2012-06-12;7.3;19.6;6;12;2012;164;13.4
2012-06-13;4.6;24.7;6;13;2012;165;14.6
2012-06-14;9.9;27.4;6;14;2012;166;18.6
2012-06-15;9.0;28.7;6;15;2012;167;18.8
2012-06-16;7.8;29.0;6;16;2012;168;18.4
2012-06-17;7.9;29.7;6;17;2012;169;18.8
2012-06-18;14.4;29.8;6;18;2012;170;22.1
2012-06-19;13.0;19.4;6;19;2012;171;16.2
2012-06-20;10.9;26.6;6;20;2012;172;18.8
2012-06-21;9.1;25.7;6;21;2012;173;17.4
2012-06-22;8.5;28.9;6;22;2012;174;18.7
2012-06-23;12.3;30.3;6;23;2012;175;21.3
2012-06-24;11.0;34.3;6;24;2012;176;22.6
2012-06-25;12.2;34.6;6;25;2012;177;23.4
2012-06-26;12.9;35.9;6;26;2012;178;24.4
2012-06-27;15.2;33.4;6;27;2012;179;24.3
2012-06-28;15.1;31.5;6;28;2012;180;23.3
2012-06-29;12.2;29.6;6;29;2012;181;20.9
2012-06-30;9.2;26.5;6;30;2012;182;17.8
2012-07-01;8.5;22.6;7;1;2012;183;15.6
2012-07-02;2.9;28.1;7;2;2012;184;15.5
2012-07-03;7.6;29.2;7;3;2012;185;18.4
2012-07-04;10.7;29.4;7;4;2012;186;20.0
2012-07-05;11.6;26.0;7;5;2012;187;18.8
2012-07-06;7.1;27.2;7;6;2012;188;17.2
2012-07-07;10.0;29.6;7;7;2012;189;19.8
2012-07-08;9.0;29.9;7;8;2012;190;19.4
2012-07-09;9.9;29.7;7;9;2012;191;19.8
2012-07-10;7.9;28.4;7;10;2012;192;18.2
2012-07-11;6.9;29.7;7;11;2012;193;18.3
2012-07-12;8.7;29.7;7;12;2012;194;19.2
2012-07-13;8.6;31.5;7;13;2012;195;20.0
2012-07-14;11.4;29.1;7;14;2012;196;20.2
2012-07-15;6.9;29.3;7;15;2012;197;18.1
2012-07-16;8.4;32.0;7;16;2012;198;20.2
2012-07-17;7.7;33.5;7;17;2012;199;20.6
2012-07-18;9.0;33.8;7;18;2012;200;21.4
2012-07-19;12.7;34.0;7;19;2012;201;23.4
2012-07-20;10.5;31.6;7;20;2012;202;21.0
2012-07-21;10.7;30.5;7;21;2012;203;20.6
2012-07-22;8.6;30.7;7;22;2012;204;19.6
2012-07-23;7.7;32.1;7;23;2012;205;19.9
2012-07-24;12.3;30.1;7;24;2012;206;21.2
2012-07-25;14.7;31.8;7;25;2012;207;23.2
2012-07-26;15.0;32.7;7;26;2012;208;23.8
2012-07-27;13.3;31.4;7;27;2012;209;22.4
2012-07-28;12.0;29.2;7;28;2012;210;20.6
2012-07-29;11.8;29.7;7;29;2012;211;20.8
2012-07-30;11.0;31.9;7;30;2012;212;21.4
2012-07-31;10.9;33.2;7;31;2012;213;22.0
2012-08-01;8.8;31.5;8;1;2012;214;20.2
2012-08-02;7.2;32.0;8;2;2012;215;19.6
2012-08-03;10.0;32.3;8;3;2012;216;21.2
2012-08-04;11.0;30.4;8;4;2012;217;20.7
2012-08-05;10.2;28.1;8;5;2012;218;19.2
2012-08-06;12.4;28.5;8;6;2012;219;20.4
2012-08-07;10.3;31.9;8;7;2012;220;21.1
2012-08-08;11.2;32.5;8;8;2012;221;21.8
2012-08-09;13.0;35.0;8;9;2012;222;24.0
2012-08-10;14.0;36.4;8;10;2012;223;25.2
2012-08-11;15.6;34.2;8;11;2012;224;24.9
2012-08-12;9.7;30.0;8;12;2012;225;19.8
2012-08-13;9.9;30.0;8;13;2012;226;20.0
2012-08-14;9.0;29.9;8;14;2012;227;19.4
2012-08-15;12.5;24.9;8;15;2012;228;18.7
2012-08-16;10.5;30.5;8;16;2012;229;20.5
2012-08-17;11.1;35.8;8;17;2012;230;23.4
2012-08-18;14.4;36.6;8;18;2012;231;25.5
2012-08-19;14.9;29.8;8;19;2012;232;22.4
2012-08-20;13.6;34.2;8;20;2012;233;23.9
2012-08-21;14.0;34.2;8;21;2012;234;24.1
2012-08-22;12.6;34.4;8;22;2012;235;23.5
2012-08-23;15.0;32.2;8;23;2012;236;23.6
2012-08-24;10.1;30.1;8;24;2012;237;20.1
2012-08-25;10.5;27.6;8;25;2012;238;19.0
2012-08-26;8.7;29.5;8;26;2012;239;19.1
2012-08-27;9.7;30.3;8;27;2012;240;20.0
2012-08-28;9.6;30.3;8;28;2012;241;20.0
2012-08-29;14.3;28.5;8;29;2012;242;21.4
2012-08-30;9.0;26.2;8;30;2012;243;17.6
2012-08-31;2.5;23.7;8;31;2012;244;13.1
2012-09-01;2.4;22.7;9;1;2012;245;12.6
2012-09-02;1.6;23.8;9;2;2012;246;12.7
2012-09-03;4.6;24.5;9;3;2012;247;14.6
2012-09-04;4.5;26.0;9;4;2012;248;15.2
2012-09-05;6.2;28.2;9;5;2012;249;17.2
2012-09-06;8.3;29.9;9;6;2012;250;19.1
2012-09-07;8.7;29.3;9;7;2012;251;19.0
2012-09-08;9.1;27.3;9;8;2012;252;18.2
2012-09-09;9.4;26.2;9;9;2012;253;17.8
2012-09-10;8.1;26.9;9;10;2012;254;17.5
2012-09-11;7.0;29.4;9;11;2012;255;18.2
2012-09-12;7.9;27.2;9;12;2012;256;17.6
2012-09-13;9.3;23.2;9;13;2012;257;16.2
2012-09-14;3.8;28.2;9;14;2012;258;16.0
2012-09-15;3.5;32.9;9;15;2012;259;18.2
2012-09-16;4.4;30.9;9;16;2012;260;17.6
2012-09-17;9.5;27.8;9;17;2012;261;18.6
2012-09-18;9.6;26.4;9;18;2012;262;18.0
2012-09-19;11.0;26.8;9;19;2012;263;18.9
2012-09-20;7.6;26.5;9;20;2012;264;17.0
2012-09-21;8.6;28.0;9;21;2012;265;18.3
2012-09-22;9.1;28.0;9;22;2012;266;18.6
2012-09-23;9.3;26.5;9;23;2012;267;17.9
2012-09-24;11.4;20.0;9;24;2012;268;15.7
2012-09-25;9.3;16.2;9;25;2012;269;12.8
2012-09-26;4.6;15.2;9;26;2012;270;9.9
2012-09-27;3.8;13.1;9;27;2012;271;8.4
2012-09-28;9.9;15.4;9;28;2012;272;12.6
2012-09-29;8.2;15.3;9;29;2012;273;11.8
2012-09-30;3.0;17.8;9;30;2012;274;10.4
2012-10-01;2.2;20.8;10;1;2012;275;11.5
2012-10-02;2.5;22.1;10;2;2012;276;12.3
2012-10-03;2.8;23.0;10;3;2012;277;12.9
2012-10-04;3.3;25.0;10;4;2012;278;14.2
2012-10-05;3.3;24.5;10;5;2012;279;13.9
2012-10-06;2.9;24.8;10;6;2012;280;13.8
2012-10-07;7.9;25.7;10;7;2012;281;16.8
2012-10-08;8.9;26.7;10;8;2012;282;17.8
2012-10-09;7.3;26.0;10;9;2012;283;16.6
2012-10-10;8.5;24.2;10;10;2012;284;16.4
2012-10-11;9.3;19.9;10;11;2012;285;14.6
2012-10-12;9.4;15.8;10;12;2012;286;12.6
2012-10-13;5.2;17.7;10;13;2012;287;11.4
2012-10-14;4.4;16.3;10;14;2012;288;10.4
2012-10-15;1.6;13.8;10;15;2012;289;7.7
2012-10-16;-0.1;16.6;10;16;2012;290;8.2
2012-10-17;1.2;21.3;10;17;2012;291;11.2
2012-10-18;8.5;23.6;10;18;2012;292;16.0
2012-10-19;9.4;17.8;10;19;2012;293;13.6
2012-10-20;9.3;14.0;10;20;2012;294;11.6
2012-10-21;9.0;14.4;10;21;2012;295;11.7
2012-10-22;5.1;17.1;10;22;2012;296;11.1
2012-10-23;4.0;20.7;10;23;2012;297;12.4
2012-10-24;4.0;19.3;10;24;2012;298;11.6
2012-10-25;11.0;15.5;10;25;2012;299;13.2
2012-10-26;8.5;13.9;10;26;2012;300;11.2
2012-10-27;0.5;11.9;10;27;2012;301;6.2
2012-10-28;-1.9;7.0;10;28;2012;302;2.6
2012-10-29;-5.0;13.6;10;29;2012;303;4.3
2012-10-30;-1.5;10.2;10;30;2012;304;4.4
2012-10-31;4.4;10.7;10;31;2012;305;7.6
2012-11-01;4.6;11.1;11;1;2012;306;7.8
2012-11-02;6.8;12.8;11;2;2012;307;9.8
2012-11-03;7.5;14.8;11;3;2012;308;11.2
2012-11-04;6.0;13.7;11;4;2012;309;9.8
2012-11-05;-0.4;9.2;11;5;2012;310;4.4
2012-11-06;-1.8;9.1;11;6;2012;311;3.6
2012-11-07;-3.1;10.9;11;7;2012;312;3.9
2012-11-08;7.1;13.2;11;8;2012;313;10.2
2012-11-09;8.3;12.9;11;9;2012;314;10.6
2012-11-10;4.5;10.0;11;10;2012;315;7.2
2012-11-11;1.9;6.7;11;11;2012;316;4.3
2012-11-12;-1.3;10.7;11;12;2012;317;4.7
2012-11-13;-3.6;11.6;11;13;2012;318;4.0
2012-11-14;7.3;14.4;11;14;2012;319;10.8
2012-11-15;3.3;16.2;11;15;2012;320;9.8
2012-11-16;1.5;15.2;11;16;2012;321;8.4
2012-11-17;1.2;11.4;11;17;2012;322;6.3
2012-11-18;3.9;10.0;11;18;2012;323;7.0
2012-11-19;-0.1;12.7;11;19;2012;324;6.3
2012-11-20;-0.9;11.7;11;20;2012;325;5.4
2012-11-21;5.1;10.2;11;21;2012;326;7.6
2012-11-22;-0.7;12.2;11;22;2012;327;5.8
2012-11-23;-1.9;12.2;11;23;2012;328;5.2
2012-11-24;1.6;12.4;11;24;2012;329;7.0
2012-11-25;4.3;13.9;11;25;2012;330;9.1
2012-11-26;3.4;10.2;11;26;2012;331;6.8
2012-11-27;0.2;4.4;11;27;2012;332;2.3
2012-11-28;-0.2;3.7;11;28;2012;333;1.8
2012-11-29;-1.2;3.6;11;29;2012;334;1.2
2012-11-30;-5.4;4.4;11;30;2012;335;-0.5
2012-12-01;-8.5;4.2;12;1;2012;336;-2.2
2012-12-02;-7.1;5.7;12;2;2012;337;-0.7
2012-12-03;-4.4;9.9;12;3;2012;338;2.8
2012-12-04;-3.1;8.0;12;4;2012;339;2.4
2012-12-05;-2.4;6.2;12;5;2012;340;1.9
2012-12-06;-5.0;6.1;12;6;2012;341;0.6
2012-12-07;-4.0;8.2;12;7;2012;342;2.1
2012-12-08;-3.6;6.8;12;8;2012;343;1.6
2012-12-09;-7.0;9.4;12;9;2012;344;1.2
2012-12-10;-8.2;7.3;12;10;2012;345;-0.4
2012-12-11;-7.1;7.6;12;11;2012;346;0.2
2012-12-12;-6.2;8.5;12;12;2012;347;1.2
2012-12-13;-3.5;8.2;12;13;2012;348;2.4
2012-12-14;5.4;10.2;12;14;2012;349;7.8
2012-12-15;6.8;10.2;12;15;2012;350;8.5
2012-12-16;5.4;10.4;12;16;2012;351;7.9
2012-12-17;-2.0;10.2;12;17;2012;352;4.1
2012-12-18;-5.1;10.4;12;18;2012;353;2.6
2012-12-19;4.4;9.4;12;19;2012;354;6.9
2012-12-20;4.7;10.7;12;20;2012;355;7.7
2012-12-21;3.7;12.3;12;21;2012;356;8.0
2012-12-22;3.0;13.1;12;22;2012;357;8.0
2012-12-23;-0.5;17.6;12;23;2012;358;8.6
2012-12-24;-2.1;15.6;12;24;2012;359;6.8
2012-12-25;-1.5;10.9;12;25;2012;360;4.7
2012-12-26;-4.1;9.0;12;26;2012;361;2.4
2012-12-27;-6.4;10.4;12;27;2012;362;2.0
2012-12-28;-3.1;13.7;12;28;2012;363;5.3
2012-12-29;-6.9;10.4;12;29;2012;364;1.8
2012-12-30;-4.5;8.0;12;30;2012;365;1.8
2012-12-31;-6.0;6.9;12;31;2012;366;0.4
2013-01-01;-1.4;7.4;1;1;2013;1;3.0
2013-01-02;-2.1;6.6;1;2;2013;2;2.2
2013-01-03;-6.7;9.0;1;3;2013;3;1.2
2013-01-04;-7.8;14.0;1;4;2013;4;3.1
2013-01-05;-7.2;15.1;1;5;2013;5;4.0
2013-01-06;-8.2;15.7;1;6;2013;6;3.8
2013-01-07;-8.1;15.6;1;7;2013;7;3.8
2013-01-08;-9.4;14.5;1;8;2013;8;2.6
2013-01-09;-8.9;3.7;1;9;2013;9;-2.6
2013-01-10;-2.2;8.8;1;10;2013;10;3.3
2013-01-11;-2.2;9.4;1;11;2013;11;3.6
2013-01-12;2.6;7.9;1;12;2013;12;5.2
2013-01-13;-0.2;3.9;1;13;2013;13;1.8
2013-01-14;-2.4;5.4;1;14;2013;14;1.5
2013-01-15;0.1;6.6;1;15;2013;15;3.4
2013-01-16;1.7;5.4;1;16;2013;16;3.6
2013-01-17;4.3;8.8;1;17;2013;17;6.6
2013-01-18;4.5;10.3;1;18;2013;18;7.4
2013-01-19;1.5;8.5;1;19;2013;19;5.0
2013-01-20;0.3;4.5;1;20;2013;20;2.4
2013-01-21;-4.2;5.0;1;21;2013;21;0.4
2013-01-22;-4.7;1.3;1;22;2013;22;-1.7
2013-01-23;-2.6;2.4;1;23;2013;23;-0.1
2013-01-24;0.3;6.5;1;24;2013;24;3.4
2013-01-25;-3.8;7.7;1;25;2013;25;2.0
2013-01-26;-0.9;9.9;1;26;2013;26;4.5
2013-01-27;-3.1;8.4;1;27;2013;27;2.6
2013-01-28;-1.9;9.7;1;28;2013;28;3.9
2013-01-29;-3.5;12.6;1;29;2013;29;4.6
2013-01-30;-4.2;14.9;1;30;2013;30;5.4
2013-01-31;-1.8;17.3;1;31;2013;31;7.8
2013-02-01;-1.4;12.3;2;1;2013;32;5.4
2013-02-02;-0.4;6.7;2;2;2013;33;3.2
2013-02-03;-1.5;4.9;2;3;2013;34;1.7
2013-02-04;-4.5;9.5;2;4;2013;35;2.5
2013-02-05;-2.65;7.4;2;5;2013;36;2.35
2013-02-06;-0.8;5.3;2;6;2013;37;2.2
2013-02-07;-1.3;4.5;2;7;2013;38;1.6
2013-02-08;-1.1;4.7;2;8;2013;39;1.8
2013-02-09;-2.8;6.4;2;9;2013;40;1.8
2013-02-10;-5.0;8.7;2;10;2013;41;1.8
2013-02-11;-1.1;3.2;2;11;2013;42;1.0
2013-02-12;-1.7;5.4;2;12;2013;43;1.8
2013-02-13;0.1;6.8;2;13;2013;44;3.4
2013-02-14;-3.4;13.8;2;14;2013;45;5.2
2013-02-15;-5.7;14.0;2;15;2013;46;4.2
2013-02-16;-6.0;12.1;2;16;2013;47;3.0
2013-02-17;-4.4;10.9;2;17;2013;48;3.2
2013-02-18;0.5;11.0;2;18;2013;49;5.8
2013-02-19;-0.5;8.1;2;19;2013;50;3.8
2013-02-20;3.4;9.8;2;20;2013;51;6.6
2013-02-21;3.8;7.8;2;21;2013;52;5.8
2013-02-22;2.4;8.6;2;22;2013;53;5.5
2013-02-23;-5.1;3.3;2;23;2013;54;-0.9
2013-02-24;-5.5;1.6;2;24;2013;55;-2.0
2013-02-25;-4.5;2.3;2;25;2013;56;-1.1
2013-02-26;-2.6;3.5;2;26;2013;57;0.4
2013-02-27;-3.3;3.4;2;27;2013;58;0.0
2013-02-28;-2.7;1.4;2;28;2013;59;-0.6
2013-03-01;-3.0;6.3;3;1;2013;60;1.6
2013-03-02;-6.2;12.2;3;2;2013;61;3.0
2013-03-03;-2.6;11.8;3;3;2013;62;4.6
2013-03-04;-3.3;8.8;3;4;2013;63;2.8
2013-03-05;5.2;13.8;3;5;2013;64;9.5
2013-03-06;5.5;12.2;3;6;2013;65;8.8
2013-03-07;5.0;13.8;3;7;2013;66;9.4
2013-03-08;4.6;10.7;3;8;2013;67;7.6
2013-03-09;4.5;11.1;3;9;2013;68;7.8
2013-03-10;3.3;9.8;3;10;2013;69;6.6
2013-03-11;1.7;9.0;3;11;2013;70;5.4
2013-03-12;0.7;8.1;3;12;2013;71;4.4
2013-03-13;-2.2;1.4;3;13;2013;72;-0.4
2013-03-14;-2.1;5.2;3;14;2013;73;1.6
2013-03-15;-3.3;10.4;3;15;2013;74;3.6
2013-03-16;0.3;7.9;3;16;2013;75;4.1
2013-03-17;3.7;11.4;3;17;2013;76;7.6
2013-03-18;-0.7;10.4;3;18;2013;77;4.8
2013-03-19;-3.1;12.2;3;19;2013;78;4.6
2013-03-20;0.8;12.2;3;20;2013;79;6.5
2013-03-21;-2.3;16.0;3;21;2013;80;6.8
2013-03-22;-0.2;13.7;3;22;2013;81;6.8
2013-03-23;2.3;13.2;3;23;2013;82;7.8
2013-03-24;1.9;12.1;3;24;2013;83;7.0
2013-03-25;4.0;9.0;3;25;2013;84;6.5
2013-03-26;7.3;10.8;3;26;2013;85;9.0
2013-03-27;6.6;13.6;3;27;2013;86;10.1
2013-03-28;7.4;14.5;3;28;2013;87;11.0
2013-03-29;7.5;11.4;3;29;2013;88;9.4
2013-03-30;5.8;12.4;3;30;2013;89;9.1
2013-03-31;0.6;13.8;3;31;2013;90;7.2
2013-04-01;4.1;11.0;4;1;2013;91;7.6
2013-04-02;0.1;10.4;4;2;2013;92;5.2
2013-04-03;1.85;10.45;4;3;2013;93;6.1
2013-04-04;3.6;10.5;4;4;2013;94;7.0
2013-04-05;-1.6;5.4;4;5;2013;95;1.9
2013-04-06;-2.4;5.6;4;6;2013;96;1.6
2013-04-07;-3.7;10.3;4;7;2013;97;3.3
2013-04-08;4.9;12.0;4;8;2013;98;8.4
2013-04-09;4.5;13.6;4;9;2013;99;9.0
2013-04-10;7.7;14.9;4;10;2013;100;11.3
2013-04-11;8.1;15.8;4;11;2013;101;12.0
2013-04-12;2.3;15.8;4;12;2013;102;9.0
2013-04-13;-1.4;21.9;4;13;2013;103;10.2
2013-04-14;-0.4;25.1;4;14;2013;104;12.4
2013-04-15;6.2;22.8;4;15;2013;105;14.5
2013-04-16;5.0;25.0;4;16;2013;106;15.0
2013-04-17;3.9;26.3;4;17;2013;107;15.1
2013-04-18;3.4;25.6;4;18;2013;108;14.5
2013-04-19;-2.0;13.1;4;19;2013;109;5.6
2013-04-20;-2.9;15.45;4;20;2013;110;6.3
2013-04-21;-3.8;17.8;4;21;2013;111;7.0
2013-04-22;-0.1;15.5;4;22;2013;112;7.7
2013-04-23;-2.4;19.3;4;23;2013;113;8.4
2013-04-24;-0.1;17.7;4;24;2013;114;8.8
2013-04-25;1.3;12.8;4;25;2013;115;7.0
2013-04-26;6.6;13.8;4;26;2013;116;10.2
2013-04-27;1.1;8.8;4;27;2013;117;5.0
2013-04-28;-0.5;2.8;4;28;2013;118;1.2
2013-04-29;0.3;6.7;4;29;2013;119;3.5
2013-04-30;1.3;9.4;4;30;2013;120;5.4
2013-05-01;2.2;12.2;5;1;2013;121;7.2
2013-05-02;0.7;14.1;5;2;2013;122;7.4
2013-05-03;1.1;14.5;5;3;2013;123;7.8
2013-05-04;-0.8;18.7;5;4;2013;124;9.0
2013-05-05;0.2;21.1;5;5;2013;125;10.6
2013-05-06;0.8;22.2;5;6;2013;126;11.5
2013-05-07;5.15;22.2;5;7;2013;127;13.65
2013-05-08;9.5;22.2;5;8;2013;128;15.8
2013-05-09;9.5;22.3;5;9;2013;129;15.9
2013-05-10;8.7;20.1;5;10;2013;130;14.4
2013-05-11;5.3;21.1;5;11;2013;131;13.2
2013-05-12;1.4;20.9;5;12;2013;132;11.2
2013-05-13;2.2;23.5;5;13;2013;133;12.8
2013-05-14;9.4;19.4;5;14;2013;134;14.4
2013-05-15;1.1;13.2;5;15;2013;135;7.2
2013-05-16;-1.4;10.1;5;16;2013;136;4.4
2013-05-17;1.3;10.2;5;17;2013;137;5.8
2013-05-18;1.8;9.7;5;18;2013;138;5.8
2013-05-19;2.9;11.8;5;19;2013;139;7.4
2013-05-20;2.1;13.8;5;20;2013;140;8.0
2013-05-21;-0.7;14.5;5;21;2013;141;6.9
2013-05-22;5.7;18.5;5;22;2013;142;12.1
2013-05-23;3.4;18.8;5;23;2013;143;11.1
2013-05-24;1.3;18.2;5;24;2013;144;9.8
2013-05-25;-0.8;19.3;5;25;2013;145;9.2
2013-05-26;0.2;20.8;5;26;2013;146;10.5
2013-05-27;6.2;17.9;5;27;2013;147;12.0
2013-05-28;2.9;15.1;5;28;2013;148;9.0
2013-05-29;1.1;13.5;5;29;2013;149;7.3
2013-05-30;1.3;13.0;5;30;2013;150;7.2
2013-05-31;0.1;12.7;5;31;2013;151;6.4
2013-06-01;5.1;17.3;6;1;2013;152;11.2
2013-06-02;1.1;19.9;6;2;2013;153;10.5
2013-06-03;1.8;23.2;6;3;2013;154;12.5
2013-06-04;3.5;25.0;6;4;2013;155;14.2
2013-06-05;7.7;25.3;6;5;2013;156;16.5
2013-06-06;7.3;23.2;6;6;2013;157;15.2
2013-06-07;9.5;20.2;6;7;2013;158;14.8
2013-06-08;5.0;15.0;6;8;2013;159;10.0
2013-06-09;8.0;16.1;6;9;2013;160;12.0
2013-06-10;4.2;22.9;6;10;2013;161;13.6
2013-06-11;7.8;24.5;6;11;2013;162;16.2
2013-06-12;8.0;28.8;6;12;2013;163;18.4
2013-06-13;10.2;29.8;6;13;2013;164;20.0
2013-06-14;12.3;29.0;6;14;2013;165;20.6
2013-06-15;9.2;30.4;6;15;2013;166;19.8
2013-06-16;10.6;30.6;6;16;2013;167;20.6
2013-06-17;13.6;24.4;6;17;2013;168;19.0
2013-06-18;6.6;17.3;6;18;2013;169;12.0
2013-06-19;6.3;16.3;6;19;2013;170;11.3
2013-06-20;8.9;22.3;6;20;2013;171;15.6
2013-06-21;8.4;21.9;6;21;2013;172;15.2
2013-06-22;7.6;25.7;6;22;2013;173;16.6
2013-06-23;7.6;24.8;6;23;2013;174;16.2
2013-06-24;2.2;25.6;6;24;2013;175;13.9
2013-06-25;3.6;26.9;6;25;2013;176;15.2
2013-06-26;4.9;26.5;6;26;2013;177;15.7
2013-06-27;7.4;25.9;6;27;2013;178;16.6
2013-06-28;4.0;26.4;6;28;2013;179;15.2
2013-06-29;5.9;28.8;6;29;2013;180;17.4
2013-06-30;6.6;31.0;6;30;2013;181;18.8
2013-07-01;9.9;30.0;7;1;2013;182;20.0
2013-07-02;14.4;28.7;7;2;2013;183;21.6
2013-07-03;12.2;30.4;7;3;2013;184;21.3
2013-07-04;13.8;31.3;7;4;2013;185;22.6
2013-07-05;10.3;32.6;7;5;2013;186;21.4
2013-07-06;11.8;32.8;7;6;2013;187;22.3
2013-07-07;12.1;33.8;7;7;2013;188;23.0
2013-07-08;11.2;32.2;7;8;2013;189;21.7
2013-07-09;12.2;32.2;7;9;2013;190;22.2
2013-07-10;11.0;28.8;7;10;2013;191;19.9
2013-07-11;11.4;30.6;7;11;2013;192;21.0
2013-07-12;13.7;31.2;7;12;2013;193;22.4
2013-07-13;12.9;29.9;7;13;2013;194;21.4
2013-07-14;12.2;27.7;7;14;2013;195;20.0
2013-07-15;11.1;29.3;7;15;2013;196;20.2
2013-07-16;10.7;29.1;7;16;2013;197;19.9
2013-07-17;12.2;29.3;7;17;2013;198;20.8
2013-07-18;12.8;28.0;7;18;2013;199;20.4
2013-07-19;12.9;30.1;7;19;2013;200;21.5
2013-07-20;12.5;30.3;7;20;2013;201;21.4
2013-07-21;11.7;28.1;7;21;2013;202;19.9
2013-07-22;9.0;29.6;7;22;2013;203;19.3
2013-07-23;14.0;29.2;7;23;2013;204;21.6
2013-07-24;11.2;30.6;7;24;2013;205;20.9
2013-07-25;12.2;31.5;7;25;2013;206;21.8
2013-07-26;13.6;30.7;7;26;2013;207;22.2
2013-07-27;14.0;26.2;7;27;2013;208;20.1
2013-07-28;11.7;21.9;7;28;2013;209;16.8
2013-07-29;6.6;26.3;7;29;2013;210;16.4
2013-07-30;6.7;31.5;7;30;2013;211;19.1
2013-07-31;10.0;33.0;7;31;2013;212;21.5
2013-08-01;12.0;33.8;8;1;2013;213;22.9
2013-08-02;17.0;32.6;8;2;2013;214;24.8
2013-08-03;13.5;31.8;8;3;2013;215;22.6
2013-08-04;9.3;32.1;8;4;2013;216;20.7
2013-08-05;11.3;31.6;8;5;2013;217;21.4
2013-08-06;10.8;29.6;8;6;2013;218;20.2
2013-08-07;13.1;24.4;8;7;2013;219;18.8
2013-08-08;9.0;22.5;8;8;2013;220;15.8
2013-08-09;6.5;29.5;8;9;2013;221;18.0
2013-08-10;8.7;32.4;8;10;2013;222;20.6
2013-08-11;9.0;33.7;8;11;2013;223;21.4
2013-08-12;13.4;30.6;8;12;2013;224;22.0
2013-08-13;15.8;29.2;8;13;2013;225;22.5
2013-08-14;11.9;31.4;8;14;2013;226;21.6
2013-08-15;13.1;31.5;8;15;2013;227;22.3
2013-08-16;14.9;29.8;8;16;2013;228;22.4
2013-08-17;10.4;29.7;8;17;2013;229;20.0
2013-08-18;13.1;30.6;8;18;2013;230;21.8
2013-08-19;12.5;32.5;8;19;2013;231;22.5
2013-08-20;11.5;32.7;8;20;2013;232;22.1
2013-08-21;7.4;33.6;8;21;2013;233;20.5
2013-08-22;11.9;31.4;8;22;2013;234;21.6
2013-08-23;10.5;31.5;8;23;2013;235;21.0
2013-08-24;12.7;27.6;8;24;2013;236;20.2
2013-08-25;11.7;29.3;8;25;2013;237;20.5
2013-08-26;11.5;25.5;8;26;2013;238;18.5
2013-08-27;9.4;26.1;8;27;2013;239;17.8
2013-08-28;8.7;17.1;8;28;2013;240;12.9
2013-08-29;7.0;21.0;8;29;2013;241;14.0
2013-08-30;10.7;23.8;8;30;2013;242;17.2
2013-08-31;6.7;27.1;8;31;2013;243;16.9
2013-09-01;5.9;27.3;9;1;2013;244;16.6
2013-09-02;6.9;28.5;9;2;2013;245;17.7
2013-09-03;7.0;29.2;9;3;2013;246;18.1
2013-09-04;8.6;28.6;9;4;2013;247;18.6
2013-09-05;7.6;27.5;9;5;2013;248;17.6
2013-09-06;10.0;25.5;9;6;2013;249;17.8
2013-09-07;10.6;22.3;9;7;2013;250;16.4
2013-09-08;10.7;22.4;9;8;2013;251;16.6
2013-09-09;10.4;26.4;9;9;2013;252;18.4
2013-09-10;7.7;26.2;9;10;2013;253;17.0
2013-09-11;6.6;23.1;9;11;2013;254;14.8
2013-09-12;2.6;25.3;9;12;2013;255;14.0
2013-09-13;4.9;27.0;9;13;2013;256;16.0
2013-09-14;6.0;26.1;9;14;2013;257;16.0
2013-09-15;8.4;26.8;9;15;2013;258;17.6
2013-09-16;4.6;27.4;9;16;2013;259;16.0
2013-09-17;8.0;24.4;9;17;2013;260;16.2
2013-09-18;4.1;25.3;9;18;2013;261;14.7
2013-09-19;5.8;24.8;9;19;2013;262;15.3
2013-09-20;4.0;25.7;9;20;2013;263;14.8
2013-09-21;7.7;26.9;9;21;2013;264;17.3
2013-09-22;5.6;28.2;9;22;2013;265;16.9
2013-09-23;6.7;28.5;9;23;2013;266;17.6
2013-09-24;9.0;29.3;9;24;2013;267;19.2
2013-09-25;7.2;28.6;9;25;2013;268;17.9
2013-09-26;8.8;29.7;9;26;2013;269;19.2
2013-09-27;12.3;24.1;9;27;2013;270;18.2
2013-09-28;11.7;19.2;9;28;2013;271;15.4
2013-09-29;12.0;18.0;9;29;2013;272;15.0
2013-09-30;13.0;21.6;9;30;2013;273;17.3
2013-10-01;14.3;23.4;10;1;2013;274;18.8
2013-10-02;11.6;24.5;10;2;2013;275;18.0
2013-10-03;13.1;24.4;10;3;2013;276;18.8
2013-10-04;10.0;20.1;10;4;2013;277;15.0
2013-10-05;5.8;20.5;10;5;2013;278;13.2
2013-10-06;4.4;20.9;10;6;2013;279;12.6
2013-10-07;1.8;21.8;10;7;2013;280;11.8
2013-10-08;0.9;23.6;10;8;2013;281;12.2
2013-10-09;2.5;22.0;10;9;2013;282;12.2
2013-10-10;0.7;21.7;10;10;2013;283;11.2
2013-10-11;2.3;19.5;10;11;2013;284;10.9
2013-10-12;-0.6;18.8;10;12;2013;285;9.1
2013-10-13;0.2;17.3;10;13;2013;286;8.8
2013-10-14;0.7;20.6;10;14;2013;287;10.6
2013-10-15;7.8;19.8;10;15;2013;288;13.8
2013-10-16;7.0;23.1;10;16;2013;289;15.0
2013-10-17;4.6;25.6;10;17;2013;290;15.1
2013-10-18;5.8;24.7;10;18;2013;291;15.2
2013-10-19;9.0;20.7;10;19;2013;292;14.8
2013-10-20;5.5;18.6;10;20;2013;293;12.0
2013-10-21;1.9;19.2;10;21;2013;294;10.6
2013-10-22;8.6;15.6;10;22;2013;295;12.1
2013-10-23;7.0;17.8;10;23;2013;296;12.4
2013-10-24;5.7;19.5;10;24;2013;297;12.6
2013-10-25;10.2;21.7;10;25;2013;298;16.0
2013-10-26;7.4;20.7;10;26;2013;299;14.0
2013-10-27;4.5;20.4;10;27;2013;300;12.4
2013-10-28;2.9;21.7;10;28;2013;301;12.3
2013-10-29;4.2;12.5;10;29;2013;302;8.4
2013-10-30;-2.5;12.6;10;30;2013;303;5.0
2013-10-31;-6.4;16.8;10;31;2013;304;5.2
2013-11-01;-3.7;17.3;11;1;2013;305;6.8
2013-11-02;2.4;20.1;11;2;2013;306;11.2
2013-11-03;2.5;16.4;11;3;2013;307;9.4
2013-11-04;8.0;11.5;11;4;2013;308;9.8
2013-11-05;11.2;18.0;11;5;2013;309;14.6
2013-11-06;5.7;21.3;11;6;2013;310;13.5
2013-11-07;2.0;18.5;11;7;2013;311;10.2
2013-11-08;7.8;13.8;11;8;2013;312;10.8
2013-11-09;1.1;12.4;11;9;2013;313;6.8
2013-11-10;6.7;13.2;11;10;2013;314;10.0
2013-11-11;5.3;14.1;11;11;2013;315;9.7
2013-11-12;4.7;17.1;11;12;2013;316;10.9
2013-11-13;5.8;14.7;11;13;2013;317;10.2
2013-11-14;0.8;12.5;11;14;2013;318;6.6
2013-11-15;-4.0;5.5;11;15;2013;319;0.8
2013-11-16;-4.6;2.0;11;16;2013;320;-1.3
2013-11-17;-0.3;3.6;11;17;2013;321;1.6
2013-11-18;-0.3;4.5;11;18;2013;322;2.1
2013-11-19;-0.6;8.3;11;19;2013;323;3.8
2013-11-20;-3.5;3.0;11;20;2013;324;-0.2
2013-11-21;-4.4;6.4;11;21;2013;325;1.0
2013-11-22;-1.5;6.0;11;22;2013;326;2.2
2013-11-23;-2.0;3.6;11;23;2013;327;0.8
2013-11-24;-3.7;6.8;11;24;2013;328;1.6
2013-11-25;-5.7;7.3;11;25;2013;329;0.8
2013-11-26;-8.0;5.0;11;26;2013;330;-1.5
2013-11-27;-10.4;5.9;11;27;2013;331;-2.2
2013-11-28;-12.5;5.9;11;28;2013;332;-3.3
2013-11-29;-11.5;5.5;11;29;2013;333;-3.0
2013-11-30;-7.1;4.8;11;30;2013;334;-1.2
2013-12-01;-6.8;6.8;12;1;2013;335;0.0
2013-12-02;-10.1;5.4;12;2;2013;336;-2.4
2013-12-03;-6.1;11.2;12;3;2013;337;2.6
2013-12-04;-6.9;12.2;12;4;2013;338;2.6
2013-12-05;-8.4;12.1;12;5;2013;339;1.8
2013-12-06;-8.5;9.5;12;6;2013;340;0.5
2013-12-07;-9.2;12.7;12;7;2013;341;1.8
2013-12-08;-9.4;12.3;12;8;2013;342;1.4
2013-12-09;-10.5;10.9;12;9;2013;343;0.2
2013-12-10;-10.8;13.4;12;10;2013;344;1.3
2013-12-11;-10.9;11.5;12;11;2013;345;0.3
2013-12-12;-10.7;12.0;12;12;2013;346;0.6
2013-12-13;-9.3;11.4;12;13;2013;347;1.0
2013-12-14;-4.1;8.0;12;14;2013;348;2.0
2013-12-15;-5.7;13.3;12;15;2013;349;3.8
2013-12-16;-7.7;14.0;12;16;2013;350;3.2
2013-12-17;-7.7;7.1;12;17;2013;351;-0.3
2013-12-18;-4.1;8.2;12;18;2013;352;2.0
2013-12-19;1.7;7.5;12;19;2013;353;4.6
2013-12-20;-6.1;5.8;12;20;2013;354;-0.2
2013-12-21;-8.6;9.2;12;21;2013;355;0.3
2013-12-22;-6.7;10.4;12;22;2013;356;1.8
2013-12-23;-5.9;10.3;12;23;2013;357;2.2
2013-12-24;5.0;7.6;12;24;2013;358;6.3
2013-12-25;0.1;7.2;12;25;2013;359;3.6
2013-12-26;-0.7;5.0;12;26;2013;360;2.2
2013-12-27;3.7;8.5;12;27;2013;361;6.1
2013-12-28;-2.8;8.1;12;28;2013;362;2.6
2013-12-29;-5.5;5.0;12;29;2013;363;-0.2
2013-12-30;-7.7;6.1;12;30;2013;364;-0.8
2013-12-31;-4.0;7.0;12;31;2013;365;1.5
2014-01-01;3.5;7.0;1;1;2014;1;5.2
2014-01-02;6.5;10.2;1;2;2014;2;8.4
2014-01-03;7.4;9.5;1;3;2014;3;8.4
2014-01-04;0.0;8.4;1;4;2014;4;4.2
2014-01-05;0.0;5.0;1;5;2014;5;2.5
2014-01-06;1.9;9.6;1;6;2014;6;5.8
2014-01-07;0.3;14.1;1;7;2014;7;7.2
2014-01-08;-3.9;15.3;1;8;2014;8;5.7
2014-01-09;-2.7;16.0;1;9;2014;9;6.6
2014-01-10;-3.1;15.9;1;10;2014;10;6.4
2014-01-11;0.7;9.9;1;11;2014;11;5.3
2014-01-12;-2.4;11.5;1;12;2014;12;4.6
2014-01-13;0.8;6.9;1;13;2014;13;3.8
2014-01-14;1.4;6.6;1;14;2014;14;4.0
2014-01-15;3.3;8.3;1;15;2014;15;5.8
2014-01-16;2.7;7.9;1;16;2014;16;5.3
2014-01-17;0.0;6.4;1;17;2014;17;3.2
2014-01-18;-1.3;6.0;1;18;2014;18;2.4
2014-01-19;-1.8;5.9;1;19;2014;19;2.0
2014-01-20;-0.9;5.1;1;20;2014;20;2.1
2014-01-21;-3.8;6.5;1;21;2014;21;1.4
2014-01-22;1.1;7.8;1;22;2014;22;4.4
2014-01-23;-1.5;7.0;1;23;2014;23;2.8
2014-01-24;-2.9;9.9;1;24;2014;24;3.5
2014-01-25;0.7;11.5;1;25;2014;25;6.1
2014-01-26;-2.0;11.6;1;26;2014;26;4.8
2014-01-27;2.2;7.4;1;27;2014;27;4.8
2014-01-28;-1.0;4.8;1;28;2014;28;1.9
2014-01-29;-0.9;3.1;1;29;2014;29;1.1
2014-01-30;-3.6;3.8;1;30;2014;30;0.1
2014-01-31;0.9;5.1;1;31;2014;31;3.0
2014-02-01;-1.0;9.2;2;1;2014;32;4.1
2014-02-02;-5.1;6.8;2;2;2014;33;0.8
2014-02-03;-6.5;4.3;2;3;2014;34;-1.1
2014-02-04;-3.1;5.0;2;4;2014;35;1.0
2014-02-05;3.9;7.5;2;5;2014;36;5.7
2014-02-06;4.1;12.8;2;6;2014;37;8.4
2014-02-07;1.1;7.7;2;7;2014;38;4.4
2014-02-08;1.4;8.9;2;8;2014;39;5.2
2014-02-09;-1.6;7.6;2;9;2014;40;3.0
2014-02-10;-1.0;6.5;2;10;2014;41;2.8
2014-02-11;-2.9;2.1;2;11;2014;42;-0.4
2014-02-12;-0.5;6.3;2;12;2014;43;2.9
2014-02-13;5.3;12.2;2;13;2014;44;8.8
2014-02-14;8.5;14.0;2;14;2014;45;11.2
2014-02-15;2.0;10.0;2;15;2014;46;6.0
2014-02-16;-3.5;6.6;2;16;2014;47;1.6
2014-02-17;-6.0;11.4;2;17;2014;48;2.7
2014-02-18;1.2;6.2;2;18;2014;49;3.7
2014-02-19;-3.3;10.4;2;19;2014;50;3.6
2014-02-20;-4.5;11.8;2;20;2014;51;3.6
2014-02-21;-3.2;7.6;2;21;2014;52;2.2
2014-02-22;-5.9;9.1;2;22;2014;53;1.6
2014-02-23;-6.1;14.6;2;23;2014;54;4.2
2014-02-24;-2.4;9.3;2;24;2014;55;3.4
2014-02-25;-0.2;7.9;2;25;2014;56;3.8
2014-02-26;-3.6;6.3;2;26;2014;57;1.4
2014-02-27;-4.4;4.8;2;27;2014;58;0.2
2014-02-28;2.4;9.0;2;28;2014;59;5.7
2014-03-01;2.7;7.3;3;1;2014;60;5.0
2014-03-02;6.9;12.1;3;2;2014;61;9.5
2014-03-03;1.6;8.2;3;3;2014;62;4.9
2014-03-04;1.1;8.6;3;4;2014;63;4.8
2014-03-05;1.2;11.0;3;5;2014;64;6.1
2014-03-06;-3.3;17.5;3;6;2014;65;7.1
2014-03-07;-3.7;17.3;3;7;2014;66;6.8
2014-03-08;-4.8;19.6;3;8;2014;67;7.4
2014-03-09;-5.4;16.6;3;9;2014;68;5.6
2014-03-10;-5.6;16.5;3;10;2014;69;5.4
2014-03-11;-5.0;16.0;3;11;2014;70;5.5
2014-03-12;-3.1;12.8;3;12;2014;71;4.8
2014-03-13;-4.7;10.8;3;13;2014;72;3.0
2014-03-14;-3.5;13.8;3;14;2014;73;5.2
2014-03-15;-4.8;16.7;3;15;2014;74;6.0
2014-03-16;-3.4;20.9;3;16;2014;75;8.8
2014-03-17;-2.3;22.1;3;17;2014;76;9.9
2014-03-18;-0.8;21.4;3;18;2014;77;10.3
2014-03-19;2.0;19.2;3;19;2014;78;10.6
2014-03-20;-0.7;18.0;3;20;2014;79;8.6
2014-03-21;5.6;16.6;3;21;2014;80;11.1
2014-03-22;2.8;13.6;3;22;2014;81;8.2
2014-03-23;-3.1;8.9;3;23;2014;82;2.9
2014-03-24;-6.4;12.5;3;24;2014;83;3.0
2014-03-25;0.6;8.4;3;25;2014;84;4.5
2014-03-26;-0.5;6.4;3;26;2014;85;3.0
2014-03-27;-2.5;10.5;3;27;2014;86;4.0
2014-03-28;-1.6;14.6;3;28;2014;87;6.5
2014-03-29;3.4;11.8;3;29;2014;88;7.6
2014-03-30;0.6;10.2;3;30;2014;89;5.4
2014-03-31;-1.1;14.5;3;31;2014;90;6.7
2014-04-01;3.4;18.5;4;1;2014;91;11.0
2014-04-02;4.7;12.8;4;2;2014;92;8.8
2014-04-03;4.9;9.9;4;3;2014;93;7.4
2014-04-04;2.4;14.8;4;4;2014;94;8.6
2014-04-05;5.0;17.4;4;5;2014;95;11.2
2014-04-06;2.1;22.0;4;6;2014;96;12.0
2014-04-07;2.0;23.5;4;7;2014;97;12.8
2014-04-08;2.7;24.1;4;8;2014;98;13.4
2014-04-09;2.5;24.9;4;9;2014;99;13.7
2014-04-10;4.5;25.5;4;10;2014;100;15.0
2014-04-11;5.5;23.6;4;11;2014;101;14.6
2014-04-12;5.3;17.9;4;12;2014;102;11.6
2014-04-13;3.6;23.1;4;13;2014;103;13.4
2014-04-14;3.0;23.5;4;14;2014;104;13.2
2014-04-15;7.5;22.2;4;15;2014;105;14.8
2014-04-16;2.5;24.7;4;16;2014;106;13.6
2014-04-17;4.8;24.4;4;17;2014;107;14.6
2014-04-18;-1.1;24.4;4;18;2014;108;11.6
2014-04-19;1.2;23.8;4;19;2014;109;12.5
2014-04-20;5.6;15.8;4;20;2014;110;10.7
2014-04-21;6.3;11.9;4;21;2014;111;9.1
2014-04-22;4.7;16.7;4;22;2014;112;10.7
2014-04-23;4.8;16.4;4;23;2014;113;10.6
2014-04-24;3.1;17.4;4;24;2014;114;10.2
2014-04-25;3.8;14.0;4;25;2014;115;8.9
2014-04-26;6.2;16.0;4;26;2014;116;11.1
2014-04-27;4.2;16.4;4;27;2014;117;10.3
2014-04-28;4.8;19.1;4;28;2014;118;12.0
2014-04-29;1.9;20.8;4;29;2014;119;11.4
2014-04-30;3.0;20.4;4;30;2014;120;11.7
2014-05-01;2.8;21.8;5;1;2014;121;12.3
2014-05-02;4.9;17.0;5;2;2014;122;11.0
2014-05-03;-0.5;18.6;5;3;2014;123;9.0
2014-05-04;-2.2;23.9;5;4;2014;124;10.8
2014-05-05;-0.4;25.8;5;5;2014;125;12.7
2014-05-06;6.0;25.5;5;6;2014;126;15.8
2014-05-07;6.8;26.0;5;7;2014;127;16.4
2014-05-08;9.8;24.7;5;8;2014;128;17.2
2014-05-09;8.3;26.8;5;9;2014;129;17.6
2014-05-10;6.9;27.4;5;10;2014;130;17.2
2014-05-11;8.1;24.2;5;11;2014;131;16.2
2014-05-12;4.3;25.2;5;12;2014;132;14.8
2014-05-13;3.3;18.9;5;13;2014;133;11.1
2014-05-14;-1.6;22.0;5;14;2014;134;10.2
2014-05-15;-0.1;24.2;5;15;2014;135;12.0
2014-05-16;0.5;23.9;5;16;2014;136;12.2
2014-05-17;-0.1;23.5;5;17;2014;137;11.7
2014-05-18;2.2;20.4;5;18;2014;138;11.3
2014-05-19;6.3;21.3;5;19;2014;139;13.8
2014-05-20;9.1;17.9;5;20;2014;140;13.5
2014-05-21;6.6;15.7;5;21;2014;141;11.2
2014-05-22;5.6;11.3;5;22;2014;142;8.4
2014-05-23;2.0;15.7;5;23;2014;143;8.8
2014-05-24;0.8;18.6;5;24;2014;144;9.7
2014-05-25;4.4;18.9;5;25;2014;145;11.6
2014-05-26;7.0;17.3;5;26;2014;146;12.2
2014-05-27;7.5;17.5;5;27;2014;147;12.5
2014-05-28;4.6;17.0;5;28;2014;148;10.8
2014-05-29;1.6;16.8;5;29;2014;149;9.2
2014-05-30;6.1;17.8;5;30;2014;150;12.0
2014-05-31;3.7;18.7;5;31;2014;151;11.2
2014-06-01;3.7;20.9;6;1;2014;152;12.3
2014-06-02;1.6;22.4;6;2;2014;153;12.0
2014-06-03;3.1;25.6;6;3;2014;154;14.4
2014-06-04;6.3;24.5;6;4;2014;155;15.4
2014-06-05;4.2;24.5;6;5;2014;156;14.4
2014-06-06;10.1;27.5;6;6;2014;157;18.8
2014-06-07;11.6;26.7;6;7;2014;158;19.2
2014-06-08;6.9;29.6;6;8;2014;159;18.2
2014-06-09;9.9;28.7;6;9;2014;160;19.3
2014-06-10;8.9;28.4;6;10;2014;161;18.6
2014-06-11;11.4;27.1;6;11;2014;162;19.2
2014-06-12;12.5;27.9;6;12;2014;163;20.2
2014-06-13;9.7;28.0;6;13;2014;164;18.8
2014-06-14;8.6;26.4;6;14;2014;165;17.5
2014-06-15;7.7;23.8;6;15;2014;166;15.8
2014-06-16;4.4;21.2;6;16;2014;167;12.8
2014-06-17;6.3;24.2;6;17;2014;168;15.2
2014-06-18;7.5;25.7;6;18;2014;169;16.6
2014-06-19;12.1;27.7;6;19;2014;170;19.9
2014-06-20;11.4;28.3;6;20;2014;171;19.8
2014-06-21;11.1;27.6;6;21;2014;172;19.4
2014-06-22;8.9;28.6;6;22;2014;173;18.8
2014-06-23;10.9;27.3;6;23;2014;174;19.1
2014-06-24;11.3;20.4;6;24;2014;175;15.8
2014-06-25;10.6;23.4;6;25;2014;176;17.0
2014-06-26;7.9;22.5;6;26;2014;177;15.2
2014-06-27;10.2;27.2;6;27;2014;178;18.7
2014-06-28;9.4;27.3;6;28;2014;179;18.4
2014-06-29;11.3;22.4;6;29;2014;180;16.8
2014-06-30;6.2;26.7;6;30;2014;181;16.4
2014-07-01;8.9;25.6;7;1;2014;182;17.2
2014-07-02;9.8;23.9;7;2;2014;183;16.8
2014-07-03;10.3;21.6;7;3;2014;184;16.0
2014-07-04;10.2;22.8;7;4;2014;185;16.5
2014-07-05;8.7;27.3;7;5;2014;186;18.0
2014-07-06;11.2;24.6;7;6;2014;187;17.9
2014-07-07;9.8;21.3;7;7;2014;188;15.6
2014-07-08;6.5;24.5;7;8;2014;189;15.5
2014-07-09;8.4;21.7;7;9;2014;190;15.0
2014-07-10;4.0;23.4;7;10;2014;191;13.7
2014-07-11;3.8;24.7;7;11;2014;192;14.2
2014-07-12;5.8;25.6;7;12;2014;193;15.7
2014-07-13;7.6;27.3;7;13;2014;194;17.4
2014-07-14;10.9;30.7;7;14;2014;195;20.8
2014-07-15;11.9;31.7;7;15;2014;196;21.8
2014-07-16;13.2;34.2;7;16;2014;197;23.7
2014-07-17;13.5;33.0;7;17;2014;198;23.2
2014-07-18;13.2;33.5;7;18;2014;199;23.4
2014-07-19;14.3;24.1;7;19;2014;200;19.2
2014-07-20;12.5;22.5;7;20;2014;201;17.5
2014-07-21;7.6;26.9;7;21;2014;202;17.2
2014-07-22;8.3;30.5;7;22;2014;203;19.4
2014-07-23;9.6;32.2;7;23;2014;204;20.9
2014-07-24;13.3;32.2;7;24;2014;205;22.8
2014-07-25;14.2;31.3;7;25;2014;206;22.8
2014-07-26;13.1;32.5;7;26;2014;207;22.8
2014-07-27;12.6;32.7;7;27;2014;208;22.6
2014-07-28;12.5;30.5;7;28;2014;209;21.5
2014-07-29;10.8;24.3;7;29;2014;210;17.6
2014-07-30;5.2;28.1;7;30;2014;211;16.6
2014-07-31;8.8;30.6;7;31;2014;212;19.7
2014-08-01;11.6;28.4;8;1;2014;213;20.0
2014-08-02;12.8;25.0;8;2;2014;214;18.9
2014-08-03;10.4;27.4;8;3;2014;215;18.9
2014-08-04;9.8;29.7;8;4;2014;216;19.8
2014-08-05;11.9;31.2;8;5;2014;217;21.6
2014-08-06;12.8;30.9;8;6;2014;218;21.8
2014-08-07;12.5;31.8;8;7;2014;219;22.2
2014-08-08;14.0;31.3;8;8;2014;220;22.6
2014-08-09;11.1;30.1;8;9;2014;221;20.6
2014-08-10;10.9;30.3;8;10;2014;222;20.6
2014-08-11;9.9;32.7;8;11;2014;223;21.3
2014-08-12;11.2;29.9;8;12;2014;224;20.6
2014-08-13;11.0;24.9;8;13;2014;225;18.0
2014-08-14;8.0;26.6;8;14;2014;226;17.3
2014-08-15;8.6;29.8;8;15;2014;227;19.2
2014-08-16;10.3;26.7;8;16;2014;228;18.5
2014-08-17;6.2;29.9;8;17;2014;229;18.0
2014-08-18;12.6;30.8;8;18;2014;230;21.7
2014-08-19;11.6;29.6;8;19;2014;231;20.6
2014-08-20;10.1;28.2;8;20;2014;232;19.2
2014-08-21;7.9;27.7;8;21;2014;233;17.8
2014-08-22;10.7;25.4;8;22;2014;234;18.0
2014-08-23;10.8;27.2;8;23;2014;235;19.0
2014-08-24;8.1;28.8;8;24;2014;236;18.4
2014-08-25;8.1;30.7;8;25;2014;237;19.4
2014-08-26;9.1;30.9;8;26;2014;238;20.0
2014-08-27;12.5;31.9;8;27;2014;239;22.2
2014-08-28;10.1;31.2;8;28;2014;240;20.6
2014-08-29;13.7;30.4;8;29;2014;241;22.0
2014-08-30;14.2;29.4;8;30;2014;242;21.8
2014-08-31;14.0;28.9;8;31;2014;243;21.4
2014-09-01;12.4;31.1;9;1;2014;244;21.8
2014-09-02;11.7;32.7;9;2;2014;245;22.2
2014-09-03;13.2;30.4;9;3;2014;246;21.8
2014-09-04;11.3;28.7;9;4;2014;247;20.0
2014-09-05;10.9;29.1;9;5;2014;248;20.0
2014-09-06;9.6;27.1;9;6;2014;249;18.4
2014-09-07;10.5;29.0;9;7;2014;250;19.8
2014-09-08;11.8;27.5;9;8;2014;251;19.6
2014-09-09;9.3;27.9;9;9;2014;252;18.6
2014-09-10;11.1;27.6;9;10;2014;253;19.4
2014-09-11;8.3;27.3;9;11;2014;254;17.8
2014-09-12;9.6;27.6;9;12;2014;255;18.6
2014-09-13;10.7;28.4;9;13;2014;256;19.6
2014-09-14;9.3;26.6;9;14;2014;257;18.0
2014-09-15;9.7;25.5;9;15;2014;258;17.6
2014-09-16;6.7;26.7;9;16;2014;259;16.7
2014-09-17;12.6;23.9;9;17;2014;260;18.2
2014-09-18;11.8;22.7;9;18;2014;261;17.2
2014-09-19;9.9;22.2;9;19;2014;262;16.0
2014-09-20;9.7;24.7;9;20;2014;263;17.2
2014-09-21;8.9;24.6;9;21;2014;264;16.8
2014-09-22;12.5;19.5;9;22;2014;265;16.0
2014-09-23;10.9;19.3;9;23;2014;266;15.1
2014-09-24;7.4;17.6;9;24;2014;267;12.5
2014-09-25;4.2;20.7;9;25;2014;268;12.4
2014-09-26;3.0;23.3;9;26;2014;269;13.2
2014-09-27;5.6;22.5;9;27;2014;270;14.0
2014-09-28;12.7;22.7;9;28;2014;271;17.7
2014-09-29;11.5;22.2;9;29;2014;272;16.8
2014-09-30;10.4;23.1;9;30;2014;273;16.8
2014-10-01;9.2;23.8;10;1;2014;274;16.5
2014-10-02;10.8;23.5;10;2;2014;275;17.2
2014-10-03;7.1;25.0;10;3;2014;276;16.0
2014-10-04;6.8;23.3;10;4;2014;277;15.0
2014-10-05;8.5;22.1;10;5;2014;278;15.3
2014-10-06;5.4;20.6;10;6;2014;279;13.0
2014-10-07;7.0;18.0;10;7;2014;280;12.5
2014-10-08;5.9;20.7;10;8;2014;281;13.3
2014-10-09;11.2;20.7;10;9;2014;282;16.0
2014-10-10;9.0;16.1;10;10;2014;283;12.6
2014-10-11;8.4;20.1;10;11;2014;284;14.2
2014-10-12;9.2;16.4;10;12;2014;285;12.8
2014-10-13;9.3;14.6;10;13;2014;286;12.0
2014-10-14;7.7;13.3;10;14;2014;287;10.5
2014-10-15;3.6;14.3;10;15;2014;288;9.0
2014-10-16;12.1;19.1;10;16;2014;289;15.6
2014-10-17;7.9;21.5;10;17;2014;290;14.7
2014-10-18;5.7;24.5;10;18;2014;291;15.1
2014-10-19;5.5;26.0;10;19;2014;292;15.8
2014-10-20;4.7;25.4;10;20;2014;293;15.0
2014-10-21;4.1;24.9;10;21;2014;294;14.5
2014-10-22;3.9;19.4;10;22;2014;295;11.6
2014-10-23;-0.1;22.2;10;23;2014;296;11.0
2014-10-24;3.7;22.9;10;24;2014;297;13.3
2014-10-25;3.1;24.2;10;25;2014;298;13.6
2014-10-26;3.4;23.6;10;26;2014;299;13.5
2014-10-27;2.4;22.8;10;27;2014;300;12.6
2014-10-28;1.9;21.7;10;28;2014;301;11.8
2014-10-29;1.7;23.0;10;29;2014;302;12.4
2014-10-30;1.9;23.6;10;30;2014;303;12.8
2014-10-31;1.1;23.3;10;31;2014;304;12.2
2014-11-01;0.6;21.1;11;1;2014;305;10.8
2014-11-02;-0.4;19.0;11;2;2014;306;9.3
2014-11-03;4.1;14.6;11;3;2014;307;9.4
2014-11-04;3.4;9.8;11;4;2014;308;6.6
2014-11-05;2.5;8.5;11;5;2014;309;5.5
2014-11-06;-1.7;11.7;11;6;2014;310;5.0
2014-11-07;5.6;13.6;11;7;2014;311;9.6
2014-11-08;5.7;10.7;11;8;2014;312;8.2
2014-11-09;-0.8;8.1;11;9;2014;313;3.6
2014-11-10;-3.0;9.6;11;10;2014;314;3.3
2014-11-11;4.7;10.1;11;11;2014;315;7.4
2014-11-12;6.0;11.6;11;12;2014;316;8.8
2014-11-13;6.4;14.1;11;13;2014;317;10.2
2014-11-14;6.0;13.0;11;14;2014;318;9.5
2014-11-15;4.6;8.8;11;15;2014;319;6.7
2014-11-16;3.5;8.9;11;16;2014;320;6.2
2014-11-17;-1.2;9.5;11;17;2014;321;4.2
2014-11-18;-3.6;10.4;11;18;2014;322;3.4
2014-11-19;0.1;16.9;11;19;2014;323;8.5
2014-11-20;0.5;20.2;11;20;2014;324;10.4
2014-11-21;-0.1;17.0;11;21;2014;325;8.4
2014-11-22;2.2;16.8;11;22;2014;326;9.5
2014-11-23;6.9;17.2;11;23;2014;327;12.0
2014-11-24;2.7;16.6;11;24;2014;328;9.6
2014-11-25;5.8;15.1;11;25;2014;329;10.4
2014-11-26;1.1;10.6;11;26;2014;330;5.8
2014-11-27;-1.6;11.6;11;27;2014;331;5.0
2014-11-28;3.4;10.5;11;28;2014;332;7.0
2014-11-29;5.0;10.0;11;29;2014;333;7.5
2014-11-30;5.9;9.8;11;30;2014;334;7.8
2014-12-01;3.5;11.1;12;1;2014;335;7.3
2014-12-02;2.1;7.9;12;2;2014;336;5.0
2014-12-03;2.6;6.0;12;3;2014;337;4.3
2014-12-04;2.1;6.4;12;4;2014;338;4.2
2014-12-05;-1.6;7.4;12;5;2014;339;2.9
2014-12-06;-1.2;3.9;12;6;2014;340;1.4
2014-12-07;-1.0;6.0;12;7;2014;341;2.5
2014-12-08;-2.4;9.5;12;8;2014;342;3.6
2014-12-09;0.2;4.6;12;9;2014;343;2.4
2014-12-10;-3.5;10.9;12;10;2014;344;3.7
2014-12-11;-3.6;10.0;12;11;2014;345;3.2
2014-12-12;-5.4;11.8;12;12;2014;346;3.2
2014-12-13;3.7;8.8;12;13;2014;347;6.2
2014-12-14;4.2;6.3;12;14;2014;348;5.2
2014-12-15;1.6;6.8;12;15;2014;349;4.2
2014-12-16;-0.7;8.4;12;16;2014;350;3.8
2014-12-17;-0.9;10.6;12;17;2014;351;4.8
2014-12-18;-0.1;13.7;12;18;2014;352;6.8
2014-12-19;-2.5;14.3;12;19;2014;353;5.9
2014-12-20;-5.0;11.5;12;20;2014;354;3.2
2014-12-21;-3.0;11.7;12;21;2014;355;4.4
2014-12-22;-5.6;12.7;12;22;2014;356;3.6
2014-12-23;-6.7;12.3;12;23;2014;357;2.8
2014-12-24;-6.6;9.8;12;24;2014;358;1.6
2014-12-25;-6.9;7.4;12;25;2014;359;0.2
2014-12-26;-2.8;10.1;12;26;2014;360;3.6
2014-12-27;-0.8;9.2;12;27;2014;361;4.2
2014-12-28;-1.5;6.3;12;28;2014;362;2.4
2014-12-29;-7.2;5.2;12;29;2014;363;-1.0
2014-12-30;-9.3;7.1;12;30;2014;364;-1.1
2014-12-31;-9.3;11.1;12;31;2014;365;0.9
2015-01-01;-9.4;11.1;1;1;2015;1;0.8
2015-01-02;-8.7;13.4;1;2;2015;2;2.4
2015-01-03;-7.7;15.7;1;3;2015;3;4.0
2015-01-04;-6.6;15.5;1;4;2015;4;4.4
2015-01-05;-7.3;15.0;1;5;2015;5;3.8
2015-01-06;-7.9;12.2;1;6;2015;6;2.2
2015-01-07;-8.2;9.6;1;7;2015;7;0.7
2015-01-08;-9.3;11.1;1;8;2015;8;0.9
2015-01-09;-7.9;15.4;1;9;2015;9;3.8
2015-01-10;-7.7;18.4;1;10;2015;10;5.4
2015-01-11;-7.2;10.7;1;11;2015;11;1.8
2015-01-12;-7.3;14.6;1;12;2015;12;3.6
2015-01-13;-4.2;13.0;1;13;2015;13;4.4
2015-01-14;-3.9;11.9;1;14;2015;14;4.0
2015-01-15;-5.0;10.4;1;15;2015;15;2.7
2015-01-16;-1.3;6.2;1;16;2015;16;2.4
2015-01-17;-4.9;5.6;1;17;2015;17;0.4
2015-01-18;-6.8;4.0;1;18;2015;18;-1.4
2015-01-19;-5.4;3.9;1;19;2015;19;-0.8
2015-01-20;-6.7;2.5;1;20;2015;20;-2.1
2015-01-21;-2.4;4.1;1;21;2015;21;0.8
2015-01-22;-2.0;2.2;1;22;2015;22;0.1
2015-01-23;-4.0;5.2;1;23;2015;23;0.6
2015-01-24;-8.3;9.5;1;24;2015;24;0.6
2015-01-25;-3.1;8.1;1;25;2015;25;2.5
2015-01-26;-6.4;10.0;1;26;2015;26;1.8
2015-01-27;-2.5;9.6;1;27;2015;27;3.6
2015-01-28;-4.2;9.8;1;28;2015;28;2.8
2015-01-29;-2.3;9.4;1;29;2015;29;3.6
2015-01-30;6.2;11.0;1;30;2015;30;8.6
2015-01-31;-1.4;6.6;1;31;2015;31;2.6
2015-02-01;-2.0;3.3;2;1;2015;32;0.6
2015-02-02;-0.8;3.9;2;2;2015;33;1.6
2015-02-03;-0.1;5.0;2;3;2015;34;2.4
2015-02-04;-5.1;-0.1;2;4;2015;35;-2.6
2015-02-05;-5.7;0.7;2;5;2015;36;-2.5
2015-02-06;-6.9;-1.2;2;6;2015;37;-4.0
2015-02-07;-9.1;-1.1;2;7;2015;38;-5.1
2015-02-08;-11.9;5.7;2;8;2015;39;-3.1
2015-02-09;-8.8;6.8;2;9;2015;40;-1.0
2015-02-10;-8.1;8.6;2;10;2015;41;0.2
2015-02-11;-4.2;3.8;2;11;2015;42;-0.2
2015-02-12;-1.8;6.9;2;12;2015;43;2.6
2015-02-13;-2.5;8.4;2;13;2015;44;3.0
2015-02-14;3.7;7.2;2;14;2015;45;5.4
2015-02-15;4.6;9.7;2;15;2015;46;7.2
2015-02-16;3.1;8.5;2;16;2015;47;5.8
2015-02-17;0.4;7.1;2;17;2015;48;3.8
2015-02-18;-3.0;7.0;2;18;2015;49;2.0
2015-02-19;-5.9;9.8;2;19;2015;50;2.0
2015-02-20;-6.5;11.1;2;20;2015;51;2.3
2015-02-21;1.3;8.7;2;21;2015;52;5.0
2015-02-22;1.2;8.9;2;22;2015;53;5.0
2015-02-23;2.8;11.3;2;23;2015;54;7.0
2015-02-24;0.4;6.7;2;24;2015;55;3.6
2015-02-25;-0.4;8.2;2;25;2015;56;3.9
2015-02-26;5.6;13.2;2;26;2015;57;9.4
2015-02-27;-0.5;8.6;2;27;2015;58;4.0
2015-02-28;-3.9;12.8;2;28;2015;59;4.4
2015-03-01;2.9;16.7;3;1;2015;60;9.8
2015-03-02;2.9;19.1;3;2;2015;61;11.0
2015-03-03;1.3;19.1;3;3;2015;62;10.2
2015-03-04;0.2;9.9;3;4;2015;63;5.0
2015-03-05;-4.0;11.1;3;5;2015;64;3.6
2015-03-06;-7.0;19.7;3;6;2015;65;6.4
2015-03-07;-6.2;21.3;3;7;2015;66;7.6
2015-03-08;-5.3;18.6;3;8;2015;67;6.6
2015-03-09;-3.1;19.9;3;9;2015;68;8.4
2015-03-10;-4.5;22.2;3;10;2015;69;8.8
2015-03-11;-3.6;21.9;3;11;2015;70;9.2
2015-03-12;-2.7;21.3;3;12;2015;71;9.3
2015-03-13;-1.3;14.2;3;13;2015;72;6.4
2015-03-14;-4.2;9.3;3;14;2015;73;2.6
2015-03-15;-0.3;6.2;3;15;2015;74;3.0
2015-03-16;-7.1;12.1;3;16;2015;75;2.5
2015-03-17;-6.8;13.8;3;17;2015;76;3.5
2015-03-18;2.3;6.3;3;18;2015;77;4.3
2015-03-19;3.2;7.1;3;19;2015;78;5.2
2015-03-20;2.7;8.0;3;20;2015;79;5.4
2015-03-21;4.0;7.2;3;21;2015;80;5.6
2015-03-22;3.1;6.4;3;22;2015;81;4.8
2015-03-23;3.2;10.1;3;23;2015;82;6.6
2015-03-24;1.1;7.0;3;24;2015;83;4.0
2015-03-25;-0.6;5.3;3;25;2015;84;2.4
2015-03-26;-0.1;10.5;3;26;2015;85;5.2
2015-03-27;1.8;16.1;3;27;2015;86;9.0
2015-03-28;0.0;21.0;3;28;2015;87;10.5
2015-03-29;-0.8;19.7;3;29;2015;88;9.4
2015-03-30;4.2;21.5;3;30;2015;89;12.8
2015-03-31;2.5;22.6;3;31;2015;90;12.6
2015-04-01;0.3;17.2;4;1;2015;91;8.8
2015-04-02;-2.6;20.8;4;2;2015;92;9.1
2015-04-03;-2.3;21.6;4;3;2015;93;9.6
2015-04-04;0.5;17.9;4;4;2015;94;9.2
2015-04-05;-2.6;19.7;4;5;2015;95;8.6
2015-04-06;0.0;19.4;4;6;2015;96;9.7
2015-04-07;-1.7;16.7;4;7;2015;97;7.5
2015-04-08;-4.4;16.2;4;8;2015;98;5.9
2015-04-09;4.2;8.1;4;9;2015;99;6.2
2015-04-10;2.5;15.5;4;10;2015;100;9.0
2015-04-11;4.1;17.1;4;11;2015;101;10.6
2015-04-12;3.8;19.0;4;12;2015;102;11.4
2015-04-13;4.3;19.5;4;13;2015;103;11.9
2015-04-14;0.1;24.8;4;14;2015;104;12.4
2015-04-15;5.6;14.8;4;15;2015;105;10.2
2015-04-16;7.0;15.9;4;16;2015;106;11.4
2015-04-17;5.5;18.3;4;17;2015;107;11.9
2015-04-18;2.7;18.9;4;18;2015;108;10.8
2015-04-19;-0.6;15.8;4;19;2015;109;7.6
2015-04-20;-2.2;20.5;4;20;2015;110;9.2
2015-04-21;1.8;19.5;4;21;2015;111;10.6
2015-04-22;5.8;20.4;4;22;2015;112;13.1
2015-04-23;0.9;22.7;4;23;2015;113;11.8
2015-04-24;2.6;22.2;4;24;2015;114;12.4
2015-04-25;9.8;17.5;4;25;2015;115;13.6
2015-04-26;7.0;14.4;4;26;2015;116;10.7
2015-04-27;6.1;13.5;4;27;2015;117;9.8
2015-04-28;3.8;17.1;4;28;2015;118;10.4
2015-04-29;6.9;18.6;4;29;2015;119;12.8
2015-04-30;1.9;21.4;4;30;2015;120;11.6
2015-05-01;7.3;20.9;5;1;2015;121;14.1
2015-05-02;9.6;24.9;5;2;2015;122;17.2
2015-05-03;8.9;24.9;5;3;2015;123;16.9
2015-05-04;10.9;26.1;5;4;2015;124;18.5
2015-05-05;6.1;20.1;5;5;2015;125;13.1
2015-05-06;1.0;22.4;5;6;2015;126;11.7
2015-05-07;2.2;26.7;5;7;2015;127;14.4
2015-05-08;7.9;22.8;5;8;2015;128;15.4
2015-05-09;3.4;27.1;5;9;2015;129;15.2
2015-05-10;8.0;30.0;5;10;2015;130;19.0
2015-05-11;5.7;31.8;5;11;2015;131;18.8
2015-05-12;5.5;31.0;5;12;2015;132;18.2
2015-05-13;8.4;32.8;5;13;2015;133;20.6
2015-05-14;10.4;29.6;5;14;2015;134;20.0
2015-05-15;5.2;19.0;5;15;2015;135;12.1
2015-05-16;3.1;22.6;5;16;2015;136;12.8
2015-05-17;2.0;27.8;5;17;2015;137;14.9
2015-05-18;5.0;27.9;5;18;2015;138;16.4
2015-05-19;4.4;17.0;5;19;2015;139;10.7
2015-05-20;1.5;16.9;5;20;2015;140;9.2
2015-05-21;2.5;17.4;5;21;2015;141;10.0
2015-05-22;-1.7;19.2;5;22;2015;142;8.8
2015-05-23;-0.4;20.3;5;23;2015;143;10.0
2015-05-24;2.3;20.6;5;24;2015;144;11.4
2015-05-25;3.4;22.9;5;25;2015;145;13.2
2015-05-26;2.7;22.4;5;26;2015;146;12.6
2015-05-27;2.3;25.6;5;27;2015;147;14.0
2015-05-28;4.7;27.6;5;28;2015;148;16.2
2015-05-29;7.4;26.7;5;29;2015;149;17.0
2015-05-30;8.3;25.4;5;30;2015;150;16.8
2015-05-31;7.6;26.3;5;31;2015;151;17.0
2015-06-01;8.1;27.4;6;1;2015;152;17.8
2015-06-02;10.3;28.5;6;2;2015;153;19.4
2015-06-03;10.2;28.1;6;3;2015;154;19.2
2015-06-04;11.1;28.8;6;4;2015;155;20.0
2015-06-05;7.2;29.4;6;5;2015;156;18.3
2015-06-06;7.7;29.2;6;6;2015;157;18.4
2015-06-07;8.3;28.2;6;7;2015;158;18.2
2015-06-08;7.7;28.9;6;8;2015;159;18.3
2015-06-09;10.5;26.9;6;9;2015;160;18.7
2015-06-10;13.8;24.2;6;10;2015;161;19.0
2015-06-11;10.6;19.0;6;11;2015;162;14.8
2015-06-12;8.5;21.8;6;12;2015;163;15.2
2015-06-13;9.7;20.1;6;13;2015;164;14.9
2015-06-14;5.9;19.0;6;14;2015;165;12.4
2015-06-15;6.6;17.2;6;15;2015;166;11.9
2015-06-16;9.9;20.7;6;16;2015;167;15.3
2015-06-17;5.7;22.2;6;17;2015;168;14.0
2015-06-18;6.1;26.5;6;18;2015;169;16.3
2015-06-19;7.1;27.3;6;19;2015;170;17.2
2015-06-20;7.3;29.2;6;20;2015;171;18.2
2015-06-21;8.0;31.5;6;21;2015;172;19.8
2015-06-22;12.6;28.9;6;22;2015;173;20.8
2015-06-23;10.7;25.5;6;23;2015;174;18.1
2015-06-24;7.0;26.2;6;24;2015;175;16.6
2015-06-25;9.2;29.3;6;25;2015;176;19.2
2015-06-26;10.9;31.4;6;26;2015;177;21.2
2015-06-27;11.0;33.0;6;27;2015;178;22.0
2015-06-28;12.1;34.8;6;28;2015;179;23.4
2015-06-29;14.9;35.0;6;29;2015;180;25.0
2015-06-30;17.4;35.0;6;30;2015;181;26.2
2015-07-01;18.2;33.9;7;1;2015;182;26.0
2015-07-02;18.8;31.0;7;2;2015;183;24.9
2015-07-03;17.5;33.9;7;3;2015;184;25.7
2015-07-04;15.7;34.9;7;4;2015;185;25.3
2015-07-05;18.1;34.7;7;5;2015;186;26.4
2015-07-06;16.6;35.5;7;6;2015;187;26.0
2015-07-07;17.1;35.0;7;7;2015;188;26.0
2015-07-08;12.8;35.0;7;8;2015;189;23.9
2015-07-09;10.8;34.8;7;9;2015;190;22.8
2015-07-10;11.3;33.8;7;10;2015;191;22.6
2015-07-11;11.3;34.3;7;11;2015;192;22.8
2015-07-12;13.6;35.3;7;12;2015;193;24.4
2015-07-13;13.4;35.9;7;13;2015;194;24.6
2015-07-14;13.9;36.4;7;14;2015;195;25.2
2015-07-15;15.0;36.7;7;15;2015;196;25.8
2015-07-16;14.5;33.1;7;16;2015;197;23.8
2015-07-17;14.1;34.2;7;17;2015;198;24.2
2015-07-18;15.6;29.8;7;18;2015;199;22.7
2015-07-19;14.3;31.4;7;19;2015;200;22.8
2015-07-20;14.2;33.2;7;20;2015;201;23.7
2015-07-21;16.9;33.7;7;21;2015;202;25.3
2015-07-22;16.0;30.5;7;22;2015;203;23.2
2015-07-23;12.5;32.2;7;23;2015;204;22.4
2015-07-24;13.5;31.1;7;24;2015;205;22.3
2015-07-25;15.4;29.6;7;25;2015;206;22.5
2015-07-26;11.4;32.0;7;26;2015;207;21.7
2015-07-27;13.0;33.7;7;27;2015;208;23.4
2015-07-28;12.6;33.3;7;28;2015;209;23.0
2015-07-29;13.0;33.2;7;29;2015;210;23.1
2015-07-30;12.6;27.8;7;30;2015;211;20.2
2015-07-31;14.9;29.2;7;31;2015;212;22.0
2015-08-01;12.8;27.4;8;1;2015;213;20.1
2015-08-02;11.4;31.3;8;2;2015;214;21.4
2015-08-03;12.6;34.9;8;3;2015;215;23.8
2015-08-04;16.5;32.9;8;4;2015;216;24.7
2015-08-05;13.9;32.8;8;5;2015;217;23.4
2015-08-06;10.8;34.7;8;6;2015;218;22.8
2015-08-07;16.5;33.3;8;7;2015;219;24.9
2015-08-08;14.9;25.6;8;8;2015;220;20.2
2015-08-09;13.8;28.3;8;9;2015;221;21.0
2015-08-10;8.5;31.5;8;10;2015;222;20.0
2015-08-11;12.2;32.2;8;11;2015;223;22.2
2015-08-12;13.3;32.2;8;12;2015;224;22.8
2015-08-13;12.3;25.2;8;13;2015;225;18.8
2015-08-14;11.4;22.9;8;14;2015;226;17.2
2015-08-15;10.7;23.1;8;15;2015;227;16.9
2015-08-16;6.8;25.7;8;16;2015;228;16.2
2015-08-17;13.4;27.1;8;17;2015;229;20.2
2015-08-18;13.8;26.7;8;18;2015;230;20.2
2015-08-19;11.7;30.1;8;19;2015;231;20.9
2015-08-20;11.6;30.1;8;20;2015;232;20.8
2015-08-21;13.4;30.9;8;21;2015;233;22.2
2015-08-22;14.5;27.7;8;22;2015;234;21.1
2015-08-23;14.5;23.2;8;23;2015;235;18.8
2015-08-24;9.6;21.4;8;24;2015;236;15.5
2015-08-25;5.8;28.5;8;25;2015;237;17.2
2015-08-26;11.6;28.7;8;26;2015;238;20.2
2015-08-27;10.6;28.9;8;27;2015;239;19.8
2015-08-28;10.3;33.1;8;28;2015;240;21.7
2015-08-29;13.1;32.8;8;29;2015;241;23.0
2015-08-30;13.5;32.6;8;30;2015;242;23.0
2015-08-31;14.3;27.0;8;31;2015;243;20.6
2015-09-01;11.7;25.4;9;1;2015;244;18.6
2015-09-02;14.4;26.0;9;2;2015;245;20.2
2015-09-03;12.0;22.6;9;3;2015;246;17.3
2015-09-04;8.7;19.9;9;4;2015;247;14.3
2015-09-05;5.2;22.4;9;5;2015;248;13.8
2015-09-06;8.7;23.0;9;6;2015;249;15.8
2015-09-07;6.7;22.5;9;7;2015;250;14.6
2015-09-08;10.3;24.2;9;8;2015;251;17.2
2015-09-09;6.4;25.8;9;9;2015;252;16.1
2015-09-10;12.9;25.3;9;10;2015;253;19.1
2015-09-11;9.8;27.1;9;11;2015;254;18.4
2015-09-12;13.0;25.0;9;12;2015;255;19.0
2015-09-13;14.2;23.2;9;13;2015;256;18.7
2015-09-14;8.4;21.9;9;14;2015;257;15.2
2015-09-15;7.4;20.8;9;15;2015;258;14.1
2015-09-16;12.5;21.5;9;16;2015;259;17.0
2015-09-17;5.4;18.5;9;17;2015;260;12.0
2015-09-18;1.3;22.7;9;18;2015;261;12.0
2015-09-19;2.8;25.1;9;19;2015;262;14.0
2015-09-20;2.7;25.7;9;20;2015;263;14.2
2015-09-21;3.0;25.7;9;21;2015;264;14.4
2015-09-22;3.0;26.0;9;22;2015;265;14.5
2015-09-23;5.8;19.7;9;23;2015;266;12.8
2015-09-24;1.7;25.6;9;24;2015;267;13.6
2015-09-25;2.2;26.3;9;25;2015;268;14.2
2015-09-26;2.4;24.3;9;26;2015;269;13.4
2015-09-27;5.5;24.1;9;27;2015;270;14.8
2015-09-28;2.9;21.9;9;28;2015;271;12.4
2015-09-29;2.0;20.6;9;29;2015;272;11.3
2015-09-30;6.2;19.5;9;30;2015;273;12.8
2015-10-01;2.9;21.7;10;1;2015;274;12.3
2015-10-02;-0.5;20.8;10;2;2015;275;10.2
2015-10-03;6.3;19.6;10;3;2015;276;13.0
2015-10-04;6.6;20.0;10;4;2015;277;13.3
2015-10-05;15.0;20.1;10;5;2015;278;17.6
2015-10-06;8.0;19.3;10;6;2015;279;13.6
2015-10-07;5.1;19.5;10;7;2015;280;12.3
2015-10-08;1.5;19.6;10;8;2015;281;10.6
2015-10-09;2.6;21.3;10;9;2015;282;12.0
2015-10-10;0.4;21.4;10;10;2015;283;10.9
2015-10-11;7.8;17.2;10;11;2015;284;12.5
2015-10-12;8.3;19.2;10;12;2015;285;13.8
2015-10-13;6.3;11.1;10;13;2015;286;8.7
2015-10-14;-0.5;15.4;10;14;2015;287;7.4
2015-10-15;-4.1;18.0;10;15;2015;288;7.0
2015-10-16;-3.3;18.5;10;16;2015;289;7.6
2015-10-17;0.8;22.8;10;17;2015;290;11.8
2015-10-18;12.0;18.9;10;18;2015;291;15.4
2015-10-19;11.0;17.3;10;19;2015;292;14.2
2015-10-20;4.3;14.0;10;20;2015;293;9.2
2015-10-21;0.7;13.8;10;21;2015;294;7.2
2015-10-22;-2.3;16.7;10;22;2015;295;7.2
2015-10-23;1.1;20.9;10;23;2015;296;11.0
2015-10-24;5.4;19.1;10;24;2015;297;12.2
2015-10-25;7.0;18.2;10;25;2015;298;12.6
2015-10-26;8.2;18.1;10;26;2015;299;13.2
2015-10-27;8.2;14.9;10;27;2015;300;11.6
2015-10-28;6.3;12.2;10;28;2015;301;9.2
2015-10-29;4.9;15.6;10;29;2015;302;10.2
2015-10-30;3.0;22.5;10;30;2015;303;12.8
2015-10-31;4.1;19.9;10;31;2015;304;12.0
2015-11-01;7.4;15.8;11;1;2015;305;11.6
2015-11-02;6.2;12.3;11;2;2015;306;9.2
2015-11-03;6.3;13.5;11;3;2015;307;9.9
2015-11-04;7.1;14.6;11;4;2015;308;10.8
2015-11-05;9.5;14.5;11;5;2015;309;12.0
2015-11-06;7.3;19.8;11;6;2015;310;13.6
2015-11-07;5.6;22.6;11;7;2015;311;14.1
2015-11-08;3.8;21.9;11;8;2015;312;12.8
2015-11-09;0.2;20.3;11;9;2015;313;10.2
2015-11-10;-1.6;22.7;11;10;2015;314;10.6
2015-11-11;-1.6;22.9;11;11;2015;315;10.6
2015-11-12;-0.8;21.7;11;12;2015;316;10.4
2015-11-13;-1.2;17.3;11;13;2015;317;8.0
2015-11-14;1.9;17.8;11;14;2015;318;9.8
2015-11-15;-0.6;20.0;11;15;2015;319;9.7
2015-11-16;-2.7;18.1;11;16;2015;320;7.7
2015-11-17;-4.5;16.6;11;17;2015;321;6.0
2015-11-18;-2.4;18.8;11;18;2015;322;8.2
2015-11-19;-0.9;18.7;11;19;2015;323;8.9
2015-11-20;-0.7;17.8;11;20;2015;324;8.6
2015-11-21;-0.2;10.8;11;21;2015;325;5.3
2015-11-22;-0.1;5.6;11;22;2015;326;2.8
2015-11-23;-3.2;5.2;11;23;2015;327;1.0
2015-11-24;0.8;6.8;11;24;2015;328;3.8
2015-11-25;2.1;9.6;11;25;2015;329;5.8
2015-11-26;-2.1;10.5;11;26;2015;330;4.2
2015-11-27;5.1;12.3;11;27;2015;331;8.7
2015-11-28;-3.9;10.1;11;28;2015;332;3.1
2015-11-29;-7.3;13.6;11;29;2015;333;3.2
2015-11-30;-6.8;17.1;11;30;2015;334;5.2
2015-12-01;-7.9;15.6;12;1;2015;335;3.8
2015-12-02;-5.3;13.8;12;2;2015;336;4.2
2015-12-03;-4.8;14.9;12;3;2015;337;5.0
2015-12-04;-4.3;14.4;12;4;2015;338;5.0
2015-12-05;-2.3;15.7;12;5;2015;339;6.7
2015-12-06;-2.4;16.1;12;6;2015;340;6.8
2015-12-07;-3.3;12.9;12;7;2015;341;4.8
2015-12-08;-0.5;13.8;12;8;2015;342;6.6
2015-12-09;-0.8;12.8;12;9;2015;343;6.0
2015-12-10;-4.1;11.9;12;10;2015;344;3.9
2015-12-11;-3.7;11.4;12;11;2015;345;3.8
2015-12-12;-2.6;10.0;12;12;2015;346;3.7
2015-12-13;-2.3;10.1;12;13;2015;347;3.9
2015-12-14;1.4;10.5;12;14;2015;348;6.0
2015-12-15;0.6;13.8;12;15;2015;349;7.2
2015-12-16;-2.3;16.0;12;16;2015;350;6.8
2015-12-17;-3.0;15.3;12;17;2015;351;6.2
2015-12-18;-3.1;15.8;12;18;2015;352;6.4
2015-12-19;-3.2;16.6;12;19;2015;353;6.7
2015-12-20;-0.5;16.7;12;20;2015;354;8.1
2015-12-21;-3.2;13.9;12;21;2015;355;5.4
2015-12-22;-6.0;15.5;12;22;2015;356;4.8
2015-12-23;-5.9;15.8;12;23;2015;357;5.0
2015-12-24;-5.6;13.5;12;24;2015;358;4.0
2015-12-25;-6.9;14.1;12;25;2015;359;3.6
2015-12-26;-8.0;13.7;12;26;2015;360;2.8
2015-12-27;-8.1;16.5;12;27;2015;361;4.2
2015-12-28;-0.5;14.0;12;28;2015;362;6.8
2015-12-29;1.4;10.1;12;29;2015;363;5.8
2015-12-30;-0.4;8.1;12;30;2015;364;3.8
2015-12-31;5.9;10.5;12;31;2015;365;8.2
2016-01-01;4.5;11.1;1;1;2016;1;7.8
2016-01-02;-2.9;7.8;1;2;2016;2;2.4
2016-01-03;-2.9;9.4;1;3;2016;3;3.2
2016-01-04;4.7;11.0;1;4;2016;4;7.8
2016-01-05;0.7;6.0;1;5;2016;5;3.4
2016-01-06;-0.8;5.7;1;6;2016;6;2.4
2016-01-07;5.7;11.0;1;7;2016;7;8.4
2016-01-08;8.3;11.6;1;8;2016;8;10.0
2016-01-09;5.7;10.9;1;9;2016;9;8.3
2016-01-10;6.4;9.5;1;10;2016;10;8.0
2016-01-11;3.1;8.5;1;11;2016;11;5.8
2016-01-12;-1.6;6.5;1;12;2016;12;2.4
2016-01-13;-4.6;8.4;1;13;2016;13;1.9
2016-01-14;-0.7;7.5;1;14;2016;14;3.4
2016-01-15;-1.6;4.7;1;15;2016;15;1.6
2016-01-16;-4.1;4.1;1;16;2016;16;0.0
2016-01-17;-7.4;10.3;1;17;2016;17;1.4
2016-01-18;-0.5;7.2;1;18;2016;18;3.4
2016-01-19;-3.9;5.7;1;19;2016;19;0.9
2016-01-20;-2.2;7.1;1;20;2016;20;2.4
2016-01-21;2.8;10.0;1;21;2016;21;6.4
2016-01-22;3.9;10.2;1;22;2016;22;7.0
2016-01-23;2.3;16.4;1;23;2016;23;9.4
2016-01-24;-0.1;18.6;1;24;2016;24;9.2
2016-01-25;-1.2;17.7;1;25;2016;25;8.2
2016-01-26;-0.6;15.9;1;26;2016;26;7.6
2016-01-27;-0.9;10.5;1;27;2016;27;4.8
2016-01-28;4.1;9.1;1;28;2016;28;6.6
2016-01-29;4.0;7.6;1;29;2016;29;5.8
2016-01-30;2.5;11.5;1;30;2016;30;7.0
2016-01-31;2.3;12.1;1;31;2016;31;7.2
2016-02-01;0.7;15.6;2;1;2016;32;8.2
2016-02-02;-2.1;15.7;2;2;2016;33;6.8
2016-02-03;0.3;10.0;2;3;2016;34;5.2
2016-02-04;-4.4;9.9;2;4;2016;35;2.8
2016-02-05;-6.8;14.6;2;5;2016;36;3.9
2016-02-06;-4.8;11.1;2;6;2016;37;3.2
2016-02-07;0.6;7.6;2;7;2016;38;4.1
2016-02-08;2.2;8.8;2;8;2016;39;5.5
2016-02-09;5.9;9.5;2;9;2016;40;7.7
2016-02-10;6.2;10.2;2;10;2016;41;8.2
2016-02-11;4.2;11.0;2;11;2016;42;7.6
2016-02-12;6.3;10.8;2;12;2016;43;8.6
2016-02-13;9.8;12.6;2;13;2016;44;11.2
2016-02-14;0.5;9.9;2;14;2016;45;5.2
2016-02-15;-2.4;6.0;2;15;2016;46;1.8
2016-02-16;-5.9;4.9;2;16;2016;47;-0.5
2016-02-17;-9.3;5.3;2;17;2016;48;-2.0
2016-02-18;-0.7;5.1;2;18;2016;49;2.2
2016-02-19;-5.2;8.7;2;19;2016;50;1.8
2016-02-20;-6.9;12.8;2;20;2016;51;3.0
2016-02-21;-5.3;17.2;2;21;2016;52;6.0
2016-02-22;-1.3;13.9;2;22;2016;53;6.3
2016-02-23;-3.6;14.4;2;23;2016;54;5.4
2016-02-24;-3.3;9.6;2;24;2016;55;3.2
2016-02-25;-1.6;10.1;2;25;2016;56;4.2
2016-02-26;-2.5;6.8;2;26;2016;57;2.2
2016-02-27;-1.3;1.4;2;27;2016;58;0.0
2016-02-28;-0.3;4.5;2;28;2016;59;2.1
2016-02-29;-1.6;7.2;2;29;2016;60;2.8
2016-03-01;-4.0;12.1;3;1;2016;61;4.0
2016-03-02;-3.4;16.0;3;2;2016;62;6.3
2016-03-03;0.0;11.1;3;3;2016;63;5.6
2016-03-04;-3.6;13.5;3;4;2016;64;5.0
2016-03-05;-0.8;6.8;3;5;2016;65;3.0
2016-03-06;-2.0;5.3;3;6;2016;66;1.6
2016-03-07;0.2;5.5;3;7;2016;67;2.8
2016-03-08;-0.4;6.9;3;8;2016;68;3.2
2016-03-09;-1.7;6.7;3;9;2016;69;2.5
2016-03-10;-0.2;6.6;3;10;2016;70;3.2
2016-03-11;-1.7;9.6;3;11;2016;71;4.0
2016-03-12;-6.2;11.4;3;12;2016;72;2.6
2016-03-13;-6.8;13.6;3;13;2016;73;3.4
2016-03-14;-2.5;4.7;3;14;2016;74;1.1
2016-03-15;-3.4;11.8;3;15;2016;75;4.2
2016-03-16;-6.1;8.6;3;16;2016;76;1.2
2016-03-17;-0.5;10.7;3;17;2016;77;5.1
2016-03-18;-3.1;13.0;3;18;2016;78;5.0
2016-03-19;2.5;9.5;3;19;2016;79;6.0
2016-03-20;1.5;11.2;3;20;2016;80;6.4
2016-03-21;3.1;11.4;3;21;2016;81;7.2
2016-03-22;1.0;11.4;3;22;2016;82;6.2
2016-03-23;-3.3;10.2;3;23;2016;83;3.4
2016-03-24;-3.9;16.9;3;24;2016;84;6.5
2016-03-25;-3.8;15.9;3;25;2016;85;6.0
2016-03-26;-1.2;17.2;3;26;2016;86;8.0
2016-03-27;4.6;13.8;3;27;2016;87;9.2
2016-03-28;4.8;12.0;3;28;2016;88;8.4
2016-03-29;2.8;15.5;3;29;2016;89;9.2
2016-03-30;-1.2;20.1;3;30;2016;90;9.4
2016-03-31;0.7;12.0;3;31;2016;91;6.4
2016-04-01;-1.9;11.2;4;1;2016;92;4.6
2016-04-02;-5.1;15.2;4;2;2016;93;5.0
2016-04-03;3.5;14.5;4;3;2016;94;9.0
2016-04-04;4.3;8.9;4;4;2016;95;6.6
2016-04-05;4.1;8.2;4;5;2016;96;6.2
2016-04-06;2.7;16.4;4;6;2016;97;9.6
2016-04-07;-0.7;16.4;4;7;2016;98;7.8
2016-04-08;0.1;10.0;4;8;2016;99;5.0
2016-04-09;-3.1;15.8;4;9;2016;100;6.4
2016-04-10;3.1;11.2;4;10;2016;101;7.2
2016-04-11;1.6;11.6;4;11;2016;102;6.6
2016-04-12;4.7;12.3;4;12;2016;103;8.5
2016-04-13;1.5;12.5;4;13;2016;104;7.0
2016-04-14;0.4;16.8;4;14;2016;105;8.6
2016-04-15;0.9;17.8;4;15;2016;106;9.4
2016-04-16;8.4;17.0;4;16;2016;107;12.7
2016-04-17;1.9;15.2;4;17;2016;108;8.6
2016-04-18;-1.6;19.7;4;18;2016;109;9.0
2016-04-19;5.5;17.9;4;19;2016;110;11.7
2016-04-20;5.6;12.2;4;20;2016;111;8.9
2016-04-21;5.0;14.1;4;21;2016;112;9.6
2016-04-22;4.8;14.7;4;22;2016;113;9.8
2016-04-23;2.8;15.1;4;23;2016;114;9.0
2016-04-24;2.0;13.5;4;24;2016;115;7.8
2016-04-25;-3.1;19.0;4;25;2016;116;8.0
2016-04-26;-1.5;20.0;4;26;2016;117;9.2
2016-04-27;2.8;19.3;4;27;2016;118;11.0
2016-04-28;5.0;13.2;4;28;2016;119;9.1
2016-04-29;4.2;18.0;4;29;2016;120;11.1
2016-04-30;1.8;13.6;4;30;2016;121;7.7
2016-05-01;-0.8;12.0;5;1;2016;122;5.6
2016-05-02;-4.1;19.7;5;2;2016;123;7.8
2016-05-03;-0.8;23.5;5;3;2016;124;11.4
2016-05-04;0.7;26.4;5;4;2016;125;13.6
2016-05-05;4.4;22.5;5;5;2016;126;13.4
2016-05-06;8.6;16.2;5;6;2016;127;12.4
2016-05-07;9.5;18.2;5;7;2016;128;13.8
2016-05-08;8.5;15.7;5;8;2016;129;12.1
2016-05-09;7.5;17.3;5;9;2016;130;12.4
2016-05-10;7.6;16.8;5;10;2016;131;12.2
2016-05-11;6.2;14.6;5;11;2016;132;10.4
2016-05-12;6.6;14.3;5;12;2016;133;10.4
2016-05-13;6.6;13.3;5;13;2016;134;10.0
2016-05-14;6.4;14.8;5;14;2016;135;10.6
2016-05-15;3.7;17.6;5;15;2016;136;10.6
2016-05-16;-0.4;21.5;5;16;2016;137;10.6
2016-05-17;2.1;21.8;5;17;2016;138;12.0
2016-05-18;4.2;22.7;5;18;2016;139;13.4
2016-05-19;5.2;22.0;5;19;2016;140;13.6
2016-05-20;3.4;26.1;5;20;2016;141;14.8
2016-05-21;5.5;26.1;5;21;2016;142;15.8
2016-05-22;4.4;20.3;5;22;2016;143;12.4
2016-05-23;0.6;20.5;5;23;2016;144;10.6
2016-05-24;4.1;23.5;5;24;2016;145;13.8
2016-05-25;7.4;18.9;5;25;2016;146;13.2
2016-05-26;6.0;24.2;5;26;2016;147;15.1
2016-05-27;7.7;24.9;5;27;2016;148;16.3
2016-05-28;6.2;20.6;5;28;2016;149;13.4
2016-05-29;8.3;17.6;5;29;2016;150;13.0
2016-05-30;6.9;18.9;5;30;2016;151;12.9
2016-05-31;2.8;19.2;5;31;2016;152;11.0
2016-06-01;-0.1;22.7;6;1;2016;153;11.3
2016-06-02;2.1;25.5;6;2;2016;154;13.8
2016-06-03;8.4;26.0;6;3;2016;155;17.2
2016-06-04;9.2;23.4;6;4;2016;156;16.3
2016-06-05;5.6;26.6;6;5;2016;157;16.1
2016-06-06;8.8;26.0;6;6;2016;158;17.4
2016-06-07;7.7;28.9;6;7;2016;159;18.3
2016-06-08;9.4;30.1;6;8;2016;160;19.8
2016-06-09;10.5;30.2;6;9;2016;161;20.4
2016-06-10;13.5;27.4;6;10;2016;162;20.4
2016-06-11;11.7;25.4;6;11;2016;163;18.6
2016-06-12;9.1;26.0;6;12;2016;164;17.6
2016-06-13;11.3;27.5;6;13;2016;165;19.4
2016-06-14;9.4;24.7;6;14;2016;166;17.0
2016-06-15;7.3;19.4;6;15;2016;167;13.4
2016-06-16;6.4;14.8;6;16;2016;168;10.6
2016-06-17;4.7;19.0;6;17;2016;169;11.8
2016-06-18;6.4;18.6;6;18;2016;170;12.5
2016-06-19;2.2;23.3;6;19;2016;171;12.8
2016-06-20;6.5;27.9;6;20;2016;172;17.2
2016-06-21;9.4;32.1;6;21;2016;173;20.8
2016-06-22;10.4;32.9;6;22;2016;174;21.6
2016-06-23;11.8;30.0;6;23;2016;175;20.9
2016-06-24;8.7;31.0;6;24;2016;176;19.8
2016-06-25;11.3;29.3;6;25;2016;177;20.3
2016-06-26;10.1;27.5;6;26;2016;178;18.8
2016-06-27;9.9;30.1;6;27;2016;179;20.0
2016-06-28;10.3;31.6;6;28;2016;180;21.0
2016-06-29;16.2;30.0;6;29;2016;181;23.1
2016-06-30;13.9;29.8;6;30;2016;182;21.8
2016-07-01;12.3;30.2;7;1;2016;183;21.2
2016-07-02;11.6;32.2;7;2;2016;184;21.9
2016-07-03;11.3;33.4;7;3;2016;185;22.4
2016-07-04;13.3;32.6;7;4;2016;186;23.0
2016-07-05;14.4;31.3;7;5;2016;187;22.8
2016-07-06;15.3;29.5;7;6;2016;188;22.4
2016-07-07;15.4;28.7;7;7;2016;189;22.0
2016-07-08;14.4;31.1;7;8;2016;190;22.8
2016-07-09;13.4;33.1;7;9;2016;191;23.2
2016-07-10;15.0;33.7;7;10;2016;192;24.4
2016-07-11;17.0;32.8;7;11;2016;193;24.9
2016-07-12;12.9;29.5;7;12;2016;194;21.2
2016-07-13;10.1;24.3;7;13;2016;195;17.2
2016-07-14;4.9;25.4;7;14;2016;196;15.2
2016-07-15;4.3;29.2;7;15;2016;197;16.8
2016-07-16;6.6;31.5;7;16;2016;198;19.0
2016-07-17;11.0;34.0;7;17;2016;199;22.5
2016-07-18;11.9;34.5;7;18;2016;200;23.2
2016-07-19;12.6;34.4;7;19;2016;201;23.5
2016-07-20;17.5;31.3;7;20;2016;202;24.4
2016-07-21;15.7;31.6;7;21;2016;203;23.6
2016-07-22;13.2;28.7;7;22;2016;204;21.0
2016-07-23;10.7;28.1;7;23;2016;205;19.4
2016-07-24;9.7;30.6;7;24;2016;206;20.2
2016-07-25;10.6;32.6;7;25;2016;207;21.6
2016-07-26;11.3;34.7;7;26;2016;208;23.0
2016-07-27;15.5;33.2;7;27;2016;209;24.4
2016-07-28;12.3;33.4;7;28;2016;210;22.8
2016-07-29;13.9;33.4;7;29;2016;211;23.6
2016-07-30;15.5;31.9;7;30;2016;212;23.7
2016-07-31;11.6;30.0;7;31;2016;213;20.8
2016-08-01;11.7;32.4;8;1;2016;214;22.0
2016-08-02;12.3;33.3;8;2;2016;215;22.8
2016-08-03;12.6;34.0;8;3;2016;216;23.3
2016-08-04;12.6;32.6;8;4;2016;217;22.6
2016-08-05;13.3;30.5;8;5;2016;218;21.9
2016-08-06;7.5;31.4;8;6;2016;219;19.4
2016-08-07;8.6;33.6;8;7;2016;220;21.1
2016-08-08;9.9;33.7;8;8;2016;221;21.8
2016-08-09;10.9;30.3;8;9;2016;222;20.6
2016-08-10;10.1;25.3;8;10;2016;223;17.7
2016-08-11;5.1;27.3;8;11;2016;224;16.2
2016-08-12;7.0;31.1;8;12;2016;225;19.0
2016-08-13;10.3;32.2;8;13;2016;226;21.2
2016-08-14;11.0;32.9;8;14;2016;227;22.0
2016-08-15;10.4;32.4;8;15;2016;228;21.4
2016-08-16;14.1;29.0;8;16;2016;229;21.6
2016-08-17;11.4;30.2;8;17;2016;230;20.8
2016-08-18;10.0;31.4;8;18;2016;231;20.7
2016-08-19;11.1;31.3;8;19;2016;232;21.2
2016-08-20;13.8;29.8;8;20;2016;233;21.8
2016-08-21;9.8;31.5;8;21;2016;234;20.6
2016-08-22;8.9;34.1;8;22;2016;235;21.5
2016-08-23;12.6;35.3;8;23;2016;236;24.0
2016-08-24;12.1;33.7;8;24;2016;237;22.9
2016-08-25;8.5;33.6;8;25;2016;238;21.0
2016-08-26;10.5;33.2;8;26;2016;239;21.8
2016-08-27;16.4;32.6;8;27;2016;240;24.5
2016-08-28;13.0;32.3;8;28;2016;241;22.6
2016-08-29;12.4;31.0;8;29;2016;242;21.7
2016-08-30;10.5;30.3;8;30;2016;243;20.4
2016-08-31;11.9;30.1;8;31;2016;244;21.0
2016-09-01;13.0;30.0;9;1;2016;245;21.5
2016-09-02;9.7;31.3;9;2;2016;246;20.5
2016-09-03;11.1;31.8;9;3;2016;247;21.4
2016-09-04;11.0;33.2;9;4;2016;248;22.1
2016-09-05;12.3;33.9;9;5;2016;249;23.1
2016-09-06;8.4;35.7;9;6;2016;250;22.0
2016-09-07;10.3;35.4;9;7;2016;251;22.8
2016-09-08;11.4;29.0;9;8;2016;252;20.2
2016-09-09;11.4;29.1;9;9;2016;253;20.2
2016-09-10;13.0;29.5;9;10;2016;254;21.2
2016-09-11;10.7;30.9;9;11;2016;255;20.8
2016-09-12;10.3;31.8;9;12;2016;256;21.0
2016-09-13;9.5;26.0;9;13;2016;257;17.8
2016-09-14;6.1;14.1;9;14;2016;258;10.1
2016-09-15;6.0;14.8;9;15;2016;259;10.4
2016-09-16;10.0;19.9;9;16;2016;260;15.0
2016-09-17;6.3;18.3;9;17;2016;261;12.3
2016-09-18;5.4;20.0;9;18;2016;262;12.7
2016-09-19;1.6;23.6;9;19;2016;263;12.6
2016-09-20;6.9;24.0;9;20;2016;264;15.4
2016-09-21;4.1;25.4;9;21;2016;265;14.8
2016-09-22;2.9;26.2;9;22;2016;266;14.6
2016-09-23;5.5;25.0;9;23;2016;267;15.2
2016-09-24;4.7;26.5;9;24;2016;268;15.6
2016-09-25;6.0;26.0;9;25;2016;269;16.0
2016-09-26;8.6;24.4;9;26;2016;270;16.5
2016-09-27;7.0;24.4;9;27;2016;271;15.7
2016-09-28;9.5;22.1;9;28;2016;272;15.8
2016-09-29;3.0;25.9;9;29;2016;273;14.4
2016-09-30;5.0;23.7;9;30;2016;274;14.4
2016-10-01;7.1;23.7;10;1;2016;275;15.4
2016-10-02;6.6;24.5;10;2;2016;276;15.6
2016-10-03;3.5;27.6;10;3;2016;277;15.6
2016-10-04;4.8;26.2;10;4;2016;278;15.5
2016-10-05;6.2;25.9;10;5;2016;279;16.0
2016-10-06;9.3;23.8;10;6;2016;280;16.6
2016-10-07;2.4;24.5;10;7;2016;281;13.4
2016-10-08;2.0;25.1;10;8;2016;282;13.6
2016-10-09;4.3;22.1;10;9;2016;283;13.2
2016-10-10;1.8;21.4;10;10;2016;284;11.6
2016-10-11;-1.5;22.4;10;11;2016;285;10.4
2016-10-12;5.2;13.0;10;12;2016;286;9.1
2016-10-13;8.0;13.2;10;13;2016;287;10.6
2016-10-14;5.4;15.1;10;14;2016;288;10.2
2016-10-15;4.0;18.6;10;15;2016;289;11.3
2016-10-16;1.6;19.6;10;16;2016;290;10.6
2016-10-17;6.8;16.5;10;17;2016;291;11.6
2016-10-18;7.8;17.6;10;18;2016;292;12.7
2016-10-19;6.0;16.5;10;19;2016;293;11.2
2016-10-20;5.9;17.7;10;20;2016;294;11.8
2016-10-21;4.6;18.5;10;21;2016;295;11.6
2016-10-22;10.0;14.9;10;22;2016;296;12.4
2016-10-23;9.2;17.0;10;23;2016;297;13.1
2016-10-24;8.4;15.3;10;24;2016;298;11.8
2016-10-25;9.1;21.5;10;25;2016;299;15.3
2016-10-26;6.6;23.3;10;26;2016;300;15.0
2016-10-27;5.9;24.6;10;27;2016;301;15.2
2016-10-28;3.3;24.3;10;28;2016;302;13.8
2016-10-29;-0.2;26.3;10;29;2016;303;13.0
2016-10-30;-1.6;26.1;10;30;2016;304;12.2
2016-10-31;-2.1;24.4;10;31;2016;305;11.2
2016-11-01;-1.6;21.8;11;1;2016;306;10.1
2016-11-02;-0.6;21.0;11;2;2016;307;10.2
2016-11-03;-0.5;19.7;11;3;2016;308;9.6
2016-11-04;2.9;16.8;11;4;2016;309;9.8
2016-11-05;5.6;13.8;11;5;2016;310;9.7
2016-11-06;1.2;8.8;11;6;2016;311;5.0
2016-11-07;-1.7;7.8;11;7;2016;312;3.0
2016-11-08;-1.9;8.6;11;8;2016;313;3.4
2016-11-09;0.0;11.4;11;9;2016;314;5.7
2016-11-10;-3.3;12.4;11;10;2016;315;4.6
2016-11-11;-2.9;14.1;11;11;2016;316;5.6
2016-11-12;-2.7;14.2;11;12;2016;317;5.8
2016-11-13;2.3;15.3;11;13;2016;318;8.8
2016-11-14;-2.5;12.8;11;14;2016;319;5.2
2016-11-15;-5.3;14.1;11;15;2016;320;4.4
2016-11-16;-5.1;16.7;11;16;2016;321;5.8
2016-11-17;-2.8;18.5;11;17;2016;322;7.8
2016-11-18;-1.9;12.8;11;18;2016;323;5.4
2016-11-19;1.1;13.8;11;19;2016;324;7.4
2016-11-20;5.5;10.6;11;20;2016;325;8.0
2016-11-21;2.7;11.8;11;21;2016;326;7.2
2016-11-22;4.2;7.7;11;22;2016;327;6.0
2016-11-23;1.3;5.0;11;23;2016;328;3.2
2016-11-24;-2.7;7.6;11;24;2016;329;2.4
2016-11-25;-4.9;6.4;11;25;2016;330;0.8
2016-11-26;2.6;8.2;11;26;2016;331;5.4
2016-11-27;4.7;9.1;11;27;2016;332;6.9
2016-11-28;-0.8;9.2;11;28;2016;333;4.2
2016-11-29;-1.4;10.6;11;29;2016;334;4.6
2016-11-30;1.6;8.6;11;30;2016;335;5.1
2016-12-01;-1.5;10.3;12;1;2016;336;4.4
2016-12-02;-1.1;12.4;12;2;2016;337;5.6
2016-12-03;-2.1;13.6;12;3;2016;338;5.8
2016-12-04;1.1;9.3;12;4;2016;339;5.2
2016-12-05;2.9;11.0;12;5;2016;340;7.0
2016-12-06;0.3;14.0;12;6;2016;341;7.2
2016-12-07;-1.5;14.9;12;7;2016;342;6.7
2016-12-08;-2.7;13.2;12;8;2016;343;5.2
2016-12-09;-3.8;13.7;12;9;2016;344;5.0
2016-12-10;-1.9;14.1;12;10;2016;345;6.1
2016-12-11;-1.9;13.2;12;11;2016;346;5.6
2016-12-12;-2.7;12.8;12;12;2016;347;5.0
2016-12-13;-4.1;12.2;12;13;2016;348;4.0
2016-12-14;-3.8;7.2;12;14;2016;349;1.7
2016-12-15;-3.3;9.9;12;15;2016;350;3.3
2016-12-16;3.1;7.2;12;16;2016;351;5.2
2016-12-17;3.6;7.6;12;17;2016;352;5.6
2016-12-18;0.7;5.5;12;18;2016;353;3.1
2016-12-19;-4.6;4.9;12;19;2016;354;0.2
2016-12-20;-5.1;6.8;12;20;2016;355;0.8
2016-12-21;-1.7;8.1;12;21;2016;356;3.2
2016-12-22;-4.2;7.7;12;22;2016;357;1.8
2016-12-23;2.6;11.3;12;23;2016;358;7.0
2016-12-24;-2.0;9.9;12;24;2016;359;4.0
2016-12-25;-3.0;12.1;12;25;2016;360;4.6
2016-12-26;-5.7;17.3;12;26;2016;361;5.8
2016-12-27;-4.7;16.2;12;27;2016;362;5.8
2016-12-28;-6.1;15.3;12;28;2016;363;4.6
2016-12-29;-10.4;15.7;12;29;2016;364;2.6
2016-12-30;-11.0;15.4;12;30;2016;365;2.2
2016-12-31;-10.1;13.1;12;31;2016;366;1.5
2017-01-01;-10.5;9.7;1;1;2017;1;-0.4
2017-01-02;-9.3;7.4;1;2;2017;2;-1.0
2017-01-03;-5.8;12.6;1;3;2017;3;3.4
2017-01-04;-2.5;13.0;1;4;2017;4;5.2
2017-01-05;-5.0;12.6;1;5;2017;5;3.8
2017-01-06;-9.7;14.4;1;6;2017;6;2.4
2017-01-07;-10.3;14.7;1;7;2017;7;2.2
2017-01-08;-10.0;13.2;1;8;2017;8;1.6
2017-01-09;-7.7;11.0;1;9;2017;9;1.6
2017-01-10;-3.4;6.1;1;10;2017;10;1.4
2017-01-11;-0.3;12.0;1;11;2017;11;5.8
2017-01-12;-3.3;11.8;1;12;2017;12;4.2
2017-01-13;-4.0;6.5;1;13;2017;13;1.2
2017-01-14;-4.3;3.9;1;14;2017;14;-0.2
2017-01-15;-0.7;4.9;1;15;2017;15;2.1
2017-01-16;2.0;6.8;1;16;2017;16;4.4
2017-01-17;-7.2;4.3;1;17;2017;17;-1.4
2017-01-18;-13.4;1.7;1;18;2017;18;-5.8
2017-01-19;-10.2;0.6;1;19;2017;19;-4.8
2017-01-20;-1.3;1.2;1;20;2017;20;0.0
2017-01-21;-0.7;7.2;1;21;2017;21;3.2
2017-01-22;-3.5;5.6;1;22;2017;22;1.0
2017-01-23;-4.1;7.7;1;23;2017;23;1.8
2017-01-24;-7.0;10.4;1;24;2017;24;1.7
2017-01-25;-8.4;10.3;1;25;2017;25;1.0
2017-01-26;-9.0;6.6;1;26;2017;26;-1.2
2017-01-27;-0.2;7.1;1;27;2017;27;3.4
2017-01-28;-2.8;8.0;1;28;2017;28;2.6
2017-01-29;-2.8;9.4;1;29;2017;29;3.3
2017-01-30;5.9;12.1;1;30;2017;30;9.0
2017-01-31;-1.3;16.0;1;31;2017;31;7.4
2017-02-01;-3.1;12.3;2;1;2017;32;4.6
2017-02-02;2.8;10.7;2;2;2017;33;6.8
2017-02-03;3.0;9.6;2;3;2017;34;6.3
2017-02-04;7.1;11.4;2;4;2017;35;9.2
2017-02-05;1.7;8.7;2;5;2017;36;5.2
2017-02-06;1.6;10.9;2;6;2017;37;6.2
2017-02-07;1.6;10.5;2;7;2017;38;6.0
2017-02-08;-1.7;5.8;2;8;2017;39;2.0
2017-02-09;-4.5;10.7;2;9;2017;40;3.1
2017-02-10;-4.5;9.8;2;10;2017;41;2.6
2017-02-11;-1.0;6.3;2;11;2017;42;2.6
2017-02-12;3.8;12.2;2;12;2017;43;8.0
2017-02-13;4.7;10.3;2;13;2017;44;7.5
2017-02-14;-1.3;12.2;2;14;2017;45;5.4
2017-02-15;-4.6;14.7;2;15;2017;46;5.0
2017-02-16;-1.9;13.5;2;16;2017;47;5.8
2017-02-17;-4.2;14.6;2;17;2017;48;5.2
2017-02-18;-5.8;14.6;2;18;2017;49;4.4
2017-02-19;-1.1;12.4;2;19;2017;50;5.6
2017-02-20;-3.5;13.6;2;20;2017;51;5.0
2017-02-21;-6.0;17.1;2;21;2017;52;5.6
2017-02-22;-4.1;19.9;2;22;2017;53;7.9
2017-02-23;2.2;14.6;2;23;2017;54;8.4
2017-02-24;-1.5;12.6;2;24;2017;55;5.6
2017-02-25;-6.0;18.7;2;25;2017;56;6.4
2017-02-26;-4.6;18.6;2;26;2017;57;7.0
2017-02-27;4.6;11.6;2;27;2017;58;8.1
2017-02-28;4.7;9.4;2;28;2017;59;7.0
2017-03-01;1.9;16.2;3;1;2017;60;9.0
2017-03-02;-0.7;17.9;3;2;2017;61;8.6
2017-03-03;-1.5;15.4;3;3;2017;62;7.0
2017-03-04;-1.6;6.1;3;4;2017;63;2.2
2017-03-05;0.3;10.8;3;5;2017;64;5.6
2017-03-06;4.8;15.7;3;6;2017;65;10.2
2017-03-07;3.7;16.8;3;7;2017;66;10.2
2017-03-08;-1.1;21.4;3;8;2017;67;10.2
2017-03-09;-1.6;24.3;3;9;2017;68;11.4
2017-03-10;-1.4;25.1;3;10;2017;69;11.8
2017-03-11;-0.7;23.9;3;11;2017;70;11.6
2017-03-12;3.0;16.6;3;12;2017;71;9.8
2017-03-13;2.2;9.7;3;13;2017;72;6.0
2017-03-14;2.8;15.3;3;14;2017;73;9.0
2017-03-15;-0.6;17.3;3;15;2017;74;8.4
2017-03-16;0.1;18.0;3;16;2017;75;9.0
2017-03-17;-2.8;18.2;3;17;2017;76;7.7
2017-03-18;-3.1;21.7;3;18;2017;77;9.3
2017-03-19;-2.1;22.6;3;19;2017;78;10.2
2017-03-20;0.4;22.9;3;20;2017;79;11.6
2017-03-21;0.8;15.6;3;21;2017;80;8.2
2017-03-22;0.0;12.3;3;22;2017;81;6.2
2017-03-23;-1.4;5.7;3;23;2017;82;2.2
2017-03-24;-1.5;10.6;3;24;2017;83;4.6
2017-03-25;0.9;7.6;3;25;2017;84;4.2
2017-03-26;2.3;15.0;3;26;2017;85;8.6
2017-03-27;3.3;11.1;3;27;2017;86;7.2
2017-03-28;1.1;16.1;3;28;2017;87;8.6
2017-03-29;-2.6;20.4;3;29;2017;88;8.9
2017-03-30;-0.9;21.5;3;30;2017;89;10.3
2017-03-31;3.7;18.1;3;31;2017;90;10.9
2017-04-01;0.5;12.6;4;1;2017;91;6.6
2017-04-02;-2.5;13.2;4;2;2017;92;5.4
2017-04-03;-4.5;18.7;4;3;2017;93;7.1
2017-04-04;-1.8;17.7;4;4;2017;94;8.0
2017-04-05;-0.3;14.1;4;5;2017;95;6.9
2017-04-06;-2.2;19.1;4;6;2017;96;8.4
2017-04-07;-2.6;21.4;4;7;2017;97;9.4
2017-04-08;-1.5;22.6;4;8;2017;98;10.6
2017-04-09;-1.5;21.6;4;9;2017;99;10.0
2017-04-10;-1.0;22.9;4;10;2017;100;11.0
2017-04-11;-0.5;23.7;4;11;2017;101;11.6
2017-04-12;-1.4;25.5;4;12;2017;102;12.0
2017-04-13;1.3;24.9;4;13;2017;103;13.1
2017-04-14;2.3;23.6;4;14;2017;104;13.0
2017-04-15;3.1;23.4;4;15;2017;105;13.2
2017-04-16;-1.4;24.8;4;16;2017;106;11.7
2017-04-17;1.7;25.9;4;17;2017;107;13.8
2017-04-18;2.3;24.0;4;18;2017;108;13.2
2017-04-19;1.5;21.3;4;19;2017;109;11.4
2017-04-20;3.9;17.1;4;20;2017;110;10.5
2017-04-21;-3.8;19.2;4;21;2017;111;7.7
2017-04-22;-2.6;22.3;4;22;2017;112;9.8
2017-04-23;0.2;24.4;4;23;2017;113;12.3
2017-04-24;0.6;25.5;4;24;2017;114;13.0
2017-04-25;0.75;18.05;4;25;2017;115;9.4
2017-04-26;0.9;10.6;4;26;2017;116;5.8
2017-04-27;-0.7;10.9;4;27;2017;117;5.1
2017-04-28;-1.8;15.4;4;28;2017;118;6.8
2017-04-29;0.8;11.8;4;29;2017;119;6.3
2017-04-30;3.0;13.2;4;30;2017;120;8.1
2017-05-01;-0.3;16.3;5;1;2017;121;8.0
2017-05-02;0.2;17.1;5;2;2017;122;8.6
2017-05-03;2.7;23.4;5;3;2017;123;13.0
2017-05-04;4.0;25.6;5;4;2017;124;14.8
2017-05-05;7.9;23.2;5;5;2017;125;15.6
2017-05-06;5.2;18.8;5;6;2017;126;12.0
2017-05-07;1.5;23.0;5;7;2017;127;12.2
2017-05-08;3.1;26.5;5;8;2017;128;14.8
2017-05-09;5.1;25.8;5;9;2017;129;15.4
2017-05-10;9.0;21.9;5;10;2017;130;15.4
2017-05-11;6.6;16.2;5;11;2017;131;11.4
2017-05-12;6.6;15.8;5;12;2017;132;11.2
2017-05-13;9.7;18.3;5;13;2017;133;14.0
2017-05-14;4.0;22.1;5;14;2017;134;13.0
2017-05-15;4.0;24.5;5;15;2017;135;14.2
2017-05-16;8.0;26.9;5;16;2017;136;17.4
2017-05-17;9.5;25.4;5;17;2017;137;17.4
2017-05-18;4.2;15.4;5;18;2017;138;9.8
2017-05-19;2.0;19.2;5;19;2017;139;10.6
2017-05-20;1.8;24.6;5;20;2017;140;13.2
2017-05-21;6.4;24.9;5;21;2017;141;15.6
2017-05-22;9.8;27.9;5;22;2017;142;18.8
2017-05-23;8.8;28.0;5;23;2017;143;18.4
2017-05-24;7.2;28.6;5;24;2017;144;17.9
2017-05-25;8.7;29.8;5;25;2017;145;19.2
2017-05-26;11.3;30.3;5;26;2017;146;20.8
2017-05-27;11.4;30.5;5;27;2017;147;21.0
2017-05-28;9.6;29.1;5;28;2017;148;19.4
2017-05-29;12.0;23.9;5;29;2017;149;18.0
2017-05-30;8.5;21.7;5;30;2017;150;15.1
2017-05-31;9.0;25.2;5;31;2017;151;17.1
2017-06-01;7.0;26.5;6;1;2017;152;16.8
2017-06-02;10.7;27.8;6;2;2017;153;19.2
2017-06-03;12.5;24.1;6;3;2017;154;18.3
2017-06-04;9.7;20.3;6;4;2017;155;15.0
2017-06-05;7.1;21.9;6;5;2017;156;14.5
2017-06-06;7.4;23.8;6;6;2017;157;15.6
2017-06-07;7.8;28.1;6;7;2017;158;18.0
2017-06-08;10.5;29.6;6;8;2017;159;20.0
2017-06-09;12.2;29.4;6;9;2017;160;20.8
2017-06-10;11.8;32.4;6;10;2017;161;22.1
2017-06-11;14.0;33.1;6;11;2017;162;23.6
2017-06-12;13.6;33.0;6;12;2017;163;23.3
2017-06-13;11.3;32.9;6;13;2017;164;22.1
2017-06-14;12.9;34.3;6;14;2017;165;23.6
2017-06-15;13.8;35.0;6;15;2017;166;24.4
2017-06-16;13.8;33.8;6;16;2017;167;23.8
2017-06-17;14.8;34.2;6;17;2017;168;24.5
2017-06-18;12.7;35.4;6;18;2017;169;24.0
2017-06-19;17.0;32.1;6;19;2017;170;24.6
2017-06-20;15.4;28.3;6;20;2017;171;21.8
2017-06-21;13.1;31.7;6;21;2017;172;22.4
2017-06-22;14.5;33.3;6;22;2017;173;23.9
2017-06-23;15.6;32.8;6;23;2017;174;24.2
2017-06-24;11.2;31.5;6;24;2017;175;21.4
2017-06-25;16.1;30.2;6;25;2017;176;23.2
2017-06-26;13.5;26.1;6;26;2017;177;19.8
2017-06-27;10.1;25.7;6;27;2017;178;17.9
2017-06-28;13.3;19.9;6;28;2017;179;16.6
2017-06-29;8.3;18.3;6;29;2017;180;13.3
2017-06-30;5.3;19.6;6;30;2017;181;12.4
2017-07-01;7.5;20.7;7;1;2017;182;14.1
2017-07-02;4.8;26.2;7;2;2017;183;15.5
2017-07-03;7.3;31.6;7;3;2017;184;19.4
2017-07-04;10.5;31.6;7;4;2017;185;21.0
2017-07-05;11.1;32.3;7;5;2017;186;21.7
2017-07-06;15.3;26.0;7;6;2017;187;20.6
2017-07-07;14.9;25.7;7;7;2017;188;20.3
2017-07-08;13.2;22.4;7;8;2017;189;17.8
2017-07-09;10.4;28.4;7;9;2017;190;19.4
2017-07-10;12.7;29.6;7;10;2017;191;21.2
2017-07-11;12.4;30.8;7;11;2017;192;21.6
2017-07-12;9.0;33.5;7;12;2017;193;21.2
2017-07-13;12.1;35.6;7;13;2017;194;23.8
2017-07-14;14.3;35.1;7;14;2017;195;24.7
2017-07-15;12.7;33.6;7;15;2017;196;23.2
2017-07-16;12.9;34.2;7;16;2017;197;23.6
2017-07-17;13.4;32.9;7;17;2017;198;23.2
2017-07-18;15.4;33.5;7;18;2017;199;24.4
2017-07-19;15.6;30.5;7;19;2017;200;23.0
2017-07-20;10.9;30.9;7;20;2017;201;20.9
2017-07-21;13.9;28.9;7;21;2017;202;21.4
2017-07-22;9.9;30.3;7;22;2017;203;20.1
2017-07-23;9.2;31.5;7;23;2017;204;20.4
2017-07-24;11.8;29.1;7;24;2017;205;20.4
2017-07-25;11.1;27.0;7;25;2017;206;19.0
2017-07-26;7.6;30.4;7;26;2017;207;19.0
2017-07-27;11.3;33.4;7;27;2017;208;22.4
2017-07-28;12.1;34.2;7;28;2017;209;23.2
2017-07-29;11.1;33.4;7;29;2017;210;22.2
2017-07-30;11.9;33.3;7;30;2017;211;22.6
2017-07-31;14.3;32.9;7;31;2017;212;23.6
2017-08-01;13.3;31.5;8;1;2017;213;22.4
2017-08-02;15.5;30.3;8;2;2017;214;22.9
2017-08-03;12.6;34.6;8;3;2017;215;23.6
2017-08-04;13.0;35.4;8;4;2017;216;24.2
2017-08-05;16.1;35.8;8;5;2017;217;26.0
2017-08-06;14.3;32.0;8;6;2017;218;23.2
2017-08-07;12.9;32.5;8;7;2017;219;22.7
2017-08-08;12.5;26.5;8;8;2017;220;19.5
2017-08-09;8.5;22.9;8;9;2017;221;15.7
2017-08-10;3.6;23.3;8;10;2017;222;13.4
2017-08-11;5.4;27.3;8;11;2017;223;16.4
2017-08-12;5.5;31.0;8;12;2017;224;18.2
2017-08-13;9.0;32.5;8;13;2017;225;20.8
2017-08-14;11.1;33.0;8;14;2017;226;22.0
2017-08-15;13.6;32.1;8;15;2017;227;22.8
2017-08-16;12.5;32.6;8;16;2017;228;22.6
2017-08-17;12.5;35.0;8;17;2017;229;23.8
2017-08-18;14.5;34.4;8;18;2017;230;24.4
2017-08-19;14.6;31.7;8;19;2017;231;23.2
2017-08-20;12.4;33.6;8;20;2017;232;23.0
2017-08-21;8.2;35.5;8;21;2017;233;21.8
2017-08-22;14.6;35.1;8;22;2017;234;24.8
2017-08-23;15.5;33.0;8;23;2017;235;24.2
2017-08-24;14.3;32.5;8;24;2017;236;23.4
2017-08-25;14.9;32.5;8;25;2017;237;23.7
2017-08-26;16.1;31.2;8;26;2017;238;23.6
2017-08-27;13.9;21.6;8;27;2017;239;17.8
2017-08-28;13.4;27.8;8;28;2017;240;20.6
2017-08-29;12.7;24.1;8;29;2017;241;18.4
2017-08-30;12.6;24.1;8;30;2017;242;18.4
2017-08-31;13.5;24.2;8;31;2017;243;18.8
2017-09-01;9.5;24.3;9;1;2017;244;16.9
2017-09-02;5.7;24.5;9;2;2017;245;15.1
2017-09-03;8.2;28.0;9;3;2017;246;18.1
2017-09-04;8.6;27.6;9;4;2017;247;18.1
2017-09-05;10.5;29.4;9;5;2017;248;20.0
2017-09-06;12.5;28.4;9;6;2017;249;20.4
2017-09-07;9.8;27.2;9;7;2017;250;18.5
2017-09-08;4.8;27.8;9;8;2017;251;16.3
2017-09-09;7.9;18.5;9;9;2017;252;13.2
2017-09-10;6.0;19.4;9;10;2017;253;12.7
2017-09-11;6.5;27.0;9;11;2017;254;16.8
2017-09-12;9.7;23.2;9;12;2017;255;16.4
2017-09-13;6.2;28.5;9;13;2017;256;17.4
2017-09-14;7.2;27.6;9;14;2017;257;17.4
2017-09-15;5.1;11.7;9;15;2017;258;8.4
2017-09-16;1.0;17.5;9;16;2017;259;9.2
2017-09-17;-0.5;20.9;9;17;2017;260;10.2
2017-09-18;1.8;21.5;9;18;2017;261;11.6
2017-09-19;2.3;23.1;9;19;2017;262;12.7
2017-09-20;0.5;26.8;9;20;2017;263;13.6
2017-09-21;2.9;27.4;9;21;2017;264;15.2
2017-09-22;10.8;21.8;9;22;2017;265;16.3
2017-09-23;6.0;25.3;9;23;2017;266;15.6
2017-09-24;6.4;26.6;9;24;2017;267;16.5
2017-09-25;7.7;25.6;9;25;2017;268;16.6
2017-09-26;5.3;23.6;9;26;2017;269;14.4
2017-09-27;5.2;25.8;9;27;2017;270;15.5
2017-09-28;5.4;27.1;9;28;2017;271;16.2
2017-09-29;6.6;27.4;9;29;2017;272;17.0
2017-09-30;7.2;23.0;9;30;2017;273;15.1
2017-10-01;11.1;19.8;10;1;2017;274;15.4
2017-10-02;7.8;23.4;10;2;2017;275;15.6
2017-10-03;7.2;27.4;10;3;2017;276;17.3
2017-10-04;7.9;27.3;10;4;2017;277;17.6
2017-10-05;6.3;28.6;10;5;2017;278;17.4
2017-10-06;3.8;25.5;10;6;2017;279;14.6
2017-10-07;1.1;24.9;10;7;2017;280;13.0
2017-10-08;1.1;26.5;10;8;2017;281;13.8
2017-10-09;-0.7;25.0;10;9;2017;282;12.2
2017-10-10;-0.1;26.2;10;10;2017;283;13.0
2017-10-11;0.4;26.0;10;11;2017;284;13.2
2017-10-12;1.6;26.5;10;12;2017;285;14.0
2017-10-13;4.7;27.5;10;13;2017;286;16.1
2017-10-14;3.2;28.0;10;14;2017;287;15.6
2017-10-15;4.3;27.7;10;15;2017;288;16.0
2017-10-16;2.3;25.6;10;16;2017;289;14.0
2017-10-17;1.5;21.3;10;17;2017;290;11.4
2017-10-18;6.3;14.3;10;18;2017;291;10.3
2017-10-19;3.8;13.5;10;19;2017;292;8.6
2017-10-20;3.3;20.4;10;20;2017;293;11.8
2017-10-21;6.2;20.1;10;21;2017;294;13.2
2017-10-22;1.7;16.5;10;22;2017;295;9.1
2017-10-23;-2.0;21.8;10;23;2017;296;9.9
2017-10-24;0.0;25.6;10;24;2017;297;12.8
2017-10-25;1.1;26.4;10;25;2017;298;13.8
2017-10-26;0.3;26.8;10;26;2017;299;13.6
2017-10-27;0.0;24.3;10;27;2017;300;12.2
2017-10-28;2.0;19.5;10;28;2017;301;10.8
2017-10-29;-2.8;19.7;10;29;2017;302;8.4
2017-10-30;-2.0;17.3;10;30;2017;303;7.6
2017-10-31;0.3;18.1;10;31;2017;304;9.2
2017-11-01;-0.9;18.8;11;1;2017;305;9.0
2017-11-02;0.7;17.9;11;2;2017;306;9.3
2017-11-03;4.8;17.0;11;3;2017;307;10.9
2017-11-04;7.6;12.1;11;4;2017;308;9.8
2017-11-05;2.2;11.6;11;5;2017;309;6.9
2017-11-06;1.1;9.7;11;6;2017;310;5.4
2017-11-07;-1.1;14.0;11;7;2017;311;6.4
2017-11-08;0.2;10.4;11;8;2017;312;5.3
2017-11-09;-3.8;8.9;11;9;2017;313;2.6
2017-11-10;-4.6;12.5;11;10;2017;314;4.0
2017-11-11;-1.1;15.2;11;11;2017;315;7.0
2017-11-12;-2.8;16.4;11;12;2017;316;6.8
2017-11-13;0.6;7.5;11;13;2017;317;4.0
2017-11-14;-4.1;13.0;11;14;2017;318;4.4
2017-11-15;-8.1;15.8;11;15;2017;319;3.8
2017-11-16;-6.8;17.5;11;16;2017;320;5.4
2017-11-17;-5.7;18.1;11;17;2017;321;6.2
2017-11-18;-5.6;16.3;11;18;2017;322;5.4
2017-11-19;-8.4;17.0;11;19;2017;323;4.3
2017-11-20;-7.5;17.5;11;20;2017;324;5.0
2017-11-21;-7.5;18.3;11;21;2017;325;5.4
2017-11-22;-8.1;16.0;11;22;2017;326;4.0
2017-11-23;-1.0;16.3;11;23;2017;327;7.6
2017-11-24;1.8;16.0;11;24;2017;328;8.9
2017-11-25;0.9;10.6;11;25;2017;329;5.8
2017-11-26;-6.9;8.6;11;26;2017;330;0.8
2017-11-27;-11.0;13.2;11;27;2017;331;1.1
2017-11-28;-7.3;11.2;11;28;2017;332;2.0
2017-11-29;-4.4;8.7;11;29;2017;333;2.2
2017-11-30;-8.3;5.8;11;30;2017;334;-1.2
2017-12-01;-7.3;3.0;12;1;2017;335;-2.2
2017-12-02;-4.2;1.3;12;2;2017;336;-1.4
2017-12-03;-12.3;4.4;12;3;2017;337;-4.0
2017-12-04;-7.4;7.7;12;4;2017;338;0.2
2017-12-05;-11.2;11.8;12;5;2017;339;0.3
2017-12-06;-12.5;12.1;12;6;2017;340;-0.2
2017-12-07;-10.5;10.4;12;7;2017;341;0.0
2017-12-08;-0.6;9.4;12;8;2017;342;4.4
2017-12-09;1.3;9.6;12;9;2017;343;5.4
2017-12-10;6.9;8.7;12;10;2017;344;7.8
2017-12-11;0.8;8.5;12;11;2017;345;4.6
2017-12-12;-4.0;5.5;12;12;2017;346;0.8
2017-12-13;-6.4;7.2;12;13;2017;347;0.4
2017-12-14;0.0;9.7;12;14;2017;348;4.8
2017-12-15;-2.5;8.6;12;15;2017;349;3.0
2017-12-16;-3.7;5.1;12;16;2017;350;0.7
2017-12-17;-4.4;6.5;12;17;2017;351;1.0
2017-12-18;-6.0;9.6;12;18;2017;352;1.8
2017-12-19;-5.0;9.3;12;19;2017;353;2.2
2017-12-20;-6.4;11.4;12;20;2017;354;2.5
2017-12-21;-5.9;12.4;12;21;2017;355;3.2
2017-12-22;-5.4;12.6;12;22;2017;356;3.6
2017-12-23;-3.8;11.4;12;23;2017;357;3.8
2017-12-24;-5.9;13.0;12;24;2017;358;3.6
2017-12-25;-7.5;9.4;12;25;2017;359;1.0
2017-12-26;2.5;5.1;12;26;2017;360;3.8
2017-12-27;1.8;5.8;12;27;2017;361;3.8
2017-12-28;2.3;10.3;12;28;2017;362;6.3
2017-12-29;-0.9;10.9;12;29;2017;363;5.0
2017-12-30;2.1;12.3;12;30;2017;364;7.2
2017-12-31;2.1;10.4;12;31;2017;365;6.2
2018-01-01;-3.2;8.6;1;1;2018;1;2.7
2018-01-02;3.6;11.9;1;2;2018;2;7.8
2018-01-03;6.7;13.0;1;3;2018;3;9.8
2018-01-04;7.7;10.9;1;4;2018;4;9.3
2018-01-05;6.0;9.5;1;5;2018;5;7.8
2018-01-06;0.4;7.1;1;6;2018;6;3.8
2018-01-07;-3.8;5.4;1;7;2018;7;0.8
2018-01-08;-6.9;6.6;1;8;2018;8;-0.2
2018-01-09;-7.3;2.9;1;9;2018;9;-2.2
2018-01-10;1.3;4.6;1;10;2018;10;3.0
2018-01-11;-0.2;4.0;1;11;2018;11;1.9
2018-01-12;-2.9;7.3;1;12;2018;12;2.2
2018-01-13;-4.1;7.3;1;13;2018;13;1.6
2018-01-14;-2.0;4.2;1;14;2018;14;1.1
2018-01-15;-3.5;7.5;1;15;2018;15;2.0
2018-01-16;-2.0;12.4;1;16;2018;16;5.2
2018-01-17;-2.6;11.0;1;17;2018;17;4.2
2018-01-18;-5.6;14.9;1;18;2018;18;4.6
2018-01-19;-5.0;12.0;1;19;2018;19;3.5
2018-01-20;-4.2;11.8;1;20;2018;20;3.8
2018-01-21;3.8;15.5;1;21;2018;21;9.6
2018-01-22;-1.2;16.4;1;22;2018;22;7.6
2018-01-23;-2.4;15.1;1;23;2018;23;6.4
2018-01-24;-5.4;17.4;1;24;2018;24;6.0
2018-01-25;-2.0;12.0;1;25;2018;25;5.0
2018-01-26;-0.2;4.4;1;26;2018;26;2.1
2018-01-27;-0.6;6.7;1;27;2018;27;3.0
2018-01-28;-1.3;8.3;1;28;2018;28;3.5
2018-01-29;-3.6;13.0;1;29;2018;29;4.7
2018-01-30;-6.8;13.9;1;30;2018;30;3.6
2018-01-31;-6.7;13.5;1;31;2018;31;3.4
2018-02-01;-5.8;4.6;2;1;2018;32;-0.6
2018-02-02;-3.0;4.1;2;2;2018;33;0.6
2018-02-03;-1.5;7.1;2;3;2018;34;2.8
2018-02-04;-0.4;2.9;2;4;2018;35;1.2
2018-02-05;-1.2;2.7;2;5;2018;36;0.8
2018-02-06;-4.1;1.1;2;6;2018;37;-1.5
2018-02-07;-7.9;1.5;2;7;2018;38;-3.2
2018-02-08;-12.8;1.6;2;8;2018;39;-5.6
2018-02-09;-11.9;3.8;2;9;2018;40;-4.0
2018-02-10;-1.6;3.8;2;10;2018;41;1.1
2018-02-11;-1.6;9.9;2;11;2018;42;4.2
2018-02-12;-7.0;6.0;2;12;2018;43;-0.5
2018-02-13;-9.8;3.7;2;13;2018;44;-3.0
2018-02-14;3.2;6.7;2;14;2018;45;5.0
2018-02-15;4.1;15.4;2;15;2018;46;9.8
2018-02-16;3.3;13.6;2;16;2018;47;8.4
2018-02-17;0.9;11.0;2;17;2018;48;6.0
2018-02-18;-5.0;10.8;2;18;2018;49;2.9
2018-02-19;1.8;11.1;2;19;2018;50;6.4
2018-02-20;2.8;9.9;2;20;2018;51;6.4
2018-02-21;-5.0;6.3;2;21;2018;52;0.6
2018-02-22;-7.9;7.0;2;22;2018;53;-0.4
2018-02-23;-9.3;8.6;2;23;2018;54;-0.4
2018-02-24;-10.2;10.6;2;24;2018;55;0.2
2018-02-25;-9.5;13.4;2;25;2018;56;2.0
2018-02-26;-8.0;14.4;2;26;2018;57;3.2
2018-02-27;-6.4;3.6;2;27;2018;58;-1.4
2018-02-28;0.6;9.8;2;28;2018;59;5.2
2018-03-01;3.4;11.0;3;1;2018;60;7.2
2018-03-02;1.3;9.7;3;2;2018;61;5.5
2018-03-03;3.5;10.7;3;3;2018;62;7.1
2018-03-04;2.0;11.6;3;4;2018;63;6.8
2018-03-05;3.3;8.3;3;5;2018;64;5.8
2018-03-06;1.3;7.2;3;6;2018;65;4.2
2018-03-07;-0.6;10.3;3;7;2018;66;4.8
2018-03-08;0.9;9.5;3;8;2018;67;5.2
2018-03-09;7.2;13.9;3;9;2018;68;10.6
2018-03-10;6.1;13.9;3;10;2018;69;10.0
2018-03-11;4.1;7.9;3;11;2018;70;6.0
2018-03-12;3.5;10.0;3;12;2018;71;6.8
2018-03-13;3.4;12.6;3;13;2018;72;8.0
2018-03-14;4.5;11.1;3;14;2018;73;7.8
2018-03-15;3.7;10.1;3;15;2018;74;6.9
2018-03-16;0.5;8.1;3;16;2018;75;4.3
2018-03-17;0.2;5.4;3;17;2018;76;2.8
2018-03-18;-1.6;9.1;3;18;2018;77;3.8
2018-03-19;-2.2;5.4;3;19;2018;78;1.6
2018-03-20;-3.0;4.2;3;20;2018;79;0.6
2018-03-21;-2.4;6.9;3;21;2018;80;2.2
2018-03-22;-3.0;11.1;3;22;2018;81;4.0
2018-03-23;-3.2;13.0;3;23;2018;82;4.9
2018-03-24;0.7;8.3;3;24;2018;83;4.5
2018-03-25;0.3;7.5;3;25;2018;84;3.9
2018-03-26;0.0;11.7;3;26;2018;85;5.8
2018-03-27;1.3;16.9;3;27;2018;86;9.1
2018-03-28;-1.1;19.2;3;28;2018;87;9.0
2018-03-29;4.2;14.6;3;29;2018;88;9.4
2018-03-30;1.5;8.8;3;30;2018;89;5.2
2018-03-31;-1.4;10.3;3;31;2018;90;4.4
2018-04-01;-3.4;17.9;4;1;2018;91;7.2
2018-04-02;3.8;17.5;4;2;2018;92;10.6
2018-04-03;7.2;15.0;4;3;2018;93;11.1
2018-04-04;4.3;11.9;4;4;2018;94;8.1
2018-04-05;1.8;19.7;4;5;2018;95;10.8
2018-04-06;2.1;19.6;4;6;2018;96;10.8
2018-04-07;4.3;10.3;4;7;2018;97;7.3
2018-04-08;3.1;12.1;4;8;2018;98;7.6
2018-04-09;2.8;8.7;4;9;2018;99;5.8
2018-04-10;2.2;5.6;4;10;2018;100;3.9
2018-04-11;0.5;3.6;4;11;2018;101;2.0
2018-04-12;3.0;10.1;4;12;2018;102;6.6
2018-04-13;0.7;12.1;4;13;2018;103;6.4
2018-04-14;-2.0;15.2;4;14;2018;104;6.6
2018-04-15;-0.3;15.9;4;15;2018;105;7.8
2018-04-16;3.0;13.0;4;16;2018;106;8.0
2018-04-17;0.2;22.5;4;17;2018;107;11.4
2018-04-18;1.5;23.2;4;18;2018;108;12.4
2018-04-19;3.2;20.9;4;19;2018;109;12.0
2018-04-20;3.1;19.8;4;20;2018;110;11.4
2018-04-21;1.3;19.2;4;21;2018;111;10.2
2018-04-22;3.2;23.4;4;22;2018;112;13.3
2018-04-23;7.2;21.9;4;23;2018;113;14.6
2018-04-24;5.9;24.6;4;24;2018;114;15.2
2018-04-25;4.6;25.1;4;25;2018;115;14.8
2018-04-26;5.4;25.6;4;26;2018;116;15.5
2018-04-27;7.1;22.5;4;27;2018;117;14.8
2018-04-28;4.9;17.9;4;28;2018;118;11.4
2018-04-29;3.2;8.8;4;29;2018;119;6.0
2018-04-30;0.8;9.8;4;30;2018;120;5.3
2018-05-01;-0.3;12.7;5;1;2018;121;6.2
2018-05-02;-1.9;14.8;5;2;2018;122;6.4
2018-05-03;3.2;14.4;5;3;2018;123;8.8
2018-05-04;-0.2;18.8;5;4;2018;124;9.3
2018-05-05;1.7;20.2;5;5;2018;125;11.0
2018-05-06;4.6;22.7;5;6;2018;126;13.6
2018-05-07;6.5;19.7;5;7;2018;127;13.1
2018-05-08;6.2;23.4;5;8;2018;128;14.8
2018-05-09;5.5;23.4;5;9;2018;129;14.4
2018-05-10;8.0;21.5;5;10;2018;130;14.8
2018-05-11;3.3;22.3;5;11;2018;131;12.8
2018-05-12;4.0;19.7;5;12;2018;132;11.8
2018-05-13;-1.6;14.1;5;13;2018;133;6.2
2018-05-14;4.8;16.5;5;14;2018;134;10.6
2018-05-15;0.9;19.3;5;15;2018;135;10.1
2018-05-16;2.8;22.1;5;16;2018;136;12.4
2018-05-17;5.8;23.3;5;17;2018;137;14.6
2018-05-18;9.3;19.2;5;18;2018;138;14.2
2018-05-19;6.1;20.6;5;19;2018;139;13.4
2018-05-20;10.3;19.3;5;20;2018;140;14.8
2018-05-21;9.1;19.4;5;21;2018;141;14.2
2018-05-22;7.0;22.4;5;22;2018;142;14.7
2018-05-23;10.2;23.0;5;23;2018;143;16.6
2018-05-24;11.3;25.4;5;24;2018;144;18.4
2018-05-25;11.0;20.6;5;25;2018;145;15.8
2018-05-26;11.2;22.6;5;26;2018;146;16.9
2018-05-27;9.3;22.4;5;27;2018;147;15.8
2018-05-28;9.3;17.9;5;28;2018;148;13.6
2018-05-29;8.1;18.6;5;29;2018;149;13.4
2018-05-30;9.7;15.9;5;30;2018;150;12.8
2018-05-31;9.8;20.4;5;31;2018;151;15.1
2018-06-01;7.2;22.3;6;1;2018;152;14.8
2018-06-02;9.0;21.4;6;2;2018;153;15.2
2018-06-03;8.0;22.0;6;3;2018;154;15.0
2018-06-04;8.3;19.3;6;4;2018;155;13.8
2018-06-05;8.6;16.3;6;5;2018;156;12.4
2018-06-06;8.2;16.8;6;6;2018;157;12.5
2018-06-07;6.6;20.8;6;7;2018;158;13.7
2018-06-08;10.0;20.5;6;8;2018;159;15.2
2018-06-09;11.0;17.3;6;9;2018;160;14.2
2018-06-10;9.5;19.9;6;10;2018;161;14.7
2018-06-11;8.0;19.3;6;11;2018;162;13.6
2018-06-12;9.2;20.3;6;12;2018;163;14.8
2018-06-13;7.1;20.6;6;13;2018;164;13.8
2018-06-14;5.1;22.7;6;14;2018;165;13.9
2018-06-15;6.4;27.5;6;15;2018;166;17.0
2018-06-16;10.4;27.7;6;16;2018;167;19.0
2018-06-17;7.4;27.3;6;17;2018;168;17.4
2018-06-18;8.4;27.1;6;18;2018;169;17.8
2018-06-19;8.6;30.0;6;19;2018;170;19.3
2018-06-20;11.9;30.2;6;20;2018;171;21.0
2018-06-21;11.2;30.6;6;21;2018;172;20.9
2018-06-22;10.9;31.6;6;22;2018;173;21.2
2018-06-23;12.9;30.9;6;23;2018;174;21.9
2018-06-24;12.1;32.2;6;24;2018;175;22.2
2018-06-25;8.8;33.0;6;25;2018;176;20.9
2018-06-26;12.5;33.3;6;26;2018;177;22.9
2018-06-27;13.6;29.3;6;27;2018;178;21.4
2018-06-28;12.9;26.8;6;28;2018;179;19.8
2018-06-29;12.9;25.2;6;29;2018;180;19.0
2018-06-30;12.2;28.2;6;30;2018;181;20.2
2018-07-01;12.8;26.3;7;1;2018;182;19.6
2018-07-02;10.0;25.3;7;2;2018;183;17.6
2018-07-03;10.3;28.5;7;3;2018;184;19.4
2018-07-04;10.2;26.8;7;4;2018;185;18.5
2018-07-05;9.9;24.1;7;5;2018;186;17.0
2018-07-06;10.1;27.4;7;6;2018;187;18.8
2018-07-07;12.7;29.9;7;7;2018;188;21.3
2018-07-08;14.2;30.3;7;8;2018;189;22.2
2018-07-09;13.4;29.5;7;9;2018;190;21.4
2018-07-10;12.8;29.5;7;10;2018;191;21.2
2018-07-11;14.0;29.7;7;11;2018;192;21.8
2018-07-12;14.4;29.1;7;12;2018;193;21.8
2018-07-13;14.4;30.7;7;13;2018;194;22.6
2018-07-14;13.8;29.7;7;14;2018;195;21.8
2018-07-15;8.6;28.2;7;15;2018;196;18.4
2018-07-16;11.7;25.1;7;16;2018;197;18.4
2018-07-17;9.3;30.4;7;17;2018;198;19.8
2018-07-18;13.5;29.3;7;18;2018;199;21.4
2018-07-19;10.2;30.8;7;19;2018;200;20.5
2018-07-20;8.9;28.8;7;20;2018;201;18.8
2018-07-21;10.9;24.9;7;21;2018;202;17.9
2018-07-22;13.7;27.7;7;22;2018;203;20.7
2018-07-23;11.8;31.0;7;23;2018;204;21.4
2018-07-24;11.1;30.7;7;24;2018;205;20.9
2018-07-25;11.4;32.9;7;25;2018;206;22.2
2018-07-26;13.5;32.7;7;26;2018;207;23.1
2018-07-27;11.1;31.6;7;27;2018;208;21.4
2018-07-28;10.0;30.4;7;28;2018;209;20.2
2018-07-29;8.8;30.3;7;29;2018;210;19.6
2018-07-30;9.2;32.8;7;30;2018;211;21.0
2018-07-31;9.4;33.0;7;31;2018;212;21.2
2018-08-01;13.6;34.6;8;1;2018;213;24.1
2018-08-02;13.3;34.8;8;2;2018;214;24.0
2018-08-03;13.9;35.2;8;3;2018;215;24.6
2018-08-04;10.7;33.5;8;4;2018;216;22.1
2018-08-05;13.2;33.6;8;5;2018;217;23.4
2018-08-06;14.1;35.8;8;6;2018;218;25.0
2018-08-07;14.7;33.6;8;7;2018;219;24.2
2018-08-08;13.8;31.3;8;8;2018;220;22.6
2018-08-09;12.9;29.4;8;9;2018;221;21.2
2018-08-10;9.7;28.3;8;10;2018;222;19.0
2018-08-11;13.6;30.4;8;11;2018;223;22.0
2018-08-12;14.7;31.5;8;12;2018;224;23.1
2018-08-13;13.0;29.6;8;13;2018;225;21.3
2018-08-14;12.1;29.2;8;14;2018;226;20.6
2018-08-15;9.4;30.6;8;15;2018;227;20.0
2018-08-16;15.6;28.0;8;16;2018;228;21.8
2018-08-17;13.3;26.3;8;17;2018;229;19.8
2018-08-18;10.5;27.2;8;18;2018;230;18.8
2018-08-19;8.0;28.7;8;19;2018;231;18.4
2018-08-20;8.9;30.3;8;20;2018;232;19.6
2018-08-21;9.7;31.0;8;21;2018;233;20.4
2018-08-22;10.8;30.0;8;22;2018;234;20.4
2018-08-23;11.9;28.5;8;23;2018;235;20.2
2018-08-24;8.4;28.3;8;24;2018;236;18.4
2018-08-25;8.1;28.4;8;25;2018;237;18.2
2018-08-26;7.1;29.1;8;26;2018;238;18.1
2018-08-27;8.8;32.5;8;27;2018;239;20.6
2018-08-28;11.8;30.4;8;28;2018;240;21.1
2018-08-29;12.9;28.8;8;29;2018;241;20.8
2018-08-30;12.3;28.9;8;30;2018;242;20.6
2018-08-31;12.5;29.5;8;31;2018;243;21.0
2018-09-01;11.3;30.4;9;1;2018;244;20.8
2018-09-02;12.0;31.1;9;2;2018;245;21.6
2018-09-03;16.3;29.8;9;3;2018;246;23.0
2018-09-04;12.3;28.7;9;4;2018;247;20.5
2018-09-05;10.3;25.9;9;5;2018;248;18.1
2018-09-06;10.3;23.4;9;6;2018;249;16.8
2018-09-07;9.3;25.2;9;7;2018;250;17.2
2018-09-08;11.0;24.9;9;8;2018;251;18.0
2018-09-09;12.8;25.8;9;9;2018;252;19.3
2018-09-10;11.7;24.6;9;10;2018;253;18.2
2018-09-11;9.4;21.5;9;11;2018;254;15.4
2018-09-12;12.5;25.9;9;12;2018;255;19.2
2018-09-13;10.3;28.2;9;13;2018;256;19.2
2018-09-14;10.1;28.8;9;14;2018;257;19.4
2018-09-15;11.6;27.4;9;15;2018;258;19.5
2018-09-16;9.5;27.9;9;16;2018;259;18.7
2018-09-17;9.5;26.8;9;17;2018;260;18.2
2018-09-18;11.7;26.0;9;18;2018;261;18.8
2018-09-19;10.5;27.8;9;19;2018;262;19.2
2018-09-20;10.9;28.9;9;20;2018;263;19.9
2018-09-21;10.3;28.1;9;21;2018;264;19.2
2018-09-22;10.2;29.2;9;22;2018;265;19.7
2018-09-23;9.5;30.5;9;23;2018;266;20.0
2018-09-24;10.3;27.0;9;24;2018;267;18.6
2018-09-25;6.0;27.3;9;25;2018;268;16.6
2018-09-26;12.0;24.8;9;26;2018;269;18.4
2018-09-27;9.0;25.7;9;27;2018;270;17.4
2018-09-28;6.4;26.7;9;28;2018;271;16.6
2018-09-29;4.9;26.6;9;29;2018;272;15.8
2018-09-30;6.0;25.5;9;30;2018;273;15.8
2018-10-01;3.6;20.4;10;1;2018;274;12.0
2018-10-02;1.5;22.7;10;2;2018;275;12.1
2018-10-03;1.5;25.7;10;3;2018;276;13.6
2018-10-04;1.9;25.5;10;4;2018;277;13.7
2018-10-05;2.9;24.8;10;5;2018;278;13.8
2018-10-06;3.1;24.0;10;6;2018;279;13.6
2018-10-07;5.2;15.7;10;7;2018;280;10.4
2018-10-08;3.4;14.1;10;8;2018;281;8.8
2018-10-09;0.0;16.1;10;9;2018;282;8.0
2018-10-10;4.5;17.9;10;10;2018;283;11.2
2018-10-11;5.5;19.7;10;11;2018;284;12.6
2018-10-12;10.3;21.8;10;12;2018;285;16.0
2018-10-13;5.9;24.7;10;13;2018;286;15.3
2018-10-14;6.4;17.2;10;14;2018;287;11.8
2018-10-15;6.6;14.9;10;15;2018;288;10.8
2018-10-16;2.7;19.0;10;16;2018;289;10.8
2018-10-17;1.4;20.9;10;17;2018;290;11.2
2018-10-18;6.4;14.3;10;18;2018;291;10.4
2018-10-19;10.3;13.5;10;19;2018;292;11.9
2018-10-20;9.1;17.4;10;20;2018;293;13.2
2018-10-21;7.4;21.5;10;21;2018;294;14.4
2018-10-22;5.3;19.6;10;22;2018;295;12.4
2018-10-23;2.4;20.2;10;23;2018;296;11.3
2018-10-24;0.3;22.3;10;24;2018;297;11.3
2018-10-25;0.7;22.6;10;25;2018;298;11.6
2018-10-26;2.1;18.8;10;26;2018;299;10.4
2018-10-27;0.9;10.5;10;27;2018;300;5.7
2018-10-28;-1.8;4.6;10;28;2018;301;1.4
2018-10-29;-1.6;6.6;10;29;2018;302;2.5
2018-10-30;1.6;9.1;10;30;2018;303;5.4
2018-10-31;1.9;5.3;10;31;2018;304;3.6
2018-11-01;2.3;11.7;11;1;2018;305;7.0
2018-11-02;3.9;12.6;11;2;2018;306;8.2
2018-11-03;-1.8;13.0;11;3;2018;307;5.6
2018-11-04;-3.8;15.7;11;4;2018;308;6.0
2018-11-05;4.1;9.1;11;5;2018;309;6.6
2018-11-06;3.3;8.0;11;6;2018;310;5.6
2018-11-07;6.2;11.4;11;7;2018;311;8.8
2018-11-08;4.0;12.0;11;8;2018;312;8.0
2018-11-09;2.1;8.8;11;9;2018;313;5.4
2018-11-10;6.5;12.6;11;10;2018;314;9.6
2018-11-11;4.0;15.7;11;11;2018;315;9.8
2018-11-12;3.8;18.0;11;12;2018;316;10.9
2018-11-13;1.8;15.8;11;13;2018;317;8.8
2018-11-14;2.9;17.6;11;14;2018;318;10.2
2018-11-15;2.5;15.5;11;15;2018;319;9.0
2018-11-16;3.9;15.0;11;16;2018;320;9.4
2018-11-17;2.8;16.2;11;17;2018;321;9.5
2018-11-18;3.1;13.5;11;18;2018;322;8.3
2018-11-19;2.5;9.8;11;19;2018;323;6.2
2018-11-20;4.0;9.2;11;20;2018;324;6.6
2018-11-21;2.6;9.4;11;21;2018;325;6.0
2018-11-22;2.5;9.2;11;22;2018;326;5.8
2018-11-23;-0.4;8.5;11;23;2018;327;4.0
2018-11-24;0.1;8.1;11;24;2018;328;4.1
2018-11-25;4.3;10.1;11;25;2018;329;7.2
2018-11-26;0.9;8.8;11;26;2018;330;4.8
2018-11-27;-2.7;11.6;11;27;2018;331;4.4
2018-11-28;-4.0;14.1;11;28;2018;332;5.0
2018-11-29;-5.5;14.8;11;29;2018;333;4.6
2018-11-30;-2.1;8.8;11;30;2018;334;3.4
2018-12-01;-2.9;10.0;12;1;2018;335;3.6
2018-12-02;0.4;14.5;12;2;2018;336;7.4
2018-12-03;0.1;16.4;12;3;2018;337;8.2
2018-12-04;0.8;18.8;12;4;2018;338;9.8
2018-12-05;-2.5;18.4;12;5;2018;339;8.0
2018-12-06;-2.0;14.7;12;6;2018;340;6.4
2018-12-07;-3.0;14.6;12;7;2018;341;5.8
2018-12-08;-0.6;12.4;12;8;2018;342;5.9
2018-12-09;-2.7;15.7;12;9;2018;343;6.5
2018-12-10;-5.0;15.1;12;10;2018;344;5.0
2018-12-11;-5.2;13.2;12;11;2018;345;4.0
2018-12-12;-4.5;13.6;12;12;2018;346;4.6
2018-12-13;1.3;7.3;12;13;2018;347;4.3
2018-12-14;-2.3;7.6;12;14;2018;348;2.6
2018-12-15;-2.3;10.6;12;15;2018;349;4.2
2018-12-16;0.4;9.1;12;16;2018;350;4.8
2018-12-17;-4.2;6.4;12;17;2018;351;1.1
2018-12-18;-5.7;9.5;12;18;2018;352;1.9
2018-12-19;2.4;8.8;12;19;2018;353;5.6
2018-12-20;2.8;8.9;12;20;2018;354;5.8
2018-12-21;3.7;9.2;12;21;2018;355;6.4
2018-12-22;0.2;12.0;12;22;2018;356;6.1
2018-12-23;-3.1;16.2;12;23;2018;357;6.6
2018-12-24;-4.9;15.8;12;24;2018;358;5.4
2018-12-25;-4.5;10.6;12;25;2018;359;3.0
2018-12-26;-4.8;15.1;12;26;2018;360;5.2
2018-12-27;-6.8;12.9;12;27;2018;361;3.0
2018-12-28;-5.0;8.9;12;28;2018;362;2.0
2018-12-29;-4.4;11.8;12;29;2018;363;3.7
2018-12-30;-7.7;15.3;12;30;2018;364;3.8
2018-12-31;-8.2;15.6;12;31;2018;365;3.7
2019-01-01;-7.8;14.5;1;1;2019;1;3.4
2019-01-02;-9.2;12.3;1;2;2019;2;1.6
2019-01-03;-10.0;12.7;1;3;2019;3;1.4
2019-01-04;-10.7;13.5;1;4;2019;4;1.4
2019-01-05;-10.0;14.3;1;5;2019;5;2.2
2019-01-06;-9.5;12.8;1;6;2019;6;1.6
2019-01-07;-9.9;12.4;1;7;2019;7;1.2
2019-01-08;-9.8;14.2;1;8;2019;8;2.2
2019-01-09;-5.1;9.5;1;9;2019;9;2.2
2019-01-10;-7.8;5.2;1;10;2019;10;-1.3
2019-01-11;-11.3;6.0;1;11;2019;11;-2.6
2019-01-12;-9.4;9.0;1;12;2019;12;-0.2
2019-01-13;-9.5;11.6;1;13;2019;13;1.0
2019-01-14;-7.6;13.9;1;14;2019;14;3.2
2019-01-15;-8.5;16.4;1;15;2019;15;4.0
2019-01-16;-8.8;12.0;1;16;2019;16;1.6
2019-01-17;-5.4;4.2;1;17;2019;17;-0.6
2019-01-18;-9.0;5.6;1;18;2019;18;-1.7
2019-01-19;-4.5;7.8;1;19;2019;19;1.6
2019-01-20;-0.5;7.0;1;20;2019;20;3.2
2019-01-21;-3.3;5.5;1;21;2019;21;1.1
2019-01-22;-6.3;3.0;1;22;2019;22;-1.6
2019-01-23;1.5;8.6;1;23;2019;23;5.0
2019-01-24;3.8;7.0;1;24;2019;24;5.4
2019-01-25;0.9;11.7;1;25;2019;25;6.3
2019-01-26;-5.0;15.2;1;26;2019;26;5.1
2019-01-27;-4.3;8.6;1;27;2019;27;2.2
2019-01-28;-1.2;8.0;1;28;2019;28;3.4
2019-01-29;-2.1;7.0;1;29;2019;29;2.4
2019-01-30;0.6;7.9;1;30;2019;30;4.2
2019-01-31;3.1;9.4;1;31;2019;31;6.2
2019-02-01;1.0;8.0;2;1;2019;32;4.5
2019-02-02;-1.5;4.0;2;2;2019;33;1.2
2019-02-03;-2.7;4.4;2;3;2019;34;0.8
2019-02-04;-7.4;12.5;2;4;2019;35;2.6
2019-02-05;-2.7;15.1;2;5;2019;36;6.2
2019-02-06;-4.2;15.9;2;6;2019;37;5.8
2019-02-07;-3.7;13.6;2;7;2019;38;5.0
2019-02-08;-6.2;14.5;2;8;2019;39;4.2
2019-02-09;-4.4;14.6;2;9;2019;40;5.1
2019-02-10;4.5;11.1;2;10;2019;41;7.8
2019-02-11;-2.3;10.5;2;11;2019;42;4.1
2019-02-12;-5.2;15.3;2;12;2019;43;5.0
2019-02-13;-6.0;17.4;2;13;2019;44;5.7
2019-02-14;-6.8;18.1;2;14;2019;45;5.6
2019-02-15;-6.9;18.2;2;15;2019;46;5.6
2019-02-16;-6.5;18.2;2;16;2019;47;5.8
2019-02-17;-9.1;17.0;2;17;2019;48;4.0
2019-02-18;-6.6;16.5;2;18;2019;49;5.0
2019-02-19;-5.3;15.7;2;19;2019;50;5.2
2019-02-20;-5.9;15.6;2;20;2019;51;4.8
2019-02-21;-5.8;17.5;2;21;2019;52;5.8
2019-02-22;-6.6;20.1;2;22;2019;53;6.8
2019-02-23;-7.5;20.0;2;23;2019;54;6.2
2019-02-24;-4.7;19.5;2;24;2019;55;7.4
2019-02-25;-5.3;20.5;2;25;2019;56;7.6
2019-02-26;-5.1;20.4;2;26;2019;57;7.6
2019-02-27;-5.3;21.8;2;27;2019;58;8.2
2019-02-28;-4.9;18.8;2;28;2019;59;7.0
2019-03-01;-6.3;19.6;3;1;2019;60;6.6
2019-03-02;-1.6;18.3;3;2;2019;61;8.4
2019-03-03;-5.0;19.3;3;3;2019;62;7.2
2019-03-04;6.8;14.0;3;4;2019;63;10.4
2019-03-05;5.9;13.5;3;5;2019;64;9.7
2019-03-06;4.2;13.1;3;6;2019;65;8.6
2019-03-07;-1.0;10.9;3;7;2019;66;5.0
2019-03-08;-1.0;12.5;3;8;2019;67;5.8
2019-03-09;-3.1;18.2;3;9;2019;68;7.6
2019-03-10;-1.7;21.3;3;10;2019;69;9.8
2019-03-11;-1.8;16.0;3;11;2019;70;7.1
2019-03-12;-4.6;19.2;3;12;2019;71;7.3
2019-03-13;0.9;10.8;3;13;2019;72;5.8
2019-03-14;-3.7;16.4;3;14;2019;73;6.4
2019-03-15;-3.6;23.4;3;15;2019;74;9.9
2019-03-16;-3.4;22.8;3;16;2019;75;9.7
2019-03-17;-2.5;19.8;3;17;2019;76;8.6
2019-03-18;-3.4;12.6;3;18;2019;77;4.6
2019-03-19;-1.2;11.1;3;19;2019;78;5.0
2019-03-20;-5.7;12.4;3;20;2019;79;3.4
2019-03-21;-7.2;13.6;3;21;2019;80;3.2
2019-03-22;-6.0;15.8;3;22;2019;81;4.9
2019-03-23;-3.3;17.6;3;23;2019;82;7.2
2019-03-24;-3.9;19.7;3;24;2019;83;7.9
2019-03-25;-3.4;18.4;3;25;2019;84;7.5
2019-03-26;-5.4;16.8;3;26;2019;85;5.7
2019-03-27;-6.7;17.1;3;27;2019;86;5.2
2019-03-28;-5.3;18.2;3;28;2019;87;6.4
2019-03-29;-4.1;17.7;3;29;2019;88;6.8
2019-03-30;-4.5;18.1;3;30;2019;89;6.8
2019-03-31;0.6;9.5;3;31;2019;90;5.0
2019-04-01;5.6;12.5;4;1;2019;91;9.0
2019-04-02;4.1;15.2;4;2;2019;92;9.6
2019-04-03;-0.3;12.4;4;3;2019;93;6.0
2019-04-04;-2.2;11.7;4;4;2019;94;4.8
2019-04-05;0.8;7.4;4;5;2019;95;4.1
2019-04-06;1.0;7.3;4;6;2019;96;4.2
2019-04-07;1.3;10.6;4;7;2019;97;6.0
2019-04-08;4.0;12.6;4;8;2019;98;8.3
2019-04-09;0.9;10.2;4;9;2019;99;5.6
2019-04-10;2.5;11.2;4;10;2019;100;6.8
2019-04-11;-1.0;12.3;4;11;2019;101;5.6
2019-04-12;-2.3;15.4;4;12;2019;102;6.6
2019-04-13;-4.8;19.2;4;13;2019;103;7.2
2019-04-14;-0.3;21.1;4;14;2019;104;10.4
2019-04-15;4.5;21.4;4;15;2019;105;13.0
2019-04-16;6.0;20.2;4;16;2019;106;13.1
2019-04-17;5.9;23.9;4;17;2019;107;14.9
2019-04-18;5.7;13.9;4;18;2019;108;9.8
2019-04-19;5.7;12.1;4;19;2019;109;8.9
2019-04-20;4.6;13.7;4;20;2019;110;9.2
2019-04-21;4.4;7.8;4;21;2019;111;6.1
2019-04-22;5.4;14.3;4;22;2019;112;9.8
2019-04-23;3.3;11.0;4;23;2019;113;7.2
2019-04-24;2.1;12.2;4;24;2019;114;7.2
2019-04-25;4.8;11.3;4;25;2019;115;8.0
2019-04-26;1.7;13.1;4;26;2019;116;7.4
2019-04-27;-1.1;20.1;4;27;2019;117;9.5
2019-04-28;1.6;21.8;4;28;2019;118;11.7
2019-04-29;2.0;22.5;4;29;2019;119;12.2
2019-04-30;2.3;22.6;4;30;2019;120;12.4
2019-05-01;2.0;24.5;5;1;2019;121;13.2
2019-05-02;7.6;20.0;5;2;2019;122;13.8
2019-05-03;2.9;12.9;5;3;2019;123;7.9
2019-05-04;-1.4;18.5;5;4;2019;124;8.6
2019-05-05;1.4;16.6;5;5;2019;125;9.0
2019-05-06;-2.0;22.0;5;6;2019;126;10.0
2019-05-07;3.9;21.4;5;7;2019;127;12.6
2019-05-08;11.8;16.7;5;8;2019;128;14.2
2019-05-09;5.5;20.2;5;9;2019;129;12.8
2019-05-10;13.0;22.3;5;10;2019;130;17.6
2019-05-11;5.3;22.1;5;11;2019;131;13.7
2019-05-12;-0.2;23.7;5;12;2019;132;11.8
2019-05-13;0.2;24.0;5;13;2019;133;12.1
2019-05-14;1.1;26.2;5;14;2019;134;13.6
2019-05-15;2.8;27.8;5;15;2019;135;15.3
2019-05-16;3.4;27.1;5;16;2019;136;15.2
2019-05-17;5.2;11.2;5;17;2019;137;8.2
2019-05-18;3.0;14.8;5;18;2019;138;8.9
2019-05-19;0.7;15.1;5;19;2019;139;7.9
2019-05-20;1.0;19.0;5;20;2019;140;10.0
2019-05-21;2.2;21.6;5;21;2019;141;11.9
2019-05-22;3.0;24.2;5;22;2019;142;13.6
2019-05-23;7.3;24.6;5;23;2019;143;16.0
2019-05-24;9.3;14.5;5;24;2019;144;11.9
2019-05-25;7.5;18.0;5;25;2019;145;12.8
2019-05-26;6.0;20.6;5;26;2019;146;13.3
2019-05-27;3.6;23.6;5;27;2019;147;13.6
2019-05-28;4.2;19.6;5;28;2019;148;11.9
2019-05-29;3.1;19.9;5;29;2019;149;11.5
2019-05-30;2.9;26.2;5;30;2019;150;14.6
2019-05-31;3.3;28.6;5;31;2019;151;16.0
2019-06-01;5.6;29.7;6;1;2019;152;17.6
2019-06-02;7.4;30.1;6;2;2019;153;18.8
2019-06-03;11.9;29.5;6;3;2019;154;20.7
2019-06-04;8.5;27.3;6;4;2019;155;17.9
2019-06-05;6.7;17.1;6;5;2019;156;11.9
2019-06-06;2.6;21.6;6;6;2019;157;12.1
2019-06-07;5.9;19.9;6;7;2019;158;12.9
2019-06-08;1.9;25.6;6;8;2019;159;13.8
2019-06-09;9.8;24.9;6;9;2019;160;17.4
2019-06-10;9.1;22.7;6;10;2019;161;15.9
2019-06-11;2.6;13.7;6;11;2019;162;8.2
2019-06-12;-0.6;21.7;6;12;2019;163;10.6
2019-06-13;8.5;24.3;6;13;2019;164;16.4
2019-06-14;11.2;23.9;6;14;2019;165;17.6
2019-06-15;4.2;24.5;6;15;2019;166;14.4
2019-06-16;5.2;26.7;6;16;2019;167;16.0
2019-06-17;7.5;28.9;6;17;2019;168;18.2
2019-06-18;12.0;28.1;6;18;2019;169;20.0
2019-06-19;8.1;25.9;6;19;2019;170;17.0
2019-06-20;9.1;25.0;6;20;2019;171;17.0
2019-06-21;10.6;23.8;6;21;2019;172;17.2
2019-06-22;7.0;28.1;6;22;2019;173;17.6
2019-06-23;13.1;30.9;6;23;2019;174;22.0
2019-06-24;12.7;30.6;6;24;2019;175;21.6
2019-06-25;11.7;34.8;6;25;2019;176;23.2
2019-06-26;13.4;36.7;6;26;2019;177;25.0
2019-06-27;18.3;36.6;6;27;2019;178;27.4
2019-06-28;13.4;36.9;6;28;2019;179;25.2
2019-06-29;7.8;37.8;6;29;2019;180;22.8
2019-06-30;11.4;36.6;6;30;2019;181;24.0
2019-07-01;14.9;32.8;7;1;2019;182;23.8
2019-07-02;13.9;30.0;7;2;2019;183;22.0
2019-07-03;14.1;32.0;7;3;2019;184;23.0
2019-07-04;11.0;32.8;7;4;2019;185;21.9
2019-07-05;12.3;31.5;7;5;2019;186;21.9
2019-07-06;10.2;31.4;7;6;2019;187;20.8
2019-07-07;9.7;32.0;7;7;2019;188;20.8
2019-07-08;13.7;30.3;7;8;2019;189;22.0
2019-07-09;11.5;23.8;7;9;2019;190;17.6
2019-07-10;9.7;29.7;7;10;2019;191;19.7
2019-07-11;11.4;33.7;7;11;2019;192;22.6
2019-07-12;12.6;35.4;7;12;2019;193;24.0
2019-07-13;15.6;34.4;7;13;2019;194;25.0
2019-07-14;15.0;28.9;7;14;2019;195;22.0
2019-07-15;10.3;30.1;7;15;2019;196;20.2
2019-07-16;10.1;32.0;7;16;2019;197;21.0
2019-07-17;15.8;30.0;7;17;2019;198;22.9
2019-07-18;13.5;30.9;7;18;2019;199;22.2
2019-07-19;13.3;31.8;7;19;2019;200;22.6
2019-07-20;14.6;33.7;7;20;2019;201;24.2
2019-07-21;15.7;33.6;7;21;2019;202;24.6
2019-07-22;13.1;34.5;7;22;2019;203;23.8
2019-07-23;15.8;35.4;7;23;2019;204;25.6
2019-07-24;17.5;34.5;7;24;2019;205;26.0
2019-07-25;17.9;33.6;7;25;2019;206;25.8
2019-07-26;16.4;29.0;7;26;2019;207;22.7
2019-07-27;12.3;24.7;7;27;2019;208;18.5
2019-07-28;7.5;27.5;7;28;2019;209;17.5
2019-07-29;8.8;29.6;7;29;2019;210;19.2
2019-07-30;8.5;29.0;7;30;2019;211;18.8
2019-07-31;9.3;30.6;7;31;2019;212;20.0
2019-08-01;14.4;30.6;8;1;2019;213;22.5
2019-08-02;12.6;33.0;8;2;2019;214;22.8
2019-08-03;12.4;32.6;8;3;2019;215;22.5
2019-08-04;10.7;32.6;8;4;2019;216;21.6
2019-08-05;10.3;32.8;8;5;2019;217;21.6
2019-08-06;10.6;32.6;8;6;2019;218;21.6
2019-08-07;14.0;25.7;8;7;2019;219;19.8
2019-08-08;12.2;30.6;8;8;2019;220;21.4
2019-08-09;12.9;30.6;8;9;2019;221;21.8
2019-08-10;14.1;30.7;8;10;2019;222;22.4
2019-08-11;13.1;28.2;8;11;2019;223;20.6
2019-08-12;10.0;25.1;8;12;2019;224;17.6
2019-08-13;10.8;27.5;8;13;2019;225;19.2
2019-08-14;6.2;29.7;8;14;2019;226;18.0
2019-08-15;9.8;32.0;8;15;2019;227;20.9
2019-08-16;11.3;32.3;8;16;2019;228;21.8
2019-08-17;11.8;33.2;8;17;2019;229;22.5
2019-08-18;11.1;31.9;8;18;2019;230;21.5
2019-08-19;10.6;30.0;8;19;2019;231;20.3
2019-08-20;15.1;21.4;8;20;2019;232;18.2
2019-08-21;12.0;25.6;8;21;2019;233;18.8
2019-08-22;7.8;29.1;8;22;2019;234;18.4
2019-08-23;8.5;30.4;8;23;2019;235;19.4
2019-08-24;9.0;31.2;8;24;2019;236;20.1
2019-08-25;10.4;30.1;8;25;2019;237;20.2
2019-08-26;10.7;26.3;8;26;2019;238;18.5
2019-08-27;12.3;24.8;8;27;2019;239;18.6
2019-08-28;10.0;27.8;8;28;2019;240;18.9
2019-08-29;10.2;29.6;8;29;2019;241;19.9
2019-08-30;12.5;31.8;8;30;2019;242;22.2
2019-08-31;10.1;31.2;8;31;2019;243;20.6
2019-09-01;12.0;28.5;9;1;2019;244;20.2
2019-09-02;11.7;27.2;9;2;2019;245;19.4
2019-09-03;8.8;29.5;9;3;2019;246;19.2
2019-09-04;7.6;30.5;9;4;2019;247;19.0
2019-09-05;7.6;23.6;9;5;2019;248;15.6
2019-09-06;2.4;24.0;9;6;2019;249;13.2
2019-09-07;6.5;25.5;9;7;2019;250;16.0
2019-09-08;6.8;26.7;9;8;2019;251;16.8
2019-09-09;6.3;26.0;9;9;2019;252;16.2
2019-09-10;9.6;16.1;9;10;2019;253;12.8
2019-09-11;9.6;18.1;9;11;2019;254;13.8
2019-09-12;6.2;24.3;9;12;2019;255;15.2
2019-09-13;9.5;19.3;9;13;2019;256;14.4
2019-09-14;12.0;23.4;9;14;2019;257;17.7
2019-09-15;11.5;22.8;9;15;2019;258;17.2
2019-09-16;12.9;24.4;9;16;2019;259;18.6
2019-09-17;10.8;28.5;9;17;2019;260;19.6
2019-09-18;9.1;24.6;9;18;2019;261;16.8
2019-09-19;8.2;26.6;9;19;2019;262;17.4
2019-09-20;9.1;25.3;9;20;2019;263;17.2
2019-09-21;12.7;21.9;9;21;2019;264;17.3
2019-09-22;10.3;21.5;9;22;2019;265;15.9
2019-09-23;4.9;22.5;9;23;2019;266;13.7
2019-09-24;6.7;25.5;9;24;2019;267;16.1
2019-09-25;9.7;22.1;9;25;2019;268;15.9
2019-09-26;5.9;26.5;9;26;2019;269;16.2
2019-09-27;6.9;26.9;9;27;2019;270;16.9
2019-09-28;3.6;27.6;9;28;2019;271;15.6
2019-09-29;3.5;27.8;9;29;2019;272;15.6
2019-09-30;4.2;28.7;9;30;2019;273;16.4
2019-10-01;4.1;26.2;10;1;2019;274;15.2
2019-10-02;6.3;21.3;10;2;2019;275;13.8
2019-10-03;1.8;25.0;10;3;2019;276;13.4
2019-10-04;2.8;27.2;10;4;2019;277;15.0
2019-10-05;3.4;26.9;10;5;2019;278;15.2
2019-10-06;3.7;24.3;10;6;2019;279;14.0
2019-10-07;4.4;25.3;10;7;2019;280;14.8
2019-10-08;6.3;28.4;10;8;2019;281;17.4
2019-10-09;6.7;25.7;10;9;2019;282;16.2
2019-10-10;4.7;25.7;10;10;2019;283;15.2
2019-10-11;5.6;27.0;10;11;2019;284;16.3
2019-10-12;13.4;25.9;10;12;2019;285;19.6
2019-10-13;8.2;24.3;10;13;2019;286;16.2
2019-10-14;7.0;18.6;10;14;2019;287;12.8
2019-10-15;2.8;15.0;10;15;2019;288;8.9
2019-10-16;1.2;17.9;10;16;2019;289;9.6
2019-10-17;1.9;17.0;10;17;2019;290;9.4
2019-10-18;12.1;18.6;10;18;2019;291;15.4
2019-10-19;10.9;17.4;10;19;2019;292;14.2
2019-10-20;5.3;12.2;10;20;2019;293;8.8
2019-10-21;2.0;12.7;10;21;2019;294;7.4
2019-10-22;1.5;6.7;10;22;2019;295;4.1
2019-10-23;4.9;11.0;10;23;2019;296;8.0
2019-10-24;5.7;14.8;10;24;2019;297;10.2
2019-10-25;2.2;21.3;10;25;2019;298;11.8
2019-10-26;1.3;21.5;10;26;2019;299;11.4
2019-10-27;0.7;22.2;10;27;2019;300;11.4
2019-10-28;7.3;21.1;10;28;2019;301;14.2
2019-10-29;4.0;19.6;10;29;2019;302;11.8
2019-10-30;7.0;16.9;10;30;2019;303;12.0
2019-10-31;9.7;17.6;10;31;2019;304;13.6
2019-11-01;9.7;18.5;11;1;2019;305;14.1
2019-11-02;11.6;16.3;11;2;2019;306;14.0
2019-11-03;8.4;13.3;11;3;2019;307;10.8
2019-11-04;7.7;14.1;11;4;2019;308;10.9
2019-11-05;4.2;10.4;11;5;2019;309;7.3
2019-11-06;3.9;11.3;11;6;2019;310;7.6
2019-11-07;1.6;10.2;11;7;2019;311;5.9
2019-11-08;1.1;8.2;11;8;2019;312;4.6
2019-11-09;1.2;9.5;11;9;2019;313;5.4
2019-11-10;0.1;5.9;11;10;2019;314;3.0
2019-11-11;-0.2;8.1;11;11;2019;315;4.0
2019-11-12;-1.7;9.4;11;12;2019;316;3.8
2019-11-13;2.8;10.6;11;13;2019;317;6.7
2019-11-14;0.5;7.4;11;14;2019;318;4.0
2019-11-15;0.1;5.6;11;15;2019;319;2.8
2019-11-16;-1.6;6.4;11;16;2019;320;2.4
2019-11-17;-3.3;7.1;11;17;2019;321;1.9
2019-11-18;-2.2;6.3;11;18;2019;322;2.0
2019-11-19;-5.6;7.9;11;19;2019;323;1.2
2019-11-20;-3.4;8.6;11;20;2019;324;2.6
2019-11-21;3.3;9.2;11;21;2019;325;6.2
2019-11-22;2.5;10.7;11;22;2019;326;6.6
2019-11-23;2.7;7.7;11;23;2019;327;5.2
2019-11-24;3.3;8.8;11;24;2019;328;6.0
2019-11-25;4.5;11.5;11;25;2019;329;8.0
2019-11-26;6.5;13.4;11;26;2019;330;10.0
2019-11-27;7.1;11.2;11;27;2019;331;9.2
2019-11-28;6.1;10.3;11;28;2019;332;8.2
2019-11-29;8.4;13.1;11;29;2019;333;10.8
2019-11-30;3.1;12.1;11;30;2019;334;7.6
2019-12-01;1.4;9.0;12;1;2019;335;5.2
2019-12-02;2.2;6.5;12;2;2019;336;4.4
2019-12-03;0.3;5.0;12;3;2019;337;2.6
2019-12-04;1.2;5.2;12;4;2019;338;3.2
2019-12-05;4.0;5.9;12;5;2019;339;5.0
2019-12-06;-0.3;11.2;12;6;2019;340;5.4
2019-12-07;-1.3;11.2;12;7;2019;341;5.0
2019-12-08;-2.4;11.1;12;8;2019;342;4.4
2019-12-09;-1.0;10.0;12;9;2019;343;4.5
2019-12-10;-5.0;11.2;12;10;2019;344;3.1
2019-12-11;-3.8;5.2;12;11;2019;345;0.7
2019-12-12;0.6;7.7;12;12;2019;346;4.2
2019-12-13;6.9;12.4;12;13;2019;347;9.6
2019-12-14;5.3;8.5;12;14;2019;348;6.9
2019-12-15;1.4;10.0;12;15;2019;349;5.7
2019-12-16;-2.0;13.9;12;16;2019;350;6.0
2019-12-17;1.9;8.4;12;17;2019;351;5.2
2019-12-18;2.4;9.5;12;18;2019;352;6.0
2019-12-19;4.8;11.2;12;19;2019;353;8.0
2019-12-20;8.4;11.5;12;20;2019;354;10.0
2019-12-21;7.3;14.3;12;21;2019;355;10.8
2019-12-22;5.6;10.2;12;22;2019;356;7.9
2019-12-23;-0.4;12.4;12;23;2019;357;6.0
2019-12-24;-1.3;14.9;12;24;2019;358;6.8
2019-12-25;-2.2;16.2;12;25;2019;359;7.0
2019-12-26;-1.9;13.9;12;26;2019;360;6.0
2019-12-27;-6.1;11.4;12;27;2019;361;2.6
2019-12-28;-8.5;12.6;12;28;2019;362;2.0
2019-12-29;-6.7;13.9;12;29;2019;363;3.6
2019-12-30;-6.3;13.8;12;30;2019;364;3.8
2019-12-31;-5.3;14.5;12;31;2019;365;4.6
2020-01-01;-7.4;14.2;1;1;2020;1;3.4
2020-01-02;-7.7;14.1;1;2;2020;2;3.2
2020-01-03;-6.2;10.9;1;3;2020;3;2.4
2020-01-04;-4.6;8.4;1;4;2020;4;1.9
2020-01-05;-7.2;14.4;1;5;2020;5;3.6
2020-01-06;-7.2;14.0;1;6;2020;6;3.4
2020-01-07;-7.5;14.1;1;7;2020;7;3.3
2020-01-08;-4.9;13.2;1;8;2020;8;4.2
2020-01-09;-5.1;13.3;1;9;2020;9;4.1
2020-01-10;-3.0;7.2;1;10;2020;10;2.1
2020-01-11;-7.2;9.8;1;11;2020;11;1.3
2020-01-12;-10.3;11.2;1;12;2020;12;0.4
2020-01-13;-9.4;10.0;1;13;2020;13;0.3
2020-01-14;-8.2;10.2;1;14;2020;14;1.0
2020-01-15;0.5;10.7;1;15;2020;15;5.6
2020-01-16;3.1;12.5;1;16;2020;16;7.8
2020-01-17;-2.5;8.9;1;17;2020;17;3.2
2020-01-18;-3.9;9.0;1;18;2020;18;2.6
2020-01-19;-3.2;3.9;1;19;2020;19;0.4
2020-01-20;-4.0;-0.7;1;20;2020;20;-2.4
2020-01-21;-1.8;0.6;1;21;2020;21;-0.6
2020-01-22;0.3;4.6;1;22;2020;22;2.4
2020-01-23;-1.8;5.9;1;23;2020;23;2.0
2020-01-24;-2.9;5.9;1;24;2020;24;1.5
2020-01-25;0.6;8.0;1;25;2020;25;4.3
2020-01-26;-0.8;7.5;1;26;2020;26;3.4
2020-01-27;-2.2;6.0;1;27;2020;27;1.9
2020-01-28;5.8;9.8;1;28;2020;28;7.8
2020-01-29;7.3;12.4;1;29;2020;29;9.8
2020-01-30;6.7;11.3;1;30;2020;30;9.0
2020-01-31;6.6;11.2;1;31;2020;31;8.9
2020-02-01;6.5;14.4;2;1;2020;32;10.4
2020-02-02;5.0;17.1;2;2;2020;33;11.0
2020-02-03;1.2;20.6;2;3;2020;34;10.9
2020-02-04;-1.4;16.7;2;4;2020;35;7.6
2020-02-05;-3.4;12.8;2;5;2020;36;4.7
2020-02-06;-5.8;16.0;2;6;2020;37;5.1
2020-02-07;-2.6;14.1;2;7;2020;38;5.8
2020-02-08;-0.2;10.9;2;8;2020;39;5.4
2020-02-09;0.1;10.1;2;9;2020;40;5.1
2020-02-10;6.4;15.0;2;10;2020;41;10.7
2020-02-11;6.3;17.8;2;11;2020;42;12.0
2020-02-12;6.5;16.3;2;12;2020;43;11.4
2020-02-13;4.7;13.0;2;13;2020;44;8.8
2020-02-14;0.7;16.6;2;14;2020;45;8.6
2020-02-15;-2.5;17.1;2;15;2020;46;7.3
2020-02-16;-1.8;17.8;2;16;2020;47;8.0
2020-02-17;2.4;14.8;2;17;2020;48;8.6
2020-02-18;2.6;13.7;2;18;2020;49;8.2
2020-02-19;-4.6;15.7;2;19;2020;50;5.6
2020-02-20;-6.2;18.2;2;20;2020;51;6.0
2020-02-21;-5.4;19.3;2;21;2020;52;7.0
2020-02-22;-6.3;20.2;2;22;2020;53;7.0
2020-02-23;-6.0;21.6;2;23;2020;54;7.8
2020-02-24;-6.4;21.3;2;24;2020;55;7.4
2020-02-25;-4.0;14.9;2;25;2020;56;5.4
2020-02-26;-0.8;12.1;2;26;2020;57;5.6
2020-02-27;-2.5;15.0;2;27;2020;58;6.2
2020-02-28;-1.9;19.6;2;28;2020;59;8.8
2020-02-29;2.0;11.5;2;29;2020;60;6.8
2020-03-01;5.2;11.6;3;1;2020;61;8.4
2020-03-02;0.3;9.3;3;2;2020;62;4.8
2020-03-03;1.1;13.5;3;3;2020;63;7.3
2020-03-04;4.9;16.3;3;4;2020;64;10.6
2020-03-05;3.8;12.3;3;5;2020;65;8.0
2020-03-06;1.0;7.2;3;6;2020;66;4.1
2020-03-07;-0.4;12.4;3;7;2020;67;6.0
2020-03-08;-4.2;15.5;3;8;2020;68;5.6
2020-03-09;1.4;13.6;3;9;2020;69;7.5
2020-03-10;-1.0;20.9;3;10;2020;70;10.0
2020-03-11;-0.2;24.1;3;11;2020;71;12.0
2020-03-12;1.2;24.3;3;12;2020;72;12.8
2020-03-13;4.1;20.3;3;13;2020;73;12.2
2020-03-14;2.1;20.4;3;14;2020;74;11.2
2020-03-15;-0.1;17.1;3;15;2020;75;8.5
2020-03-16;0.9;7.3;3;16;2020;76;4.1
2020-03-17;2.8;10.7;3;17;2020;77;6.8
2020-03-18;4.9;16.2;3;18;2020;78;10.6
2020-03-19;1.1;17.3;3;19;2020;79;9.2
2020-03-20;3.1;15.7;3;20;2020;80;9.4
2020-03-21;0.9;10.6;3;21;2020;81;5.8
2020-03-22;4.7;11.8;3;22;2020;82;8.2
2020-03-23;4.9;12.7;3;23;2020;83;8.8
2020-03-24;0.5;11.1;3;24;2020;84;5.8
2020-03-25;-0.4;12.4;3;25;2020;85;6.0
2020-03-26;-2.6;10.1;3;26;2020;86;3.8
2020-03-27;-1.2;11.1;3;27;2020;87;5.0
2020-03-28;-3.3;13.1;3;28;2020;88;4.9
2020-03-29;-3.3;17.1;3;29;2020;89;6.9
2020-03-30;-1.7;4.5;3;30;2020;90;1.4
2020-03-31;-2.1;8.7;3;31;2020;91;3.3
2020-04-01;5.2;12.3;4;1;2020;92;8.8
2020-04-02;3.4;9.9;4;2;2020;93;6.6
2020-04-03;-2.3;15.5;4;3;2020;94;6.6
2020-04-04;-3.0;18.6;4;4;2020;95;7.8
2020-04-05;4.1;18.3;4;5;2020;96;11.2
2020-04-06;8.8;15.3;4;6;2020;97;12.0
2020-04-07;9.6;18.0;4;7;2020;98;13.8
2020-04-08;8.9;18.6;4;8;2020;99;13.8
2020-04-09;6.6;19.5;4;9;2020;100;13.0
2020-04-10;7.2;11.9;4;10;2020;101;9.6
2020-04-11;6.4;16.6;4;11;2020;102;11.5
2020-04-12;5.2;19.3;4;12;2020;103;12.2
2020-04-13;1.5;16.3;4;13;2020;104;8.9
2020-04-14;3.7;15.7;4;14;2020;105;9.7
2020-04-15;5.3;14.0;4;15;2020;106;9.6
2020-04-16;6.4;18.9;4;16;2020;107;12.6
2020-04-17;7.8;18.8;4;17;2020;108;13.3
2020-04-18;8.3;19.6;4;18;2020;109;14.0
2020-04-19;7.8;17.2;4;19;2020;110;12.5
2020-04-20;5.5;17.2;4;20;2020;111;11.4
2020-04-21;4.3;11.5;4;21;2020;112;7.9
2020-04-22;7.2;16.8;4;22;2020;113;12.0
2020-04-23;8.7;17.3;4;23;2020;114;13.0
2020-04-24;9.7;18.6;4;24;2020;115;14.2
2020-04-25;6.4;20.2;4;25;2020;116;13.3
2020-04-26;8.1;18.5;4;26;2020;117;13.3
2020-04-27;5.8;14.2;4;27;2020;118;10.0
2020-04-28;3.6;15.8;4;28;2020;119;9.7
2020-04-29;1.3;17.2;4;29;2020;120;9.2
2020-04-30;9.3;17.4;4;30;2020;121;13.4
2020-05-01;9.3;19.0;5;1;2020;122;14.2
2020-05-02;7.6;23.5;5;2;2020;123;15.6
2020-05-03;5.8;27.2;5;3;2020;124;16.5
2020-05-04;7.5;30.0;5;4;2020;125;18.8
2020-05-05;6.1;22.6;5;5;2020;126;14.4
2020-05-06;2.0;25.6;5;6;2020;127;13.8
2020-05-07;7.6;26.4;5;7;2020;128;17.0
2020-05-08;5.9;26.2;5;8;2020;129;16.0
2020-05-09;12.0;22.9;5;9;2020;130;17.4
2020-05-10;8.5;15.2;5;10;2020;131;11.8
2020-05-11;6.1;17.8;5;11;2020;132;12.0
2020-05-12;5.4;14.8;5;12;2020;133;10.1
2020-05-13;7.0;14.3;5;13;2020;134;10.6
2020-05-14;5.2;10.4;5;14;2020;135;7.8
2020-05-15;7.8;14.9;5;15;2020;136;11.4
2020-05-16;6.8;12.9;5;16;2020;137;9.8
2020-05-17;4.3;20.8;5;17;2020;138;12.6
2020-05-18;3.0;24.0;5;18;2020;139;13.5
2020-05-19;3.7;25.6;5;19;2020;140;14.6
2020-05-20;5.1;27.5;5;20;2020;141;16.3
2020-05-21;6.2;28.3;5;21;2020;142;17.2
2020-05-22;7.2;29.7;5;22;2020;143;18.4
2020-05-23;10.7;29.0;5;23;2020;144;19.8
2020-05-24;9.4;28.5;5;24;2020;145;19.0
2020-05-25;14.7;24.9;5;25;2020;146;19.8
2020-05-26;14.1;24.5;5;26;2020;147;19.3
2020-05-27;9.9;26.0;5;27;2020;148;18.0
2020-05-28;6.8;26.2;5;28;2020;149;16.5
2020-05-29;7.7;27.7;5;29;2020;150;17.7
2020-05-30;8.9;28.3;5;30;2020;151;18.6
2020-05-31;10.2;26.9;5;31;2020;152;18.6
2020-06-01;11.8;26.3;6;1;2020;153;19.0
2020-06-02;12.6;26.1;6;2;2020;154;19.4
2020-06-03;9.1;24.8;6;3;2020;155;17.0
2020-06-04;9.3;18.3;6;4;2020;156;13.8
2020-06-05;5.8;23.4;6;5;2020;157;14.6
2020-06-06;8.0;23.6;6;6;2020;158;15.8
2020-06-07;7.3;20.5;6;7;2020;159;13.9
2020-06-08;5.2;17.2;6;8;2020;160;11.2
2020-06-09;2.9;18.6;6;9;2020;161;10.8
2020-06-10;3.3;20.7;6;10;2020;162;12.0
2020-06-11;8.1;20.8;6;11;2020;163;14.4
2020-06-12;8.4;17.0;6;12;2020;164;12.7
2020-06-13;8.0;19.9;6;13;2020;165;14.0
2020-06-14;6.0;22.4;6;14;2020;166;14.2
2020-06-15;8.7;24.5;6;15;2020;167;16.6
2020-06-16;11.0;21.6;6;16;2020;168;16.3
2020-06-17;10.4;21.3;6;17;2020;169;15.8
2020-06-18;8.7;24.8;6;18;2020;170;16.8
2020-06-19;10.1;26.6;6;19;2020;171;18.4
2020-06-20;8.0;28.5;6;20;2020;172;18.2
2020-06-21;9.1;29.9;6;21;2020;173;19.5
2020-06-22;9.9;31.2;6;22;2020;174;20.6
2020-06-23;10.8;32.5;6;23;2020;175;21.6
2020-06-24;13.5;28.3;6;24;2020;176;20.9
2020-06-25;10.3;32.5;6;25;2020;177;21.4
2020-06-26;12.7;29.2;6;26;2020;178;21.0
2020-06-27;9.6;29.5;6;27;2020;179;19.6
2020-06-28;11.7;31.2;6;28;2020;180;21.4
2020-06-29;13.1;32.7;6;29;2020;181;22.9
2020-06-30;14.7;33.4;6;30;2020;182;24.0
2020-07-01;14.3;31.3;7;1;2020;183;22.8
2020-07-02;12.1;29.5;7;2;2020;184;20.8
2020-07-03;12.6;28.2;7;3;2020;185;20.4
2020-07-04;7.7;30.1;7;4;2020;186;18.9
2020-07-05;7.8;33.0;7;5;2020;187;20.4
2020-07-06;12.1;32.4;7;6;2020;188;22.2
2020-07-07;11.2;33.5;7;7;2020;189;22.4
2020-07-08;13.4;32.7;7;8;2020;190;23.0
2020-07-09;13.0;27.1;7;9;2020;191;20.0
2020-07-10;10.2;28.3;7;10;2020;192;19.2
2020-07-11;12.5;31.4;7;11;2020;193;22.0
2020-07-12;14.3;25.7;7;12;2020;194;20.0
2020-07-13;11.5;30.0;7;13;2020;195;20.8
2020-07-14;11.7;27.9;7;14;2020;196;19.8
2020-07-15;8.4;28.0;7;15;2020;197;18.2
2020-07-16;9.9;30.8;7;16;2020;198;20.4
2020-07-17;10.5;29.6;7;17;2020;199;20.0
2020-07-18;7.9;32.0;7;18;2020;200;20.0
2020-07-19;10.4;32.9;7;19;2020;201;21.6
2020-07-20;13.0;33.5;7;20;2020;202;23.2
2020-07-21;12.5;34.4;7;21;2020;203;23.4
2020-07-22;15.0;30.4;7;22;2020;204;22.7
2020-07-23;10.0;32.4;7;23;2020;205;21.2
2020-07-24;14.7;32.3;7;24;2020;206;23.5
2020-07-25;11.8;32.8;7;25;2020;207;22.3
2020-07-26;12.1;34.5;7;26;2020;208;23.3
2020-07-27;14.3;36.3;7;27;2020;209;25.3
2020-07-28;18.1;34.7;7;28;2020;210;26.4
2020-07-29;17.6;34.4;7;29;2020;211;26.0
2020-07-30;13.5;36.6;7;30;2020;212;25.0
2020-07-31;12.7;34.7;7;31;2020;213;23.7
2020-08-01;11.2;34.0;8;1;2020;214;22.6
2020-08-02;11.9;32.8;8;2;2020;215;22.4
2020-08-03;12.9;28.2;8;3;2020;216;20.6
2020-08-04;7.9;29.0;8;4;2020;217;18.4
2020-08-05;8.9;32.8;8;5;2020;218;20.8
2020-08-06;12.5;33.8;8;6;2020;219;23.2
2020-08-07;13.7;36.2;8;7;2020;220;25.0
2020-08-08;15.0;34.5;8;8;2020;221;24.8
2020-08-09;14.1;34.7;8;9;2020;222;24.4
2020-08-10;17.7;27.8;8;10;2020;223;22.8
2020-08-11;13.6;28.8;8;11;2020;224;21.2
2020-08-12;10.9;26.4;8;12;2020;225;18.6
2020-08-13;9.9;28.3;8;13;2020;226;19.1
2020-08-14;10.5;29.8;8;14;2020;227;20.2
2020-08-15;11.9;27.9;8;15;2020;228;19.9
2020-08-16;7.2;26.4;8;16;2020;229;16.8
2020-08-17;7.7;26.4;8;17;2020;230;17.0
2020-08-18;11.2;26.2;8;18;2020;231;18.7
2020-08-19;10.6;30.7;8;19;2020;232;20.6
2020-08-20;10.4;32.5;8;20;2020;233;21.4
2020-08-21;11.5;30.7;8;21;2020;234;21.1
2020-08-22;12.9;31.2;8;22;2020;235;22.0
2020-08-23;9.6;30.4;8;23;2020;236;20.0
2020-08-24;11.2;30.8;8;24;2020;237;21.0
2020-08-25;10.9;32.9;8;25;2020;238;21.9
2020-08-26;10.6;33.6;8;26;2020;239;22.1
2020-08-27;11.6;33.6;8;27;2020;240;22.6
2020-08-28;12.2;29.9;8;28;2020;241;21.0
2020-08-29;9.5;20.2;8;29;2020;242;14.8
2020-08-30;3.7;21.0;8;30;2020;243;12.4
2020-08-31;1.3;24.0;8;31;2020;244;12.6
2020-09-01;5.5;25.6;9;1;2020;245;15.6
2020-09-02;4.1;26.8;9;2;2020;246;15.4
2020-09-03;4.5;29.9;9;3;2020;247;17.2
2020-09-04;8.0;30.8;9;4;2020;248;19.4
2020-09-05;7.8;31.2;9;5;2020;249;19.5
2020-09-06;9.6;28.9;9;6;2020;250;19.2
2020-09-07;6.1;22.9;9;7;2020;251;14.5
2020-09-08;2.6;24.3;9;8;2020;252;13.4
2020-09-09;6.5;25.3;9;9;2020;253;15.9
2020-09-10;6.9;27.3;9;10;2020;254;17.1
2020-09-11;5.2;29.3;9;11;2020;255;17.2
2020-09-12;7.1;29.6;9;12;2020;256;18.4
2020-09-13;8.2;31.1;9;13;2020;257;19.6
2020-09-14;8.0;30.0;9;14;2020;258;19.0
2020-09-15;12.3;27.4;9;15;2020;259;19.8
2020-09-16;9.7;28.1;9;16;2020;260;18.9
2020-09-17;13.8;24.9;9;17;2020;261;19.4
2020-09-18;12.0;20.5;9;18;2020;262;16.2
2020-09-19;9.9;18.4;9;19;2020;263;14.2
2020-09-20;9.8;20.1;9;20;2020;264;15.0
2020-09-21;10.7;21.4;9;21;2020;265;16.0
2020-09-22;5.3;21.8;9;22;2020;266;13.6
2020-09-23;6.7;19.5;9;23;2020;267;13.1
2020-09-24;8.6;18.3;9;24;2020;268;13.4
2020-09-25;6.4;14.5;9;25;2020;269;10.4
2020-09-26;4.8;16.9;9;26;2020;270;10.8
2020-09-27;3.0;17.0;9;27;2020;271;10.0
2020-09-28;-1.0;21.3;9;28;2020;272;10.2
2020-09-29;0.7;23.9;9;29;2020;273;12.3
2020-09-30;1.1;23.8;9;30;2020;274;12.4
2020-10-01;4.2;20.5;10;1;2020;275;12.4
2020-10-02;5.3;12.9;10;2;2020;276;9.1
2020-10-03;3.4;13.6;10;3;2020;277;8.5
2020-10-04;2.8;14.5;10;4;2020;278;8.6
2020-10-05;3.7;15.8;10;5;2020;279;9.8
2020-10-06;2.3;20.5;10;6;2020;280;11.4
2020-10-07;4.7;23.4;10;7;2020;281;14.0
2020-10-08;4.2;24.1;10;8;2020;282;14.2
2020-10-09;3.5;24.1;10;9;2020;283;13.8
2020-10-10;4.3;19.5;10;10;2020;284;11.9
2020-10-11;2.7;13.9;10;11;2020;285;8.3
2020-10-12;3.9;14.8;10;12;2020;286;9.4
2020-10-13;4.7;17.4;10;13;2020;287;11.0
2020-10-14;1.4;13.5;10;14;2020;288;7.4
2020-10-15;-2.7;10.1;10;15;2020;289;3.7
2020-10-16;-3.8;13.2;10;16;2020;290;4.7
2020-10-17;-4.4;16.2;10;17;2020;291;5.9
2020-10-18;-3.6;18.4;10;18;2020;292;7.4
2020-10-19;-3.2;21.8;10;19;2020;293;9.3
2020-10-20;15.3;21.4;10;20;2020;294;18.4
2020-10-21;8.5;16.6;10;21;2020;295;12.6
2020-10-22;5.4;15.8;10;22;2020;296;10.6
2020-10-23;1.7;13.2;10;23;2020;297;7.4
2020-10-24;2.1;13.5;10;24;2020;298;7.8
2020-10-25;6.2;13.4;10;25;2020;299;9.8
2020-10-26;0.2;9.6;10;26;2020;300;4.9
2020-10-27;-2.0;13.2;10;27;2020;301;5.6
2020-10-28;0.7;15.2;10;28;2020;302;8.0
2020-10-29;1.0;19.3;10;29;2020;303;10.2
2020-10-30;-1.9;21.3;10;30;2020;304;9.7
2020-10-31;-1.8;20.8;10;31;2020;305;9.5
2020-11-01;0.2;20.6;11;1;2020;306;10.4
2020-11-02;0.6;22.0;11;2;2020;307;11.3
2020-11-03;6.1;12.1;11;3;2020;308;9.1
2020-11-04;3.7;6.4;11;4;2020;309;5.0
2020-11-05;5.0;12.1;11;5;2020;310;8.6
2020-11-06;6.7;17.7;11;6;2020;311;12.2
2020-11-07;8.0;13.1;11;7;2020;312;10.6
2020-11-08;1.5;15.3;11;8;2020;313;8.4
2020-11-09;0.5;13.5;11;9;2020;314;7.0
2020-11-10;0.2;16.0;11;10;2020;315;8.1
2020-11-11;-1.0;16.4;11;11;2020;316;7.7
2020-11-12;1.3;16.5;11;12;2020;317;8.9
2020-11-13;1.7;16.1;11;13;2020;318;8.9
2020-11-14;3.0;12.8;11;14;2020;319;7.9
2020-11-15;10.4;14.3;11;15;2020;320;12.4
2020-11-16;2.6;16.5;11;16;2020;321;9.6
2020-11-17;1.5;19.2;11;17;2020;322;10.4
2020-11-18;-0.7;21.2;11;18;2020;323;10.2
2020-11-19;-0.8;18.6;11;19;2020;324;8.9
2020-11-20;-2.5;15.2;11;20;2020;325;6.4
2020-11-21;-5.4;16.5;11;21;2020;326;5.6
2020-11-22;-7.3;17.3;11;22;2020;327;5.0
2020-11-23;-6.6;17.2;11;23;2020;328;5.3
2020-11-24;-7.1;13.3;11;24;2020;329;3.1
2020-11-25;-5.0;11.2;11;25;2020;330;3.1
2020-11-26;0.6;11.1;11;26;2020;331;5.8
2020-11-27;5.6;9.8;11;27;2020;332;7.7
2020-11-28;4.8;10.9;11;28;2020;333;7.8
2020-11-29;-1.0;14.1;11;29;2020;334;6.6
2020-11-30;-1.9;13.8;11;30;2020;335;6.0
2020-12-01;-2.7;13.8;12;1;2020;336;5.6
2020-12-02;-4.4;7.2;12;2;2020;337;1.4
2020-12-03;-8.0;9.7;12;3;2020;338;0.8
2020-12-04;-3.0;5.6;12;4;2020;339;1.3
2020-12-05;-2.9;4.0;12;5;2020;340;0.6
2020-12-06;-1.7;6.3;12;6;2020;341;2.3
2020-12-07;2.4;8.4;12;7;2020;342;5.4
2020-12-08;0.7;4.0;12;8;2020;343;2.4
2020-12-09;-2.8;7.1;12;9;2020;344;2.2
2020-12-10;2.2;10.2;12;10;2020;345;6.2
2020-12-11;5.5;12.8;12;11;2020;346;9.2
2020-12-12;0.3;10.7;12;12;2020;347;5.5
2020-12-13;-2.4;14.8;12;13;2020;348;6.2
2020-12-14;5.1;14.5;12;14;2020;349;9.8
2020-12-15;2.1;9.3;12;15;2020;350;5.7
2020-12-16;0.2;11.7;12;16;2020;351;6.0
2020-12-17;-1.9;10.9;12;17;2020;352;4.5
2020-12-18;-3.2;11.4;12;18;2020;353;4.1
2020-12-19;-0.1;7.7;12;19;2020;354;3.8
2020-12-20;-1.9;9.3;12;20;2020;355;3.7
2020-12-21;-2.3;11.2;12;21;2020;356;4.4
2020-12-22;1.1;17.1;12;22;2020;357;9.1
2020-12-23;-0.1;14.7;12;23;2020;358;7.3
2020-12-24;0.0;7.4;12;24;2020;359;3.7
2020-12-25;-2.6;4.2;12;25;2020;360;0.8
2020-12-26;-6.3;7.0;12;26;2020;361;0.4
2020-12-27;-8.3;7.3;12;27;2020;362;-0.5
2020-12-28;1.1;5.2;12;28;2020;363;3.2
2020-12-29;-1.6;3.4;12;29;2020;364;0.9
2020-12-30;-4.0;5.3;12;30;2020;365;0.6
2020-12-31;-7.3;5.5;12;31;2020;366;-0.9
2021-01-01;-2.6;2.6;1;1;2021;1;0.0
2021-01-02;-4.8;-0.3;1;2;2021;2;-2.6
2021-01-03;-9.6;4.1;1;3;2021;3;-2.8
2021-01-04;-3.8;2.3;1;4;2021;4;-0.8
2021-01-05;-10.7;3.2;1;5;2021;5;-3.8
2021-01-06;-12.0;3.9;1;6;2021;6;-4.0
2021-01-07;-5.9;-0.4;1;7;2021;7;-3.2
2021-01-08;-4.5;-0.7;1;8;2021;8;-2.6
2021-01-09;-6.5;-1.0;1;9;2021;9;-3.8
2021-01-10;-6.1;0.8;1;10;2021;10;-2.6
2021-01-11;-22.0;-2.6;1;11;2021;11;-12.3
2021-01-12;-25.2;-5.2;1;12;2021;12;-15.2
2021-01-13;-19.9;-0.8;1;13;2021;13;-10.4
2021-01-14;-21.6;-1.9;1;14;2021;14;-11.8
2021-01-15;-12.8;6.1;1;15;2021;15;-3.4
2021-01-16;-14.8;9.5;1;16;2021;16;-2.6
2021-01-17;-16.2;5.4;1;17;2021;17;-5.4
2021-01-18;-13.0;3.4;1;18;2021;18;-4.8
2021-01-19;-16.5;8.3;1;19;2021;19;-4.1
2021-01-20;-6.4;5.7;1;20;2021;20;-0.4
2021-01-21;3.9;7.7;1;21;2021;21;5.8
2021-01-22;1.7;8.3;1;22;2021;22;5.0
2021-01-23;1.6;8.3;1;23;2021;23;5.0
2021-01-24;4.3;9.8;1;24;2021;24;7.0
2021-01-25;1.4;9.6;1;25;2021;25;5.5
2021-01-26;-2.3;10.9;1;26;2021;26;4.3
2021-01-27;3.2;15.4;1;27;2021;27;9.3
2021-01-28;1.6;17.0;1;28;2021;28;9.3
2021-01-29;5.6;16.1;1;29;2021;29;10.8
2021-01-30;4.1;9.4;1;30;2021;30;6.8
2021-01-31;4.4;9.5;1;31;2021;31;7.0
2021-02-01;5.2;13.1;2;1;2021;32;9.2
2021-02-02;5.9;12.5;2;2;2021;33;9.2
2021-02-03;3.0;11.6;2;3;2021;34;7.3
2021-02-04;2.7;17.9;2;4;2021;35;10.3
2021-02-05;1.2;18.2;2;5;2021;36;9.7
2021-02-06;3.1;10.0;2;6;2021;37;6.6
2021-02-07;1.2;8.8;2;7;2021;38;5.0
2021-02-08;2.0;7.6;2;8;2021;39;4.8
2021-02-09;2.7;8.0;2;9;2021;40;5.4
2021-02-10;-0.9;10.4;2;10;2021;41;4.8
2021-02-11;-1.2;13.2;2;11;2021;42;6.0
2021-02-12;4.4;10.1;2;12;2021;43;7.2
2021-02-13;-0.3;12.0;2;13;2021;44;5.8
2021-02-14;-2.2;16.0;2;14;2021;45;6.9
2021-02-15;-2.3;16.2;2;15;2021;46;7.0
2021-02-16;-3.4;17.3;2;16;2021;47;7.0
2021-02-17;-2.0;16.6;2;17;2021;48;7.3
2021-02-18;-2.2;15.7;2;18;2021;49;6.8
2021-02-19;-3.5;16.1;2;19;2021;50;6.3
2021-02-20;-1.1;18.3;2;20;2021;51;8.6
2021-02-21;6.9;13.6;2;21;2021;52;10.2
2021-02-22;2.9;7.1;2;22;2021;53;5.0
2021-02-23;0.3;15.1;2;23;2021;54;7.7
2021-02-24;-2.3;18.3;2;24;2021;55;8.0
2021-02-25;-3.2;17.2;2;25;2021;56;7.0
2021-02-26;-0.5;16.1;2;26;2021;57;7.8
2021-02-27;-0.9;15.6;2;27;2021;58;7.4
2021-02-28;-0.6;13.5;2;28;2021;59;6.4
2021-03-01;1.8;10.2;3;1;2021;60;6.0
2021-03-02;-0.6;11.2;3;2;2021;61;5.3
2021-03-03;0.9;14.2;3;3;2021;62;7.6
2021-03-04;-0.6;16.2;3;4;2021;63;7.8
2021-03-05;1.1;13.8;3;5;2021;64;7.4
2021-03-06;2.1;13.6;3;6;2021;65;7.8
2021-03-07;0.0;12.4;3;7;2021;66;6.2
2021-03-08;4.1;9.1;3;8;2021;67;6.6
2021-03-09;-3.3;10.5;3;9;2021;68;3.6
2021-03-10;-8.1;15.7;3;10;2021;69;3.8
2021-03-11;-1.5;17.7;3;11;2021;70;8.1
2021-03-12;-2.4;12.6;3;12;2021;71;5.1
2021-03-13;-4.0;14.8;3;13;2021;72;5.4
2021-03-14;-3.0;13.0;3;14;2021;73;5.0
2021-03-15;-5.0;15.6;3;15;2021;74;5.3
2021-03-16;-3.2;15.5;3;16;2021;75;6.2
2021-03-17;-3.7;16.9;3;17;2021;76;6.6
2021-03-18;0.7;10.2;3;18;2021;77;5.4
2021-03-19;-0.6;5.8;3;19;2021;78;2.6
2021-03-20;-3.8;9.3;3;20;2021;79;2.8
2021-03-21;-7.5;12.1;3;21;2021;80;2.3
2021-03-22;-1.6;14.4;3;22;2021;81;6.4
2021-03-23;-6.4;18.2;3;23;2021;82;5.9
2021-03-24;-5.7;19.8;3;24;2021;83;7.0
2021-03-25;-3.3;20.3;3;25;2021;84;8.5
2021-03-26;-0.7;18.4;3;26;2021;85;8.8
2021-03-27;1.5;16.0;3;27;2021;86;8.8
2021-03-28;-2.7;21.8;3;28;2021;87;9.6
2021-03-29;-0.3;19.7;3;29;2021;88;9.7
2021-03-30;3.9;22.0;3;30;2021;89;13.0
2021-03-31;-0.9;23.4;3;31;2021;90;11.2
2021-04-01;2.6;22.8;4;1;2021;91;12.7
2021-04-02;3.5;16.1;4;2;2021;92;9.8
2021-04-03;-0.2;20.2;4;3;2021;93;10.0
2021-04-04;-2.1;18.9;4;4;2021;94;8.4
2021-04-05;-3.3;21.2;4;5;2021;95;9.0
2021-04-06;-3.4;20.2;4;6;2021;96;8.4
2021-04-07;-1.5;18.0;4;7;2021;97;8.2
2021-04-08;-1.8;20.4;4;8;2021;98;9.3
2021-04-09;3.6;14.4;4;9;2021;99;9.0
2021-04-10;3.4;17.7;4;10;2021;100;10.6
2021-04-11;4.3;11.7;4;11;2021;101;8.0
2021-04-12;0.1;15.8;4;12;2021;102;8.0
2021-04-13;2.8;17.0;4;13;2021;103;9.9
2021-04-14;6.6;16.3;4;14;2021;104;11.4
2021-04-15;2.1;16.0;4;15;2021;105;9.0
2021-04-16;-0.7;13.7;4;16;2021;106;6.5
2021-04-17;-4.9;12.1;4;17;2021;107;3.6
2021-04-18;-4.3;16.4;4;18;2021;108;6.0
2021-04-19;-2.4;19.0;4;19;2021;109;8.3
2021-04-20;5.6;15.9;4;20;2021;110;10.8
2021-04-21;4.2;15.3;4;21;2021;111;9.8
2021-04-22;6.3;12.7;4;22;2021;112;9.5
2021-04-23;1.6;17.4;4;23;2021;113;9.5
2021-04-24;4.1;18.0;4;24;2021;114;11.0
2021-04-25;7.8;17.9;4;25;2021;115;12.8
2021-04-26;7.8;14.7;4;26;2021;116;11.2
2021-04-27;7.1;17.1;4;27;2021;117;12.1
2021-04-28;7.1;15.9;4;28;2021;118;11.5
2021-04-29;7.3;15.3;4;29;2021;119;11.3
2021-04-30;6.1;14.4;4;30;2021;120;10.2
2021-05-01;4.7;12.3;5;1;2021;121;8.5
2021-05-02;4.3;15.8;5;2;2021;122;10.0
2021-05-03;3.2;14.8;5;3;2021;123;9.0
2021-05-04;5.1;18.8;5;4;2021;124;12.0
2021-05-05;3.8;21.9;5;5;2021;125;12.8
2021-05-06;3.4;23.2;5;6;2021;126;13.3
2021-05-07;5.0;25.4;5;7;2021;127;15.2
2021-05-08;5.4;25.8;5;8;2021;128;15.6
2021-05-09;7.9;18.2;5;9;2021;129;13.0
2021-05-10;5.0;14.8;5;10;2021;130;9.9
2021-05-11;4.1;14.7;5;11;2021;131;9.4
2021-05-12;4.0;16.6;5;12;2021;132;10.3
2021-05-13;2.3;16.8;5;13;2021;133;9.6
2021-05-14;6.7;19.3;5;14;2021;134;13.0
2021-05-15;4.7;22.7;5;15;2021;135;13.7
2021-05-16;11.5;22.8;5;16;2021;136;17.2
2021-05-17;7.1;23.3;5;17;2021;137;15.2
2021-05-18;3.9;24.1;5;18;2021;138;14.0
2021-05-19;5.9;20.7;5;19;2021;139;13.3
2021-05-20;1.9;26.3;5;20;2021;140;14.1
2021-05-21;7.7;26.1;5;21;2021;141;16.9
2021-05-22;9.5;20.1;5;22;2021;142;14.8
2021-05-23;5.4;10.5;5;23;2021;143;8.0
2021-05-24;5.1;16.5;5;24;2021;144;10.8
2021-05-25;4.1;21.9;5;25;2021;145;13.0
2021-05-26;5.5;22.6;5;26;2021;146;14.0
2021-05-27;6.3;25.6;5;27;2021;147;16.0
2021-05-28;12.2;26.0;5;28;2021;148;19.1
2021-05-29;8.8;27.3;5;29;2021;149;18.0
2021-05-30;12.8;27.6;5;30;2021;150;20.2
2021-05-31;12.5;26.9;5;31;2021;151;19.7
2021-06-01;8.1;21.2;6;1;2021;152;14.6
2021-06-02;5.3;25.1;6;2;2021;153;15.2
2021-06-03;8.8;26.4;6;3;2021;154;17.6
2021-06-04;10.5;25.5;6;4;2021;155;18.0
2021-06-05;12.8;19.3;6;5;2021;156;16.0
2021-06-06;11.2;24.9;6;6;2021;157;18.0
2021-06-07;9.2;27.5;6;7;2021;158;18.4
2021-06-08;9.9;29.2;6;8;2021;159;19.6
2021-06-09;10.3;29.8;6;9;2021;160;20.0
2021-06-10;11.7;29.7;6;10;2021;161;20.7
2021-06-11;12.8;26.5;6;11;2021;162;19.6
2021-06-12;11.4;26.7;6;12;2021;163;19.0
2021-06-13;10.4;28.9;6;13;2021;164;19.6
2021-06-14;11.2;30.8;6;14;2021;165;21.0
2021-06-15;13.5;29.3;6;15;2021;166;21.4
2021-06-16;15.1;27.2;6;16;2021;167;21.2
2021-06-17;11.3;19.3;6;17;2021;168;15.3
2021-06-18;9.1;24.1;6;18;2021;169;16.6
2021-06-19;12.9;23.5;6;19;2021;170;18.2
2021-06-20;10.6;18.7;6;20;2021;171;14.6
2021-06-21;10.3;19.8;6;21;2021;172;15.0
2021-06-22;6.4;20.8;6;22;2021;173;13.6
2021-06-23;8.3;18.5;6;23;2021;174;13.4
2021-06-24;5.3;25.2;6;24;2021;175;15.2
2021-06-25;8.2;27.4;6;25;2021;176;17.8
2021-06-26;12.5;28.1;6;26;2021;177;20.3
2021-06-27;11.9;27.4;6;27;2021;178;19.6
2021-06-28;8.0;25.0;6;28;2021;179;16.5
2021-06-29;6.4;27.6;6;29;2021;180;17.0
2021-06-30;8.7;28.8;6;30;2021;181;18.8
2021-07-01;10.1;29.9;7;1;2021;182;20.0
2021-07-02;8.3;30.9;7;2;2021;183;19.6
2021-07-03;9.3;29.3;7;3;2021;184;19.3
2021-07-04;13.1;28.6;7;4;2021;185;20.8
2021-07-05;10.2;30.9;7;5;2021;186;20.6
2021-07-06;11.5;24.1;7;6;2021;187;17.8
2021-07-07;9.6;24.3;7;7;2021;188;17.0
2021-07-08;6.4;26.5;7;8;2021;189;16.4
2021-07-09;8.0;29.9;7;9;2021;190;19.0
2021-07-10;11.7;32.0;7;10;2021;191;21.8
2021-07-11;11.4;34.9;7;11;2021;192;23.2
2021-07-12;10.2;27.1;7;12;2021;193;18.6
2021-07-13;5.7;22.6;7;13;2021;194;14.2
2021-07-14;4.9;25.6;7;14;2021;195;15.2
2021-07-15;8.7;28.5;7;15;2021;196;18.6
2021-07-16;8.5;31.3;7;16;2021;197;19.9
2021-07-17;8.7;33.7;7;17;2021;198;21.2
2021-07-18;10.3;31.1;7;18;2021;199;20.7
2021-07-19;10.0;32.7;7;19;2021;200;21.4
2021-07-20;12.1;32.8;7;20;2021;201;22.4
2021-07-21;13.5;33.6;7;21;2021;202;23.6
2021-07-22;13.3;33.4;7;22;2021;203;23.4
2021-07-23;13.9;31.9;7;23;2021;204;22.9
2021-07-24;8.9;29.0;7;24;2021;205;19.0
2021-07-25;8.1;28.3;7;25;2021;206;18.2
2021-07-26;13.9;25.3;7;26;2021;207;19.6
2021-07-27;11.1;28.2;7;27;2021;208;19.6
2021-07-28;15.2;31.2;7;28;2021;209;23.2
2021-07-29;14.4;31.8;7;29;2021;210;23.1
2021-07-30;12.1;30.6;7;30;2021;211;21.4
2021-07-31;9.1;25.5;7;31;2021;212;17.3
2021-08-01;6.4;23.2;8;1;2021;213;14.8
2021-08-02;6.9;27.5;8;2;2021;214;17.2
2021-08-03;9.3;27.6;8;3;2021;215;18.4
2021-08-04;13.8;27.4;8;4;2021;216;20.6
2021-08-05;8.7;30.2;8;5;2021;217;19.4
2021-08-06;9.5;30.9;8;6;2021;218;20.2
2021-08-07;8.8;27.3;8;7;2021;219;18.0
2021-08-08;7.5;28.6;8;8;2021;220;18.0
2021-08-09;11.8;31.4;8;9;2021;221;21.6
2021-08-10;13.4;33.1;8;10;2021;222;23.2
2021-08-11;16.5;34.9;8;11;2021;223;25.7
2021-08-12;15.4;33.8;8;12;2021;224;24.6
2021-08-13;11.4;36.7;8;13;2021;225;24.0
2021-08-14;17.0;36.8;8;14;2021;226;26.9
2021-08-15;13.8;36.3;8;15;2021;227;25.0
2021-08-16;10.6;31.2;8;16;2021;228;20.9
2021-08-17;7.8;29.7;8;17;2021;229;18.8
2021-08-18;6.5;30.7;8;18;2021;230;18.6
2021-08-19;12.8;29.7;8;19;2021;231;21.2
2021-08-20;10.9;30.7;8;20;2021;232;20.8
2021-08-21;11.4;31.9;8;21;2021;233;21.6
2021-08-22;9.4;32.8;8;22;2021;234;21.1
2021-08-23;14.1;30.7;8;23;2021;235;22.4
2021-08-24;12.4;29.4;8;24;2021;236;20.9
2021-08-25;12.8;27.5;8;25;2021;237;20.2
2021-08-26;12.1;29.6;8;26;2021;238;20.8
2021-08-27;11.0;30.9;8;27;2021;239;21.0
2021-08-28;8.9;31.3;8;28;2021;240;20.1
2021-08-29;9.5;29.0;8;29;2021;241;19.2
2021-08-30;14.4;27.8;8;30;2021;242;21.1
2021-08-31;9.6;28.8;8;31;2021;243;19.2
2021-09-01;13.2;25.3;9;1;2021;244;19.2
2021-09-02;10.8;23.9;9;2;2021;245;17.4
2021-09-03;9.9;24.3;9;3;2021;246;17.1
2021-09-04;9.9;27.0;9;4;2021;247;18.4
2021-09-05;10.2;29.4;9;5;2021;248;19.8
2021-09-06;11.9;30.0;9;6;2021;249;21.0
2021-09-07;16.3;30.4;9;7;2021;250;23.4
2021-09-08;12.4;25.5;9;8;2021;251;19.0
2021-09-09;10.4;22.8;9;9;2021;252;16.6
2021-09-10;9.7;25.0;9;10;2021;253;17.4
2021-09-11;8.2;25.8;9;11;2021;254;17.0
2021-09-12;7.6;27.3;9;12;2021;255;17.4
2021-09-13;10.0;24.6;9;13;2021;256;17.3
2021-09-14;13.3;17.4;9;14;2021;257;15.4
2021-09-15;12.7;21.5;9;15;2021;258;17.1
2021-09-16;11.1;22.5;9;16;2021;259;16.8
2021-09-17;9.3;23.3;9;17;2021;260;16.3
2021-09-18;9.0;23.3;9;18;2021;261;16.2
2021-09-19;5.5;22.4;9;19;2021;262;14.0
2021-09-20;5.2;20.3;9;20;2021;263;12.8
2021-09-21;3.4;17.6;9;21;2021;264;10.5
2021-09-22;6.3;20.2;9;22;2021;265;13.2
2021-09-23;8.1;21.8;9;23;2021;266;15.0
2021-09-24;11.6;24.1;9;24;2021;267;17.8
2021-09-25;10.5;20.4;9;25;2021;268;15.4
2021-09-26;6.0;21.8;9;26;2021;269;13.9
2021-09-27;5.8;24.7;9;27;2021;270;15.2
2021-09-28;4.2;24.1;9;28;2021;271;14.2
2021-09-29;4.9;22.2;9;29;2021;272;13.6
2021-09-30;6.2;22.1;9;30;2021;273;14.2
2021-10-01;4.9;21.8;10;1;2021;274;13.4
2021-10-02;4.3;23.6;10;2;2021;275;14.0
2021-10-03;5.4;16.3;10;3;2021;276;10.8
2021-10-04;1.1;15.5;10;4;2021;277;8.3
2021-10-05;1.6;19.2;10;5;2021;278;10.4
2021-10-06;3.8;20.8;10;6;2021;279;12.3
2021-10-07;0.7;24.0;10;7;2021;280;12.4
2021-10-08;1.6;22.8;10;8;2021;281;12.2
2021-10-09;-0.1;22.3;10;9;2021;282;11.1
2021-10-10;1.7;21.5;10;10;2021;283;11.6
2021-10-11;2.0;22.2;10;11;2021;284;12.1
2021-10-12;0.6;23.5;10;12;2021;285;12.0
2021-10-13;-1.4;21.1;10;13;2021;286;9.8
2021-10-14;-2.0;21.7;10;14;2021;287;9.8
2021-10-15;1.3;21.7;10;15;2021;288;11.5
2021-10-16;-0.4;18.6;10;16;2021;289;9.1
2021-10-17;6.2;18.6;10;17;2021;290;12.4
2021-10-18;4.7;21.4;10;18;2021;291;13.0
2021-10-19;2.5;23.2;10;19;2021;292;12.8
2021-10-20;4.1;23.3;10;20;2021;293;13.7
2021-10-21;5.3;17.9;10;21;2021;294;11.6
2021-10-22;1.8;16.2;10;22;2021;295;9.0
2021-10-23;-0.5;18.5;10;23;2021;296;9.0
2021-10-24;-4.2;18.6;10;24;2021;297;7.2
2021-10-25;-3.7;19.5;10;25;2021;298;7.9
2021-10-26;-2.1;19.3;10;26;2021;299;8.6
2021-10-27;-2.6;19.3;10;27;2021;300;8.4
2021-10-28;0.2;17.0;10;28;2021;301;8.6
2021-10-29;4.1;14.8;10;29;2021;302;9.4
2021-10-30;10.6;17.6;10;30;2021;303;14.1
2021-10-31;11.5;18.1;10;31;2021;304;14.8
2021-11-01;3.2;16.3;11;1;2021;305;9.8
2021-11-02;0.0;11.0;11;2;2021;306;5.5
2021-11-03;1.0;7.9;11;3;2021;307;4.4
2021-11-04;-2.2;7.9;11;4;2021;308;2.8
2021-11-05;0.2;8.9;11;5;2021;309;4.6
2021-11-06;-4.9;10.5;11;6;2021;310;2.8
2021-11-07;-6.0;11.2;11;7;2021;311;2.6
2021-11-08;-0.5;14.6;11;8;2021;312;7.0
2021-11-09;-3.9;12.5;11;9;2021;313;4.3
2021-11-10;-2.8;14.4;11;10;2021;314;5.8
2021-11-11;-3.8;15.0;11;11;2021;315;5.6
2021-11-12;-1.7;16.3;11;12;2021;316;7.3
2021-11-13;-2.8;12.2;11;13;2021;317;4.7
2021-11-14;-1.4;13.6;11;14;2021;318;6.1
2021-11-15;-1.7;10.1;11;15;2021;319;4.2
2021-11-16;-4.9;7.5;11;16;2021;320;1.3
2021-11-17;-2.7;10.9;11;17;2021;321;4.1
2021-11-18;-6.2;12.0;11;18;2021;322;2.9
2021-11-19;-5.5;13.4;11;19;2021;323;4.0
2021-11-20;-2.7;9.5;11;20;2021;324;3.4
2021-11-21;-0.3;12.4;11;21;2021;325;6.0
2021-11-22;-0.8;4.8;11;22;2021;326;2.0
2021-11-23;-2.0;5.0;11;23;2021;327;1.5
2021-11-24;-2.0;4.1;11;24;2021;328;1.0
2021-11-25;0.6;3.0;11;25;2021;329;1.8
2021-11-26;0.5;5.4;11;26;2021;330;3.0
2021-11-27;-0.9;3.8;11;27;2021;331;1.4
2021-11-28;-1.2;3.9;11;28;2021;332;1.4
2021-11-29;3.0;8.5;11;29;2021;333;5.8
2021-11-30;-2.9;11.7;11;30;2021;334;4.4
2021-12-01;-4.3;8.4;12;1;2021;335;2.0
2021-12-02;0.0;5.5;12;2;2021;336;2.8
2021-12-03;-0.1;8.8;12;3;2021;337;4.4
2021-12-04;-3.4;9.6;12;4;2021;338;3.1
2021-12-05;0.9;6.0;12;5;2021;339;3.4
2021-12-06;-0.1;9.8;12;6;2021;340;4.8
2021-12-07;2.4;9.6;12;7;2021;341;6.0
2021-12-08;0.9;7.6;12;8;2021;342;4.2
2021-12-09;0.2;8.1;12;9;2021;343;4.2
2021-12-10;5.3;12.0;12;10;2021;344;8.6
2021-12-11;2.5;11.5;12;11;2021;345;7.0
2021-12-12;-2.8;13.0;12;12;2021;346;5.1
2021-12-13;-5.4;14.8;12;13;2021;347;4.7
2021-12-14;-5.7;15.7;12;14;2021;348;5.0
2021-12-15;-6.4;15.9;12;15;2021;349;4.8
2021-12-16;-6.5;14.1;12;16;2021;350;3.8
2021-12-17;-7.0;14.1;12;17;2021;351;3.6
2021-12-18;-6.8;6.7;12;18;2021;352;0.0
2021-12-19;-6.1;10.0;12;19;2021;353;2.0
2021-12-20;-5.7;11.5;12;20;2021;354;2.9
2021-12-21;1.0;11.5;12;21;2021;355;6.2
2021-12-22;0.1;12.5;12;22;2021;356;6.3
2021-12-23;2.1;11.5;12;23;2021;357;6.8
2021-12-24;6.9;10.6;12;24;2021;358;8.8
2021-12-25;6.5;11.3;12;25;2021;359;8.9
2021-12-26;6.2;9.6;12;26;2021;360;7.9
2021-12-27;8.2;12.8;12;27;2021;361;10.5
2021-12-28;6.6;11.7;12;28;2021;362;9.2
2021-12-29;0.5;15.0;12;29;2021;363;7.8
2021-12-30;-1.2;17.5;12;30;2021;364;8.2
2021-12-31;-4.1;18.6;12;31;2021;365;7.2
2022-01-01;-5.1;18.9;1;1;2022;1;6.9
2022-01-02;-3.2;15.5;1;2;2022;2;6.2
2022-01-03;-3.4;15.0;1;3;2022;3;5.8
2022-01-04;-1.2;13.2;1;4;2022;4;6.0
2022-01-05;-0.2;5.7;1;5;2022;5;2.8
2022-01-06;-5.2;4.2;1;6;2022;6;-0.5
2022-01-07;-5.7;6.7;1;7;2022;7;0.5
2022-01-08;-5.7;7.4;1;8;2022;8;0.8
2022-01-09;-0.6;9.6;1;9;2022;9;4.5
2022-01-10;6.2;12.8;1;10;2022;10;9.5
2022-01-11;-1.3;10.4;1;11;2022;11;4.6
2022-01-12;-7.1;9.9;1;12;2022;12;1.4
2022-01-13;-10.1;8.8;1;13;2022;13;-0.6
2022-01-14;-10.7;8.7;1;14;2022;14;-1.0
2022-01-15;-10.2;8.3;1;15;2022;15;-1.0
2022-01-16;-10.6;9.5;1;16;2022;16;-0.6
2022-01-17;-10.2;12.1;1;17;2022;17;1.0
2022-01-18;-10.0;14.4;1;18;2022;18;2.2
2022-01-19;-10.1;13.0;1;19;2022;19;1.4
2022-01-20;-8.8;8.9;1;20;2022;20;0.0
2022-01-21;-6.9;6.7;1;21;2022;21;-0.1
2022-01-22;-10.1;10.5;1;22;2022;22;0.2
2022-01-23;-9.6;10.4;1;23;2022;23;0.4
2022-01-24;-9.6;10.3;1;24;2022;24;0.4
2022-01-25;-7.1;10.4;1;25;2022;25;1.6
2022-01-26;-9.3;12.0;1;26;2022;26;1.4
2022-01-27;-10.4;12.4;1;27;2022;27;1.0
2022-01-28;-11.1;13.7;1;28;2022;28;1.3
2022-01-29;-11.5;16.2;1;29;2022;29;2.4
2022-01-30;-9.8;16.5;1;30;2022;30;3.4
2022-01-31;-10.4;12.4;1;31;2022;31;1.0
2022-02-01;-3.4;11.1;2;1;2022;32;3.8
2022-02-02;-7.5;20.3;2;2;2022;33;6.4
2022-02-03;-8.3;18.2;2;3;2022;34;5.0
2022-02-04;-2.0;15.1;2;4;2022;35;6.6
2022-02-05;-4.5;11.0;2;5;2022;36;3.2
2022-02-06;-8.6;13.2;2;6;2022;37;2.3
2022-02-07;-7.3;13.6;2;7;2022;38;3.2
2022-02-08;-6.6;18.3;2;8;2022;39;5.8
2022-02-09;-7.1;17.1;2;9;2022;40;5.0
2022-02-10;-7.2;16.3;2;10;2022;41;4.6
2022-02-11;-5.0;14.3;2;11;2022;42;4.6
2022-02-12;0.1;13.9;2;12;2022;43;7.0
2022-02-13;-0.6;10.9;2;13;2022;44;5.2
2022-02-14;0.1;8.6;2;14;2022;45;4.4
2022-02-15;-3.2;11.2;2;15;2022;46;4.0
2022-02-16;-3.6;14.0;2;16;2022;47;5.2
2022-02-17;-0.4;19.7;2;17;2022;48;9.6
2022-02-18;-5.0;19.9;2;18;2022;49;7.4
2022-02-19;-4.4;6.4;2;19;2022;50;1.0
2022-02-20;-8.1;12.5;2;20;2022;51;2.2
2022-02-21;-5.1;14.7;2;21;2022;52;4.8
2022-02-22;-5.9;16.9;2;22;2022;53;5.5
2022-02-23;-8.1;18.1;2;23;2022;54;5.0
2022-02-24;-6.2;16.7;2;24;2022;55;5.2
2022-02-25;1.8;13.6;2;25;2022;56;7.7
2022-02-26;0.5;10.6;2;26;2022;57;5.6
2022-02-27;2.3;12.6;2;27;2022;58;7.4
2022-02-28;-2.1;16.7;2;28;2022;59;7.3
2022-03-01;-5.9;18.3;3;1;2022;60;6.2
2022-03-02;0.1;14.7;3;2;2022;61;7.4
2022-03-03;-4.9;13.7;3;3;2022;62;4.4
2022-03-04;1.7;7.7;3;4;2022;63;4.7
2022-03-05;-4.0;9.8;3;5;2022;64;2.9
2022-03-06;-0.6;6.0;3;6;2022;65;2.7
2022-03-07;1.6;9.4;3;7;2022;66;5.5
2022-03-08;0.2;8.5;3;8;2022;67;4.4
2022-03-09;-3.0;12.9;3;9;2022;68;5.0
2022-03-10;2.0;12.2;3;10;2022;69;7.1
2022-03-11;2.3;9.3;3;11;2022;70;5.8
2022-03-12;0.6;11.9;3;12;2022;71;6.2
2022-03-13;0.8;13.0;3;13;2022;72;6.9
2022-03-14;2.2;10.1;3;14;2022;73;6.2
2022-03-15;7.0;13.4;3;15;2022;74;10.2
2022-03-16;3.8;10.8;3;16;2022;75;7.3
2022-03-17;3.7;7.4;3;17;2022;76;5.6
2022-03-18;3.1;8.7;3;18;2022;77;5.9
2022-03-19;2.1;10.0;3;19;2022;78;6.0
2022-03-20;1.9;12.0;3;20;2022;79;7.0
2022-03-21;4.4;9.7;3;21;2022;80;7.0
2022-03-22;3.2;8.9;3;22;2022;81;6.0
2022-03-23;1.5;8.1;3;23;2022;82;4.8
2022-03-24;3.4;8.3;3;24;2022;83;5.8
2022-03-25;4.1;10.4;3;25;2022;84;7.2
2022-03-26;3.9;6.5;3;26;2022;85;5.2
2022-03-27;-0.1;12.6;3;27;2022;86;6.2
2022-03-28;-0.7;18.7;3;28;2022;87;9.0
2022-03-29;4.6;13.4;3;29;2022;88;9.0
2022-03-30;1.6;9.3;3;30;2022;89;5.4
2022-03-31;0.5;11.0;3;31;2022;90;5.8
2022-04-01;-2.9;6.7;4;1;2022;91;1.9
2022-04-02;-4.5;5.4;4;2;2022;92;0.4
2022-04-03;-7.6;9.0;4;3;2022;93;0.7
2022-04-04;-7.5;9.1;4;4;2022;94;0.8
2022-04-05;-3.1;12.4;4;5;2022;95;4.6
2022-04-06;-3.0;16.1;4;6;2022;96;6.6
2022-04-07;-1.4;18.6;4;7;2022;97;8.6
2022-04-08;2.0;16.9;4;8;2022;98;9.4
2022-04-09;5.6;17.6;4;9;2022;99;11.6
2022-04-10;0.2;20.3;4;10;2022;100;10.2
2022-04-11;4.0;23.6;4;11;2022;101;13.8
2022-04-12;4.0;14.8;4;12;2022;102;9.4
2022-04-13;3.3;14.3;4;13;2022;103;8.8
2022-04-14;4.8;17.4;4;14;2022;104;11.1
2022-04-15;1.5;22.1;4;15;2022;105;11.8
2022-04-16;2.3;22.9;4;16;2022;106;12.6
2022-04-17;0.2;25.3;4;17;2022;107;12.8
2022-04-18;5.5;24.0;4;18;2022;108;14.8
2022-04-19;3.9;10.8;4;19;2022;109;7.4
2022-04-20;1.7;7.2;4;20;2022;110;4.4
2022-04-21;0.9;12.2;4;21;2022;111;6.6
2022-04-22;1.0;11.2;4;22;2022;112;6.1
2022-04-23;2.2;7.8;4;23;2022;113;5.0
2022-04-24;2.7;16.4;4;24;2022;114;9.6
2022-04-25;-1.0;20.5;4;25;2022;115;9.8
2022-04-26;2.7;20.8;4;26;2022;116;11.8
2022-04-27;7.5;15.3;4;27;2022;117;11.4
2022-04-28;5.9;15.0;4;28;2022;118;10.4
2022-04-29;3.7;21.4;4;29;2022;119;12.6
2022-04-30;6.3;20.7;4;30;2022;120;13.5
2022-05-01;2.7;22.2;5;1;2022;121;12.4
2022-05-02;8.8;16.5;5;2;2022;122;12.6
2022-05-03;7.8;10.7;5;3;2022;123;9.2
2022-05-04;6.9;14.9;5;4;2022;124;10.9
2022-05-05;3.7;18.5;5;5;2022;125;11.1
2022-05-06;0.3;19.0;5;6;2022;126;9.6
2022-05-07;1.6;21.6;5;7;2022;127;11.6
2022-05-08;1.3;22.4;5;8;2022;128;11.8
2022-05-09;2.9;24.4;5;9;2022;129;13.6
2022-05-10;3.9;26.6;5;10;2022;130;15.2
2022-05-11;6.4;27.4;5;11;2022;131;16.9
2022-05-12;10.3;25.5;5;12;2022;132;17.9
2022-05-13;6.3;27.0;5;13;2022;133;16.6
2022-05-14;8.5;26.2;5;14;2022;134;17.4
2022-05-15;10.1;23.7;5;15;2022;135;16.9
2022-05-16;6.9;25.4;5;16;2022;136;16.2
2022-05-17;6.9;26.1;5;17;2022;137;16.5
2022-05-18;7.9;29.1;5;18;2022;138;18.5
2022-05-19;10.5;31.4;5;19;2022;139;21.0
2022-05-20;14.1;32.1;5;20;2022;140;23.1
2022-05-21;9.1;32.5;5;21;2022;141;20.8
2022-05-22;12.6;27.6;5;22;2022;142;20.1
2022-05-23;7.3;24.4;5;23;2022;143;15.8
2022-05-24;5.2;20.0;5;24;2022;144;12.6
2022-05-25;5.4;17.4;5;25;2022;145;11.4
2022-05-26;1.7;22.8;5;26;2022;146;12.2
2022-05-27;4.5;26.8;5;27;2022;147;15.6
2022-05-28;6.4;28.8;5;28;2022;148;17.6
2022-05-29;7.5;27.6;5;29;2022;149;17.6
2022-05-30;10.0;23.0;5;30;2022;150;16.5
2022-05-31;6.8;26.8;5;31;2022;151;16.8
2022-06-01;7.3;26.7;6;1;2022;152;17.0
2022-06-02;9.2;27.1;6;2;2022;153;18.2
2022-06-03;11.4;26.8;6;3;2022;154;19.1
2022-06-04;8.1;26.5;6;4;2022;155;17.3
2022-06-05;6.1;27.0;6;5;2022;156;16.6
2022-06-06;6.6;26.9;6;6;2022;157;16.8
2022-06-07;8.0;29.3;6;7;2022;158;18.6
2022-06-08;11.2;25.5;6;8;2022;159;18.4
2022-06-09;10.5;28.8;6;9;2022;160;19.6
2022-06-10;5.7;32.6;6;10;2022;161;19.2
2022-06-11;10.7;32.3;6;11;2022;162;21.5
2022-06-12;11.1;32.2;6;12;2022;163;21.6
2022-06-13;13.5;33.9;6;13;2022;164;23.7
2022-06-14;13.4;34.6;6;14;2022;165;24.0
2022-06-15;14.1;35.8;6;15;2022;166;25.0
2022-06-16;15.0;34.3;6;16;2022;167;24.6
2022-06-17;15.2;35.8;6;17;2022;168;25.5
2022-06-18;12.9;35.7;6;18;2022;169;24.3
2022-06-19;14.3;27.4;6;19;2022;170;20.8
2022-06-20;9.2;27.7;6;20;2022;171;18.4
2022-06-21;8.4;24.9;6;21;2022;172;16.6
2022-06-22;8.9;22.6;6;22;2022;173;15.8
2022-06-23;7.6;22.2;6;23;2022;174;14.9
2022-06-24;6.5;23.3;6;24;2022;175;14.9
2022-06-25;6.5;25.2;6;25;2022;176;15.8
2022-06-26;12.0;26.2;6;26;2022;177;19.1
2022-06-27;7.7;25.0;6;27;2022;178;16.4
2022-06-28;5.9;27.6;6;28;2022;179;16.8
2022-06-29;7.6;29.3;6;29;2022;180;18.4
2022-06-30;9.6;27.7;6;30;2022;181;18.6
2022-07-01;7.6;30.3;7;1;2022;182;19.0
2022-07-02;11.2;33.9;7;2;2022;183;22.6
2022-07-03;14.0;32.6;7;3;2022;184;23.3
2022-07-04;13.9;31.5;7;4;2022;185;22.7
2022-07-05;11.6;32.4;7;5;2022;186;22.0
2022-07-06;12.7;25.0;7;6;2022;187;18.8
2022-07-07;9.9;27.9;7;7;2022;188;18.9
2022-07-08;8.1;32.1;7;8;2022;189;20.1
2022-07-09;10.8;33.3;7;9;2022;190;22.0
2022-07-10;12.5;34.1;7;10;2022;191;23.3
2022-07-11;13.2;35.5;7;11;2022;192;24.4
2022-07-12;14.0;34.2;7;12;2022;193;24.1
2022-07-13;12.8;36.3;7;13;2022;194;24.6
2022-07-14;12.9;36.5;7;14;2022;195;24.7
2022-07-15;9.8;36.7;7;15;2022;196;23.2
2022-07-16;12.8;36.8;7;16;2022;197;24.8
2022-07-17;13.5;36.7;7;17;2022;198;25.1
2022-07-18;13.2;35.3;7;18;2022;199;24.2
2022-07-19;17.3;32.1;7;19;2022;200;24.7
2022-07-20;11.0;32.5;7;20;2022;201;21.8
2022-07-21;13.3;35.4;7;21;2022;202;24.4
2022-07-22;15.7;33.8;7;22;2022;203;24.8
2022-07-23;12.4;34.3;7;23;2022;204;23.4
2022-07-24;11.2;34.6;7;24;2022;205;22.9
2022-07-25;13.0;33.5;7;25;2022;206;23.2
2022-07-26;11.9;32.5;7;26;2022;207;22.2
2022-07-27;12.3;31.2;7;27;2022;208;21.8
2022-07-28;13.8;32.0;7;28;2022;209;22.9
2022-07-29;14.1;32.5;7;29;2022;210;23.3
2022-07-30;14.4;32.8;7;30;2022;211;23.6
2022-07-31;15.5;32.5;7;31;2022;212;24.0
2022-08-01;15.8;34.4;8;1;2022;213;25.1
2022-08-02;14.9;34.8;8;2;2022;214;24.8
2022-08-03;17.9;31.2;8;3;2022;215;24.6
2022-08-04;13.6;33.9;8;4;2022;216;23.8
2022-08-05;14.7;32.5;8;5;2022;217;23.6
2022-08-06;13.4;31.9;8;6;2022;218;22.6
2022-08-07;13.4;32.1;8;7;2022;219;22.8
2022-08-08;14.1;32.9;8;8;2022;220;23.5
2022-08-09;14.9;34.0;8;9;2022;221;24.4
2022-08-10;16.4;34.2;8;10;2022;222;25.3
2022-08-11;14.6;33.1;8;11;2022;223;23.8
2022-08-12;14.5;33.9;8;12;2022;224;24.2
2022-08-13;15.7;27.5;8;13;2022;225;21.6
2022-08-14;12.0;28.9;8;14;2022;226;20.4
2022-08-15;6.5;28.8;8;15;2022;227;17.6
2022-08-16;9.4;27.1;8;16;2022;228;18.2
2022-08-17;7.5;25.2;8;17;2022;229;16.4
2022-08-18;8.1;24.6;8;18;2022;230;16.4
2022-08-19;6.5;28.9;8;19;2022;231;17.7
2022-08-20;7.2;31.3;8;20;2022;232;19.2
2022-08-21;9.3;33.0;8;21;2022;233;21.2
2022-08-22;12.0;30.3;8;22;2022;234;21.2
2022-08-23;11.3;33.1;8;23;2022;235;22.2
2022-08-24;14.5;33.4;8;24;2022;236;24.0
2022-08-25;15.0;30.1;8;25;2022;237;22.6
2022-08-26;14.4;27.4;8;26;2022;238;20.9
2022-08-27;9.5;29.5;8;27;2022;239;19.5
2022-08-28;9.8;30.6;8;28;2022;240;20.2
2022-08-29;17.4;31.7;8;29;2022;241;24.6
2022-08-30;12.4;30.8;8;30;2022;242;21.6
2022-08-31;15.0;28.6;8;31;2022;243;21.8
2022-09-01;8.7;29.2;9;1;2022;244;19.0
2022-09-02;7.8;27.9;9;2;2022;245;17.8
2022-09-03;6.4;26.4;9;3;2022;246;16.4
2022-09-04;6.0;27.7;9;4;2022;247;16.8
2022-09-05;5.9;27.6;9;5;2022;248;16.8
2022-09-06;6.6;26.8;9;6;2022;249;16.7
2022-09-07;7.2;24.4;9;7;2022;250;15.8
2022-09-08;9.0;25.3;9;8;2022;251;17.2
2022-09-09;12.9;27.6;9;9;2022;252;20.2
2022-09-10;8.9;30.4;9;10;2022;253;19.6
2022-09-11;10.6;31.7;9;11;2022;254;21.2
2022-09-12;17.9;32.5;9;12;2022;255;25.2
2022-09-13;16.0;23.8;9;13;2022;256;19.9
2022-09-14;11.3;21.4;9;14;2022;257;16.4
2022-09-15;9.9;23.2;9;15;2022;258;16.6
2022-09-16;8.7;24.7;9;16;2022;259;16.7
2022-09-17;6.7;26.5;9;17;2022;260;16.6
2022-09-18;8.2;26.7;9;18;2022;261;17.4
2022-09-19;11.0;27.4;9;19;2022;262;19.2
2022-09-20;11.3;25.0;9;20;2022;263;18.2
2022-09-21;8.0;25.9;9;21;2022;264;17.0
2022-09-22;7.9;24.9;9;22;2022;265;16.4
2022-09-23;11.4;23.4;9;23;2022;266;17.4
2022-09-24;10.4;21.4;9;24;2022;267;15.9
2022-09-25;7.7;18.5;9;25;2022;268;13.1
2022-09-26;5.0;18.9;9;26;2022;269;12.0
2022-09-27;1.4;19.7;9;27;2022;270;10.6
2022-09-28;4.9;19.2;9;28;2022;271;12.0
2022-09-29;7.7;14.4;9;29;2022;272;11.0
2022-09-30;2.7;15.0;9;30;2022;273;8.8
2022-10-01;0.5;23.8;10;1;2022;274;12.2
2022-10-02;3.1;27.5;10;2;2022;275;15.3
2022-10-03;3.0;25.0;10;3;2022;276;14.0
2022-10-04;3.6;26.6;10;4;2022;277;15.1
2022-10-05;2.9;25.7;10;5;2022;278;14.3
2022-10-06;7.7;21.9;10;6;2022;279;14.8
2022-10-07;4.6;21.8;10;7;2022;280;13.2
2022-10-08;8.2;21.1;10;8;2022;281;14.6
2022-10-09;3.9;22.6;10;9;2022;282;13.2
2022-10-10;5.7;16.6;10;10;2022;283;11.2
2022-10-11;10.0;18.0;10;11;2022;284;14.0
2022-10-12;7.8;19.4;10;12;2022;285;13.6
2022-10-13;4.4;20.7;10;13;2022;286;12.6
2022-10-14;4.5;23.8;10;14;2022;287;14.2
2022-10-15;3.8;23.7;10;15;2022;288;13.8
2022-10-16;3.9;23.0;10;16;2022;289;13.4
2022-10-17;12.3;23.3;10;17;2022;290;17.8
2022-10-18;7.0;26.8;10;18;2022;291;16.9
2022-10-19;11.3;23.8;10;19;2022;292;17.6
2022-10-20;12.6;20.2;10;20;2022;293;16.4
2022-10-21;12.0;18.5;10;21;2022;294;15.2
2022-10-22;11.5;20.8;10;22;2022;295;16.2
2022-10-23;11.9;18.7;10;23;2022;296;15.3
2022-10-24;9.9;18.3;10;24;2022;297;14.1
2022-10-25;6.6;23.6;10;25;2022;298;15.1
2022-10-26;5.5;22.0;10;26;2022;299;13.8
2022-10-27;8.0;24.3;10;27;2022;300;16.2
2022-10-28;8.0;25.2;10;28;2022;301;16.6
2022-10-29;5.0;22.8;10;29;2022;302;13.9
2022-10-30;4.2;21.9;10;30;2022;303;13.0
2022-10-31;2.2;18.8;10;31;2022;304;10.5
2022-11-01;6.4;17.8;11;1;2022;305;12.1
2022-11-02;3.6;19.9;11;2;2022;306;11.8
2022-11-03;6.5;14.6;11;3;2022;307;10.6
2022-11-04;1.0;12.1;11;4;2022;308;6.6
2022-11-05;-3.3;18.0;11;5;2022;309;7.4
2022-11-06;-4.2;18.1;11;6;2022;310;7.0
2022-11-07;-1.8;19.4;11;7;2022;311;8.8
2022-11-08;0.6;15.9;11;8;2022;312;8.2
2022-11-09;4.1;11.8;11;9;2022;313;8.0
2022-11-10;0.6;14.8;11;10;2022;314;7.7
2022-11-11;-0.9;12.1;11;11;2022;315;5.6
2022-11-12;5.5;15.8;11;12;2022;316;10.6
2022-11-13;0.3;17.5;11;13;2022;317;8.9
2022-11-14;0.9;11.9;11;14;2022;318;6.4
2022-11-15;10.3;14.8;11;15;2022;319;12.6
2022-11-16;7.9;11.3;11;16;2022;320;9.6
2022-11-17;5.7;14.5;11;17;2022;321;10.1
2022-11-18;2.2;7.5;11;18;2022;322;4.8
2022-11-19;2.5;6.8;11;19;2022;323;4.6
2022-11-20;2.2;12.1;11;20;2022;324;7.2
2022-11-21;2.2;11.6;11;21;2022;325;6.9
2022-11-22;0.9;9.6;11;22;2022;326;5.2
2022-11-23;4.9;14.2;11;23;2022;327;9.6
2022-11-24;3.7;12.5;11;24;2022;328;8.1
2022-11-25;-1.4;10.6;11;25;2022;329;4.6
2022-11-26;-2.6;15.2;11;26;2022;330;6.3
2022-11-27;-4.3;15.9;11;27;2022;331;5.8
2022-11-28;2.3;7.8;11;28;2022;332;5.0
2022-11-29;-2.0;9.4;11;29;2022;333;3.7
2022-11-30;-0.8;10.8;11;30;2022;334;5.0
2022-12-01;-2.6;8.3;12;1;2022;335;2.8
2022-12-02;-3.8;6.9;12;2;2022;336;1.6
2022-12-03;-4.9;6.0;12;3;2022;337;0.6
2022-12-04;-1.2;5.1;12;4;2022;338;2.0
2022-12-05;-1.0;10.2;12;5;2022;339;4.6
2022-12-06;2.7;11.6;12;6;2022;340;7.2
2022-12-07;0.8;11.1;12;7;2022;341;6.0
2022-12-08;0.1;10.0;12;8;2022;342;5.0
2022-12-09;6.6;10.0;12;9;2022;343;8.3
2022-12-10;3.1;7.4;12;10;2022;344;5.2
2022-12-11;1.2;7.1;12;11;2022;345;4.2
2022-12-12;6.6;12.1;12;12;2022;346;9.4
2022-12-13;9.8;12.4;12;13;2022;347;11.1
2022-12-14;6.0;11.1;12;14;2022;348;8.6
2022-12-15;5.3;10.2;12;15;2022;349;7.8
2022-12-16;-1.0;8.7;12;16;2022;350;3.8
2022-12-17;-1.0;8.2;12;17;2022;351;3.6
2022-12-18;-0.3;11.4;12;18;2022;352;5.6
2022-12-19;-3.2;12.6;12;19;2022;353;4.7
2022-12-20;-0.5;13.5;12;20;2022;354;6.5
2022-12-21;3.5;11.3;12;21;2022;355;7.4
2022-12-22;7.9;12.5;12;22;2022;356;10.2
2022-12-23;7.1;13.0;12;23;2022;357;10.0
2022-12-24;2.1;15.9;12;24;2022;358;9.0
2022-12-25;2.6;13.9;12;25;2022;359;8.2
2022-12-26;-1.0;15.5;12;26;2022;360;7.2
2022-12-27;-3.4;14.3;12;27;2022;361;5.4
2022-12-28;-4.6;13.2;12;28;2022;362;4.3
2022-12-29;0.9;9.1;12;29;2022;363;5.0
2022-12-30;2.7;10.7;12;30;2022;364;6.7
2022-12-31;-1.0;14.8;12;31;2022;365;6.9
2023-01-01;-0.7;17.1;1;1;2023;1;8.2
2023-01-02;4.3;10.9;1;2;2023;2;7.6
2023-01-03;-3.0;10.3;1;3;2023;3;3.6
2023-01-04;-4.8;11.8;1;4;2023;4;3.5
2023-01-05;-5.7;13.3;1;5;2023;5;3.8
2023-01-06;-6.4;12.9;1;6;2023;6;3.2
2023-01-07;-5.6;7.6;1;7;2023;7;1.0
2023-01-08;7.6;11.2;1;8;2023;8;9.4
2023-01-09;-1.7;10.7;1;9;2023;9;4.5
2023-01-10;-3.5;13.4;1;10;2023;10;5.0
2023-01-11;-2.0;8.6;1;11;2023;11;3.3
2023-01-12;-4.0;11.4;1;12;2023;12;3.7
2023-01-13;-3.2;11.4;1;13;2023;13;4.1
2023-01-14;-4.2;13.1;1;14;2023;14;4.4
2023-01-15;-3.5;7.6;1;15;2023;15;2.0
2023-01-16;-1.5;7.1;1;16;2023;16;2.8
2023-01-17;0.1;6.8;1;17;2023;17;3.4
2023-01-18;-2.1;3.4;1;18;2023;18;0.6
2023-01-19;-2.1;4.8;1;19;2023;19;1.4
2023-01-20;0.4;7.9;1;20;2023;20;4.2
2023-01-21;-1.9;4.7;1;21;2023;21;1.4
2023-01-22;-3.7;5.1;1;22;2023;22;0.7
2023-01-23;-3.6;2.1;1;23;2023;23;-0.8
2023-01-24;-3.9;0.4;1;24;2023;24;-1.8
2023-01-25;-4.9;7.4;1;25;2023;25;1.2
2023-01-26;-5.4;5.8;1;26;2023;26;0.2
2023-01-27;-6.4;4.8;1;27;2023;27;-0.8
2023-01-28;-5.6;5.9;1;28;2023;28;0.2
2023-01-29;-6.5;-0.1;1;29;2023;29;-3.3
2023-01-30;-10.8;9.2;1;30;2023;30;-0.8
2023-01-31;-9.9;10.8;1;31;2023;31;0.4
2023-02-01;-8.9;10.4;2;1;2023;32;0.8
2023-02-02;-8.6;13.8;2;2;2023;33;2.6
2023-02-03;-9.2;15.5;2;3;2023;34;3.2
2023-02-04;-9.3;16.6;2;4;2023;35;3.6
2023-02-05;-9.5;14.2;2;5;2023;36;2.4
2023-02-06;-7.2;6.8;2;6;2023;37;-0.2
2023-02-07;-5.9;6.1;2;7;2023;38;0.1
2023-02-08;-0.5;7.3;2;8;2023;39;3.4
2023-02-09;-5.7;8.4;2;9;2023;40;1.4
2023-02-10;-8.9;10.1;2;10;2023;41;0.6
2023-02-11;-10.6;10.6;2;11;2023;42;0.0
2023-02-12;-10.4;12.3;2;12;2023;43;1.0
2023-02-13;-9.0;13.4;2;13;2023;44;2.2
2023-02-14;-8.1;10.0;2;14;2023;45;1.0
2023-02-15;-6.3;12.4;2;15;2023;46;3.0
2023-02-16;-7.9;12.6;2;16;2023;47;2.4
2023-02-17;-9.4;14.7;2;17;2023;48;2.6
2023-02-18;-8.9;17.3;2;18;2023;49;4.2
2023-02-19;-0.2;18.9;2;19;2023;50;9.4
2023-02-20;-1.9;20.2;2;20;2023;51;9.2
2023-02-21;1.5;17.2;2;21;2023;52;9.4
2023-02-22;1.1;12.3;2;22;2023;53;6.7
2023-02-23;-0.9;9.8;2;23;2023;54;4.4
2023-02-24;-4.6;9.0;2;24;2023;55;2.2
2023-02-25;-6.8;6.9;2;25;2023;56;0.0
2023-02-26;-6.5;7.3;2;26;2023;57;0.4
2023-02-27;-12.4;-1.7;2;27;2023;58;-7.0
2023-02-28;-15.8;3.8;2;28;2023;59;-6.0
2023-03-01;-11.5;1.4;3;1;2023;60;-5.0
2023-03-02;-10.5;5.3;3;2;2023;61;-2.6
2023-03-03;-7.9;3.9;3;3;2023;62;-2.0
2023-03-04;-9.1;12.8;3;4;2023;63;1.8
2023-03-05;-8.0;12.0;3;5;2023;64;2.0
2023-03-06;2.1;7.4;3;6;2023;65;4.8
2023-03-07;5.9;12.3;3;7;2023;66;9.1
2023-03-08;7.6;15.1;3;8;2023;67;11.4
2023-03-09;6.7;14.7;3;9;2023;68;10.7
2023-03-10;5.0;16.8;3;10;2023;69;10.9
2023-03-11;3.2;18.1;3;11;2023;70;10.6
2023-03-12;5.8;22.0;3;12;2023;71;13.9
2023-03-13;3.8;19.8;3;13;2023;72;11.8
2023-03-14;-0.4;14.3;3;14;2023;73;7.0
2023-03-15;-2.0;20.0;3;15;2023;74;9.0
2023-03-16;-0.9;23.7;3;16;2023;75;11.4
2023-03-17;6.9;15.2;3;17;2023;76;11.0
2023-03-18;2.6;11.3;3;18;2023;77;7.0
2023-03-19;-0.2;15.8;3;19;2023;78;7.8
2023-03-20;-3.9;20.2;3;20;2023;79;8.2
2023-03-21;-2.3;20.7;3;21;2023;80;9.2
2023-03-22;-1.5;20.3;3;22;2023;81;9.4
2023-03-23;1.2;20.9;3;23;2023;82;11.0
2023-03-24;2.5;18.0;3;24;2023;83;10.2
2023-03-25;4.7;18.7;3;25;2023;84;11.7
2023-03-26;4.6;18.7;3;26;2023;85;11.6
2023-03-27;-1.9;18.3;3;27;2023;86;8.2
2023-03-28;-4.3;22.8;3;28;2023;87;9.2
2023-03-29;-0.7;24.5;3;29;2023;88;11.9
2023-03-30;1.9;22.3;3;30;2023;89;12.1
2023-03-31;7.9;19.0;3;31;2023;90;13.4
2023-04-01;1.2;16.1;4;1;2023;91;8.6
2023-04-02;-1.2;13.3;4;2;2023;92;6.0
2023-04-03;-5.6;17.7;4;3;2023;93;6.0
2023-04-04;-6.1;17.2;4;4;2023;94;5.6
2023-04-05;-8.1;20.0;4;5;2023;95;6.0
2023-04-06;-4.8;21.9;4;6;2023;96;8.6
2023-04-07;-4.5;22.4;4;7;2023;97;9.0
2023-04-08;-2.8;24.0;4;8;2023;98;10.6
2023-04-09;-0.5;24.3;4;9;2023;99;11.9
2023-04-10;0.7;24.7;4;10;2023;100;12.7
2023-04-11;1.1;24.1;4;11;2023;101;12.6
2023-04-12;1.1;19.9;4;12;2023;102;10.5
2023-04-13;1.4;13.6;4;13;2023;103;7.5
2023-04-14;0.0;16.1;4;14;2023;104;8.0
2023-04-15;4.5;17.3;4;15;2023;105;10.9
2023-04-16;-0.5;19.9;4;16;2023;106;9.7
2023-04-17;-2.1;19.5;4;17;2023;107;8.7
2023-04-18;-3.0;21.8;4;18;2023;108;9.4
2023-04-19;-0.3;22.9;4;19;2023;109;11.3
2023-04-20;0.9;25.0;4;20;2023;110;13.0
2023-04-21;1.4;23.8;4;21;2023;111;12.6
2023-04-22;3.4;19.6;4;22;2023;112;11.5
2023-04-23;-0.6;21.5;4;23;2023;113;10.4
2023-04-24;4.4;23.2;4;24;2023;114;13.8
2023-04-25;3.7;25.3;4;25;2023;115;14.5
2023-04-26;3.8;25.8;4;26;2023;116;14.8
2023-04-27;4.8;27.5;4;27;2023;117;16.2
2023-04-28;7.2;29.6;4;28;2023;118;18.4
2023-04-29;6.5;25.3;4;29;2023;119;15.9
2023-04-30;4.9;21.3;4;30;2023;120;13.1
2023-05-01;0.1;23.6;5;1;2023;121;11.8
2023-05-02;-0.7;27.6;5;2;2023;122;13.4
2023-05-03;4.9;26.5;5;3;2023;123;15.7
2023-05-04;7.4;23.4;5;4;2023;124;15.4
2023-05-05;2.1;24.5;5;5;2023;125;13.3
2023-05-06;3.5;25.6;5;6;2023;126;14.6
2023-05-07;6.2;24.2;5;7;2023;127;15.2
2023-05-08;1.6;25.7;5;8;2023;128;13.6
2023-05-09;6.3;23.6;5;9;2023;129;15.0
2023-05-10;5.3;20.9;5;10;2023;130;13.1
2023-05-11;0.7;18.7;5;11;2023;131;9.7
2023-05-12;0.4;15.9;5;12;2023;132;8.2
2023-05-13;3.4;17.6;5;13;2023;133;10.5
2023-05-14;3.9;17.3;5;14;2023;134;10.6
2023-05-15;0.7;17.0;5;15;2023;135;8.8
2023-05-16;2.6;18.3;5;16;2023;136;10.4
2023-05-17;-2.3;20.2;5;17;2023;137;9.0
2023-05-18;-2.0;19.5;5;18;2023;138;8.8
2023-05-19;2.8;15.6;5;19;2023;139;9.2
2023-05-20;-1.3;17.6;5;20;2023;140;8.2
2023-05-21;3.0;19.1;5;21;2023;141;11.0
2023-05-22;2.1;17.8;5;22;2023;142;10.0
2023-05-23;10.9;19.3;5;23;2023;143;15.1
2023-05-24;10.4;22.5;5;24;2023;144;16.4
2023-05-25;8.0;18.5;5;25;2023;145;13.2
2023-05-26;8.4;17.9;5;26;2023;146;13.2
2023-05-27;5.5;23.0;5;27;2023;147;14.2
2023-05-28;10.6;19.0;5;28;2023;148;14.8
2023-05-29;9.8;22.1;5;29;2023;149;16.0
2023-05-30;6.6;22.5;5;30;2023;150;14.6
2023-05-31;8.3;22.2;5;31;2023;151;15.2
2023-06-01;9.8;15.5;6;1;2023;152;12.6
2023-06-02;8.4;22.3;6;2;2023;153;15.4
2023-06-03;8.1;23.7;6;3;2023;154;15.9
2023-06-04;10.1;21.9;6;4;2023;155;16.0
2023-06-05;10.1;23.6;6;5;2023;156;16.8
2023-06-06;9.3;25.9;6;6;2023;157;17.6
2023-06-07;12.2;19.3;6;7;2023;158;15.8
2023-06-08;12.1;20.9;6;8;2023;159;16.5
2023-06-09;11.7;22.0;6;9;2023;160;16.8
2023-06-10;10.0;25.7;6;10;2023;161;17.8
2023-06-11;11.3;22.6;6;11;2023;162;17.0
2023-06-12;9.6;25.0;6;12;2023;163;17.3
2023-06-13;11.8;21.8;6;13;2023;164;16.8
2023-06-14;10.5;23.7;6;14;2023;165;17.1
2023-06-15;7.9;26.7;6;15;2023;166;17.3
2023-06-16;10.2;29.0;6;16;2023;167;19.6
2023-06-17;12.0;30.4;6;17;2023;168;21.2
2023-06-18;15.1;26.8;6;18;2023;169;21.0
2023-06-19;14.6;26.7;6;19;2023;170;20.6
2023-06-20;16.3;25.3;6;20;2023;171;20.8
2023-06-21;12.9;24.2;6;21;2023;172;18.6
2023-06-22;11.7;25.9;6;22;2023;173;18.8
2023-06-23;11.9;29.6;6;23;2023;174;20.8
2023-06-24;12.0;30.9;6;24;2023;175;21.4
2023-06-25;13.4;32.9;6;25;2023;176;23.2
2023-06-26;14.7;32.8;6;26;2023;177;23.8
2023-06-27;14.0;32.0;6;27;2023;178;23.0
2023-06-28;13.4;31.4;6;28;2023;179;22.4
2023-06-29;14.2;30.9;6;29;2023;180;22.6
2023-06-30;12.1;23.7;6;30;2023;181;17.9
2023-07-01;9.2;28.1;7;1;2023;182;18.6
2023-07-02;11.0;30.9;7;2;2023;183;21.0
2023-07-03;13.7;25.3;7;3;2023;184;19.5
2023-07-04;13.9;29.3;7;4;2023;185;21.6
2023-07-05;12.3;27.7;7;5;2023;186;20.0
2023-07-06;13.1;28.7;7;6;2023;187;20.9
2023-07-07;12.7;29.2;7;7;2023;188;21.0
2023-07-08;14.9;30.7;7;8;2023;189;22.8
2023-07-09;11.4;32.6;7;9;2023;190;22.0
2023-07-10;12.0;35.3;7;10;2023;191;23.6
2023-07-11;15.7;35.4;7;11;2023;192;25.6
2023-07-12;11.1;29.8;7;12;2023;193;20.4
2023-07-13;11.6;32.2;7;13;2023;194;21.9
2023-07-14;12.9;32.3;7;14;2023;195;22.6
2023-07-15;12.3;30.1;7;15;2023;196;21.2
2023-07-16;10.1;31.7;7;16;2023;197;20.9
2023-07-17;13.8;36.1;7;17;2023;198;25.0
2023-07-18;17.4;36.1;7;18;2023;199;26.8
2023-07-19;15.4;33.7;7;19;2023;200;24.6
2023-07-20;13.6;32.3;7;20;2023;201;23.0
2023-07-21;11.5;30.2;7;21;2023;202;20.8
2023-07-22;9.8;29.7;7;22;2023;203;19.8
2023-07-23;12.0;32.3;7;23;2023;204;22.2
2023-07-24;11.3;29.6;7;24;2023;205;20.4
2023-07-25;10.0;27.0;7;25;2023;206;18.5
2023-07-26;8.3;30.7;7;26;2023;207;19.5
2023-07-27;11.9;30.0;7;27;2023;208;21.0
2023-07-28;9.2;31.0;7;28;2023;209;20.1
2023-07-29;10.1;32.0;7;29;2023;210;21.0
2023-07-30;13.5;33.0;7;30;2023;211;23.2
2023-07-31;14.3;33.1;7;31;2023;212;23.7
2023-08-01;12.5;30.7;8;1;2023;213;21.6
2023-08-02;12.4;32.5;8;2;2023;214;22.4
2023-08-03;11.7;27.4;8;3;2023;215;19.6
2023-08-04;7.6;23.5;8;4;2023;216;15.6
2023-08-05;5.5;29.2;8;5;2023;217;17.4
2023-08-06;8.8;30.8;8;6;2023;218;19.8
2023-08-07;7.8;32.5;8;7;2023;219;20.2
2023-08-08;11.4;34.9;8;8;2023;220;23.2
2023-08-09;14.0;37.0;8;9;2023;221;25.5
2023-08-10;16.2;34.4;8;10;2023;222;25.3
2023-08-11;11.8;35.3;8;11;2023;223;23.6
2023-08-12;12.9;34.8;8;12;2023;224;23.8
2023-08-13;14.7;33.3;8;13;2023;225;24.0
2023-08-14;16.1;32.4;8;14;2023;226;24.2
2023-08-15;13.4;32.8;8;15;2023;227;23.1
2023-08-16;14.4;31.9;8;16;2023;228;23.2
2023-08-17;11.2;33.2;8;17;2023;229;22.2
2023-08-18;11.3;30.7;8;18;2023;230;21.0
2023-08-19;10.6;34.0;8;19;2023;231;22.3
2023-08-20;13.2;36.6;8;20;2023;232;24.9
2023-08-21;15.0;37.4;8;21;2023;233;26.2
2023-08-22;14.2;36.1;8;22;2023;234;25.2
2023-08-23;13.9;35.5;8;23;2023;235;24.7
2023-08-24;14.0;35.0;8;24;2023;236;24.5
2023-08-25;13.1;33.1;8;25;2023;237;23.1
2023-08-26;15.2;25.5;8;26;2023;238;20.4
2023-08-27;10.6;19.0;8;27;2023;239;14.8
2023-08-28;6.2;23.1;8;28;2023;240;14.6
2023-08-29;8.1;23.6;8;29;2023;241;15.8
2023-08-30;5.2;24.5;8;30;2023;242;14.8
2023-08-31;6.2;27.9;8;31;2023;243;17.0
2023-09-01;8.6;28.2;9;1;2023;244;18.4
2023-09-02;13.7;20.2;9;2;2023;245;17.0
2023-09-03;14.0;22.9;9;3;2023;246;18.4
2023-09-04;14.8;30.1;9;4;2023;247;22.4
2023-09-05;11.9;29.7;9;5;2023;248;20.8
2023-09-06;13.4;27.9;9;6;2023;249;20.6
2023-09-07;12.9;27.2;9;7;2023;250;20.0
2023-09-08;14.0;28.1;9;8;2023;251;21.0
2023-09-09;11.4;29.3;9;9;2023;252;20.4
2023-09-10;10.5;29.3;9;10;2023;253;19.9
2023-09-11;10.4;25.9;9;11;2023;254;18.2
2023-09-12;11.2;24.8;9;12;2023;255;18.0
2023-09-13;9.6;25.8;9;13;2023;256;17.7
2023-09-14;10.7;24.9;9;14;2023;257;17.8
2023-09-15;12.5;22.4;9;15;2023;258;17.4
2023-09-16;10.6;22.7;9;16;2023;259;16.6
2023-09-17;11.0;23.6;9;17;2023;260;17.3
2023-09-18;9.1;19.0;9;18;2023;261;14.0
2023-09-19;7.3;23.5;9;19;2023;262;15.4
2023-09-20;8.2;21.3;9;20;2023;263;14.8
2023-09-21;10.6;16.1;9;21;2023;264;13.4
2023-09-22;4.4;16.9;9;22;2023;265;10.6
2023-09-23;2.0;22.0;9;23;2023;266;12.0
2023-09-24;3.2;25.6;9;24;2023;267;14.4
2023-09-25;3.9;28.2;9;25;2023;268;16.0
2023-09-26;5.6;28.3;9;26;2023;269;17.0
2023-09-27;7.1;26.7;9;27;2023;270;16.9
2023-09-28;6.6;27.2;9;28;2023;271;16.9
2023-09-29;6.2;29.4;9;29;2023;272;17.8
2023-09-30;7.5;30.3;9;30;2023;273;18.9
2023-10-01;6.8;29.9;10;1;2023;274;18.4
2023-10-02;6.0;29.3;10;2;2023;275;17.6
2023-10-03;5.6;28.9;10;3;2023;276;17.2
2023-10-04;7.6;27.5;10;4;2023;277;17.6
2023-10-05;7.1;27.8;10;5;2023;278;17.4
2023-10-06;5.6;29.1;10;6;2023;279;17.4
2023-10-07;5.6;29.1;10;7;2023;280;17.4
2023-10-08;5.4;27.9;10;8;2023;281;16.6
2023-10-09;4.8;27.0;10;9;2023;282;15.9
2023-10-10;4.1;26.6;10;10;2023;283;15.4
2023-10-11;3.3;26.6;10;11;2023;284;15.0
2023-10-12;2.9;26.8;10;12;2023;285;14.8
2023-10-13;4.5;24.5;10;13;2023;286;14.5
2023-10-14;8.4;18.5;10;14;2023;287;13.4
2023-10-15;6.9;20.0;10;15;2023;288;13.4
2023-10-16;10.7;17.9;10;16;2023;289;14.3
2023-10-17;10.2;22.4;10;17;2023;290;16.3
2023-10-18;13.7;18.7;10;18;2023;291;16.2
2023-10-19;9.5;15.8;10;19;2023;292;12.6
2023-10-20;6.2;13.7;10;20;2023;293;10.0
2023-10-21;3.6;12.2;10;21;2023;294;7.9
2023-10-22;3.4;14.0;10;22;2023;295;8.7
2023-10-23;9.6;15.1;10;23;2023;296;12.4
2023-10-24;7.6;11.6;10;24;2023;297;9.6
2023-10-25;9.7;15.2;10;25;2023;298;12.4
2023-10-26;8.9;16.9;10;26;2023;299;12.9
2023-10-27;5.5;12.6;10;27;2023;300;9.0
2023-10-28;9.6;13.3;10;28;2023;301;11.4
2023-10-29;10.3;14.8;10;29;2023;302;12.6
2023-10-30;4.3;11.9;10;30;2023;303;8.1
2023-10-31;1.5;11.9;10;31;2023;304;6.7
2023-11-01;2.1;12.6;11;1;2023;305;7.4
2023-11-02;3.6;13.0;11;2;2023;306;8.3
2023-11-03;3.4;8.7;11;3;2023;307;6.0
2023-11-04;7.3;13.1;11;4;2023;308;10.2
2023-11-05;6.4;11.7;11;5;2023;309;9.0
2023-11-06;-1.1;10.4;11;6;2023;310;4.6
2023-11-07;-4.1;8.7;11;7;2023;311;2.3
2023-11-08;0.1;10.2;11;8;2023;312;5.2
2023-11-09;7.4;12.6;11;9;2023;313;10.0
2023-11-10;5.3;12.8;11;10;2023;314;9.0
2023-11-11;8.8;15.7;11;11;2023;315;12.2
2023-11-12;7.0;16.7;11;12;2023;316;11.8
2023-11-13;5.7;17.0;11;13;2023;317;11.4
2023-11-14;4.8;18.3;11;14;2023;318;11.6
2023-11-15;5.6;18.1;11;15;2023;319;11.8
2023-11-16;4.0;17.4;11;16;2023;320;10.7
2023-11-17;3.8;16.0;11;17;2023;321;9.9
2023-11-18;1.4;18.8;11;18;2023;322;10.1
2023-11-19;-1.2;20.1;11;19;2023;323;9.4
2023-11-20;-1.7;17.4;11;20;2023;324;7.8
2023-11-21;1.2;9.1;11;21;2023;325;5.2
2023-11-22;-1.6;10.4;11;22;2023;326;4.4
2023-11-23;-5.1;11.7;11;23;2023;327;3.3
2023-11-24;-5.7;14.7;11;24;2023;328;4.5
2023-11-25;-4.8;14.4;11;25;2023;329;4.8
2023-11-26;-6.2;14.2;11;26;2023;330;4.0
2023-11-27;-4.0;13.1;11;27;2023;331;4.6
2023-11-28;7.2;10.3;11;28;2023;332;8.8
2023-11-29;8.3;12.7;11;29;2023;333;10.5
2023-11-30;10.0;13.8;11;30;2023;334;11.9
2023-12-01;0.4;12.0;12;1;2023;335;6.2
2023-12-02;-1.8;7.5;12;2;2023;336;2.8
2023-12-03;-3.6;7.7;12;3;2023;337;2.0
2023-12-04;1.9;6.2;12;4;2023;338;4.0
2023-12-05;-1.0;6.4;12;5;2023;339;2.7
2023-12-06;-2.6;9.1;12;6;2023;340;3.2
2023-12-07;-3.8;9.1;12;7;2023;341;2.6
2023-12-08;-0.6;8.2;12;8;2023;342;3.8
2023-12-09;-1.2;10.3;12;9;2023;343;4.6
2023-12-10;6.2;12.3;12;10;2023;344;9.2
2023-12-11;6.4;12.6;12;11;2023;345;9.5
2023-12-12;3.1;12.7;12;12;2023;346;7.9
2023-12-13;2.2;9.1;12;13;2023;347;5.6
2023-12-14;0.9;7.9;12;14;2023;348;4.4
2023-12-15;-2.2;10.7;12;15;2023;349;4.2
2023-12-16;-4.9;9.8;12;16;2023;350;2.4
2023-12-17;-7.3;10.9;12;17;2023;351;1.8
2023-12-18;-6.8;11.5;12;18;2023;352;2.4
2023-12-19;-6.4;12.8;12;19;2023;353;3.2
2023-12-20;-3.5;8.1;12;20;2023;354;2.3
2023-12-21;-2.5;10.2;12;21;2023;355;3.8
2023-12-22;-3.0;11.4;12;22;2023;356;4.2
2023-12-23;-6.0;10.0;12;23;2023;357;2.0
2023-12-24;-6.6;11.2;12;24;2023;358;2.3
2023-12-25;-8.1;11.8;12;25;2023;359;1.8
2023-12-26;-8.3;11.8;12;26;2023;360;1.8
2023-12-27;-8.9;13.9;12;27;2023;361;2.5
2023-12-28;-7.4;7.7;12;28;2023;362;0.2
2023-12-29;-1.8;7.6;12;29;2023;363;2.9
2023-12-30;-3.1;11.0;12;30;2023;364;4.0
2023-12-31;-1.4;7.5;12;31;2023;365;3.0
