date;tmin;tmax;month;day;year;yearday;output
2008-01-01;3.6;14.7;1;1;2008;1;9.2
2008-01-02;9.1;16.4;1;2;2008;2;12.8
2008-01-03;8.8;15.2;1;3;2008;3;12.0
2008-01-04;6.2;14.9;1;4;2008;4;10.6
2008-01-05;6.4;14.6;1;5;2008;5;10.5
2008-01-06;12.1;15.5;1;6;2008;6;13.8
2008-01-07;10.1;16.5;1;7;2008;7;13.3
2008-01-08;8.0;14.5;1;8;2008;8;11.2
2008-01-09;9.7;15.8;1;9;2008;9;12.8
2008-01-10;7.0;18.2;1;10;2008;10;12.6
2008-01-11;9.6;19.6;1;11;2008;11;14.6
2008-01-12;4.5;13.9;1;12;2008;12;9.2
2008-01-13;4.0;15.0;1;13;2008;13;9.5
2008-01-14;9.4;18.0;1;14;2008;14;13.7
2008-01-15;6.1;16.6;1;15;2008;15;11.4
2008-01-16;10.4;20.1;1;16;2008;16;15.2
2008-01-17;6.5;17.6;1;17;2008;17;12.0
2008-01-18;9.0;19.8;1;18;2008;18;14.4
2008-01-19;10.3;21.2;1;19;2008;19;15.8
2008-01-20;10.4;21.6;1;20;2008;20;16.0
2008-01-21;9.6;21.4;1;21;2008;21;15.5
2008-01-22;8.3;22.0;1;22;2008;22;15.2
2008-01-23;9.0;21.5;1;23;2008;23;15.2
2008-01-24;7.0;19.5;1;24;2008;24;13.2
2008-01-25;9.1;18.5;1;25;2008;25;13.8
2008-01-26;8.0;18.5;1;26;2008;26;13.2
2008-01-27;8.0;17.5;1;27;2008;27;12.8
2008-01-28;6.6;17.5;1;28;2008;28;12.0
2008-01-29;4.5;19.0;1;29;2008;29;11.8
2008-01-30;5.7;19.8;1;30;2008;30;12.8
2008-01-31;5.2;19.6;1;31;2008;31;12.4
2008-02-01;8.0;16.0;2;1;2008;32;12.0
2008-02-02;5.9;17.5;2;2;2008;33;11.7
2008-02-03;8.8;18.0;2;3;2008;34;13.4
2008-02-04;11.1;18.4;2;4;2008;35;14.8
2008-02-05;7.4;18.6;2;5;2008;36;13.0
2008-02-06;8.0;21.0;2;6;2008;37;14.5
2008-02-07;9.2;21.0;2;7;2008;38;15.1
2008-02-08;9.6;22.5;2;8;2008;39;16.0
2008-02-09;9.0;21.6;2;9;2008;40;15.3
2008-02-10;9.2;20.5;2;10;2008;41;14.8
2008-02-11;8.4;19.5;2;11;2008;42;14.0
2008-02-12;9.5;19.5;2;12;2008;43;14.5
2008-02-13;9.6;19.0;2;13;2008;44;14.3
2008-02-14;10.3;20.9;2;14;2008;45;15.6
2008-02-15;9.5;21.4;2;15;2008;46;15.4
2008-02-16;9.6;20.9;2;16;2008;47;15.2
2008-02-17;11.3;15.0;2;17;2008;48;13.2
2008-02-18;12.4;22.2;2;18;2008;49;17.3
2008-02-19;12.5;19.4;2;19;2008;50;16.0
2008-02-20;13.8;18.3;2;20;2008;51;16.0
2008-02-21;12.1;21.1;2;21;2008;52;16.6
2008-02-22;12.4;19.0;2;22;2008;53;15.7
2008-02-23;13.7;18.4;2;23;2008;54;16.0
2008-02-24;12.4;20.5;2;24;2008;55;16.4
2008-02-25;12.4;21.8;2;25;2008;56;17.1
2008-02-26;11.3;22.6;2;26;2008;57;17.0
2008-02-27;11.4;23.9;2;27;2008;58;17.6
2008-02-28;13.4;21.4;2;28;2008;59;17.4
2008-02-29;12.8;22.0;2;29;2008;60;17.4
2008-03-01;11.6;23.3;3;1;2008;61;17.4
2008-03-02;10.6;24.9;3;2;2008;62;17.8
2008-03-03;9.3;25.1;3;3;2008;63;17.2
2008-03-04;12.6;23.1;3;4;2008;64;17.8
2008-03-05;5.8;16.6;3;5;2008;65;11.2
2008-03-06;5.2;16.5;3;6;2008;66;10.8
2008-03-07;3.9;23.7;3;7;2008;67;13.8
2008-03-08;5.0;22.9;3;8;2008;68;14.0
2008-03-09;7.5;21.6;3;9;2008;69;14.6
2008-03-10;7.5;17.3;3;10;2008;70;12.4
2008-03-11;12.7;23.5;3;11;2008;71;18.1
2008-03-12;12.0;25.9;3;12;2008;72;19.0
2008-03-13;14.0;28.3;3;13;2008;73;21.2
2008-03-14;12.4;27.5;3;14;2008;74;20.0
2008-03-15;14.0;24.8;3;15;2008;75;19.4
2008-03-16;10.9;21.7;3;16;2008;76;16.3
2008-03-17;9.0;22.6;3;17;2008;77;15.8
2008-03-18;9.3;21.2;3;18;2008;78;15.2
2008-03-19;9.8;16.9;3;19;2008;79;13.4
2008-03-20;11.4;17.9;3;20;2008;80;14.6
2008-03-21;9.5;21.7;3;21;2008;81;15.6
2008-03-22;7.4;21.0;3;22;2008;82;14.2
2008-03-23;6.0;16.9;3;23;2008;83;11.4
2008-03-24;5.5;20.6;3;24;2008;84;13.0
2008-03-25;9.3;22.9;3;25;2008;85;16.1
2008-03-26;8.7;21.5;3;26;2008;86;15.1
2008-03-27;10.2;22.2;3;27;2008;87;16.2
2008-03-28;9.2;25.5;3;28;2008;88;17.4
2008-03-29;14.3;27.8;3;29;2008;89;21.0
2008-03-30;11.6;24.7;3;30;2008;90;18.2
2008-03-31;8.6;22.6;3;31;2008;91;15.6
2008-04-01;10.2;26.0;4;1;2008;92;18.1
2008-04-02;12.0;26.0;4;2;2008;93;19.0
2008-04-03;12.1;30.0;4;3;2008;94;21.0
2008-04-04;11.4;31.0;4;4;2008;95;21.2
2008-04-05;11.8;27.0;4;5;2008;96;19.4
2008-04-06;14.0;23.2;4;6;2008;97;18.6
2008-04-07;14.4;20.5;4;7;2008;98;17.4
2008-04-08;13.0;18.0;4;8;2008;99;15.5
2008-04-09;14.3;20.0;4;9;2008;100;17.2
2008-04-10;11.9;20.0;4;10;2008;101;16.0
2008-04-11;9.7;19.5;4;11;2008;102;14.6
2008-04-12;8.6;20.9;4;12;2008;103;14.8
2008-04-13;10.3;22.4;4;13;2008;104;16.4
2008-04-14;11.6;21.7;4;14;2008;105;16.6
2008-04-15;10.5;25.9;4;15;2008;106;18.2
2008-04-16;13.4;25.5;4;16;2008;107;19.4
2008-04-17;15.4;21.9;4;17;2008;108;18.6
2008-04-18;13.0;20.8;4;18;2008;109;16.9
2008-04-19;11.7;20.0;4;19;2008;110;15.8
2008-04-20;10.6;20.6;4;20;2008;111;15.6
2008-04-21;11.0;22.4;4;21;2008;112;16.7
2008-04-22;10.5;23.4;4;22;2008;113;17.0
2008-04-23;13.2;25.2;4;23;2008;114;19.2
2008-04-24;16.0;30.3;4;24;2008;115;23.2
2008-04-25;18.4;31.7;4;25;2008;116;25.0
2008-04-26;14.5;30.7;4;26;2008;117;22.6
2008-04-27;15.7;30.8;4;27;2008;118;23.2
2008-04-28;15.7;29.0;4;28;2008;119;22.4
2008-04-29;11.0;25.9;4;29;2008;120;18.4
2008-04-30;10.9;24.0;4;30;2008;121;17.4
2008-05-01;11.7;26.0;5;1;2008;122;18.8
2008-05-02;12.9;28.5;5;2;2008;123;20.7
2008-05-03;14.6;29.4;5;3;2008;124;22.0
2008-05-04;14.6;29.7;5;4;2008;125;22.2
2008-05-05;16.4;31.2;5;5;2008;126;23.8
2008-05-06;17.6;31.6;5;6;2008;127;24.6
2008-05-07;18.8;32.0;5;7;2008;128;25.4
2008-05-08;17.0;24.2;5;8;2008;129;20.6
2008-05-09;14.0;24.4;5;9;2008;130;19.2
2008-05-10;11.5;23.4;5;10;2008;131;17.4
2008-05-11;14.0;22.9;5;11;2008;132;18.4
2008-05-12;15.8;22.8;5;12;2008;133;19.3
2008-05-13;13.2;21.7;5;13;2008;134;17.4
2008-05-14;15.4;23.6;5;14;2008;135;19.5
2008-05-15;13.4;24.0;5;15;2008;136;18.7
2008-05-16;15.0;21.6;5;16;2008;137;18.3
2008-05-17;13.3;26.1;5;17;2008;138;19.7
2008-05-18;13.4;24.9;5;18;2008;139;19.2
2008-05-19;14.7;25.1;5;19;2008;140;19.9
2008-05-20;14.6;21.9;5;20;2008;141;18.2
2008-05-21;16.4;27.4;5;21;2008;142;21.9
2008-05-22;15.1;28.5;5;22;2008;143;21.8
2008-05-23;14.8;26.2;5;23;2008;144;20.5
2008-05-24;14.0;23.8;5;24;2008;145;18.9
2008-05-25;13.5;23.4;5;25;2008;146;18.4
2008-05-26;12.6;24.6;5;26;2008;147;18.6
2008-05-27;13.6;22.8;5;27;2008;148;18.2
2008-05-28;13.8;23.7;5;28;2008;149;18.8
2008-05-29;14.4;23.0;5;29;2008;150;18.7
2008-05-30;15.1;23.6;5;30;2008;151;19.4
2008-05-31;13.6;25.8;5;31;2008;152;19.7
2008-06-01;13.8;27.2;6;1;2008;153;20.5
2008-06-02;14.5;26.2;6;2;2008;154;20.4
2008-06-03;15.7;28.9;6;3;2008;155;22.3
2008-06-04;16.6;31.5;6;4;2008;156;24.0
2008-06-05;17.0;32.4;6;5;2008;157;24.7
2008-06-06;18.8;31.4;6;6;2008;158;25.1
2008-06-07;18.3;32.5;6;7;2008;159;25.4
2008-06-08;17.9;33.3;6;8;2008;160;25.6
2008-06-09;16.3;27.5;6;9;2008;161;21.9
2008-06-10;17.0;28.8;6;10;2008;162;22.9
2008-06-11;18.1;32.3;6;11;2008;163;25.2
2008-06-12;19.0;33.0;6;12;2008;164;26.0
2008-06-13;20.2;35.2;6;13;2008;165;27.7
2008-06-14;18.6;37.5;6;14;2008;166;28.0
2008-06-15;19.0;36.2;6;15;2008;167;27.6
2008-06-16;20.5;30.0;6;16;2008;168;25.2
2008-06-17;16.9;31.2;6;17;2008;169;24.0
2008-06-18;17.7;35.0;6;18;2008;170;26.4
2008-06-19;20.0;35.8;6;19;2008;171;27.9
2008-06-20;21.7;36.0;6;20;2008;172;28.8
2008-06-21;20.4;37.5;6;21;2008;173;29.0
2008-06-22;20.1;37.0;6;22;2008;174;28.6
2008-06-23;22.4;32.2;6;23;2008;175;27.3
2008-06-24;19.9;35.7;6;24;2008;176;27.8
2008-06-25;22.5;39.5;6;25;2008;177;31.0
2008-06-26;20.3;39.5;6;26;2008;178;29.9
2008-06-27;23.6;41.2;6;27;2008;179;32.4
2008-06-28;22.5;38.8;6;28;2008;180;30.6
2008-06-29;22.4;39.7;6;29;2008;181;31.0
2008-06-30;23.4;39.5;6;30;2008;182;31.4
2008-07-01;21.6;38.6;7;1;2008;183;30.1
2008-07-02;19.5;37.0;7;2;2008;184;28.2
2008-07-03;18.3;33.2;7;3;2008;185;25.8
2008-07-04;20.5;36.5;7;4;2008;186;28.5
2008-07-05;21.2;36.4;7;5;2008;187;28.8
2008-07-06;20.7;32.2;7;6;2008;188;26.4
2008-07-07;17.5;33.9;7;7;2008;189;25.7
2008-07-08;17.6;36.7;7;8;2008;190;27.2
2008-07-09;21.8;36.5;7;9;2008;191;29.2
2008-07-10;21.3;37.5;7;10;2008;192;29.4
2008-07-11;21.7;37.2;7;11;2008;193;29.4
2008-07-12;21.5;32.7;7;12;2008;194;27.1
2008-07-13;19.6;34.8;7;13;2008;195;27.2
2008-07-14;19.5;33.3;7;14;2008;196;26.4
2008-07-15;21.2;34.4;7;15;2008;197;27.8
2008-07-16;20.5;34.4;7;16;2008;198;27.4
2008-07-17;20.2;36.0;7;17;2008;199;28.1
2008-07-18;23.0;40.0;7;18;2008;200;31.5
2008-07-19;23.8;39.3;7;19;2008;201;31.6
2008-07-20;22.2;34.8;7;20;2008;202;28.5
2008-07-21;20.4;37.8;7;21;2008;203;29.1
2008-07-22;20.6;38.2;7;22;2008;204;29.4
2008-07-23;23.1;38.2;7;23;2008;205;30.6
2008-07-24;22.0;36.5;7;24;2008;206;29.2
2008-07-25;19.6;35.4;7;25;2008;207;27.5
2008-07-26;21.8;36.2;7;26;2008;208;29.0
2008-07-27;20.5;38.0;7;27;2008;209;29.2
2008-07-28;22.0;36.0;7;28;2008;210;29.0
2008-07-29;21.4;36.8;7;29;2008;211;29.1
2008-07-30;18.4;37.0;7;30;2008;212;27.7
2008-07-31;21.0;37.4;7;31;2008;213;29.2
2008-08-01;22.6;36.3;8;1;2008;214;29.4
2008-08-02;20.4;38.6;8;2;2008;215;29.5
2008-08-03;23.0;40.0;8;3;2008;216;31.5
2008-08-04;23.6;39.1;8;4;2008;217;31.4
2008-08-05;24.1;38.6;8;5;2008;218;31.4
2008-08-06;21.3;37.1;8;6;2008;219;29.2
2008-08-07;22.2;37.3;8;7;2008;220;29.8
2008-08-08;20.0;35.3;8;8;2008;221;27.6
2008-08-09;19.5;36.5;8;9;2008;222;28.0
2008-08-10;20.7;37.4;8;10;2008;223;29.0
2008-08-11;20.7;36.7;8;11;2008;224;28.7
2008-08-12;21.0;36.3;8;12;2008;225;28.6
2008-08-13;21.5;37.0;8;13;2008;226;29.2
2008-08-14;19.9;37.6;8;14;2008;227;28.8
2008-08-15;20.4;35.5;8;15;2008;228;28.0
2008-08-16;18.1;34.2;8;16;2008;229;26.2
2008-08-17;21.2;34.6;8;17;2008;230;27.9
2008-08-18;19.0;36.5;8;18;2008;231;27.8
2008-08-19;21.2;36.4;8;19;2008;232;28.8
2008-08-20;19.7;37.7;8;20;2008;233;28.7
2008-08-21;19.6;37.2;8;21;2008;234;28.4
2008-08-22;22.8;38.0;8;22;2008;235;30.4
2008-08-23;20.0;33.6;8;23;2008;236;26.8
2008-08-24;17.3;34.9;8;24;2008;237;26.1
2008-08-25;20.4;37.4;8;25;2008;238;28.9
2008-08-26;21.2;37.6;8;26;2008;239;29.4
2008-08-27;23.4;36.9;8;27;2008;240;30.2
2008-08-28;21.8;35.9;8;28;2008;241;28.8
2008-08-29;20.8;34.2;8;29;2008;242;27.5
2008-08-30;20.3;31.0;8;30;2008;243;25.6
2008-08-31;19.5;33.5;8;31;2008;244;26.5
2008-09-01;20.2;35.4;9;1;2008;245;27.8
2008-09-02;20.2;32.8;9;2;2008;246;26.5
2008-09-03;18.0;31.0;9;3;2008;247;24.5
2008-09-04;16.2;31.8;9;4;2008;248;24.0
2008-09-05;21.2;28.6;9;5;2008;249;24.9
2008-09-06;20.2;26.1;9;6;2008;250;23.2
2008-09-07;20.7;29.3;9;7;2008;251;25.0
2008-09-08;16.6;33.4;9;8;2008;252;25.0
2008-09-09;22.8;31.0;9;9;2008;253;26.9
2008-09-10;21.5;32.0;9;10;2008;254;26.8
2008-09-11;20.8;33.8;9;11;2008;255;27.3
2008-09-12;17.9;30.8;9;12;2008;256;24.4
2008-09-13;16.4;31.4;9;13;2008;257;23.9
2008-09-14;18.3;33.0;9;14;2008;258;25.6
2008-09-15;16.3;34.9;9;15;2008;259;25.6
2008-09-16;17.2;32.0;9;16;2008;260;24.6
2008-09-17;17.4;28.4;9;17;2008;261;22.9
2008-09-18;16.5;26.2;9;18;2008;262;21.4
2008-09-19;19.4;32.5;9;19;2008;263;26.0
2008-09-20;22.0;34.0;9;20;2008;264;28.0
2008-09-21;20.3;29.0;9;21;2008;265;24.6
2008-09-22;19.1;25.8;9;22;2008;266;22.4
2008-09-23;18.9;27.5;9;23;2008;267;23.2
2008-09-24;18.8;28.2;9;24;2008;268;23.5
2008-09-25;19.5;28.7;9;25;2008;269;24.1
2008-09-26;17.0;29.0;9;26;2008;270;23.0
2008-09-27;18.3;20.6;9;27;2008;271;19.4
2008-09-28;17.0;21.2;9;28;2008;272;19.1
2008-09-29;17.6;26.1;9;29;2008;273;21.8
2008-09-30;15.4;28.0;9;30;2008;274;21.7
2008-10-01;16.9;28.4;10;1;2008;275;22.6
2008-10-02;17.0;29.8;10;2;2008;276;23.4
2008-10-03;15.1;26.0;10;3;2008;277;20.6
2008-10-04;16.0;27.4;10;4;2008;278;21.7
2008-10-05;13.5;27.5;10;5;2008;279;20.5
2008-10-06;14.2;28.1;10;6;2008;280;21.2
2008-10-07;15.2;24.8;10;7;2008;281;20.0
2008-10-08;15.4;25.4;10;8;2008;282;20.4
2008-10-09;14.5;25.2;10;9;2008;283;19.8
2008-10-10;16.6;29.6;10;10;2008;284;23.1
2008-10-11;17.1;25.4;10;11;2008;285;21.2
2008-10-12;17.9;21.9;10;12;2008;286;19.9
2008-10-13;17.1;24.2;10;13;2008;287;20.6
2008-10-14;17.1;25.9;10;14;2008;288;21.5
2008-10-15;16.0;28.0;10;15;2008;289;22.0
2008-10-16;16.4;28.9;10;16;2008;290;22.6
2008-10-17;15.4;26.5;10;17;2008;291;21.0
2008-10-18;17.2;23.0;10;18;2008;292;20.1
2008-10-19;15.8;25.7;10;19;2008;293;20.8
2008-10-20;17.4;27.0;10;20;2008;294;22.2
2008-10-21;16.8;26.2;10;21;2008;295;21.5
2008-10-22;16.4;19.1;10;22;2008;296;17.8
2008-10-23;14.8;22.8;10;23;2008;297;18.8
2008-10-24;14.8;25.5;10;24;2008;298;20.2
2008-10-25;14.8;25.2;10;25;2008;299;20.0
2008-10-26;15.4;27.4;10;26;2008;300;21.4
2008-10-27;15.3;27.3;10;27;2008;301;21.3
2008-10-28;12.0;17.0;10;28;2008;302;14.5
2008-10-29;8.6;19.8;10;29;2008;303;14.2
2008-10-30;7.5;18.5;10;30;2008;304;13.0
2008-10-31;12.2;18.0;10;31;2008;305;15.1
2008-11-01;9.0;15.8;11;1;2008;306;12.4
2008-11-02;9.6;17.0;11;2;2008;307;13.3
2008-11-03;10.2;18.3;11;3;2008;308;14.2
2008-11-04;9.4;19.0;11;4;2008;309;14.2
2008-11-05;10.5;21.0;11;5;2008;310;15.8
2008-11-06;7.8;20.5;11;6;2008;311;14.2
2008-11-07;9.2;20.3;11;7;2008;312;14.8
2008-11-08;9.7;20.8;11;8;2008;313;15.2
2008-11-09;9.2;21.4;11;9;2008;314;15.3
2008-11-10;10.9;21.5;11;10;2008;315;16.2
2008-11-11;10.0;17.6;11;11;2008;316;13.8
2008-11-12;7.8;20.0;11;12;2008;317;13.9
2008-11-13;7.8;19.0;11;13;2008;318;13.4
2008-11-14;8.0;18.0;11;14;2008;319;13.0
2008-11-15;6.0;19.0;11;15;2008;320;12.5
2008-11-16;6.8;21.0;11;16;2008;321;13.9
2008-11-17;7.7;21.0;11;17;2008;322;14.4
2008-11-18;5.8;21.2;11;18;2008;323;13.5
2008-11-19;9.4;20.3;11;19;2008;324;14.8
2008-11-20;8.4;20.0;11;20;2008;325;14.2
2008-11-21;9.5;21.0;11;21;2008;326;15.2
2008-11-22;6.5;22.5;11;22;2008;327;14.5
2008-11-23;0.9;21.5;11;23;2008;328;11.2
2008-11-24;6.6;20.0;11;24;2008;329;13.3
2008-11-25;5.8;15.0;11;25;2008;330;10.4
2008-11-26;4.0;12.8;11;26;2008;331;8.4
2008-11-27;4.7;16.0;11;27;2008;332;10.4
2008-11-28;1.9;15.0;11;28;2008;333;8.4
2008-11-29;9.2;14.0;11;29;2008;334;11.6
2008-11-30;7.2;14.9;11;30;2008;335;11.0
2008-12-01;4.2;14.5;12;1;2008;336;9.4
2008-12-02;2.4;14.2;12;2;2008;337;8.3
2008-12-03;1.5;12.5;12;3;2008;338;7.0
2008-12-04;7.2;14.8;12;4;2008;339;11.0
2008-12-05;12.0;19.7;12;5;2008;340;15.8
2008-12-06;11.2;17.5;12;6;2008;341;14.4
2008-12-07;13.4;17.0;12;7;2008;342;15.2
2008-12-08;9.4;17.5;12;8;2008;343;13.4
2008-12-09;7.4;12.0;12;9;2008;344;9.7
2008-12-10;5.8;15.6;12;10;2008;345;10.7
2008-12-11;3.0;15.2;12;11;2008;346;9.1
2008-12-12;5.8;10.3;12;12;2008;347;8.0
2008-12-13;2.2;13.6;12;13;2008;348;7.9
2008-12-14;6.0;13.9;12;14;2008;349;10.0
2008-12-15;4.3;13.0;12;15;2008;350;8.6
2008-12-16;1.1;12.9;12;16;2008;351;7.0
2008-12-17;2.0;11.0;12;17;2008;352;6.5
2008-12-18;2.3;12.0;12;18;2008;353;7.2
2008-12-19;2.5;16.8;12;19;2008;354;9.6
2008-12-20;6.5;18.1;12;20;2008;355;12.3
2008-12-21;8.0;20.0;12;21;2008;356;14.0
2008-12-22;7.8;20.8;12;22;2008;357;14.3
2008-12-23;4.0;17.0;12;23;2008;358;10.5
2008-12-24;6.1;15.2;12;24;2008;359;10.6
2008-12-25;6.8;16.8;12;25;2008;360;11.8
2008-12-26;0.8;15.0;12;26;2008;361;7.9
2008-12-27;3.0;15.0;12;27;2008;362;9.0
2008-12-28;9.8;13.1;12;28;2008;363;11.4
2008-12-29;10.8;14.0;12;29;2008;364;12.4
2008-12-30;9.3;18.8;12;30;2008;365;14.0
2008-12-31;10.5;18.7;12;31;2008;366;14.6
2009-01-01;13.1;17.0;1;1;2009;1;15.0
2009-01-02;13.2;17.8;1;2;2009;2;15.5
2009-01-03;11.7;17.9;1;3;2009;3;14.8
2009-01-04;7.5;17.8;1;4;2009;4;12.6
2009-01-05;7.5;12.3;1;5;2009;5;9.9
2009-01-06;6.7;13.0;1;6;2009;6;9.8
2009-01-07;4.3;10.3;1;7;2009;7;7.3
2009-01-08;1.5;9.2;1;8;2009;8;5.4
2009-01-09;-0.5;11.4;1;9;2009;9;5.4
2009-01-10;-0.5;10.0;1;10;2009;10;4.8
2009-01-11;1.4;14.9;1;11;2009;11;8.2
2009-01-12;2.7;15.0;1;12;2009;12;8.8
2009-01-13;2.4;8.3;1;13;2009;13;5.4
2009-01-14;2.7;10.8;1;14;2009;14;6.8
2009-01-15;4.0;11.5;1;15;2009;15;7.8
2009-01-16;8.8;14.1;1;16;2009;16;11.4
2009-01-17;7.4;16.8;1;17;2009;17;12.1
2009-01-18;3.9;16.5;1;18;2009;18;10.2
2009-01-19;10.4;16.2;1;19;2009;19;13.3
2009-01-20;5.4;16.1;1;20;2009;20;10.8
2009-01-21;1.7;16.1;1;21;2009;21;8.9
2009-01-22;6.9;15.8;1;22;2009;22;11.4
2009-01-23;14.0;19.2;1;23;2009;23;16.6
2009-01-24;10.8;17.5;1;24;2009;24;14.2
2009-01-25;7.6;17.5;1;25;2009;25;12.6
2009-01-26;6.0;17.2;1;26;2009;26;11.6
2009-01-27;5.4;17.2;1;27;2009;27;11.3
2009-01-28;9.2;17.0;1;28;2009;28;13.1
2009-01-29;11.4;16.7;1;29;2009;29;14.0
2009-01-30;10.2;19.6;1;30;2009;30;14.9
2009-01-31;8.9;16.2;1;31;2009;31;12.6
2009-02-01;9.5;13.0;2;1;2009;32;11.2
2009-02-02;6.0;14.0;2;2;2009;33;10.0
2009-02-03;6.5;14.2;2;3;2009;34;10.4
2009-02-04;7.5;16.7;2;4;2009;35;12.1
2009-02-05;8.6;12.0;2;5;2009;36;10.3
2009-02-06;7.2;13.5;2;6;2009;37;10.4
2009-02-07;5.0;16.0;2;7;2009;38;10.5
2009-02-08;5.0;17.6;2;8;2009;39;11.3
2009-02-09;11.5;18.0;2;9;2009;40;14.8
2009-02-10;8.0;18.8;2;10;2009;41;13.4
2009-02-11;5.0;18.0;2;11;2009;42;11.5
2009-02-12;5.8;19.4;2;12;2009;43;12.6
2009-02-13;7.5;20.0;2;13;2009;44;13.8
2009-02-14;6.3;18.5;2;14;2009;45;12.4
2009-02-15;6.7;19.2;2;15;2009;46;13.0
2009-02-16;7.5;17.2;2;16;2009;47;12.4
2009-02-17;6.2;17.4;2;17;2009;48;11.8
2009-02-18;4.7;19.8;2;18;2009;49;12.2
2009-02-19;6.5;19.6;2;19;2009;50;13.0
2009-02-20;6.2;18.2;2;20;2009;51;12.2
2009-02-21;8.5;18.9;2;21;2009;52;13.7
2009-02-22;7.8;20.5;2;22;2009;53;14.2
2009-02-23;6.5;21.2;2;23;2009;54;13.8
2009-02-24;6.0;21.9;2;24;2009;55;14.0
2009-02-25;8.3;20.7;2;25;2009;56;14.5
2009-02-26;10.1;21.0;2;26;2009;57;15.6
2009-02-27;9.8;20.2;2;27;2009;58;15.0
2009-02-28;11.4;16.0;2;28;2009;59;13.7
2009-03-01;11.8;18.0;3;1;2009;60;14.9
2009-03-02;11.2;12.7;3;2;2009;61;12.0
2009-03-03;10.8;13.6;3;3;2009;62;12.2
2009-03-04;8.4;16.8;3;4;2009;63;12.6
2009-03-05;11.0;18.8;3;5;2009;64;14.9
2009-03-06;8.1;21.2;3;6;2009;65;14.6
2009-03-07;10.3;20.8;3;7;2009;66;15.6
2009-03-08;10.4;24.2;3;8;2009;67;17.3
2009-03-09;11.1;23.1;3;9;2009;68;17.1
2009-03-10;10.6;23.3;3;10;2009;69;17.0
2009-03-11;10.2;25.7;3;11;2009;70;18.0
2009-03-12;11.5;26.5;3;12;2009;71;19.0
2009-03-13;10.1;26.1;3;13;2009;72;18.1
2009-03-14;10.9;28.2;3;14;2009;73;19.6
2009-03-15;10.3;23.5;3;15;2009;74;16.9
2009-03-16;12.3;26.8;3;16;2009;75;19.6
2009-03-17;14.0;22.0;3;17;2009;76;18.0
2009-03-18;12.8;22.7;3;18;2009;77;17.8
2009-03-19;10.8;25.0;3;19;2009;78;17.9
2009-03-20;10.7;26.5;3;20;2009;79;18.6
2009-03-21;11.0;24.5;3;21;2009;80;17.8
2009-03-22;10.4;22.8;3;22;2009;81;16.6
2009-03-23;11.2;24.5;3;23;2009;82;17.8
2009-03-24;12.2;18.0;3;24;2009;83;15.1
2009-03-25;10.4;25.5;3;25;2009;84;18.0
2009-03-26;10.2;28.2;3;26;2009;85;19.2
2009-03-27;14.0;26.3;3;27;2009;86;20.2
2009-03-28;13.5;20.2;3;28;2009;87;16.8
2009-03-29;8.5;13.6;3;29;2009;88;11.0
2009-03-30;6.4;18.9;3;30;2009;89;12.6
2009-03-31;6.5;19.8;3;31;2009;90;13.2
2009-04-01;7.5;20.5;4;1;2009;91;14.0
2009-04-02;8.0;23.5;4;2;2009;92;15.8
2009-04-03;9.2;23.1;4;3;2009;93;16.2
2009-04-04;9.2;24.5;4;4;2009;94;16.8
2009-04-05;10.2;26.6;4;5;2009;95;18.4
2009-04-06;13.5;27.1;4;6;2009;96;20.3
2009-04-07;10.6;22.2;4;7;2009;97;16.4
2009-04-08;8.8;22.5;4;8;2009;98;15.6
2009-04-09;7.9;25.3;4;9;2009;99;16.6
2009-04-10;11.8;20.0;4;10;2009;100;15.9
2009-04-11;8.3;22.2;4;11;2009;101;15.2
2009-04-12;10.0;22.4;4;12;2009;102;16.2
2009-04-13;9.0;24.5;4;13;2009;103;16.8
2009-04-14;11.8;21.5;4;14;2009;104;16.6
2009-04-15;9.2;19.6;4;15;2009;105;14.4
2009-04-16;9.4;20.5;4;16;2009;106;15.0
2009-04-17;10.8;19.5;4;17;2009;107;15.2
2009-04-18;12.6;19.4;4;18;2009;108;16.0
2009-04-19;11.5;23.2;4;19;2009;109;17.4
2009-04-20;11.5;25.6;4;20;2009;110;18.6
2009-04-21;10.0;27.0;4;21;2009;111;18.5
2009-04-22;11.6;28.0;4;22;2009;112;19.8
2009-04-23;12.0;29.8;4;23;2009;113;20.9
2009-04-24;13.0;31.2;4;24;2009;114;22.1
2009-04-25;12.0;23.4;4;25;2009;115;17.7
2009-04-26;10.4;20.5;4;26;2009;116;15.4
2009-04-27;9.2;22.2;4;27;2009;117;15.7
2009-04-28;11.0;23.6;4;28;2009;118;17.3
2009-04-29;11.5;25.0;4;29;2009;119;18.2
2009-04-30;12.0;25.0;4;30;2009;120;18.5
2009-05-01;13.2;26.4;5;1;2009;121;19.8
2009-05-02;12.8;26.0;5;2;2009;122;19.4
2009-05-03;13.8;28.8;5;3;2009;123;21.3
2009-05-04;12.3;30.4;5;4;2009;124;21.4
2009-05-05;14.3;31.8;5;5;2009;125;23.0
2009-05-06;16.6;32.0;5;6;2009;126;24.3
2009-05-07;16.0;32.5;5;7;2009;127;24.2
2009-05-08;15.4;31.3;5;8;2009;128;23.4
2009-05-09;18.2;27.8;5;9;2009;129;23.0
2009-05-10;16.0;25.2;5;10;2009;130;20.6
2009-05-11;13.5;24.5;5;11;2009;131;19.0
2009-05-12;14.1;26.1;5;12;2009;132;20.1
2009-05-13;13.3;27.1;5;13;2009;133;20.2
2009-05-14;16.5;27.2;5;14;2009;134;21.8
2009-05-15;13.8;28.0;5;15;2009;135;20.9
2009-05-16;12.5;30.0;5;16;2009;136;21.2
2009-05-17;15.8;31.0;5;17;2009;137;23.4
2009-05-18;14.4;29.6;5;18;2009;138;22.0
2009-05-19;13.4;30.2;5;19;2009;139;21.8
2009-05-20;16.6;31.6;5;20;2009;140;24.1
2009-05-21;17.2;25.6;5;21;2009;141;21.4
2009-05-22;12.5;29.2;5;22;2009;142;20.8
2009-05-23;16.5;25.5;5;23;2009;143;21.0
2009-05-24;15.8;25.2;5;24;2009;144;20.5
2009-05-25;15.0;27.2;5;25;2009;145;21.1
2009-05-26;16.0;31.5;5;26;2009;146;23.8
2009-05-27;18.8;32.9;5;27;2009;147;25.8
2009-05-28;19.0;32.5;5;28;2009;148;25.8
2009-05-29;19.0;35.0;5;29;2009;149;27.0
2009-05-30;17.8;35.8;5;30;2009;150;26.8
2009-05-31;18.5;30.7;5;31;2009;151;24.6
2009-06-01;17.5;35.5;6;1;2009;152;26.5
2009-06-02;18.6;27.2;6;2;2009;153;22.9
2009-06-03;19.2;27.0;6;3;2009;154;23.1
2009-06-04;17.0;29.2;6;4;2009;155;23.1
2009-06-05;16.5;25.0;6;5;2009;156;20.8
2009-06-06;16.8;26.8;6;6;2009;157;21.8
2009-06-07;12.9;26.6;6;7;2009;158;19.8
2009-06-08;16.2;24.4;6;8;2009;159;20.3
2009-06-09;14.6;29.0;6;9;2009;160;21.8
2009-06-10;16.0;34.2;6;10;2009;161;25.1
2009-06-11;22.0;38.5;6;11;2009;162;30.2
2009-06-12;20.4;39.7;6;12;2009;163;30.0
2009-06-13;23.3;40.5;6;13;2009;164;31.9
2009-06-14;25.3;35.0;6;14;2009;165;30.2
2009-06-15;23.2;37.0;6;15;2009;166;30.1
2009-06-16;23.3;36.5;6;16;2009;167;29.9
2009-06-17;23.8;39.0;6;17;2009;168;31.4
2009-06-18;26.6;37.5;6;18;2009;169;32.0
2009-06-19;23.2;38.4;6;19;2009;170;30.8
2009-06-20;24.1;40.1;6;20;2009;171;32.1
2009-06-21;24.6;36.4;6;21;2009;172;30.5
2009-06-22;23.2;34.0;6;22;2009;173;28.6
2009-06-23;20.6;36.8;6;23;2009;174;28.7
2009-06-24;20.7;33.5;6;24;2009;175;27.1
2009-06-25;18.5;31.2;6;25;2009;176;24.8
2009-06-26;18.4;30.9;6;26;2009;177;24.6
2009-06-27;18.0;31.0;6;27;2009;178;24.5
2009-06-28;18.3;32.2;6;28;2009;179;25.2
2009-06-29;20.6;34.2;6;29;2009;180;27.4
2009-06-30;21.4;37.1;6;30;2009;181;29.2
2009-07-01;22.4;38.5;7;1;2009;182;30.4
2009-07-02;24.8;38.9;7;2;2009;183;31.8
2009-07-03;24.2;38.5;7;3;2009;184;31.4
2009-07-04;23.0;37.8;7;4;2009;185;30.4
2009-07-05;21.0;38.5;7;5;2009;186;29.8
2009-07-06;21.7;35.4;7;6;2009;187;28.6
2009-07-07;19.8;31.4;7;7;2009;188;25.6
2009-07-08;19.2;33.7;7;8;2009;189;26.4
2009-07-09;19.2;32.8;7;9;2009;190;26.0
2009-07-10;19.6;34.2;7;10;2009;191;26.9
2009-07-11;19.4;35.3;7;11;2009;192;27.4
2009-07-12;19.5;39.0;7;12;2009;193;29.2
2009-07-13;22.0;36.8;7;13;2009;194;29.4
2009-07-14;20.9;33.6;7;14;2009;195;27.2
2009-07-15;19.0;36.9;7;15;2009;196;28.0
2009-07-16;20.7;35.6;7;16;2009;197;28.2
2009-07-17;20.8;35.7;7;17;2009;198;28.2
2009-07-18;21.8;35.2;7;18;2009;199;28.5
2009-07-19;22.5;37.5;7;19;2009;200;30.0
2009-07-20;22.2;38.2;7;20;2009;201;30.2
2009-07-21;23.4;40.0;7;21;2009;202;31.7
2009-07-22;21.9;35.0;7;22;2009;203;28.4
2009-07-23;22.6;34.5;7;23;2009;204;28.6
2009-07-24;20.0;37.2;7;24;2009;205;28.6
2009-07-25;22.1;41.5;7;25;2009;206;31.8
2009-07-26;24.5;40.5;7;26;2009;207;32.5
2009-07-27;23.4;40.5;7;27;2009;208;32.0
2009-07-28;22.8;40.0;7;28;2009;209;31.4
2009-07-29;21.2;42.0;7;29;2009;210;31.6
2009-07-30;22.4;40.8;7;30;2009;211;31.6
2009-07-31;23.5;38.5;7;31;2009;212;31.0
2009-08-01;20.5;37.0;8;1;2009;213;28.8
2009-08-02;20.8;33.8;8;2;2009;214;27.3
2009-08-03;19.0;37.0;8;3;2009;215;28.0
2009-08-04;20.8;38.2;8;4;2009;216;29.5
2009-08-05;23.5;36.3;8;5;2009;217;29.9
2009-08-06;22.0;37.5;8;6;2009;218;29.8
2009-08-07;21.5;37.0;8;7;2009;219;29.2
2009-08-08;19.5;31.2;8;8;2009;220;25.4
2009-08-09;18.3;32.8;8;9;2009;221;25.6
2009-08-10;19.5;36.5;8;10;2009;222;28.0
2009-08-11;23.6;38.2;8;11;2009;223;30.9
2009-08-12;24.4;38.2;8;12;2009;224;31.3
2009-08-13;24.1;37.4;8;13;2009;225;30.8
2009-08-14;24.0;38.5;8;14;2009;226;31.2
2009-08-15;23.1;39.6;8;15;2009;227;31.4
2009-08-16;24.8;39.4;8;16;2009;228;32.1
2009-08-17;24.5;38.0;8;17;2009;229;31.2
2009-08-18;24.6;38.3;8;18;2009;230;31.4
2009-08-19;24.0;38.0;8;19;2009;231;31.0
2009-08-20;23.8;40.0;8;20;2009;232;31.9
2009-08-21;22.5;38.7;8;21;2009;233;30.6
2009-08-22;22.0;41.5;8;22;2009;234;31.8
2009-08-23;22.8;40.0;8;23;2009;235;31.4
2009-08-24;23.5;34.0;8;24;2009;236;28.8
2009-08-25;21.3;32.5;8;25;2009;237;26.9
2009-08-26;17.4;35.6;8;26;2009;238;26.5
2009-08-27;20.1;39.5;8;27;2009;239;29.8
2009-08-28;21.0;40.0;8;28;2009;240;30.5
2009-08-29;22.6;40.3;8;29;2009;241;31.4
2009-08-30;23.3;41.0;8;30;2009;242;32.2
2009-08-31;23.5;36.0;8;31;2009;243;29.8
2009-09-01;22.8;31.7;9;1;2009;244;27.2
2009-09-02;20.5;33.9;9;2;2009;245;27.2
2009-09-03;17.1;36.5;9;3;2009;246;26.8
2009-09-04;21.4;38.0;9;4;2009;247;29.7
2009-09-05;22.6;37.0;9;5;2009;248;29.8
2009-09-06;21.3;36.5;9;6;2009;249;28.9
2009-09-07;23.5;36.6;9;7;2009;250;30.0
2009-09-08;23.0;36.5;9;8;2009;251;29.8
2009-09-09;22.8;35.4;9;9;2009;252;29.1
2009-09-10;23.5;33.0;9;10;2009;253;28.2
2009-09-11;21.0;34.5;9;11;2009;254;27.8
2009-09-12;20.4;32.5;9;12;2009;255;26.4
2009-09-13;20.7;30.0;9;13;2009;256;25.4
2009-09-14;18.5;30.0;9;14;2009;257;24.2
2009-09-15;18.3;27.5;9;15;2009;258;22.9
2009-09-16;20.0;28.2;9;16;2009;259;24.1
2009-09-17;17.0;26.3;9;17;2009;260;21.6
2009-09-18;16.2;27.2;9;18;2009;261;21.7
2009-09-19;14.8;27.0;9;19;2009;262;20.9
2009-09-20;18.8;29.5;9;20;2009;263;24.2
2009-09-21;16.5;30.6;9;21;2009;264;23.6
2009-09-22;17.5;30.8;9;22;2009;265;24.2
2009-09-23;17.2;31.8;9;23;2009;266;24.5
2009-09-24;19.7;31.0;9;24;2009;267;25.4
2009-09-25;18.4;32.8;9;25;2009;268;25.6
2009-09-26;19.5;26.5;9;26;2009;269;23.0
2009-09-27;18.5;30.2;9;27;2009;270;24.4
2009-09-28;18.0;30.2;9;28;2009;271;24.1
2009-09-29;20.0;27.9;9;29;2009;272;24.0
2009-09-30;19.0;26.2;9;30;2009;273;22.6
2009-10-01;19.2;28.4;10;1;2009;274;23.8
2009-10-02;16.6;32.2;10;2;2009;275;24.4
2009-10-03;17.3;32.2;10;3;2009;276;24.8
2009-10-04;17.4;34.0;10;4;2009;277;25.7
2009-10-05;15.4;32.9;10;5;2009;278;24.2
2009-10-06;19.0;31.5;10;6;2009;279;25.2
2009-10-07;19.7;29.5;10;7;2009;280;24.6
2009-10-08;20.6;29.3;10;8;2009;281;25.0
2009-10-09;16.0;29.3;10;9;2009;282;22.6
2009-10-10;17.7;31.5;10;10;2009;283;24.6
2009-10-11;18.5;32.5;10;11;2009;284;25.5
2009-10-12;18.4;33.5;10;12;2009;285;26.0
2009-10-13;17.5;32.0;10;13;2009;286;24.8
2009-10-14;18.0;31.0;10;14;2009;287;24.5
2009-10-15;15.9;30.7;10;15;2009;288;23.3
2009-10-16;16.9;30.2;10;16;2009;289;23.6
2009-10-17;16.2;28.7;10;17;2009;290;22.4
2009-10-18;16.0;28.3;10;18;2009;291;22.2
2009-10-19;14.3;27.8;10;19;2009;292;21.0
2009-10-20;17.5;22.4;10;20;2009;293;20.0
2009-10-21;13.5;21.5;10;21;2009;294;17.5
2009-10-22;15.6;25.9;10;22;2009;295;20.8
2009-10-23;13.5;24.6;10;23;2009;296;19.0
2009-10-24;15.4;28.0;10;24;2009;297;21.7
2009-10-25;17.0;28.6;10;25;2009;298;22.8
2009-10-26;17.5;29.4;10;26;2009;299;23.4
2009-10-27;15.5;29.3;10;27;2009;300;22.4
2009-10-28;16.6;28.6;10;28;2009;301;22.6
2009-10-29;18.4;28.8;10;29;2009;302;23.6
2009-10-30;15.6;31.3;10;30;2009;303;23.4
2009-10-31;16.6;31.0;10;31;2009;304;23.8
2009-11-01;16.7;31.2;11;1;2009;305;24.0
2009-11-02;15.0;24.4;11;2;2009;306;19.7
2009-11-03;12.8;24.5;11;3;2009;307;18.6
2009-11-04;13.8;24.2;11;4;2009;308;19.0
2009-11-05;13.8;20.2;11;5;2009;309;17.0
2009-11-06;13.4;22.9;11;6;2009;310;18.2
2009-11-07;14.8;25.6;11;7;2009;311;20.2
2009-11-08;11.7;22.3;11;8;2009;312;17.0
2009-11-09;12.1;22.6;11;9;2009;313;17.4
2009-11-10;10.2;22.0;11;10;2009;314;16.1
2009-11-11;10.5;23.2;11;11;2009;315;16.8
2009-11-12;10.2;23.8;11;12;2009;316;17.0
2009-11-13;7.4;24.0;11;13;2009;317;15.7
2009-11-14;10.0;24.5;11;14;2009;318;17.2
2009-11-15;11.0;24.5;11;15;2009;319;17.8
2009-11-16;14.0;28.4;11;16;2009;320;21.2
2009-11-17;11.8;23.8;11;17;2009;321;17.8
2009-11-18;15.8;25.3;11;18;2009;322;20.6
2009-11-19;13.0;21.5;11;19;2009;323;17.2
2009-11-20;10.6;22.0;11;20;2009;324;16.3
2009-11-21;10.6;22.5;11;21;2009;325;16.6
2009-11-22;10.4;20.5;11;22;2009;326;15.4
2009-11-23;8.4;21.0;11;23;2009;327;14.7
2009-11-24;8.4;22.8;11;24;2009;328;15.6
2009-11-25;9.0;21.0;11;25;2009;329;15.0
2009-11-26;14.0;19.2;11;26;2009;330;16.6
2009-11-27;8.6;18.7;11;27;2009;331;13.6
2009-11-28;8.2;19.0;11;28;2009;332;13.6
2009-11-29;10.4;16.8;11;29;2009;333;13.6
2009-11-30;7.3;17.0;11;30;2009;334;12.2
2009-12-01;4.7;16.6;12;1;2009;335;10.6
2009-12-02;12.6;18.5;12;2;2009;336;15.6
2009-12-03;12.4;19.6;12;3;2009;337;16.0
2009-12-04;7.2;18.2;12;4;2009;338;12.7
2009-12-05;5.0;16.6;12;5;2009;339;10.8
2009-12-06;5.1;17.3;12;6;2009;340;11.2
2009-12-07;8.8;17.2;12;7;2009;341;13.0
2009-12-08;10.8;18.5;12;8;2009;342;14.6
2009-12-09;7.2;18.5;12;9;2009;343;12.8
2009-12-10;7.5;19.5;12;10;2009;344;13.5
2009-12-11;8.4;19.1;12;11;2009;345;13.8
2009-12-12;5.5;17.6;12;12;2009;346;11.6
2009-12-13;6.1;15.4;12;13;2009;347;10.8
2009-12-14;4.0;12.6;12;14;2009;348;8.3
2009-12-15;0.0;11.5;12;15;2009;349;5.8
2009-12-16;4.8;9.9;12;16;2009;350;7.4
2009-12-17;8.7;19.0;12;17;2009;351;13.8
2009-12-18;9.6;17.2;12;18;2009;352;13.4
2009-12-19;3.9;16.8;12;19;2009;353;10.4
2009-12-20;1.3;10.0;12;20;2009;354;5.6
2009-12-21;6.5;17.3;12;21;2009;355;11.9
2009-12-22;14.0;18.5;12;22;2009;356;16.2
2009-12-23;14.4;20.0;12;23;2009;357;17.2
2009-12-24;14.5;20.5;12;24;2009;358;17.5
2009-12-25;9.6;17.2;12;25;2009;359;13.4
2009-12-26;8.6;18.1;12;26;2009;360;13.4
2009-12-27;5.7;13.7;12;27;2009;361;9.7
2009-12-28;8.8;16.9;12;28;2009;362;12.8
2009-12-29;16.4;18.8;12;29;2009;363;17.6
2009-12-30;12.2;19.6;12;30;2009;364;15.9
2009-12-31;10.6;17.3;12;31;2009;365;14.0
2010-01-01;8.2;17.4;1;1;2010;1;12.8
2010-01-02;7.2;15.2;1;2;2010;2;11.2
2010-01-03;7.7;12.4;1;3;2010;3;10.0
2010-01-04;10.9;18.0;1;4;2010;4;14.4
2010-01-05;11.4;17.0;1;5;2010;5;14.2
2010-01-06;8.1;12.6;1;6;2010;6;10.4
2010-01-07;6.2;13.8;1;7;2010;7;10.0
2010-01-08;3.9;9.6;1;8;2010;8;6.8
2010-01-09;1.3;10.8;1;9;2010;9;6.0
2010-01-10;1.4;4.0;1;10;2010;10;2.7
2010-01-11;4.0;16.2;1;11;2010;11;10.1
2010-01-12;9.5;15.8;1;12;2010;12;12.6
2010-01-13;9.9;17.4;1;13;2010;13;13.6
2010-01-14;11.4;18.0;1;14;2010;14;14.7
2010-01-15;7.6;15.1;1;15;2010;15;11.4
2010-01-16;8.3;16.7;1;16;2010;16;12.5
2010-01-17;10.7;16.4;1;17;2010;17;13.6
2010-01-18;9.3;19.4;1;18;2010;18;14.4
2010-01-19;12.8;18.6;1;19;2010;19;15.7
2010-01-20;8.7;16.6;1;20;2010;20;12.6
2010-01-21;6.9;15.5;1;21;2010;21;11.2
2010-01-22;8.0;15.8;1;22;2010;22;11.9
2010-01-23;10.2;14.3;1;23;2010;23;12.2
2010-01-24;9.6;15.4;1;24;2010;24;12.5
2010-01-25;8.6;16.6;1;25;2010;25;12.6
2010-01-26;7.9;14.3;1;26;2010;26;11.1
2010-01-27;6.6;12.5;1;27;2010;27;9.6
2010-01-28;6.8;15.0;1;28;2010;28;10.9
2010-01-29;2.8;16.5;1;29;2010;29;9.6
2010-01-30;5.0;16.6;1;30;2010;30;10.8
2010-01-31;7.5;15.0;1;31;2010;31;11.2
2010-02-01;4.7;15.8;2;1;2010;32;10.2
2010-02-02;6.4;17.5;2;2;2010;33;12.0
2010-02-03;7.4;15.8;2;3;2010;34;11.6
2010-02-04;10.4;19.5;2;4;2010;35;15.0
2010-02-05;12.0;20.2;2;5;2010;36;16.1
2010-02-06;6.7;17.7;2;6;2010;37;12.2
2010-02-07;8.1;16.5;2;7;2010;38;12.3
2010-02-08;12.4;20.0;2;8;2010;39;16.2
2010-02-09;10.8;18.2;2;9;2010;40;14.5
2010-02-10;9.2;12.8;2;10;2010;41;11.0
2010-02-11;9.0;16.2;2;11;2010;42;12.6
2010-02-12;4.3;9.0;2;12;2010;43;6.6
2010-02-13;4.8;10.0;2;13;2010;44;7.4
2010-02-14;2.5;11.5;2;14;2010;45;7.0
2010-02-15;8.4;14.6;2;15;2010;46;11.5
2010-02-16;12.5;18.6;2;16;2010;47;15.6
2010-02-17;10.0;16.3;2;17;2010;48;13.2
2010-02-18;8.2;12.0;2;18;2010;49;10.1
2010-02-19;8.6;17.5;2;19;2010;50;13.0
2010-02-20;4.8;15.5;2;20;2010;51;10.2
2010-02-21;10.6;19.4;2;21;2010;52;15.0
2010-02-22;13.3;21.0;2;22;2010;53;17.2
2010-02-23;15.0;21.0;2;23;2010;54;18.0
2010-02-24;13.8;21.0;2;24;2010;55;17.4
2010-02-25;14.5;17.8;2;25;2010;56;16.2
2010-02-26;14.4;17.0;2;26;2010;57;15.7
2010-02-27;13.2;24.5;2;27;2010;58;18.8
2010-02-28;10.7;19.0;2;28;2010;59;14.8
2010-03-01;8.8;17.4;3;1;2010;60;13.1
2010-03-02;10.3;16.0;3;2;2010;61;13.2
2010-03-03;10.3;17.8;3;3;2010;62;14.0
2010-03-04;12.4;18.2;3;4;2010;63;15.3
2010-03-05;12.7;17.6;3;5;2010;64;15.2
2010-03-06;12.0;15.8;3;6;2010;65;13.9
2010-03-07;11.0;19.1;3;7;2010;66;15.0
2010-03-08;8.0;15.6;3;8;2010;67;11.8
2010-03-09;4.8;14.6;3;9;2010;68;9.7
2010-03-10;4.4;15.5;3;10;2010;69;10.0
2010-03-11;6.5;15.7;3;11;2010;70;11.1
2010-03-12;7.0;19.0;3;12;2010;71;13.0
2010-03-13;5.8;17.5;3;13;2010;72;11.6
2010-03-14;5.8;16.6;3;14;2010;73;11.2
2010-03-15;6.6;18.5;3;15;2010;74;12.6
2010-03-16;7.7;23.2;3;16;2010;75;15.4
2010-03-17;8.8;24.2;3;17;2010;76;16.5
2010-03-18;13.1;24.7;3;18;2010;77;18.9
2010-03-19;15.2;27.4;3;19;2010;78;21.3
2010-03-20;15.2;22.5;3;20;2010;79;18.8
2010-03-21;14.5;22.4;3;21;2010;80;18.4
2010-03-22;11.4;24.3;3;22;2010;81;17.8
2010-03-23;14.0;24.5;3;23;2010;82;19.2
2010-03-24;13.0;24.0;3;24;2010;83;18.5
2010-03-25;12.2;19.8;3;25;2010;84;16.0
2010-03-26;9.4;19.8;3;26;2010;85;14.6
2010-03-27;9.8;21.7;3;27;2010;86;15.8
2010-03-28;10.6;24.6;3;28;2010;87;17.6
2010-03-29;13.0;19.0;3;29;2010;88;16.0
2010-03-30;10.8;19.2;3;30;2010;89;15.0
2010-03-31;7.8;21.0;3;31;2010;90;14.4
2010-04-01;8.7;20.6;4;1;2010;91;14.6
2010-04-02;9.5;21.7;4;2;2010;92;15.6
2010-04-03;9.5;24.0;4;3;2010;93;16.8
2010-04-04;9.0;21.5;4;4;2010;94;15.2
2010-04-05;11.4;23.0;4;5;2010;95;17.2
2010-04-06;10.2;24.9;4;6;2010;96;17.6
2010-04-07;12.6;25.8;4;7;2010;97;19.2
2010-04-08;14.0;24.6;4;8;2010;98;19.3
2010-04-09;12.2;24.8;4;9;2010;99;18.5
2010-04-10;13.2;23.5;4;10;2010;100;18.4
2010-04-11;13.2;23.5;4;11;2010;101;18.4
2010-04-12;15.4;22.0;4;12;2010;102;18.7
2010-04-13;15.0;24.0;4;13;2010;103;19.5
2010-04-14;14.5;24.8;4;14;2010;104;19.6
2010-04-15;15.6;24.6;4;15;2010;105;20.1
2010-04-16;14.0;23.0;4;16;2010;106;18.5
2010-04-17;14.0;23.0;4;17;2010;107;18.5
2010-04-18;12.8;19.4;4;18;2010;108;16.1
2010-04-19;13.5;22.6;4;19;2010;109;18.0
2010-04-20;15.6;27.0;4;20;2010;110;21.3
2010-04-21;15.6;22.8;4;21;2010;111;19.2
2010-04-22;15.2;22.6;4;22;2010;112;18.9
2010-04-23;16.4;24.8;4;23;2010;113;20.6
2010-04-24;15.6;25.7;4;24;2010;114;20.6
2010-04-25;19.2;28.5;4;25;2010;115;23.8
2010-04-26;16.0;30.6;4;26;2010;116;23.3
2010-04-27;16.6;32.5;4;27;2010;117;24.6
2010-04-28;16.4;33.6;4;28;2010;118;25.0
2010-04-29;16.3;31.2;4;29;2010;119;23.8
2010-04-30;17.2;29.4;4;30;2010;120;23.3
2010-05-01;14.4;28.5;5;1;2010;121;21.4
2010-05-02;15.4;27.7;5;2;2010;122;21.6
2010-05-03;15.2;24.2;5;3;2010;123;19.7
2010-05-04;12.0;21.2;5;4;2010;124;16.6
2010-05-05;9.8;24.4;5;5;2010;125;17.1
2010-05-06;11.0;24.5;5;6;2010;126;17.8
2010-05-07;11.7;23.0;5;7;2010;127;17.4
2010-05-08;13.0;23.2;5;8;2010;128;18.1
2010-05-09;15.6;24.8;5;9;2010;129;20.2
2010-05-10;15.0;24.6;5;10;2010;130;19.8
2010-05-11;15.2;25.0;5;11;2010;131;20.1
2010-05-12;12.6;22.5;5;12;2010;132;17.6
2010-05-13;11.2;22.2;5;13;2010;133;16.7
2010-05-14;9.5;24.4;5;14;2010;134;17.0
2010-05-15;12.8;24.7;5;15;2010;135;18.8
2010-05-16;12.4;26.8;5;16;2010;136;19.6
2010-05-17;15.4;30.0;5;17;2010;137;22.7
2010-05-18;15.6;32.0;5;18;2010;138;23.8
2010-05-19;16.2;34.0;5;19;2010;139;25.1
2010-05-20;17.6;33.0;5;20;2010;140;25.3
2010-05-21;19.5;33.5;5;21;2010;141;26.5
2010-05-22;17.0;33.8;5;22;2010;142;25.4
2010-05-23;17.0;31.7;5;23;2010;143;24.4
2010-05-24;16.6;27.4;5;24;2010;144;22.0
2010-05-25;16.0;27.2;5;25;2010;145;21.6
2010-05-26;16.0;30.5;5;26;2010;146;23.2
2010-05-27;16.5;29.3;5;27;2010;147;22.9
2010-05-28;15.4;28.5;5;28;2010;148;22.0
2010-05-29;16.2;29.9;5;29;2010;149;23.0
2010-05-30;16.6;34.3;5;30;2010;150;25.4
2010-05-31;19.2;37.6;5;31;2010;151;28.4
2010-06-01;22.5;39.5;6;1;2010;152;31.0
2010-06-02;22.2;35.5;6;2;2010;153;28.8
2010-06-03;21.4;32.4;6;3;2010;154;26.9
2010-06-04;19.6;34.8;6;4;2010;155;27.2
2010-06-05;20.0;35.5;6;5;2010;156;27.8
2010-06-06;19.6;32.0;6;6;2010;157;25.8
2010-06-07;18.0;31.4;6;7;2010;158;24.7
2010-06-08;18.5;30.3;6;8;2010;159;24.4
2010-06-09;16.4;21.6;6;9;2010;160;19.0
2010-06-10;15.4;24.8;6;10;2010;161;20.1
2010-06-11;14.6;23.3;6;11;2010;162;19.0
2010-06-12;17.7;23.8;6;12;2010;163;20.8
2010-06-13;16.6;26.3;6;13;2010;164;21.4
2010-06-14;16.5;28.5;6;14;2010;165;22.5
2010-06-15;18.2;28.6;6;15;2010;166;23.4
2010-06-16;16.4;29.5;6;16;2010;167;23.0
2010-06-17;17.6;32.0;6;17;2010;168;24.8
2010-06-18;18.7;28.0;6;18;2010;169;23.4
2010-06-19;15.4;26.8;6;19;2010;170;21.1
2010-06-20;17.2;28.0;6;20;2010;171;22.6
2010-06-21;16.7;28.6;6;21;2010;172;22.6
2010-06-22;18.2;33.8;6;22;2010;173;26.0
2010-06-23;20.8;36.5;6;23;2010;174;28.6
2010-06-24;21.7;34.3;6;24;2010;175;28.0
2010-06-25;20.4;28.8;6;25;2010;176;24.6
2010-06-26;18.5;33.3;6;26;2010;177;25.9
2010-06-27;20.0;32.4;6;27;2010;178;26.2
2010-06-28;20.4;34.7;6;28;2010;179;27.6
2010-06-29;21.5;36.3;6;29;2010;180;28.9
2010-06-30;22.5;37.5;6;30;2010;181;30.0
2010-07-01;23.8;38.7;7;1;2010;182;31.2
2010-07-02;24.6;37.6;7;2;2010;183;31.1
2010-07-03;24.4;35.8;7;3;2010;184;30.1
2010-07-04;22.7;40.8;7;4;2010;185;31.8
2010-07-05;23.6;41.1;7;5;2010;186;32.4
2010-07-06;24.4;39.8;7;6;2010;187;32.1
2010-07-07;26.0;40.5;7;7;2010;188;33.2
2010-07-08;23.8;34.8;7;8;2010;189;29.3
2010-07-09;21.0;38.7;7;9;2010;190;29.8
2010-07-10;23.8;40.2;7;10;2010;191;32.0
2010-07-11;22.9;38.9;7;11;2010;192;30.9
2010-07-12;23.1;38.2;7;12;2010;193;30.6
2010-07-13;21.0;35.3;7;13;2010;194;28.2
2010-07-14;21.3;33.7;7;14;2010;195;27.5
2010-07-15;20.6;36.0;7;15;2010;196;28.3
2010-07-16;19.0;36.2;7;16;2010;197;27.6
2010-07-17;20.8;39.4;7;17;2010;198;30.1
2010-07-18;21.8;38.9;7;18;2010;199;30.4
2010-07-19;23.0;38.4;7;19;2010;200;30.7
2010-07-20;21.6;34.2;7;20;2010;201;27.9
2010-07-21;20.7;34.0;7;21;2010;202;27.4
2010-07-22;21.2;34.7;7;22;2010;203;28.0
2010-07-23;20.6;37.0;7;23;2010;204;28.8
2010-07-24;21.8;38.3;7;24;2010;205;30.0
2010-07-25;25.0;39.5;7;25;2010;206;32.2
2010-07-26;23.8;39.6;7;26;2010;207;31.7
2010-07-27;24.7;39.7;7;27;2010;208;32.2
2010-07-28;25.0;40.0;7;28;2010;209;32.5
2010-07-29;25.8;35.3;7;29;2010;210;30.6
2010-07-30;23.5;36.8;7;30;2010;211;30.2
2010-07-31;20.8;37.8;7;31;2010;212;29.3
2010-08-01;24.4;38.2;8;1;2010;213;31.3
2010-08-02;22.0;36.7;8;2;2010;214;29.4
2010-08-03;21.3;37.8;8;3;2010;215;29.6
2010-08-04;22.2;37.4;8;4;2010;216;29.8
2010-08-05;23.4;36.5;8;5;2010;217;30.0
2010-08-06;22.5;38.8;8;6;2010;218;30.6
2010-08-07;24.9;40.2;8;7;2010;219;32.6
2010-08-08;26.6;36.8;8;8;2010;220;31.7
2010-08-09;26.8;40.6;8;9;2010;221;33.7
2010-08-10;27.1;41.5;8;10;2010;222;34.3
2010-08-11;26.5;42.3;8;11;2010;223;34.4
2010-08-12;26.5;40.4;8;12;2010;224;33.4
2010-08-13;21.8;33.5;8;13;2010;225;27.6
2010-08-14;21.4;35.8;8;14;2010;226;28.6
2010-08-15;24.1;35.6;8;15;2010;227;29.8
2010-08-16;23.6;31.8;8;16;2010;228;27.7
2010-08-17;20.8;30.6;8;17;2010;229;25.7
2010-08-18;19.5;33.0;8;18;2010;230;26.2
2010-08-19;22.0;34.5;8;19;2010;231;28.2
2010-08-20;23.3;37.4;8;20;2010;232;30.4
2010-08-21;24.2;40.2;8;21;2010;233;32.2
2010-08-22;23.9;37.9;8;22;2010;234;30.9
2010-08-23;23.7;37.1;8;23;2010;235;30.4
2010-08-24;22.2;37.3;8;24;2010;236;29.8
2010-08-25;23.0;40.5;8;25;2010;237;31.8
2010-08-26;22.5;42.1;8;26;2010;238;32.3
2010-08-27;22.6;42.5;8;27;2010;239;32.6
2010-08-28;24.5;40.1;8;28;2010;240;32.3
2010-08-29;23.2;37.5;8;29;2010;241;30.4
2010-08-30;24.3;38.7;8;30;2010;242;31.5
2010-08-31;24.1;36.3;8;31;2010;243;30.2
2010-09-01;23.2;34.5;9;1;2010;244;28.8
2010-09-02;22.2;34.8;9;2;2010;245;28.5
2010-09-03;22.6;36.4;9;3;2010;246;29.5
2010-09-04;22.6;36.7;9;4;2010;247;29.6
2010-09-05;23.3;38.4;9;5;2010;248;30.8
2010-09-06;22.2;34.5;9;6;2010;249;28.4
2010-09-07;20.6;31.8;9;7;2010;250;26.2
2010-09-08;18.4;30.8;9;8;2010;251;24.6
2010-09-09;18.6;33.0;9;9;2010;252;25.8
2010-09-10;19.0;34.8;9;10;2010;253;26.9
2010-09-11;18.7;35.4;9;11;2010;254;27.0
2010-09-12;20.4;36.9;9;12;2010;255;28.6
2010-09-13;20.4;36.9;9;13;2010;256;28.6
2010-09-14;20.2;38.8;9;14;2010;257;29.5
2010-09-15;23.3;36.8;9;15;2010;258;30.0
2010-09-16;22.5;31.7;9;16;2010;259;27.1
2010-09-17;20.4;27.5;9;17;2010;260;24.0
2010-09-18;19.3;28.6;9;18;2010;261;24.0
2010-09-19;17.4;32.8;9;19;2010;262;25.1
2010-09-20;21.6;27.0;9;20;2010;263;24.3
2010-09-21;17.2;29.6;9;21;2010;264;23.4
2010-09-22;17.4;31.7;9;22;2010;265;24.6
2010-09-23;18.6;25.2;9;23;2010;266;21.9
2010-09-24;16.0;29.6;9;24;2010;267;22.8
2010-09-25;18.2;31.2;9;25;2010;268;24.7
2010-09-26;16.4;28.2;9;26;2010;269;22.3
2010-09-27;16.6;28.1;9;27;2010;270;22.4
2010-09-28;15.2;29.0;9;28;2010;271;22.1
2010-09-29;15.6;31.2;9;29;2010;272;23.4
2010-09-30;14.6;32.0;9;30;2010;273;23.3
2010-10-01;15.5;31.0;10;1;2010;274;23.2
2010-10-02;11.5;29.5;10;2;2010;275;20.5
2010-10-03;16.6;25.8;10;3;2010;276;21.2
2010-10-04;16.7;25.9;10;4;2010;277;21.3
2010-10-05;12.7;26.5;10;5;2010;278;19.6
2010-10-06;12.6;28.7;10;6;2010;279;20.6
2010-10-07;17.7;25.4;10;7;2010;280;21.6
2010-10-08;15.7;28.0;10;8;2010;281;21.8
2010-10-09;16.5;23.0;10;9;2010;282;19.8
2010-10-10;15.4;24.3;10;10;2010;283;19.8
2010-10-11;14.2;25.5;10;11;2010;284;19.8
2010-10-12;17.0;25.6;10;12;2010;285;21.3
2010-10-13;14.8;26.1;10;13;2010;286;20.4
2010-10-14;15.5;24.5;10;14;2010;287;20.0
2010-10-15;16.2;26.1;10;15;2010;288;21.2
2010-10-16;13.9;24.4;10;16;2010;289;19.2
2010-10-17;12.4;25.5;10;17;2010;290;19.0
2010-10-18;12.6;24.5;10;18;2010;291;18.6
2010-10-19;9.8;25.0;10;19;2010;292;17.4
2010-10-20;8.5;25.5;10;20;2010;293;17.0
2010-10-21;9.9;25.4;10;21;2010;294;17.6
2010-10-22;11.2;23.9;10;22;2010;295;17.6
2010-10-23;13.2;24.9;10;23;2010;296;19.0
2010-10-24;12.0;27.2;10;24;2010;297;19.6
2010-10-25;14.4;26.0;10;25;2010;298;20.2
2010-10-26;12.6;23.5;10;26;2010;299;18.0
2010-10-27;7.5;25.7;10;27;2010;300;16.6
2010-10-28;9.5;25.2;10;28;2010;301;17.4
2010-10-29;13.5;26.2;10;29;2010;302;19.8
2010-10-30;12.3;18.5;10;30;2010;303;15.4
2010-10-31;13.4;22.0;10;31;2010;304;17.7
2010-11-01;10.4;21.6;11;1;2010;305;16.0
2010-11-02;10.5;22.4;11;2;2010;306;16.4
2010-11-03;11.5;24.7;11;3;2010;307;18.1
2010-11-04;13.4;26.3;11;4;2010;308;19.8
2010-11-05;13.2;25.1;11;5;2010;309;19.2
2010-11-06;12.3;23.2;11;6;2010;310;17.8
2010-11-07;10.4;21.3;11;7;2010;311;15.8
2010-11-08;11.5;18.2;11;8;2010;312;14.8
2010-11-09;11.4;19.8;11;9;2010;313;15.6
2010-11-10;9.0;21.5;11;10;2010;314;15.2
2010-11-11;7.4;20.0;11;11;2010;315;13.7
2010-11-12;9.3;21.0;11;12;2010;316;15.2
2010-11-13;9.4;20.9;11;13;2010;317;15.2
2010-11-14;10.4;19.4;11;14;2010;318;14.9
2010-11-15;8.2;17.4;11;15;2010;319;12.8
2010-11-16;6.7;17.0;11;16;2010;320;11.8
2010-11-17;7.1;12.4;11;17;2010;321;9.8
2010-11-18;5.3;15.2;11;18;2010;322;10.2
2010-11-19;8.6;18.7;11;19;2010;323;13.6
2010-11-20;10.0;16.3;11;20;2010;324;13.2
2010-11-21;8.9;18.0;11;21;2010;325;13.4
2010-11-22;8.2;18.3;11;22;2010;326;13.2
2010-11-23;9.6;13.5;11;23;2010;327;11.6
2010-11-24;11.4;15.6;11;24;2010;328;13.5
2010-11-25;13.2;19.0;11;25;2010;329;16.1
2010-11-26;11.2;15.3;11;26;2010;330;13.2
2010-11-27;10.0;11.6;11;27;2010;331;10.8
2010-11-28;3.6;14.0;11;28;2010;332;8.8
2010-11-29;8.0;10.0;11;29;2010;333;9.0
2010-11-30;7.8;13.9;11;30;2010;334;10.8
2010-12-01;6.7;16.0;12;1;2010;335;11.4
2010-12-02;5.6;15.4;12;2;2010;336;10.5
2010-12-03;3.5;11.8;12;3;2010;337;7.6
2010-12-04;4.5;13.6;12;4;2010;338;9.0
2010-12-05;8.5;16.4;12;5;2010;339;12.4
2010-12-06;15.8;21.0;12;6;2010;340;18.4
2010-12-07;16.6;21.0;12;7;2010;341;18.8
2010-12-08;16.4;20.7;12;8;2010;342;18.6
2010-12-09;15.4;23.2;12;9;2010;343;19.3
2010-12-10;16.0;22.4;12;10;2010;344;19.2
2010-12-11;11.3;19.5;12;11;2010;345;15.4
2010-12-12;10.0;15.8;12;12;2010;346;12.9
2010-12-13;12.2;18.8;12;13;2010;347;15.5
2010-12-14;9.6;17.6;12;14;2010;348;13.6
2010-12-15;5.2;13.0;12;15;2010;349;9.1
2010-12-16;3.8;10.1;12;16;2010;350;7.0
2010-12-17;3.0;10.5;12;17;2010;351;6.8
2010-12-18;7.5;17.3;12;18;2010;352;12.4
2010-12-19;11.7;17.0;12;19;2010;353;14.4
2010-12-20;10.6;16.3;12;20;2010;354;13.4
2010-12-21;13.5;18.5;12;21;2010;355;16.0
2010-12-22;10.2;16.7;12;22;2010;356;13.4
2010-12-23;6.7;15.3;12;23;2010;357;11.0
2010-12-24;3.8;12.4;12;24;2010;358;8.1
2010-12-25;8.0;9.7;12;25;2010;359;8.8
2010-12-26;5.9;12.3;12;26;2010;360;9.1
2010-12-27;4.6;13.0;12;27;2010;361;8.8
2010-12-28;9.9;16.5;12;28;2010;362;13.2
2010-12-29;9.8;18.6;12;29;2010;363;14.2
2010-12-30;10.0;17.2;12;30;2010;364;13.6
2010-12-31;12.1;18.6;12;31;2010;365;15.4
2011-01-01;12.8;18.6;1;1;2011;1;15.7
2011-01-02;9.5;17.9;1;2;2011;2;13.7
2011-01-03;8.4;14.1;1;3;2011;3;11.2
2011-01-04;7.4;14.8;1;4;2011;4;11.1
2011-01-05;8.0;15.9;1;5;2011;5;12.0
2011-01-06;14.0;18.8;1;6;2011;6;16.4
2011-01-07;11.3;18.0;1;7;2011;7;14.6
2011-01-08;11.6;18.9;1;8;2011;8;15.2
2011-01-09;10.0;16.6;1;9;2011;9;13.3
2011-01-10;6.7;17.0;1;10;2011;10;11.8
2011-01-11;9.9;18.0;1;11;2011;11;14.0
2011-01-12;9.0;15.5;1;12;2011;12;12.2
2011-01-13;7.5;18.0;1;13;2011;13;12.8
2011-01-14;7.6;17.9;1;14;2011;14;12.8
2011-01-15;7.6;17.9;1;15;2011;15;12.8
2011-01-16;6.2;18.0;1;16;2011;16;12.1
2011-01-17;6.5;16.6;1;17;2011;17;11.6
2011-01-18;7.8;17.1;1;18;2011;18;12.4
2011-01-19;8.5;15.9;1;19;2011;19;12.2
2011-01-20;7.0;16.6;1;20;2011;20;11.8
2011-01-21;7.8;15.0;1;21;2011;21;11.4
2011-01-22;5.4;10.6;1;22;2011;22;8.0
2011-01-23;6.2;8.6;1;23;2011;23;7.4
2011-01-24;7.2;13.2;1;24;2011;24;10.2
2011-01-25;8.0;13.2;1;25;2011;25;10.6
2011-01-26;7.8;12.6;1;26;2011;26;10.2
2011-01-27;9.5;16.4;1;27;2011;27;13.0
2011-01-28;8.8;16.8;1;28;2011;28;12.8
2011-01-29;5.6;16.4;1;29;2011;29;11.0
2011-01-30;3.0;14.2;1;30;2011;30;8.6
2011-01-31;3.2;13.0;1;31;2011;31;8.1
2011-02-01;3.2;14.2;2;1;2011;32;8.7
2011-02-02;2.7;14.3;2;2;2011;33;8.5
2011-02-03;2.4;16.1;2;3;2011;34;9.2
2011-02-04;2.6;18.4;2;4;2011;35;10.5
2011-02-05;4.8;18.9;2;5;2011;36;11.8
2011-02-06;5.9;18.9;2;6;2011;37;12.4
2011-02-07;4.5;18.5;2;7;2011;38;11.5
2011-02-08;7.4;16.5;2;8;2011;39;12.0
2011-02-09;6.0;17.6;2;9;2011;40;11.8
2011-02-10;6.2;20.0;2;10;2011;41;13.1
2011-02-11;5.5;18.3;2;11;2011;42;11.9
2011-02-12;6.3;19.9;2;12;2011;43;13.1
2011-02-13;4.4;17.8;2;13;2011;44;11.1
2011-02-14;5.4;16.0;2;14;2011;45;10.7
2011-02-15;8.8;14.0;2;15;2011;46;11.4
2011-02-16;6.5;14.9;2;16;2011;47;10.7
2011-02-17;8.4;17.9;2;17;2011;48;13.2
2011-02-18;6.0;16.5;2;18;2011;49;11.2
2011-02-19;9.6;16.5;2;19;2011;50;13.0
2011-02-20;10.7;20.9;2;20;2011;51;15.8
2011-02-21;9.8;21.1;2;21;2011;52;15.4
2011-02-22;10.2;21.1;2;22;2011;53;15.6
2011-02-23;7.8;23.0;2;23;2011;54;15.4
2011-02-24;10.6;23.5;2;24;2011;55;17.0
2011-02-25;10.4;24.6;2;25;2011;56;17.5
2011-02-26;9.1;25.0;2;26;2011;57;17.0
2011-02-27;10.1;20.6;2;27;2011;58;15.4
2011-02-28;6.4;18.2;2;28;2011;59;12.3
2011-03-01;6.4;16.0;3;1;2011;60;11.2
2011-03-02;5.3;15.4;3;2;2011;61;10.4
2011-03-03;5.0;16.3;3;3;2011;62;10.6
2011-03-04;8.3;15.2;3;4;2011;63;11.8
2011-03-05;7.7;17.4;3;5;2011;64;12.6
2011-03-06;10.0;17.1;3;6;2011;65;13.6
2011-03-07;7.3;22.0;3;7;2011;66;14.6
2011-03-08;11.0;13.3;3;8;2011;67;12.2
2011-03-09;11.0;13.5;3;9;2011;68;12.2
2011-03-10;11.5;16.0;3;10;2011;69;13.8
2011-03-11;12.0;14.0;3;11;2011;70;13.0
2011-03-12;10.8;19.1;3;12;2011;71;15.0
2011-03-13;10.5;15.0;3;13;2011;72;12.8
2011-03-14;10.5;14.7;3;14;2011;73;12.6
2011-03-15;8.0;17.4;3;15;2011;74;12.7
2011-03-16;7.6;20.0;3;16;2011;75;13.8
2011-03-17;10.2;20.3;3;17;2011;76;15.2
2011-03-18;9.4;23.0;3;18;2011;77;16.2
2011-03-19;10.0;24.2;3;19;2011;78;17.1
2011-03-20;10.5;25.4;3;20;2011;79;18.0
2011-03-21;10.4;23.5;3;21;2011;80;17.0
2011-03-22;12.6;20.5;3;22;2011;81;16.6
2011-03-23;11.0;21.9;3;23;2011;82;16.4
2011-03-24;13.0;25.5;3;24;2011;83;19.2
2011-03-25;12.8;24.2;3;25;2011;84;18.5
2011-03-26;13.1;22.8;3;26;2011;85;18.0
2011-03-27;10.5;21.0;3;27;2011;86;15.8
2011-03-28;11.5;23.0;3;28;2011;87;17.2
2011-03-29;14.0;23.3;3;29;2011;88;18.6
2011-03-30;12.6;25.0;3;30;2011;89;18.8
2011-03-31;13.9;28.8;3;31;2011;90;21.4
2011-04-01;15.0;31.1;4;1;2011;91;23.0
2011-04-02;14.2;26.5;4;2;2011;92;20.4
2011-04-03;14.8;18.4;4;3;2011;93;16.6
2011-04-04;12.3;25.8;4;4;2011;94;19.0
2011-04-05;14.8;24.9;4;5;2011;95;19.8
2011-04-06;17.0;31.0;4;6;2011;96;24.0
2011-04-07;14.5;32.0;4;7;2011;97;23.2
2011-04-08;14.6;32.6;4;8;2011;98;23.6
2011-04-09;13.0;25.7;4;9;2011;99;19.4
2011-04-10;14.0;28.8;4;10;2011;100;21.4
2011-04-11;14.6;28.8;4;11;2011;101;21.7
2011-04-12;14.5;27.3;4;12;2011;102;20.9
2011-04-13;15.2;30.5;4;13;2011;103;22.8
2011-04-14;13.0;32.0;4;14;2011;104;22.5
2011-04-15;14.5;27.9;4;15;2011;105;21.2
2011-04-16;15.3;28.5;4;16;2011;106;21.9
2011-04-17;14.3;27.8;4;17;2011;107;21.0
2011-04-18;14.5;24.5;4;18;2011;108;19.5
2011-04-19;13.2;22.0;4;19;2011;109;17.6
2011-04-20;15.6;24.5;4;20;2011;110;20.0
2011-04-21;14.0;20.5;4;21;2011;111;17.2
2011-04-22;12.5;17.2;4;22;2011;112;14.8
2011-04-23;12.1;19.0;4;23;2011;113;15.6
2011-04-24;10.0;22.2;4;24;2011;114;16.1
2011-04-25;13.4;23.8;4;25;2011;115;18.6
2011-04-26;13.2;26.4;4;26;2011;116;19.8
2011-04-27;14.3;28.3;4;27;2011;117;21.3
2011-04-28;14.5;28.6;4;28;2011;118;21.6
2011-04-29;15.4;20.0;4;29;2011;119;17.7
2011-04-30;15.0;19.6;4;30;2011;120;17.3
2011-05-01;12.3;21.8;5;1;2011;121;17.0
2011-05-02;15.2;23.4;5;2;2011;122;19.3
2011-05-03;15.0;25.5;5;3;2011;123;20.2
2011-05-04;15.2;26.9;5;4;2011;124;21.0
2011-05-05;16.0;27.6;5;5;2011;125;21.8
2011-05-06;16.6;26.0;5;6;2011;126;21.3
2011-05-07;14.7;23.6;5;7;2011;127;19.2
2011-05-08;12.6;27.4;5;8;2011;128;20.0
2011-05-09;13.6;32.2;5;9;2011;129;22.9
2011-05-10;16.6;32.3;5;10;2011;130;24.4
2011-05-11;18.4;28.2;5;11;2011;131;23.3
2011-05-12;19.5;31.4;5;12;2011;132;25.4
2011-05-13;19.6;31.0;5;13;2011;133;25.3
2011-05-14;16.6;33.4;5;14;2011;134;25.0
2011-05-15;19.9;32.2;5;15;2011;135;26.0
2011-05-16;19.4;30.0;5;16;2011;136;24.7
2011-05-17;18.3;30.2;5;17;2011;137;24.2
2011-05-18;17.9;27.9;5;18;2011;138;22.9
2011-05-19;17.9;26.5;5;19;2011;139;22.2
2011-05-20;16.0;26.8;5;20;2011;140;21.4
2011-05-21;16.6;30.7;5;21;2011;141;23.6
2011-05-22;18.3;32.0;5;22;2011;142;25.2
2011-05-23;18.7;32.0;5;23;2011;143;25.4
2011-05-24;18.2;34.4;5;24;2011;144;26.3
2011-05-25;20.7;34.5;5;25;2011;145;27.6
2011-05-26;21.7;27.5;5;26;2011;146;24.6
2011-05-27;19.9;32.7;5;27;2011;147;26.3
2011-05-28;19.1;32.9;5;28;2011;148;26.0
2011-05-29;19.0;29.5;5;29;2011;149;24.2
2011-05-30;18.8;26.6;5;30;2011;150;22.7
2011-05-31;18.8;29.3;5;31;2011;151;24.0
2011-06-01;19.0;32.6;6;1;2011;152;25.8
2011-06-02;18.7;30.4;6;2;2011;153;24.6
2011-06-03;19.8;29.7;6;3;2011;154;24.8
2011-06-04;18.8;30.2;6;4;2011;155;24.5
2011-06-05;18.8;32.5;6;5;2011;156;25.6
2011-06-06;18.5;28.0;6;6;2011;157;23.2
2011-06-07;17.4;24.5;6;7;2011;158;21.0
2011-06-08;13.5;26.1;6;8;2011;159;19.8
2011-06-09;15.3;26.8;6;9;2011;160;21.0
2011-06-10;16.2;28.9;6;10;2011;161;22.6
2011-06-11;17.0;31.2;6;11;2011;162;24.1
2011-06-12;19.0;35.1;6;12;2011;163;27.0
2011-06-13;19.7;34.8;6;13;2011;164;27.2
2011-06-14;20.0;35.1;6;14;2011;165;27.6
2011-06-15;19.7;37.2;6;15;2011;166;28.4
2011-06-16;22.0;37.5;6;16;2011;167;29.8
2011-06-17;20.5;36.6;6;17;2011;168;28.6
2011-06-18;20.3;34.9;6;18;2011;169;27.6
2011-06-19;19.0;37.0;6;19;2011;170;28.0
2011-06-20;20.4;36.7;6;20;2011;171;28.6
2011-06-21;21.5;38.4;6;21;2011;172;30.0
2011-06-22;22.0;39.0;6;22;2011;173;30.5
2011-06-23;22.0;37.2;6;23;2011;174;29.6
2011-06-24;20.3;38.2;6;24;2011;175;29.2
2011-06-25;23.0;38.8;6;25;2011;176;30.9
2011-06-26;23.9;40.0;6;26;2011;177;32.0
2011-06-27;23.2;39.1;6;27;2011;178;31.2
2011-06-28;22.2;38.7;6;28;2011;179;30.4
2011-06-29;24.0;40.5;6;29;2011;180;32.2
2011-06-30;22.8;38.9;6;30;2011;181;30.8
2011-07-01;23.9;37.4;7;1;2011;182;30.6
2011-07-02;22.9;38.8;7;2;2011;183;30.8
2011-07-03;22.2;30.7;7;3;2011;184;26.4
2011-07-04;17.0;31.4;7;4;2011;185;24.2
2011-07-05;20.0;38.2;7;5;2011;186;29.1
2011-07-06;23.5;38.5;7;6;2011;187;31.0
2011-07-07;18.2;35.5;7;7;2011;188;26.8
2011-07-08;17.5;34.8;7;8;2011;189;26.2
2011-07-09;22.0;37.3;7;9;2011;190;29.6
2011-07-10;21.3;36.5;7;10;2011;191;28.9
2011-07-11;20.2;36.5;7;11;2011;192;28.4
2011-07-12;21.1;36.0;7;12;2011;193;28.6
2011-07-13;20.5;34.5;7;13;2011;194;27.5
2011-07-14;22.0;36.1;7;14;2011;195;29.0
2011-07-15;21.5;36.6;7;15;2011;196;29.0
2011-07-16;23.2;37.8;7;16;2011;197;30.5
2011-07-17;22.0;35.4;7;17;2011;198;28.7
2011-07-18;18.0;30.7;7;18;2011;199;24.4
2011-07-19;20.5;33.8;7;19;2011;200;27.2
2011-07-20;19.6;36.5;7;20;2011;201;28.0
2011-07-21;22.8;38.0;7;21;2011;202;30.4
2011-07-22;22.0;32.0;7;22;2011;203;27.0
2011-07-23;21.4;30.2;7;23;2011;204;25.8
2011-07-24;19.5;32.6;7;24;2011;205;26.0
2011-07-25;20.5;35.5;7;25;2011;206;28.0
2011-07-26;22.5;39.9;7;26;2011;207;31.2
2011-07-27;23.5;39.6;7;27;2011;208;31.6
2011-07-28;23.0;37.2;7;28;2011;209;30.1
2011-07-29;23.3;36.3;7;29;2011;210;29.8
2011-07-30;21.2;34.5;7;30;2011;211;27.8
2011-07-31;21.0;35.0;7;31;2011;212;28.0
2011-08-01;21.0;35.4;8;1;2011;213;28.2
2011-08-02;19.5;31.0;8;2;2011;214;25.2
2011-08-03;20.2;35.4;8;3;2011;215;27.8
2011-08-04;21.7;38.3;8;4;2011;216;30.0
2011-08-05;21.2;36.8;8;5;2011;217;29.0
2011-08-06;23.0;36.2;8;6;2011;218;29.6
2011-08-07;24.0;38.0;8;7;2011;219;31.0
2011-08-08;24.9;39.8;8;8;2011;220;32.4
2011-08-09;23.6;39.8;8;9;2011;221;31.7
2011-08-10;25.0;39.5;8;10;2011;222;32.2
2011-08-11;24.0;38.5;8;11;2011;223;31.2
2011-08-12;23.4;32.8;8;12;2011;224;28.1
2011-08-13;21.7;36.7;8;13;2011;225;29.2
2011-08-14;23.5;39.5;8;14;2011;226;31.5
2011-08-15;23.5;39.5;8;15;2011;227;31.5
2011-08-16;23.5;39.5;8;16;2011;228;31.5
2011-08-17;23.0;37.3;8;17;2011;229;30.2
2011-08-18;23.8;35.4;8;18;2011;230;29.6
2011-08-19;24.2;42.0;8;19;2011;231;33.1
2011-08-20;28.3;41.4;8;20;2011;232;34.8
2011-08-21;22.3;31.0;8;21;2011;233;26.6
2011-08-22;21.5;31.8;8;22;2011;234;26.6
2011-08-23;21.0;34.5;8;23;2011;235;27.8
2011-08-24;19.6;34.6;8;24;2011;236;27.1
2011-08-25;19.6;34.5;8;25;2011;237;27.0
2011-08-26;20.0;33.5;8;26;2011;238;26.8
2011-08-27;18.4;35.5;8;27;2011;239;27.0
2011-08-28;20.0;36.0;8;28;2011;240;28.0
2011-08-29;22.2;33.5;8;29;2011;241;27.8
2011-08-30;19.6;33.0;8;30;2011;242;26.3
2011-08-31;19.1;27.7;8;31;2011;243;23.4
2011-09-01;18.5;24.2;9;1;2011;244;21.4
2011-09-02;17.8;25.5;9;2;2011;245;21.6
2011-09-03;17.0;29.3;9;3;2011;246;23.2
2011-09-04;17.8;31.4;9;4;2011;247;24.6
2011-09-05;18.6;32.8;9;5;2011;248;25.7
2011-09-06;19.8;35.6;9;6;2011;249;27.7
2011-09-07;19.4;37.0;9;7;2011;250;28.2
2011-09-08;18.8;38.7;9;8;2011;251;28.8
2011-09-09;19.6;39.0;9;9;2011;252;29.3
2011-09-10;20.0;32.1;9;10;2011;253;26.0
2011-09-11;20.1;33.2;9;11;2011;254;26.6
2011-09-12;19.6;37.9;9;12;2011;255;28.8
2011-09-13;19.4;38.0;9;13;2011;256;28.7
2011-09-14;20.2;36.9;9;14;2011;257;28.6
2011-09-15;20.6;34.5;9;15;2011;258;27.6
2011-09-16;20.9;32.4;9;16;2011;259;26.6
2011-09-17;20.7;32.8;9;17;2011;260;26.8
2011-09-18;18.9;31.0;9;18;2011;261;25.0
2011-09-19;17.1;31.7;9;19;2011;262;24.4
2011-09-20;19.9;34.8;9;20;2011;263;27.4
2011-09-21;17.8;31.4;9;21;2011;264;24.6
2011-09-22;19.5;30.4;9;22;2011;265;25.0
2011-09-23;18.6;27.2;9;23;2011;266;22.9
2011-09-24;15.3;29.3;9;24;2011;267;22.3
2011-09-25;15.6;32.5;9;25;2011;268;24.0
2011-09-26;16.4;33.9;9;26;2011;269;25.2
2011-09-27;19.1;33.0;9;27;2011;270;26.0
2011-09-28;18.8;31.8;9;28;2011;271;25.3
2011-09-29;20.4;32.4;9;29;2011;272;26.4
2011-09-30;20.1;31.9;9;30;2011;273;26.0
2011-10-01;21.7;33.2;10;1;2011;274;27.4
2011-10-02;21.6;33.4;10;2;2011;275;27.5
2011-10-03;18.4;33.3;10;3;2011;276;25.8
2011-10-04;17.3;34.3;10;4;2011;277;25.8
2011-10-05;17.3;33.3;10;5;2011;278;25.3
2011-10-06;15.9;34.1;10;6;2011;279;25.0
2011-10-07;17.2;33.6;10;7;2011;280;25.4
2011-10-08;18.3;28.8;10;8;2011;281;23.6
2011-10-09;15.2;29.6;10;9;2011;282;22.4
2011-10-10;17.2;32.8;10;10;2011;283;25.0
2011-10-11;16.5;34.5;10;11;2011;284;25.5
2011-10-12;15.4;35.5;10;12;2011;285;25.4
2011-10-13;15.0;35.9;10;13;2011;286;25.4
2011-10-14;14.8;34.8;10;14;2011;287;24.8
2011-10-15;15.6;31.8;10;15;2011;288;23.7
2011-10-16;17.2;31.1;10;16;2011;289;24.2
2011-10-17;17.4;29.0;10;17;2011;290;23.2
2011-10-18;14.9;28.6;10;18;2011;291;21.8
2011-10-19;13.8;29.0;10;19;2011;292;21.4
2011-10-20;13.2;29.8;10;20;2011;293;21.5
2011-10-21;14.8;30.0;10;21;2011;294;22.4
2011-10-22;15.6;28.0;10;22;2011;295;21.8
2011-10-23;14.2;24.9;10;23;2011;296;19.6
2011-10-24;15.7;24.2;10;24;2011;297;20.0
2011-10-25;12.2;21.5;10;25;2011;298;16.8
2011-10-26;13.9;22.2;10;26;2011;299;18.0
2011-10-27;15.5;22.3;10;27;2011;300;18.9
2011-10-28;12.6;24.1;10;28;2011;301;18.4
2011-10-29;13.8;25.2;10;29;2011;302;19.5
2011-10-30;14.7;26.6;10;30;2011;303;20.6
2011-10-31;14.4;26.5;10;31;2011;304;20.4
2011-11-01;15.3;24.4;11;1;2011;305;19.8
2011-11-02;16.9;22.4;11;2;2011;306;19.6
2011-11-03;15.1;21.8;11;3;2011;307;18.4
2011-11-04;12.3;17.5;11;4;2011;308;14.9
2011-11-05;10.8;18.9;11;5;2011;309;14.8
2011-11-06;9.0;19.6;11;6;2011;310;14.3
2011-11-07;7.5;20.0;11;7;2011;311;13.8
2011-11-08;8.7;19.2;11;8;2011;312;14.0
2011-11-09;13.0;20.9;11;9;2011;313;17.0
2011-11-10;11.7;24.3;11;10;2011;314;18.0
2011-11-11;12.0;24.6;11;11;2011;315;18.3
2011-11-12;14.1;28.3;11;12;2011;316;21.2
2011-11-13;14.9;25.2;11;13;2011;317;20.0
2011-11-14;13.7;19.2;11;14;2011;318;16.4
2011-11-15;10.4;19.7;11;15;2011;319;15.0
2011-11-16;9.2;18.7;11;16;2011;320;14.0
2011-11-17;9.1;20.9;11;17;2011;321;15.0
2011-11-18;10.1;21.6;11;18;2011;322;15.8
2011-11-19;13.2;16.1;11;19;2011;323;14.6
2011-11-20;11.9;15.1;11;20;2011;324;13.5
2011-11-21;10.6;19.1;11;21;2011;325;14.8
2011-11-22;9.6;16.9;11;22;2011;326;13.2
2011-11-23;8.1;17.2;11;23;2011;327;12.6
2011-11-24;10.9;20.9;11;24;2011;328;15.9
2011-11-25;9.5;20.8;11;25;2011;329;15.2
2011-11-26;8.3;20.4;11;26;2011;330;14.4
2011-11-27;6.8;19.0;11;27;2011;331;12.9
2011-11-28;5.6;18.3;11;28;2011;332;12.0
2011-11-29;6.2;19.3;11;29;2011;333;12.8
2011-11-30;7.0;18.6;11;30;2011;334;12.8
2011-12-01;7.3;19.8;12;1;2011;335;13.6
2011-12-02;7.9;17.1;12;2;2011;336;12.5
2011-12-03;5.2;18.5;12;3;2011;337;11.8
2011-12-04;5.9;18.3;12;4;2011;338;12.1
2011-12-05;6.2;19.3;12;5;2011;339;12.8
2011-12-06;6.4;18.3;12;6;2011;340;12.4
2011-12-07;6.2;17.8;12;7;2011;341;12.0
2011-12-08;6.9;18.2;12;8;2011;342;12.6
2011-12-09;7.1;15.9;12;9;2011;343;11.5
2011-12-10;7.3;11.9;12;10;2011;344;9.6
2011-12-11;9.6;15.6;12;11;2011;345;12.6
2011-12-12;7.4;15.9;12;12;2011;346;11.6
2011-12-13;10.7;17.7;12;13;2011;347;14.2
2011-12-14;10.0;17.0;12;14;2011;348;13.5
2011-12-15;6.8;17.2;12;15;2011;349;12.0
2011-12-16;5.6;16.1;12;16;2011;350;10.8
2011-12-17;6.1;16.7;12;17;2011;351;11.4
2011-12-18;2.9;13.8;12;18;2011;352;8.4
2011-12-19;3.7;14.8;12;19;2011;353;9.2
2011-12-20;2.8;16.0;12;20;2011;354;9.4
2011-12-21;3.4;19.5;12;21;2011;355;11.4
2011-12-22;5.1;22.2;12;22;2011;356;13.6
2011-12-23;5.2;18.9;12;23;2011;357;12.0
2011-12-24;4.9;18.2;12;24;2011;358;11.6
2011-12-25;8.1;18.3;12;25;2011;359;13.2
2011-12-26;8.2;19.5;12;26;2011;360;13.8
2011-12-27;7.5;17.1;12;27;2011;361;12.3
2011-12-28;5.0;17.7;12;28;2011;362;11.4
2011-12-29;3.8;17.5;12;29;2011;363;10.6
2011-12-30;2.7;16.1;12;30;2011;364;9.4
2011-12-31;2.5;18.9;12;31;2011;365;10.7
2012-01-01;2.4;17.4;1;1;2012;1;9.9
2012-01-02;7.5;19.0;1;2;2012;2;13.2
2012-01-03;4.2;17.7;1;3;2012;3;11.0
2012-01-04;4.0;18.8;1;4;2012;4;11.4
2012-01-05;5.2;22.4;1;5;2012;5;13.8
2012-01-06;1.4;19.1;1;6;2012;6;10.2
2012-01-07;7.4;20.0;1;7;2012;7;13.7
2012-01-08;6.8;18.7;1;8;2012;8;12.8
2012-01-09;3.9;19.4;1;9;2012;9;11.6
2012-01-10;4.4;19.4;1;10;2012;10;11.9
2012-01-11;4.7;17.8;1;11;2012;11;11.2
2012-01-12;5.7;13.9;1;12;2012;12;9.8
2012-01-13;4.4;18.8;1;13;2012;13;11.6
2012-01-14;5.4;18.1;1;14;2012;14;11.8
2012-01-15;4.6;11.1;1;15;2012;15;7.8
2012-01-16;5.1;13.2;1;16;2012;16;9.2
2012-01-17;3.2;17.0;1;17;2012;17;10.1
2012-01-18;4.3;17.9;1;18;2012;18;11.1
2012-01-19;4.5;16.9;1;19;2012;19;10.7
2012-01-20;3.4;17.0;1;20;2012;20;10.2
2012-01-21;5.7;18.8;1;21;2012;21;12.2
2012-01-22;4.0;18.9;1;22;2012;22;11.4
2012-01-23;3.3;17.1;1;23;2012;23;10.2
2012-01-24;4.3;15.7;1;24;2012;24;10.0
2012-01-25;5.1;18.7;1;25;2012;25;11.9
2012-01-26;4.2;19.0;1;26;2012;26;11.6
2012-01-27;7.6;16.0;1;27;2012;27;11.8
2012-01-28;5.6;17.1;1;28;2012;28;11.4
2012-01-29;3.7;16.5;1;29;2012;29;10.1
2012-01-30;2.2;15.3;1;30;2012;30;8.8
2012-01-31;1.9;18.0;1;31;2012;31;10.0
2012-02-01;1.7;17.0;2;1;2012;32;9.4
2012-02-02;3.3;14.5;2;2;2012;33;8.9
2012-02-03;-1.5;11.5;2;3;2012;34;5.0
2012-02-04;-1.7;11.6;2;4;2012;35;5.0
2012-02-05;-1.4;14.0;2;5;2012;36;6.3
2012-02-06;3.4;19.5;2;6;2012;37;11.4
2012-02-07;3.9;20.5;2;7;2012;38;12.2
2012-02-08;1.9;12.9;2;8;2012;39;7.4
2012-02-09;-0.4;13.6;2;9;2012;40;6.6
2012-02-10;-1.3;16.5;2;10;2012;41;7.6
2012-02-11;0.5;15.8;2;11;2012;42;8.2
2012-02-12;-2.0;12.3;2;12;2012;43;5.2
2012-02-13;-0.5;13.3;2;13;2012;44;6.4
2012-02-14;-1.4;16.7;2;14;2012;45;7.6
2012-02-15;3.3;15.8;2;15;2012;46;9.6
2012-02-16;0.8;18.1;2;16;2012;47;9.4
2012-02-17;2.7;16.8;2;17;2012;48;9.8
2012-02-18;6.4;19.2;2;18;2012;49;12.8
2012-02-19;2.7;21.3;2;19;2012;50;12.0
2012-02-20;3.3;20.5;2;20;2012;51;11.9
2012-02-21;0.3;19.8;2;21;2012;52;10.0
2012-02-22;1.0;19.3;2;22;2012;53;10.2
2012-02-23;0.9;20.5;2;23;2012;54;10.7
2012-02-24;4.2;21.7;2;24;2012;55;13.0
2012-02-25;2.1;22.1;2;25;2012;56;12.1
2012-02-26;7.9;21.1;2;26;2012;57;14.5
2012-02-27;3.8;23.0;2;27;2012;58;13.4
2012-02-28;5.3;22.0;2;28;2012;59;13.6
2012-02-29;4.4;22.1;2;29;2012;60;13.2
2012-03-01;7.4;19.6;3;1;2012;61;13.5
2012-03-02;7.9;17.2;3;2;2012;62;12.6
2012-03-03;9.1;20.2;3;3;2012;63;14.6
2012-03-04;5.9;22.9;3;4;2012;64;14.4
2012-03-05;6.8;22.6;3;5;2012;65;14.7
2012-03-06;5.6;21.2;3;6;2012;66;13.4
2012-03-07;4.4;20.6;3;7;2012;67;12.5
2012-03-08;2.6;23.9;3;8;2012;68;13.2
2012-03-09;7.3;22.2;3;9;2012;69;14.8
2012-03-10;5.0;21.6;3;10;2012;70;13.3
2012-03-11;5.0;23.3;3;11;2012;71;14.2
2012-03-12;5.8;24.5;3;12;2012;72;15.2
2012-03-13;6.5;27.3;3;13;2012;73;16.9
2012-03-14;6.3;28.4;3;14;2012;74;17.4
2012-03-15;8.15;22.9;3;15;2012;75;16.0
2012-03-16;10.0;19.2;3;16;2012;76;14.6
2012-03-17;10.5;20.1;3;17;2012;77;15.3
2012-03-18;6.7;20.0;3;18;2012;78;13.4
2012-03-19;4.4;21.1;3;19;2012;79;12.8
2012-03-20;6.4;18.8;3;20;2012;80;12.6
2012-03-21;4.0;18.9;3;21;2012;81;11.4
2012-03-22;6.0;22.7;3;22;2012;82;14.4
2012-03-23;11.2;28.4;3;23;2012;83;19.8
2012-03-24;14.2;20.2;3;24;2012;84;17.2
2012-03-25;13.8;24.6;3;25;2012;85;19.2
2012-03-26;12.2;25.4;3;26;2012;86;18.8
2012-03-27;11.9;24.6;3;27;2012;87;18.2
2012-03-28;10.4;24.8;3;28;2012;88;17.6
2012-03-29;10.9;23.2;3;29;2012;89;17.0
2012-03-30;12.3;24.3;3;30;2012;90;18.3
2012-03-31;12.0;19.6;3;31;2012;91;15.8
2012-04-01;12.7;19.6;4;1;2012;92;16.2
2012-04-02;12.8;16.7;4;2;2012;93;14.8
2012-04-03;12.9;18.9;4;3;2012;94;15.9
2012-04-04;12.4;18.1;4;4;2012;95;15.2
2012-04-05;8.8;18.1;4;5;2012;96;13.4
2012-04-06;5.8;15.7;4;6;2012;97;10.8
2012-04-07;6.5;19.2;4;7;2012;98;12.8
2012-04-08;7.2;23.5;4;8;2012;99;15.4
2012-04-09;8.8;28.0;4;9;2012;100;18.4
2012-04-10;12.2;21.5;4;10;2012;101;16.8
2012-04-11;11.2;21.2;4;11;2012;102;16.2
2012-04-12;11.3;20.9;4;12;2012;103;16.1
2012-04-13;10.0;21.3;4;13;2012;104;15.6
2012-04-14;11.1;19.4;4;14;2012;105;15.2
2012-04-15;7.6;19.8;4;15;2012;106;13.7
2012-04-16;8.2;21.1;4;16;2012;107;14.6
2012-04-17;6.7;25.2;4;17;2012;108;16.0
2012-04-18;11.4;21.5;4;18;2012;109;16.4
2012-04-19;12.4;21.4;4;19;2012;110;16.9
2012-04-20;11.7;21.7;4;20;2012;111;16.7
2012-04-21;9.4;25.3;4;21;2012;112;17.4
2012-04-22;10.8;25.8;4;22;2012;113;18.3
2012-04-23;10.4;26.0;4;23;2012;114;18.2
2012-04-24;11.4;24.9;4;24;2012;115;18.2
2012-04-25;9.1;22.0;4;25;2012;116;15.6
2012-04-26;14.7;20.7;4;26;2012;117;17.7
2012-04-27;14.8;21.5;4;27;2012;118;18.2
2012-04-28;10.2;18.6;4;28;2012;119;14.4
2012-04-29;10.0;17.9;4;29;2012;120;14.0
2012-04-30;7.7;19.0;4;30;2012;121;13.4
2012-05-01;8.3;21.0;5;1;2012;122;14.6
2012-05-02;9.8;22.1;5;2;2012;123;16.0
2012-05-03;12.5;20.8;5;3;2012;124;16.6
2012-05-04;14.3;20.3;5;4;2012;125;17.3
2012-05-05;14.4;21.0;5;5;2012;126;17.7
2012-05-06;10.7;23.4;5;6;2012;127;17.0
2012-05-07;11.4;25.6;5;7;2012;128;18.5
2012-05-08;13.7;28.6;5;8;2012;129;21.2
2012-05-09;16.8;33.9;5;9;2012;130;25.4
2012-05-10;16.5;37.3;5;10;2012;131;26.9
2012-05-11;20.1;37.9;5;11;2012;132;29.0
2012-05-12;19.0;37.3;5;12;2012;133;28.2
2012-05-13;18.7;38.4;5;13;2012;134;28.6
2012-05-14;20.3;38.3;5;14;2012;135;29.3
2012-05-15;18.2;38.3;5;15;2012;136;28.2
2012-05-16;20.1;37.8;5;16;2012;137;29.0
2012-05-17;17.7;34.5;5;17;2012;138;26.1
2012-05-18;17.8;26.5;5;18;2012;139;22.2
2012-05-19;14.8;24.1;5;19;2012;140;19.4
2012-05-20;12.0;21.1;5;20;2012;141;16.6
2012-05-21;10.0;25.7;5;21;2012;142;17.8
2012-05-22;12.0;29.6;5;22;2012;143;20.8
2012-05-23;14.4;33.8;5;23;2012;144;24.1
2012-05-24;15.7;35.3;5;24;2012;145;25.5
2012-05-25;16.4;32.2;5;25;2012;146;24.3
2012-05-26;16.7;30.7;5;26;2012;147;23.7
2012-05-27;17.0;31.9;5;27;2012;148;24.4
2012-05-28;19.5;34.3;5;28;2012;149;26.9
2012-05-29;16.5;34.2;5;29;2012;150;25.4
2012-05-30;19.0;36.3;5;30;2012;151;27.6
2012-05-31;22.3;38.3;5;31;2012;152;30.3
2012-06-01;19.5;31.6;6;1;2012;153;25.6
2012-06-02;19.6;26.8;6;2;2012;154;23.2
2012-06-03;17.8;32.3;6;3;2012;155;25.0
2012-06-04;16.3;34.8;6;4;2012;156;25.6
2012-06-05;18.8;36.0;6;5;2012;157;27.4
2012-06-06;19.9;37.0;6;6;2012;158;28.4
2012-06-07;19.5;32.2;6;7;2012;159;25.8
2012-06-08;17.1;30.7;6;8;2012;160;23.9
2012-06-09;16.1;31.8;6;9;2012;161;24.0
2012-06-10;17.7;35.0;6;10;2012;162;26.4
2012-06-11;20.3;32.6;6;11;2012;163;26.4
2012-06-12;15.6;31.1;6;12;2012;164;23.4
2012-06-13;16.3;33.9;6;13;2012;165;25.1
2012-06-14;17.1;33.7;6;14;2012;166;25.4
2012-06-15;18.6;35.9;6;15;2012;167;27.2
2012-06-16;20.5;36.8;6;16;2012;168;28.6
2012-06-17;21.8;37.6;6;17;2012;169;29.7
2012-06-18;22.1;35.8;6;18;2012;170;29.0
2012-06-19;18.0;30.6;6;19;2012;171;24.3
2012-06-20;15.1;29.7;6;20;2012;172;22.4
2012-06-21;17.2;31.0;6;21;2012;173;24.1
2012-06-22;17.6;36.7;6;22;2012;174;27.2
2012-06-23;17.6;38.5;6;23;2012;175;28.0
2012-06-24;20.6;41.2;6;24;2012;176;30.9
2012-06-25;23.5;39.8;6;25;2012;177;31.6
2012-06-26;24.3;40.9;6;26;2012;178;32.6
2012-06-27;24.6;40.3;6;27;2012;179;32.4
2012-06-28;21.7;38.4;6;28;2012;180;30.0
2012-06-29;19.9;34.1;6;29;2012;181;27.0
2012-06-30;18.6;31.5;6;30;2012;182;25.0
2012-07-01;17.2;33.4;7;1;2012;183;25.3
2012-07-02;17.4;37.0;7;2;2012;184;27.2
2012-07-03;18.4;37.2;7;3;2012;185;27.8
2012-07-04;20.7;37.0;7;4;2012;186;28.8
2012-07-05;19.2;33.0;7;5;2012;187;26.1
2012-07-06;16.8;35.3;7;6;2012;188;26.0
2012-07-07;17.6;35.7;7;7;2012;189;26.6
2012-07-08;19.7;33.9;7;8;2012;190;26.8
2012-07-09;17.6;32.5;7;9;2012;191;25.0
2012-07-10;16.6;33.0;7;10;2012;192;24.8
2012-07-11;16.5;33.9;7;11;2012;193;25.2
2012-07-12;16.8;38.5;7;12;2012;194;27.6
2012-07-13;18.9;40.2;7;13;2012;195;29.6
2012-07-14;21.4;36.8;7;14;2012;196;29.1
2012-07-15;19.4;38.2;7;15;2012;197;28.8
2012-07-16;20.6;38.7;7;16;2012;198;29.6
2012-07-17;24.4;39.9;7;17;2012;199;32.2
2012-07-18;22.2;40.6;7;18;2012;200;31.4
2012-07-19;21.0;40.5;7;19;2012;201;30.8
2012-07-20;20.5;39.5;7;20;2012;202;30.0
2012-07-21;20.5;38.8;7;21;2012;203;29.6
2012-07-22;22.7;35.4;7;22;2012;204;29.0
2012-07-23;21.9;32.7;7;23;2012;205;27.3
2012-07-24;21.8;33.4;7;24;2012;206;27.6
2012-07-25;20.3;35.2;7;25;2012;207;27.8
2012-07-26;20.2;29.5;7;26;2012;208;24.8
2012-07-27;19.7;28.3;7;27;2012;209;24.0
2012-07-28;18.1;31.5;7;28;2012;210;24.8
2012-07-29;17.4;37.2;7;29;2012;211;27.3
2012-07-30;18.6;38.4;7;30;2012;212;28.5
2012-07-31;19.5;39.2;7;31;2012;213;29.4
2012-08-01;20.0;38.3;8;1;2012;214;29.2
2012-08-02;19.5;40.1;8;2;2012;215;29.8
2012-08-03;19.9;39.2;8;3;2012;216;29.6
2012-08-04;19.7;38.4;8;4;2012;217;29.0
2012-08-05;20.0;33.1;8;5;2012;218;26.6
2012-08-06;17.6;33.0;8;6;2012;219;25.3
2012-08-07;17.5;37.0;8;7;2012;220;27.2
2012-08-08;23.0;38.2;8;8;2012;221;30.6
2012-08-09;24.6;41.1;8;9;2012;222;32.8
2012-08-10;24.3;43.7;8;10;2012;223;34.0
2012-08-11;24.3;45.9;8;11;2012;224;35.1
2012-08-12;22.1;37.6;8;12;2012;225;29.8
2012-08-13;18.8;32.8;8;13;2012;226;25.8
2012-08-14;18.6;33.2;8;14;2012;227;25.9
2012-08-15;18.8;31.8;8;15;2012;228;25.3
2012-08-16;19.9;37.0;8;16;2012;229;28.4
2012-08-17;21.0;39.1;8;17;2012;230;30.0
2012-08-18;21.2;37.4;8;18;2012;231;29.3
2012-08-19;24.5;39.2;8;19;2012;232;31.8
2012-08-20;23.4;41.7;8;20;2012;233;32.6
2012-08-21;24.7;42.4;8;21;2012;234;33.6
2012-08-22;23.4;40.3;8;22;2012;235;31.8
2012-08-23;20.8;35.2;8;23;2012;236;28.0
2012-08-24;19.4;34.7;8;24;2012;237;27.0
2012-08-25;20.1;34.6;8;25;2012;238;27.4
2012-08-26;19.7;35.1;8;26;2012;239;27.4
2012-08-27;16.8;32.9;8;27;2012;240;24.8
2012-08-28;17.3;36.8;8;28;2012;241;27.0
2012-08-29;19.3;35.5;8;29;2012;242;27.4
2012-08-30;17.9;34.3;8;30;2012;243;26.1
2012-08-31;17.5;36.0;8;31;2012;244;26.8
2012-09-01;19.9;34.8;9;1;2012;245;27.4
2012-09-02;18.9;35.0;9;2;2012;246;27.0
2012-09-03;18.6;33.7;9;3;2012;247;26.2
2012-09-04;17.5;35.3;9;4;2012;248;26.4
2012-09-05;17.8;35.6;9;5;2012;249;26.7
2012-09-06;19.8;36.4;9;6;2012;250;28.1
2012-09-07;20.5;34.6;9;7;2012;251;27.6
2012-09-08;20.7;32.4;9;8;2012;252;26.6
2012-09-09;19.8;30.1;9;9;2012;253;25.0
2012-09-10;19.5;31.5;9;10;2012;254;25.5
2012-09-11;18.5;34.7;9;11;2012;255;26.6
2012-09-12;18.5;38.0;9;12;2012;256;28.2
2012-09-13;19.4;36.6;9;13;2012;257;28.0
2012-09-14;16.8;36.1;9;14;2012;258;26.4
2012-09-15;16.1;36.1;9;15;2012;259;26.1
2012-09-16;17.8;32.9;9;16;2012;260;25.4
2012-09-17;19.5;34.2;9;17;2012;261;26.8
2012-09-18;19.3;31.3;9;18;2012;262;25.3
2012-09-19;21.4;31.7;9;19;2012;263;26.6
2012-09-20;19.4;32.8;9;20;2012;264;26.1
2012-09-21;19.7;32.3;9;21;2012;265;26.0
2012-09-22;19.3;31.0;9;22;2012;266;25.2
2012-09-23;18.5;29.2;9;23;2012;267;23.8
2012-09-24;15.0;27.6;9;24;2012;268;21.3
2012-09-25;14.9;25.9;9;25;2012;269;20.4
2012-09-26;17.2;21.0;9;26;2012;270;19.1
2012-09-27;16.2;19.4;9;27;2012;271;17.8
2012-09-28;16.8;21.2;9;28;2012;272;19.0
2012-09-29;16.9;23.6;9;29;2012;273;20.2
2012-09-30;15.5;26.3;9;30;2012;274;20.9
2012-10-01;15.8;28.4;10;1;2012;275;22.1
2012-10-02;16.5;29.1;10;2;2012;276;22.8
2012-10-03;15.8;29.3;10;3;2012;277;22.6
2012-10-04;15.1;31.3;10;4;2012;278;23.2
2012-10-05;15.7;27.5;10;5;2012;279;21.6
2012-10-06;19.4;27.9;10;6;2012;280;23.6
2012-10-07;16.7;31.1;10;7;2012;281;23.9
2012-10-08;16.0;32.9;10;8;2012;282;24.4
2012-10-09;17.9;34.2;10;9;2012;283;26.0
2012-10-10;18.4;31.1;10;10;2012;284;24.8
2012-10-11;18.6;29.2;10;11;2012;285;23.9
2012-10-12;17.9;26.7;10;12;2012;286;22.3
2012-10-13;13.9;26.8;10;13;2012;287;20.4
2012-10-14;14.5;27.2;10;14;2012;288;20.8
2012-10-15;12.4;23.8;10;15;2012;289;18.1
2012-10-16;11.2;26.5;10;16;2012;290;18.8
2012-10-17;10.2;26.0;10;17;2012;291;18.1
2012-10-18;13.3;24.4;10;18;2012;292;18.8
2012-10-19;13.0;20.1;10;19;2012;293;16.6
2012-10-20;10.9;21.9;10;20;2012;294;16.4
2012-10-21;10.5;18.5;10;21;2012;295;14.5
2012-10-22;16.5;21.5;10;22;2012;296;19.0
2012-10-23;14.9;28.0;10;23;2012;297;21.4
2012-10-24;16.8;19.3;10;24;2012;298;18.0
2012-10-25;15.7;21.2;10;25;2012;299;18.4
2012-10-26;16.1;20.5;10;26;2012;300;18.3
2012-10-27;15.0;22.0;10;27;2012;301;18.5
2012-10-28;9.4;17.7;10;28;2012;302;13.6
2012-10-29;9.7;18.6;10;29;2012;303;14.2
2012-10-30;12.4;16.3;10;30;2012;304;14.4
2012-10-31;11.2;17.6;10;31;2012;305;14.4
2012-11-01;14.1;20.9;11;1;2012;306;17.5
2012-11-02;11.5;18.9;11;2;2012;307;15.2
2012-11-03;15.7;23.0;11;3;2012;308;19.4
2012-11-04;16.0;22.0;11;4;2012;309;19.0
2012-11-05;10.6;16.3;11;5;2012;310;13.4
2012-11-06;12.4;15.1;11;6;2012;311;13.8
2012-11-07;13.7;17.7;11;7;2012;312;15.7
2012-11-08;15.6;19.6;11;8;2012;313;17.6
2012-11-09;11.9;19.6;11;9;2012;314;15.8
2012-11-10;9.7;18.2;11;10;2012;315;14.0
2012-11-11;10.1;16.1;11;11;2012;316;13.1
2012-11-12;9.5;18.9;11;12;2012;317;14.2
2012-11-13;8.6;20.8;11;13;2012;318;14.7
2012-11-14;9.2;19.8;11;14;2012;319;14.5
2012-11-15;12.7;24.4;11;15;2012;320;18.6
2012-11-16;10.4;22.8;11;16;2012;321;16.6
2012-11-17;15.1;20.1;11;17;2012;322;17.6
2012-11-18;13.2;20.5;11;18;2012;323;16.8
2012-11-19;10.5;21.1;11;19;2012;324;15.8
2012-11-20;9.3;18.8;11;20;2012;325;14.0
2012-11-21;13.4;15.8;11;21;2012;326;14.6
2012-11-22;13.3;20.5;11;22;2012;327;16.9
2012-11-23;13.05;19.85;11;23;2012;328;16.45
2012-11-24;12.8;19.2;11;24;2012;329;16.0
2012-11-25;12.7;20.1;11;25;2012;330;16.4
2012-11-26;9.7;18.0;11;26;2012;331;13.8
2012-11-27;6.2;15.0;11;27;2012;332;10.6
2012-11-28;5.8;14.7;11;28;2012;333;10.2
2012-11-29;3.7;15.0;11;29;2012;334;9.4
2012-11-30;4.3;12.0;11;30;2012;335;8.2
2012-12-01;3.9;12.3;12;1;2012;336;8.1
2012-12-02;2.1;13.1;12;2;2012;337;7.6
2012-12-03;1.5;15.3;12;3;2012;338;8.4
2012-12-04;2.1;14.8;12;4;2012;339;8.4
2012-12-05;7.4;16.0;12;5;2012;340;11.7
2012-12-06;6.7;12.0;12;6;2012;341;9.4
2012-12-07;9.7;15.7;12;7;2012;342;12.7
2012-12-08;8.1;16.8;12;8;2012;343;12.4
2012-12-09;6.2;15.0;12;9;2012;344;10.6
2012-12-10;6.0;17.3;12;10;2012;345;11.6
2012-12-11;5.1;15.5;12;11;2012;346;10.3
2012-12-12;5.0;13.7;12;12;2012;347;9.4
2012-12-13;6.2;15.7;12;13;2012;348;11.0
2012-12-14;10.1;17.4;12;14;2012;349;13.8
2012-12-15;15.1;17.9;12;15;2012;350;16.5
2012-12-16;14.2;18.0;12;16;2012;351;16.1
2012-12-17;13.0;18.0;12;17;2012;352;15.5
2012-12-18;11.1;18.8;12;18;2012;353;15.0
2012-12-19;8.0;13.1;12;19;2012;354;10.6
2012-12-20;9.7;16.6;12;20;2012;355;13.2
2012-12-21;12.2;17.7;12;21;2012;356;15.0
2012-12-22;10.2;18.7;12;22;2012;357;14.4
2012-12-23;8.2;19.4;12;23;2012;358;13.8
2012-12-24;7.3;19.4;12;24;2012;359;13.4
2012-12-25;9.2;16.9;12;25;2012;360;13.0
2012-12-26;4.5;15.1;12;26;2012;361;9.8
2012-12-27;4.9;15.9;12;27;2012;362;10.4
2012-12-28;3.0;17.0;12;28;2012;363;10.0
2012-12-29;1.7;15.6;12;29;2012;364;8.6
2012-12-30;3.5;15.1;12;30;2012;365;9.3
2012-12-31;3.0;14.4;12;31;2012;366;8.7
2013-01-01;7.2;14.3;1;1;2013;1;10.8
2013-01-02;5.0;15.7;1;2;2013;2;10.4
2013-01-03;5.1;15.8;1;3;2013;3;10.4
2013-01-04;6.8;17.6;1;4;2013;4;12.2
2013-01-05;4.0;18.1;1;5;2013;5;11.0
2013-01-06;3.5;17.9;1;6;2013;6;10.7
2013-01-07;4.0;16.0;1;7;2013;7;10.0
2013-01-08;5.2;14.3;1;8;2013;8;9.8
2013-01-09;4.4;15.3;1;9;2013;9;9.8
2013-01-10;7.1;18.9;1;10;2013;10;13.0
2013-01-11;7.4;18.6;1;11;2013;11;13.0
2013-01-12;7.3;15.1;1;12;2013;12;11.2
2013-01-13;6.5;14.3;1;13;2013;13;10.4
2013-01-14;3.0;14.8;1;14;2013;14;8.9
2013-01-15;1.6;14.7;1;15;2013;15;8.2
2013-01-16;6.7;14.0;1;16;2013;16;10.4
2013-01-17;11.1;19.1;1;17;2013;17;15.1
2013-01-18;13.7;17.2;1;18;2013;18;15.4
2013-01-19;9.1;15.2;1;19;2013;19;12.2
2013-01-20;7.7;14.0;1;20;2013;20;10.8
2013-01-21;5.6;15.4;1;21;2013;21;10.5
2013-01-22;3.7;14.1;1;22;2013;22;8.9
2013-01-23;5.2;15.1;1;23;2013;23;10.2
2013-01-24;9.8;14.9;1;24;2013;24;12.4
2013-01-25;9.8;13.4;1;25;2013;25;11.6
2013-01-26;10.2;19.2;1;26;2013;26;14.7
2013-01-27;6.9;14.8;1;27;2013;27;10.8
2013-01-28;4.5;14.5;1;28;2013;28;9.5
2013-01-29;3.8;18.3;1;29;2013;29;11.0
2013-01-30;4.3;19.8;1;30;2013;30;12.0
2013-01-31;5.1;21.8;1;31;2013;31;13.4
2013-02-01;4.9;17.4;2;1;2013;32;11.2
2013-02-02;5.5;15.9;2;2;2013;33;10.7
2013-02-03;3.9;15.5;2;3;2013;34;9.7
2013-02-04;3.5;16.8;2;4;2013;35;10.2
2013-02-05;4.1;18.9;2;5;2013;36;11.5
2013-02-06;3.2;16.6;2;6;2013;37;9.9
2013-02-07;3.3;15.1;2;7;2013;38;9.2
2013-02-08;2.4;16.6;2;8;2013;39;9.5
2013-02-09;3.6;15.4;2;9;2013;40;9.5
2013-02-10;1.2;15.8;2;10;2013;41;8.5
2013-02-11;7.1;13.9;2;11;2013;42;10.5
2013-02-12;5.4;15.6;2;12;2013;43;10.5
2013-02-13;4.9;18.4;2;13;2013;44;11.6
2013-02-14;5.7;20.0;2;14;2013;45;12.8
2013-02-15;6.6;21.5;2;15;2013;46;14.0
2013-02-16;8.3;14.5;2;16;2013;47;11.4
2013-02-17;10.4;15.2;2;17;2013;48;12.8
2013-02-18;12.3;17.8;2;18;2013;49;15.0
2013-02-19;9.5;13.8;2;19;2013;50;11.6
2013-02-20;7.5;17.9;2;20;2013;51;12.7
2013-02-21;9.7;16.8;2;21;2013;52;13.2
2013-02-22;10.3;16.6;2;22;2013;53;13.4
2013-02-23;5.7;16.0;2;23;2013;54;10.8
2013-02-24;2.4;13.9;2;24;2013;55;8.2
2013-02-25;2.5;14.0;2;25;2013;56;8.2
2013-02-26;3.4;14.0;2;26;2013;57;8.7
2013-02-27;2.2;15.8;2;27;2013;58;9.0
2013-02-28;4.7;10.2;2;28;2013;59;7.4
2013-03-01;2.6;15.9;3;1;2013;60;9.2
2013-03-02;4.9;16.0;3;2;2013;61;10.4
2013-03-03;9.0;17.5;3;3;2013;62;13.2
2013-03-04;10.3;15.4;3;4;2013;63;12.8
2013-03-05;12.2;17.1;3;5;2013;64;14.6
2013-03-06;14.0;18.6;3;6;2013;65;16.3
2013-03-07;15.7;18.8;3;7;2013;66;17.2
2013-03-08;13.8;18.7;3;8;2013;67;16.2
2013-03-09;12.8;18.8;3;9;2013;68;15.8
2013-03-10;10.9;18.1;3;10;2013;69;14.5
2013-03-11;10.5;17.4;3;11;2013;70;14.0
2013-03-12;11.3;16.0;3;12;2013;71;13.6
2013-03-13;5.8;15.2;3;13;2013;72;10.5
2013-03-14;2.4;16.9;3;14;2013;73;9.6
2013-03-15;4.4;19.3;3;15;2013;74;11.8
2013-03-16;9.4;18.7;3;16;2013;75;14.0
2013-03-17;10.1;20.6;3;17;2013;76;15.4
2013-03-18;6.4;18.7;3;18;2013;77;12.6
2013-03-19;8.1;17.5;3;19;2013;78;12.8
2013-03-20;8.3;18.3;3;20;2013;79;13.3
2013-03-21;7.7;21.3;3;21;2013;80;14.5
2013-03-22;9.8;17.3;3;22;2013;81;13.6
2013-03-23;8.3;13.0;3;23;2013;82;10.6
2013-03-24;7.7;18.4;3;24;2013;83;13.0
2013-03-25;9.5;20.6;3;25;2013;84;15.0
2013-03-26;13.9;18.3;3;26;2013;85;16.1
2013-03-27;14.0;18.8;3;27;2013;86;16.4
2013-03-28;12.3;20.4;3;28;2013;87;16.4
2013-03-29;14.0;17.1;3;29;2013;88;15.6
2013-03-30;14.3;21.9;3;30;2013;89;18.1
2013-03-31;14.6;18.5;3;31;2013;90;16.6
2013-04-01;11.2;18.2;4;1;2013;91;14.7
2013-04-02;10.1;19.1;4;2;2013;92;14.6
2013-04-03;9.1;17.0;4;3;2013;93;13.0
2013-04-04;10.6;17.7;4;4;2013;94;14.2
2013-04-05;9.0;19.3;4;5;2013;95;14.2
2013-04-06;5.4;17.2;4;6;2013;96;11.3
2013-04-07;6.7;19.3;4;7;2013;97;13.0
2013-04-08;7.9;21.3;4;8;2013;98;14.6
2013-04-09;10.7;18.5;4;9;2013;99;14.6
2013-04-10;12.2;18.6;4;10;2013;100;15.4
2013-04-11;13.2;21.0;4;11;2013;101;17.1
2013-04-12;11.7;22.4;4;12;2013;102;17.0
2013-04-13;10.1;26.5;4;13;2013;103;18.3
2013-04-14;12.1;28.4;4;14;2013;104;20.2
2013-04-15;13.9;27.3;4;15;2013;105;20.6
2013-04-16;14.4;30.7;4;16;2013;106;22.6
2013-04-17;14.8;32.3;4;17;2013;107;23.6
2013-04-18;15.2;30.9;4;18;2013;108;23.0
2013-04-19;14.8;29.9;4;19;2013;109;22.4
2013-04-20;14.2;26.9;4;20;2013;110;20.6
2013-04-21;13.2;26.3;4;21;2013;111;19.8
2013-04-22;13.0;25.9;4;22;2013;112;19.4
2013-04-23;14.1;25.1;4;23;2013;113;19.6
2013-04-24;12.3;25.5;4;24;2013;114;18.9
2013-04-25;10.7;27.2;4;25;2013;115;19.0
2013-04-26;14.9;27.0;4;26;2013;116;21.0
2013-04-27;13.7;23.0;4;27;2013;117;18.4
2013-04-28;8.8;16.9;4;28;2013;118;12.8
2013-04-29;7.4;14.6;4;29;2013;119;11.0
2013-04-30;6.6;18.9;4;30;2013;120;12.8
2013-05-01;6.8;23.6;5;1;2013;121;15.2
2013-05-02;9.3;25.7;5;2;2013;122;17.5
2013-05-03;11.4;27.2;5;3;2013;123;19.3
2013-05-04;12.7;28.1;5;4;2013;124;20.4
2013-05-05;12.0;29.0;5;5;2013;125;20.5
2013-05-06;14.0;29.9;5;6;2013;126;22.0
2013-05-07;17.2;31.9;5;7;2013;127;24.6
2013-05-08;16.7;30.9;5;8;2013;128;23.8
2013-05-09;15.8;32.1;5;9;2013;129;24.0
2013-05-10;15.5;31.0;5;10;2013;130;23.2
2013-05-11;14.7;30.9;5;11;2013;131;22.8
2013-05-12;14.5;30.9;5;12;2013;132;22.7
2013-05-13;16.9;29.6;5;13;2013;133;23.2
2013-05-14;17.5;28.3;5;14;2013;134;22.9
2013-05-15;13.0;19.0;5;15;2013;135;16.0
2013-05-16;10.5;22.1;5;16;2013;136;16.3
2013-05-17;11.1;19.3;5;17;2013;137;15.2
2013-05-18;9.3;22.1;5;18;2013;138;15.7
2013-05-19;8.1;20.4;5;19;2013;139;14.2
2013-05-20;8.3;22.1;5;20;2013;140;15.2
2013-05-21;11.9;24.6;5;21;2013;141;18.2
2013-05-22;11.4;27.5;5;22;2013;142;19.4
2013-05-23;13.1;28.4;5;23;2013;143;20.8
2013-05-24;15.4;24.1;5;24;2013;144;19.8
2013-05-25;15.6;25.3;5;25;2013;145;20.4
2013-05-26;15.0;24.3;5;26;2013;146;19.6
2013-05-27;13.3;25.1;5;27;2013;147;19.2
2013-05-28;12.7;22.6;5;28;2013;148;17.6
2013-05-29;10.7;25.5;5;29;2013;149;18.1
2013-05-30;13.1;27.9;5;30;2013;150;20.5
2013-05-31;11.1;30.9;5;31;2013;151;21.0
2013-06-01;14.3;30.3;6;1;2013;152;22.3
2013-06-02;14.0;33.1;6;2;2013;153;23.6
2013-06-03;14.3;33.3;6;3;2013;154;23.8
2013-06-04;15.6;33.5;6;4;2013;155;24.6
2013-06-05;17.9;26.5;6;5;2013;156;22.2
2013-06-06;16.2;23.6;6;6;2013;157;19.9
2013-06-07;14.3;24.4;6;7;2013;158;19.4
2013-06-08;12.8;23.8;6;8;2013;159;18.3
2013-06-09;13.0;25.0;6;9;2013;160;19.0
2013-06-10;13.3;27.8;6;10;2013;161;20.6
2013-06-11;14.4;32.9;6;11;2013;162;23.6
2013-06-12;17.6;35.6;6;12;2013;163;26.6
2013-06-13;19.3;37.4;6;13;2013;164;28.4
2013-06-14;20.4;37.5;6;14;2013;165;29.0
2013-06-15;19.0;37.0;6;15;2013;166;28.0
2013-06-16;18.6;34.6;6;16;2013;167;26.6
2013-06-17;17.6;28.5;6;17;2013;168;23.0
2013-06-18;15.2;22.8;6;18;2013;169;19.0
2013-06-19;14.0;28.0;6;19;2013;170;21.0
2013-06-20;15.4;31.8;6;20;2013;171;23.6
2013-06-21;17.0;33.8;6;21;2013;172;25.4
2013-06-22;18.2;35.3;6;22;2013;173;26.8
2013-06-23;18.3;37.1;6;23;2013;174;27.7
2013-06-24;19.8;37.4;6;24;2013;175;28.6
2013-06-25;20.0;37.0;6;25;2013;176;28.5
2013-06-26;19.5;37.0;6;26;2013;177;28.2
2013-06-27;18.2;35.2;6;27;2013;178;26.7
2013-06-28;19.9;36.1;6;28;2013;179;28.0
2013-06-29;19.3;35.8;6;29;2013;180;27.6
2013-06-30;19.3;37.5;6;30;2013;181;28.4
2013-07-01;19.4;36.2;7;1;2013;182;27.8
2013-07-02;22.1;34.3;7;2;2013;183;28.2
2013-07-03;19.7;39.0;7;3;2013;184;29.4
2013-07-04;21.5;41.1;7;4;2013;185;31.3
2013-07-05;22.4;38.5;7;5;2013;186;30.4
2013-07-06;23.6;38.1;7;6;2013;187;30.8
2013-07-07;21.0;39.3;7;7;2013;188;30.2
2013-07-08;22.6;40.5;7;8;2013;189;31.6
2013-07-09;21.7;41.0;7;9;2013;190;31.4
2013-07-10;23.1;40.1;7;10;2013;191;31.6
2013-07-11;21.6;36.0;7;11;2013;192;28.8
2013-07-12;20.0;31.5;7;12;2013;193;25.8
2013-07-13;19.1;29.9;7;13;2013;194;24.5
2013-07-14;20.6;31.8;7;14;2013;195;26.2
2013-07-15;20.0;35.0;7;15;2013;196;27.5
2013-07-16;19.4;37.2;7;16;2013;197;28.3
2013-07-17;20.1;38.3;7;17;2013;198;29.2
2013-07-18;20.5;37.2;7;18;2013;199;28.8
2013-07-19;20.6;35.9;7;19;2013;200;28.2
2013-07-20;21.2;32.4;7;20;2013;201;26.8
2013-07-21;19.4;33.4;7;21;2013;202;26.4
2013-07-22;19.8;35.8;7;22;2013;203;27.8
2013-07-23;21.5;35.0;7;23;2013;204;28.2
2013-07-24;20.2;38.3;7;24;2013;205;29.2
2013-07-25;21.5;35.3;7;25;2013;206;28.4
2013-07-26;20.0;30.6;7;26;2013;207;25.3
2013-07-27;18.6;29.3;7;27;2013;208;24.0
2013-07-28;19.9;30.7;7;28;2013;209;25.3
2013-07-29;17.3;35.2;7;29;2013;210;26.2
2013-07-30;18.9;39.9;7;30;2013;211;29.4
2013-07-31;19.0;40.3;7;31;2013;212;29.6
2013-08-01;21.0;38.9;8;1;2013;213;30.0
2013-08-02;22.2;37.9;8;2;2013;214;30.0
2013-08-03;21.5;38.2;8;3;2013;215;29.8
2013-08-04;17.8;38.8;8;4;2013;216;28.3
2013-08-05;19.6;38.6;8;5;2013;217;29.1
2013-08-06;19.1;36.2;8;6;2013;218;27.6
2013-08-07;20.2;34.9;8;7;2013;219;27.6
2013-08-08;20.2;37.1;8;8;2013;220;28.6
2013-08-09;20.3;38.3;8;9;2013;221;29.3
2013-08-10;20.6;40.6;8;10;2013;222;30.6
2013-08-11;21.1;40.1;8;11;2013;223;30.6
2013-08-12;20.0;38.8;8;12;2013;224;29.4
2013-08-13;19.6;37.7;8;13;2013;225;28.6
2013-08-14;19.1;36.5;8;14;2013;226;27.8
2013-08-15;22.3;39.7;8;15;2013;227;31.0
2013-08-16;22.9;39.8;8;16;2013;228;31.4
2013-08-17;20.9;37.4;8;17;2013;229;29.2
2013-08-18;20.5;40.5;8;18;2013;230;30.5
2013-08-19;22.5;42.8;8;19;2013;231;32.6
2013-08-20;22.4;41.8;8;20;2013;232;32.1
2013-08-21;23.8;39.5;8;21;2013;233;31.6
2013-08-22;22.7;39.9;8;22;2013;234;31.3
2013-08-23;21.4;39.3;8;23;2013;235;30.4
2013-08-24;20.4;34.7;8;24;2013;236;27.6
2013-08-25;22.2;34.4;8;25;2013;237;28.3
2013-08-26;21.0;29.3;8;26;2013;238;25.2
2013-08-27;19.1;31.3;8;27;2013;239;25.2
2013-08-28;19.9;33.4;8;28;2013;240;26.6
2013-08-29;21.6;28.9;8;29;2013;241;25.2
2013-08-30;19.1;34.0;8;30;2013;242;26.6
2013-08-31;19.9;35.1;8;31;2013;243;27.5
2013-09-01;20.2;35.5;9;1;2013;244;27.8
2013-09-02;20.2;34.8;9;2;2013;245;27.5
2013-09-03;19.1;35.8;9;3;2013;246;27.4
2013-09-04;18.8;36.0;9;4;2013;247;27.4
2013-09-05;18.7;31.7;9;5;2013;248;25.2
2013-09-06;21.5;31.2;9;6;2013;249;26.4
2013-09-07;20.6;28.5;9;7;2013;250;24.6
2013-09-08;17.7;32.1;9;8;2013;251;24.9
2013-09-09;18.0;34.6;9;9;2013;252;26.3
2013-09-10;17.6;35.1;9;10;2013;253;26.4
2013-09-11;18.2;36.1;9;11;2013;254;27.2
2013-09-12;18.9;34.8;9;12;2013;255;26.8
2013-09-13;20.9;34.8;9;13;2013;256;27.8
2013-09-14;22.4;32.9;9;14;2013;257;27.6
2013-09-15;20.5;32.6;9;15;2013;258;26.6
2013-09-16;18.9;33.9;9;16;2013;259;26.4
2013-09-17;20.0;28.5;9;17;2013;260;24.2
2013-09-18;19.8;28.8;9;18;2013;261;24.3
2013-09-19;19.3;32.4;9;19;2013;262;25.8
2013-09-20;18.1;35.5;9;20;2013;263;26.8
2013-09-21;18.6;37.1;9;21;2013;264;27.8
2013-09-22;16.4;36.3;9;22;2013;265;26.4
2013-09-23;19.1;34.3;9;23;2013;266;26.7
2013-09-24;19.6;30.3;9;24;2013;267;25.0
2013-09-25;19.0;29.4;9;25;2013;268;24.2
2013-09-26;16.9;30.4;9;26;2013;269;23.6
2013-09-27;19.4;27.3;9;27;2013;270;23.4
2013-09-28;19.4;25.7;9;28;2013;271;22.6
2013-09-29;19.1;25.6;9;29;2013;272;22.4
2013-09-30;20.9;25.2;9;30;2013;273;23.0
2013-10-01;19.7;28.3;10;1;2013;274;24.0
2013-10-02;18.0;27.8;10;2;2013;275;22.9
2013-10-03;20.9;28.4;10;3;2013;276;24.6
2013-10-04;18.9;29.7;10;4;2013;277;24.3
2013-10-05;15.7;30.1;10;5;2013;278;22.9
2013-10-06;16.0;31.4;10;6;2013;279;23.7
2013-10-07;16.7;31.5;10;7;2013;280;24.1
2013-10-08;17.0;31.5;10;8;2013;281;24.2
2013-10-09;16.8;30.9;10;9;2013;282;23.8
2013-10-10;16.6;30.7;10;10;2013;283;23.6
2013-10-11;16.8;30.6;10;11;2013;284;23.7
2013-10-12;14.3;23.8;10;12;2013;285;19.0
2013-10-13;11.5;25.6;10;13;2013;286;18.6
2013-10-14;13.1;28.2;10;14;2013;287;20.6
2013-10-15;15.0;30.3;10;15;2013;288;22.6
2013-10-16;15.2;30.9;10;16;2013;289;23.0
2013-10-17;17.3;30.5;10;17;2013;290;23.9
2013-10-18;15.3;26.7;10;18;2013;291;21.0
2013-10-19;17.7;26.1;10;19;2013;292;21.9
2013-10-20;16.6;26.8;10;20;2013;293;21.7
2013-10-21;13.3;26.3;10;21;2013;294;19.8
2013-10-22;15.5;22.7;10;22;2013;295;19.1
2013-10-23;18.2;25.2;10;23;2013;296;21.7
2013-10-24;19.3;25.3;10;24;2013;297;22.3
2013-10-25;17.5;22.3;10;25;2013;298;19.9
2013-10-26;16.1;22.9;10;26;2013;299;19.5
2013-10-27;14.1;27.2;10;27;2013;300;20.6
2013-10-28;14.1;28.1;10;28;2013;301;21.1
2013-10-29;13.1;22.1;10;29;2013;302;17.6
2013-10-30;10.7;22.0;10;30;2013;303;16.4
2013-10-31;9.5;22.2;10;31;2013;304;15.8
2013-11-01;8.5;23.5;11;1;2013;305;16.0
2013-11-02;9.1;26.8;11;2;2013;306;18.0
2013-11-03;11.7;24.1;11;3;2013;307;17.9
2013-11-04;10.4;21.0;11;4;2013;308;15.7
2013-11-05;14.9;25.9;11;5;2013;309;20.4
2013-11-06;12.9;25.3;11;6;2013;310;19.1
2013-11-07;12.1;21.8;11;7;2013;311;17.0
2013-11-08;11.3;23.1;11;8;2013;312;17.2
2013-11-09;9.7;21.7;11;9;2013;313;15.7
2013-11-10;9.7;22.7;11;10;2013;314;16.2
2013-11-11;11.2;25.7;11;11;2013;315;18.4
2013-11-12;14.1;26.0;11;12;2013;316;20.0
2013-11-13;11.3;24.6;11;13;2013;317;18.0
2013-11-14;11.7;24.1;11;14;2013;318;17.9
2013-11-15;8.9;19.8;11;15;2013;319;14.4
2013-11-16;5.6;15.9;11;16;2013;320;10.8
2013-11-17;4.2;17.2;11;17;2013;321;10.7
2013-11-18;7.5;18.6;11;18;2013;322;13.0
2013-11-19;4.8;18.3;11;19;2013;323;11.6
2013-11-20;4.0;17.1;11;20;2013;324;10.6
2013-11-21;1.8;14.7;11;21;2013;325;8.2
2013-11-22;8.6;12.4;11;22;2013;326;10.5
2013-11-23;6.2;13.9;11;23;2013;327;10.0
2013-11-24;3.5;16.7;11;24;2013;328;10.1
2013-11-25;3.7;17.0;11;25;2013;329;10.4
2013-11-26;2.2;17.0;11;26;2013;330;9.6
2013-11-27;6.4;18.1;11;27;2013;331;12.2
2013-11-28;6.9;17.2;11;28;2013;332;12.0
2013-11-29;5.5;17.3;11;29;2013;333;11.4
2013-11-30;2.5;17.7;11;30;2013;334;10.1
2013-12-01;2.7;16.5;12;1;2013;335;9.6
2013-12-02;2.7;18.3;12;2;2013;336;10.5
2013-12-03;5.4;19.2;12;3;2013;337;12.3
2013-12-04;7.6;20.7;12;4;2013;338;14.2
2013-12-05;7.7;20.3;12;5;2013;339;14.0
2013-12-06;5.5;20.3;12;6;2013;340;12.9
2013-12-07;2.1;19.4;12;7;2013;341;10.8
2013-12-08;1.4;18.5;12;8;2013;342;10.0
2013-12-09;2.1;19.3;12;9;2013;343;10.7
2013-12-10;7.9;21.1;12;10;2013;344;14.5
2013-12-11;6.7;18.3;12;11;2013;345;12.5
2013-12-12;5.4;18.8;12;12;2013;346;12.1
2013-12-13;9.6;20.0;12;13;2013;347;14.8
2013-12-14;7.3;20.5;12;14;2013;348;13.9
2013-12-15;7.7;20.5;12;15;2013;349;14.1
2013-12-16;6.6;18.9;12;16;2013;350;12.8
2013-12-17;8.4;15.7;12;17;2013;351;12.0
2013-12-18;11.7;17.5;12;18;2013;352;14.6
2013-12-19;7.5;16.3;12;19;2013;353;11.9
2013-12-20;4.5;15.3;12;20;2013;354;9.9
2013-12-21;3.0;15.8;12;21;2013;355;9.4
2013-12-22;3.3;17.8;12;22;2013;356;10.6
2013-12-23;3.7;17.6;12;23;2013;357;10.6
2013-12-24;4.1;16.4;12;24;2013;358;10.2
2013-12-25;9.9;15.5;12;25;2013;359;12.7
2013-12-26;8.7;17.5;12;26;2013;360;13.1
2013-12-27;12.2;16.9;12;27;2013;361;14.6
2013-12-28;6.5;16.3;12;28;2013;362;11.4
2013-12-29;3.7;15.1;12;29;2013;363;9.4
2013-12-30;3.0;13.6;12;30;2013;364;8.3
2013-12-31;3.4;14.1;12;31;2013;365;8.8
2014-01-01;10.4;14.4;1;1;2014;1;12.4
2014-01-02;13.9;16.9;1;2;2014;2;15.4
2014-01-03;14.7;19.5;1;3;2014;3;17.1
2014-01-04;10.8;18.6;1;4;2014;4;14.7
2014-01-05;6.2;15.5;1;5;2014;5;10.8
2014-01-06;5.7;17.9;1;6;2014;6;11.8
2014-01-07;5.5;16.8;1;7;2014;7;11.2
2014-01-08;6.7;19.2;1;8;2014;8;13.0
2014-01-09;7.4;18.8;1;9;2014;9;13.1
2014-01-10;8.3;15.0;1;10;2014;10;11.6
2014-01-11;8.6;19.7;1;11;2014;11;14.2
2014-01-12;12.8;18.3;1;12;2014;12;15.6
2014-01-13;7.5;15.7;1;13;2014;13;11.6
2014-01-14;7.5;16.2;1;14;2014;14;11.8
2014-01-15;9.4;14.8;1;15;2014;15;12.1
2014-01-16;8.6;15.6;1;16;2014;16;12.1
2014-01-17;6.7;11.8;1;17;2014;17;9.2
2014-01-18;8.9;14.9;1;18;2014;18;11.9
2014-01-19;7.1;15.3;1;19;2014;19;11.2
2014-01-20;2.9;15.3;1;20;2014;20;9.1
2014-01-21;8.2;14.6;1;21;2014;21;11.4
2014-01-22;9.1;18.0;1;22;2014;22;13.6
2014-01-23;6.6;17.2;1;23;2014;23;11.9
2014-01-24;4.8;17.4;1;24;2014;24;11.1
2014-01-25;5.5;18.7;1;25;2014;25;12.1
2014-01-26;7.8;20.1;1;26;2014;26;14.0
2014-01-27;10.0;18.5;1;27;2014;27;14.2
2014-01-28;5.8;15.5;1;28;2014;28;10.6
2014-01-29;7.4;15.0;1;29;2014;29;11.2
2014-01-30;4.3;16.0;1;30;2014;30;10.2
2014-01-31;9.9;17.3;1;31;2014;31;13.6
2014-02-01;7.5;18.1;2;1;2014;32;12.8
2014-02-02;2.2;15.0;2;2;2014;33;8.6
2014-02-03;3.8;16.0;2;3;2014;34;9.9
2014-02-04;4.0;15.0;2;4;2014;35;9.5
2014-02-05;13.0;18.2;2;5;2014;36;15.6
2014-02-06;10.7;17.8;2;6;2014;37;14.2
2014-02-07;7.1;16.3;2;7;2014;38;11.7
2014-02-08;11.7;15.2;2;8;2014;39;13.4
2014-02-09;8.5;16.2;2;9;2014;40;12.4
2014-02-10;7.0;15.2;2;10;2014;41;11.1
2014-02-11;5.0;14.5;2;11;2014;42;9.8
2014-02-12;8.5;17.2;2;12;2014;43;12.8
2014-02-13;15.1;17.8;2;13;2014;44;16.4
2014-02-14;14.1;18.9;2;14;2014;45;16.5
2014-02-15;10.4;16.3;2;15;2014;46;13.4
2014-02-16;7.1;16.8;2;16;2014;47;12.0
2014-02-17;7.3;16.3;2;17;2014;48;11.8
2014-02-18;7.8;17.4;2;18;2014;49;12.6
2014-02-19;4.6;18.1;2;19;2014;50;11.4
2014-02-20;6.6;14.9;2;20;2014;51;10.8
2014-02-21;7.1;16.7;2;21;2014;52;11.9
2014-02-22;3.3;17.0;2;22;2014;53;10.2
2014-02-23;6.3;20.6;2;23;2014;54;13.4
2014-02-24;8.8;17.6;2;24;2014;55;13.2
2014-02-25;7.3;15.7;2;25;2014;56;11.5
2014-02-26;6.8;18.5;2;26;2014;57;12.6
2014-02-27;6.8;17.2;2;27;2014;58;12.0
2014-02-28;7.8;20.5;2;28;2014;59;14.2
2014-03-01;11.6;19.0;3;1;2014;60;15.3
2014-03-02;14.0;20.7;3;2;2014;61;17.4
2014-03-03;9.0;18.6;3;3;2014;62;13.8
2014-03-04;6.7;18.9;3;4;2014;63;12.8
2014-03-05;9.6;22.0;3;5;2014;64;15.8
2014-03-06;8.3;23.6;3;6;2014;65;16.0
2014-03-07;8.5;23.1;3;7;2014;66;15.8
2014-03-08;10.2;24.9;3;8;2014;67;17.6
2014-03-09;8.4;23.4;3;9;2014;68;15.9
2014-03-10;9.0;21.1;3;10;2014;69;15.0
2014-03-11;8.1;23.4;3;11;2014;70;15.8
2014-03-12;9.8;21.0;3;12;2014;71;15.4
2014-03-13;8.2;20.6;3;13;2014;72;14.4
2014-03-14;7.5;20.1;3;14;2014;73;13.8
2014-03-15;6.2;23.3;3;15;2014;74;14.8
2014-03-16;6.8;26.1;3;16;2014;75;16.4
2014-03-17;7.9;27.3;3;17;2014;76;17.6
2014-03-18;8.1;27.1;3;18;2014;77;17.6
2014-03-19;10.5;23.6;3;19;2014;78;17.0
2014-03-20;11.3;22.0;3;20;2014;79;16.6
2014-03-21;9.7;23.1;3;21;2014;80;16.4
2014-03-22;10.3;21.1;3;22;2014;81;15.7
2014-03-23;5.3;20.5;3;23;2014;82;12.9
2014-03-24;5.9;23.0;3;24;2014;83;14.4
2014-03-25;5.5;22.3;3;25;2014;84;13.9
2014-03-26;8.2;20.6;3;26;2014;85;14.4
2014-03-27;6.1;18.2;3;27;2014;86;12.2
2014-03-28;8.8;12.3;3;28;2014;87;10.6
2014-03-29;8.9;17.7;3;29;2014;88;13.3
2014-03-30;6.4;18.7;3;30;2014;89;12.6
2014-03-31;13.0;21.5;3;31;2014;90;17.2
2014-04-01;14.4;22.5;4;1;2014;91;18.4
2014-04-02;11.6;17.4;4;2;2014;92;14.5
2014-04-03;9.8;18.4;4;3;2014;93;14.1
2014-04-04;7.4;20.1;4;4;2014;94;13.8
2014-04-05;13.6;24.1;4;5;2014;95;18.8
2014-04-06;13.2;27.9;4;6;2014;96;20.6
2014-04-07;13.3;29.8;4;7;2014;97;21.6
2014-04-08;13.0;31.4;4;8;2014;98;22.2
2014-04-09;14.0;29.6;4;9;2014;99;21.8
2014-04-10;13.3;29.9;4;10;2014;100;21.6
2014-04-11;15.1;28.1;4;11;2014;101;21.6
2014-04-12;13.6;22.5;4;12;2014;102;18.0
2014-04-13;11.2;28.9;4;13;2014;103;20.0
2014-04-14;15.0;28.2;4;14;2014;104;21.6
2014-04-15;12.7;25.8;4;15;2014;105;19.2
2014-04-16;12.9;27.1;4;16;2014;106;20.0
2014-04-17;13.9;32.6;4;17;2014;107;23.2
2014-04-18;14.2;25.0;4;18;2014;108;19.6
2014-04-19;15.2;23.2;4;19;2014;109;19.2
2014-04-20;13.4;18.6;4;20;2014;110;16.0
2014-04-21;12.4;17.8;4;21;2014;111;15.1
2014-04-22;11.3;22.4;4;22;2014;112;16.8
2014-04-23;12.4;23.1;4;23;2014;113;17.8
2014-04-24;11.3;23.3;4;24;2014;114;17.3
2014-04-25;8.5;23.0;4;25;2014;115;15.8
2014-04-26;10.9;26.9;4;26;2014;116;18.9
2014-04-27;12.7;27.7;4;27;2014;117;20.2
2014-04-28;12.3;30.4;4;28;2014;118;21.4
2014-04-29;13.3;31.2;4;29;2014;119;22.2
2014-04-30;15.8;32.0;4;30;2014;120;23.9
2014-05-01;14.5;32.4;5;1;2014;121;23.4
2014-05-02;14.8;33.1;5;2;2014;122;24.0
2014-05-03;16.5;30.3;5;3;2014;123;23.4
2014-05-04;13.0;31.8;5;4;2014;124;22.4
2014-05-05;13.6;32.8;5;5;2014;125;23.2
2014-05-06;13.3;34.1;5;6;2014;126;23.7
2014-05-07;14.4;33.5;5;7;2014;127;24.0
2014-05-08;17.3;30.2;5;8;2014;128;23.8
2014-05-09;16.7;32.6;5;9;2014;129;24.6
2014-05-10;18.0;34.3;5;10;2014;130;26.2
2014-05-11;18.0;36.3;5;11;2014;131;27.2
2014-05-12;18.5;35.6;5;12;2014;132;27.0
2014-05-13;16.3;35.7;5;13;2014;133;26.0
2014-05-14;17.2;33.1;5;14;2014;134;25.2
2014-05-15;17.0;33.5;5;15;2014;135;25.2
2014-05-16;14.2;30.5;5;16;2014;136;22.4
2014-05-17;14.4;30.7;5;17;2014;137;22.6
2014-05-18;15.3;29.5;5;18;2014;138;22.4
2014-05-19;13.8;25.8;5;19;2014;139;19.8
2014-05-20;14.8;24.0;5;20;2014;140;19.4
2014-05-21;13.4;21.5;5;21;2014;141;17.4
2014-05-22;10.4;23.6;5;22;2014;142;17.0
2014-05-23;11.4;25.3;5;23;2014;143;18.4
2014-05-24;12.8;26.4;5;24;2014;144;19.6
2014-05-25;11.8;26.2;5;25;2014;145;19.0
2014-05-26;10.7;28.4;5;26;2014;146;19.6
2014-05-27;12.1;27.8;5;27;2014;147;20.0
2014-05-28;16.9;27.5;5;28;2014;148;22.2
2014-05-29;13.7;31.0;5;29;2014;149;22.4
2014-05-30;15.8;30.9;5;30;2014;150;23.4
2014-05-31;14.9;31.8;5;31;2014;151;23.4
2014-06-01;15.7;30.5;6;1;2014;152;23.1
2014-06-02;14.5;32.5;6;2;2014;153;23.5
2014-06-03;16.0;32.5;6;3;2014;154;24.2
2014-06-04;15.4;30.4;6;4;2014;155;22.9
2014-06-05;15.6;31.8;6;5;2014;156;23.7
2014-06-06;17.3;27.4;6;6;2014;157;22.4
2014-06-07;18.4;29.1;6;7;2014;158;23.8
2014-06-08;16.3;29.7;6;8;2014;159;23.0
2014-06-09;14.5;32.0;6;9;2014;160;23.2
2014-06-10;17.1;31.6;6;10;2014;161;24.4
2014-06-11;18.8;35.8;6;11;2014;162;27.3
2014-06-12;20.4;37.2;6;12;2014;163;28.8
2014-06-13;20.4;39.5;6;13;2014;164;30.0
2014-06-14;20.5;40.5;6;14;2014;165;30.5
2014-06-15;21.7;38.8;6;15;2014;166;30.2
2014-06-16;19.5;30.9;6;16;2014;167;25.2
2014-06-17;20.3;30.7;6;17;2014;168;25.5
2014-06-18;19.1;28.6;6;18;2014;169;23.8
2014-06-19;18.9;29.1;6;19;2014;170;24.0
2014-06-20;18.7;28.2;6;20;2014;171;23.4
2014-06-21;16.7;28.1;6;21;2014;172;22.4
2014-06-22;16.1;28.2;6;22;2014;173;22.2
2014-06-23;16.5;27.7;6;23;2014;174;22.1
2014-06-24;17.2;25.2;6;24;2014;175;21.2
2014-06-25;16.1;29.0;6;25;2014;176;22.6
2014-06-26;17.4;31.1;6;26;2014;177;24.2
2014-06-27;17.1;35.1;6;27;2014;178;26.1
2014-06-28;17.7;35.9;6;28;2014;179;26.8
2014-06-29;19.0;32.8;6;29;2014;180;25.9
2014-06-30;15.9;32.4;6;30;2014;181;24.2
2014-07-01;17.2;31.4;7;1;2014;182;24.3
2014-07-02;16.8;28.5;7;2;2014;183;22.6
2014-07-03;17.4;28.9;7;3;2014;184;23.2
2014-07-04;18.5;33.9;7;4;2014;185;26.2
2014-07-05;18.4;34.3;7;5;2014;186;26.4
2014-07-06;19.5;29.7;7;6;2014;187;24.6
2014-07-07;19.0;32.5;7;7;2014;188;25.8
2014-07-08;17.3;37.7;7;8;2014;189;27.5
2014-07-09;19.3;37.7;7;9;2014;190;28.5
2014-07-10;19.85;36.5;7;10;2014;191;28.15
2014-07-11;20.4;35.3;7;11;2014;192;27.8
2014-07-12;19.0;33.3;7;12;2014;193;26.2
2014-07-13;20.4;33.0;7;13;2014;194;26.7
2014-07-14;19.1;38.9;7;14;2014;195;29.0
2014-07-15;20.0;38.8;7;15;2014;196;29.4
2014-07-16;22.0;40.6;7;16;2014;197;31.3
2014-07-17;22.8;38.9;7;17;2014;198;30.8
2014-07-18;20.4;31.6;7;18;2014;199;26.0
2014-07-19;18.0;28.5;7;19;2014;200;23.2
2014-07-20;17.9;32.7;7;20;2014;201;25.3
2014-07-21;17.5;36.5;7;21;2014;202;27.0
2014-07-22;19.1;38.4;7;22;2014;203;28.8
2014-07-23;20.2;36.0;7;23;2014;204;28.1
2014-07-24;20.8;33.3;7;24;2014;205;27.0
2014-07-25;17.7;35.2;7;25;2014;206;26.4
2014-07-26;18.5;33.8;7;26;2014;207;26.2
2014-07-27;20.4;32.8;7;27;2014;208;26.6
2014-07-28;19.5;31.7;7;28;2014;209;25.6
2014-07-29;19.7;30.6;7;29;2014;210;25.2
2014-07-30;19.0;34.9;7;30;2014;211;27.0
2014-07-31;19.2;29.5;7;31;2014;212;24.4
2014-08-01;17.6;28.2;8;1;2014;213;22.9
2014-08-02;16.8;30.2;8;2;2014;214;23.5
2014-08-03;17.6;34.2;8;3;2014;215;25.9
2014-08-04;18.7;33.9;8;4;2014;216;26.3
2014-08-05;17.3;36.9;8;5;2014;217;27.1
2014-08-06;19.5;37.0;8;6;2014;218;28.2
2014-08-07;19.5;38.1;8;7;2014;219;28.8
2014-08-08;20.7;37.0;8;8;2014;220;28.8
2014-08-09;20.7;36.7;8;9;2014;221;28.7
2014-08-10;20.2;35.5;8;10;2014;222;27.8
2014-08-11;19.8;35.3;8;11;2014;223;27.6
2014-08-12;19.5;35.4;8;12;2014;224;27.4
2014-08-13;21.0;37.4;8;13;2014;225;29.2
2014-08-14;19.0;35.6;8;14;2014;226;27.3
2014-08-15;17.5;37.0;8;15;2014;227;27.2
2014-08-16;18.6;37.2;8;16;2014;228;27.9
2014-08-17;23.5;37.6;8;17;2014;229;30.6
2014-08-18;22.3;34.4;8;18;2014;230;28.4
2014-08-19;19.6;31.3;8;19;2014;231;25.4
2014-08-20;18.7;34.0;8;20;2014;232;26.4
2014-08-21;17.6;34.2;8;21;2014;233;25.9
2014-08-22;18.7;33.4;8;22;2014;234;26.0
2014-08-23;17.8;35.4;8;23;2014;235;26.6
2014-08-24;17.1;36.5;8;24;2014;236;26.8
2014-08-25;20.2;38.1;8;25;2014;237;29.2
2014-08-26;19.2;38.9;8;26;2014;238;29.0
2014-08-27;22.0;40.6;8;27;2014;239;31.3
2014-08-28;21.5;39.3;8;28;2014;240;30.4
2014-08-29;20.0;37.5;8;29;2014;241;28.8
2014-08-30;20.2;33.6;8;30;2014;242;26.9
2014-08-31;18.6;36.4;8;31;2014;243;27.5
2014-09-01;21.1;38.8;9;1;2014;244;30.0
2014-09-02;21.9;34.0;9;2;2014;245;28.0
2014-09-03;21.6;33.6;9;3;2014;246;27.6
2014-09-04;19.3;34.3;9;4;2014;247;26.8
2014-09-05;19.3;33.4;9;5;2014;248;26.4
2014-09-06;20.6;31.8;9;6;2014;249;26.2
2014-09-07;21.6;27.8;9;7;2014;250;24.7
2014-09-08;21.4;30.7;9;8;2014;251;26.0
2014-09-09;19.0;31.9;9;9;2014;252;25.4
2014-09-10;18.8;30.7;9;10;2014;253;24.8
2014-09-11;20.9;30.5;9;11;2014;254;25.7
2014-09-12;20.4;32.2;9;12;2014;255;26.3
2014-09-13;19.2;32.8;9;13;2014;256;26.0
2014-09-14;18.3;30.9;9;14;2014;257;24.6
2014-09-15;19.3;31.0;9;15;2014;258;25.2
2014-09-16;18.4;27.4;9;16;2014;259;22.9
2014-09-17;20.3;26.5;9;17;2014;260;23.4
2014-09-18;19.4;26.0;9;18;2014;261;22.7
2014-09-19;19.3;25.1;9;19;2014;262;22.2
2014-09-20;19.3;29.4;9;20;2014;263;24.4
2014-09-21;18.9;25.4;9;21;2014;264;22.2
2014-09-22;18.9;26.1;9;22;2014;265;22.5
2014-09-23;18.7;25.8;9;23;2014;266;22.2
2014-09-24;18.0;27.5;9;24;2014;267;22.8
2014-09-25;18.1;28.1;9;25;2014;268;23.1
2014-09-26;17.9;29.5;9;26;2014;269;23.7
2014-09-27;20.2;28.5;9;27;2014;270;24.4
2014-09-28;18.9;26.0;9;28;2014;271;22.4
2014-09-29;17.0;28.7;9;29;2014;272;22.8
2014-09-30;16.9;29.5;9;30;2014;273;23.2
2014-10-01;20.7;30.9;10;1;2014;274;25.8
2014-10-02;19.4;31.6;10;2;2014;275;25.5
2014-10-03;18.7;31.6;10;3;2014;276;25.2
2014-10-04;19.3;30.6;10;4;2014;277;25.0
2014-10-05;17.1;29.3;10;5;2014;278;23.2
2014-10-06;14.7;26.2;10;6;2014;279;20.4
2014-10-07;15.4;27.8;10;7;2014;280;21.6
2014-10-08;17.2;27.2;10;8;2014;281;22.2
2014-10-09;20.0;27.2;10;9;2014;282;23.6
2014-10-10;19.7;24.1;10;10;2014;283;21.9
2014-10-11;17.8;26.8;10;11;2014;284;22.3
2014-10-12;16.0;22.7;10;12;2014;285;19.4
2014-10-13;13.2;21.1;10;13;2014;286;17.2
2014-10-14;13.5;22.5;10;14;2014;287;18.0
2014-10-15;15.6;21.6;10;15;2014;288;18.6
2014-10-16;18.1;26.4;10;16;2014;289;22.2
2014-10-17;16.2;28.5;10;17;2014;290;22.4
2014-10-18;16.9;28.9;10;18;2014;291;22.9
2014-10-19;17.4;31.5;10;19;2014;292;24.4
2014-10-20;18.6;30.7;10;20;2014;293;24.6
2014-10-21;17.1;32.0;10;21;2014;294;24.6
2014-10-22;17.7;31.9;10;22;2014;295;24.8
2014-10-23;15.7;28.8;10;23;2014;296;22.2
2014-10-24;14.0;30.1;10;24;2014;297;22.0
2014-10-25;13.1;30.2;10;25;2014;298;21.6
2014-10-26;13.2;28.5;10;26;2014;299;20.8
2014-10-27;12.5;26.9;10;27;2014;300;19.7
2014-10-28;14.0;28.1;10;28;2014;301;21.0
2014-10-29;15.4;27.8;10;29;2014;302;21.6
2014-10-30;13.8;30.3;10;30;2014;303;22.0
2014-10-31;13.5;27.7;10;31;2014;304;20.6
2014-11-01;12.9;26.2;11;1;2014;305;19.6
2014-11-02;11.8;23.9;11;2;2014;306;17.8
2014-11-03;12.8;22.8;11;3;2014;307;17.8
2014-11-04;10.1;19.5;11;4;2014;308;14.8
2014-11-05;7.1;18.8;11;5;2014;309;13.0
2014-11-06;6.9;20.6;11;6;2014;310;13.8
2014-11-07;15.8;20.0;11;7;2014;311;17.9
2014-11-08;13.7;19.7;11;8;2014;312;16.7
2014-11-09;9.7;18.6;11;9;2014;313;14.2
2014-11-10;6.5;17.9;11;10;2014;314;12.2
2014-11-11;13.6;20.5;11;11;2014;315;17.0
2014-11-12;15.5;22.0;11;12;2014;316;18.8
2014-11-13;17.1;20.7;11;13;2014;317;18.9
2014-11-14;13.9;20.7;11;14;2014;318;17.3
2014-11-15;11.1;19.3;11;15;2014;319;15.2
2014-11-16;9.8;19.1;11;16;2014;320;14.4
2014-11-17;9.7;20.1;11;17;2014;321;14.9
2014-11-18;8.8;18.4;11;18;2014;322;13.6
2014-11-19;11.8;22.4;11;19;2014;323;17.1
2014-11-20;12.9;23.8;11;20;2014;324;18.4
2014-11-21;13.0;24.3;11;21;2014;325;18.6
2014-11-22;15.7;23.0;11;22;2014;326;19.4
2014-11-23;14.4;22.4;11;23;2014;327;18.4
2014-11-24;14.9;22.1;11;24;2014;328;18.5
2014-11-25;14.1;20.0;11;25;2014;329;17.0
2014-11-26;13.7;18.4;11;26;2014;330;16.0
2014-11-27;12.0;15.3;11;27;2014;331;13.6
2014-11-28;12.2;16.8;11;28;2014;332;14.5
2014-11-29;10.0;17.0;11;29;2014;333;13.5
2014-11-30;9.1;17.8;11;30;2014;334;13.4
2014-12-01;11.2;18.7;12;1;2014;335;15.0
2014-12-02;9.0;19.0;12;2;2014;336;14.0
2014-12-03;7.4;16.4;12;3;2014;337;11.9
2014-12-04;8.1;16.7;12;4;2014;338;12.4
2014-12-05;5.2;16.0;12;5;2014;339;10.6
2014-12-06;5.4;14.9;12;6;2014;340;10.2
2014-12-07;4.1;14.5;12;7;2014;341;9.3
2014-12-08;3.9;16.3;12;8;2014;342;10.1
2014-12-09;3.4;13.5;12;9;2014;343;8.4
2014-12-10;4.7;15.9;12;10;2014;344;10.3
2014-12-11;4.4;17.1;12;11;2014;345;10.8
2014-12-12;2.6;16.4;12;12;2014;346;9.5
2014-12-13;11.7;17.2;12;13;2014;347;14.4
2014-12-14;8.3;13.6;12;14;2014;348;11.0
2014-12-15;7.2;17.4;12;15;2014;349;12.3
2014-12-16;8.5;15.4;12;16;2014;350;12.0
2014-12-17;7.7;12.9;12;17;2014;351;10.3
2014-12-18;6.6;16.0;12;18;2014;352;11.3
2014-12-19;5.3;17.0;12;19;2014;353;11.2
2014-12-20;6.3;16.9;12;20;2014;354;11.6
2014-12-21;4.8;18.1;12;21;2014;355;11.4
2014-12-22;7.1;18.4;12;22;2014;356;12.8
2014-12-23;6.9;17.0;12;23;2014;357;12.0
2014-12-24;5.5;17.2;12;24;2014;358;11.4
2014-12-25;5.6;15.1;12;25;2014;359;10.4
2014-12-26;4.1;16.7;12;26;2014;360;10.4
2014-12-27;3.7;13.8;12;27;2014;361;8.8
2014-12-28;3.9;16.3;12;28;2014;362;10.1
2014-12-29;4.9;12.2;12;29;2014;363;8.6
2014-12-30;4.0;12.6;12;30;2014;364;8.3
2014-12-31;2.5;14.9;12;31;2014;365;8.7
2015-01-01;1.5;16.0;1;1;2015;1;8.8
2015-01-02;3.4;16.3;1;2;2015;2;9.8
2015-01-03;3.4;17.9;1;3;2015;3;10.6
2015-01-04;3.8;20.5;1;4;2015;4;12.2
2015-01-05;4.8;15.7;1;5;2015;5;10.2
2015-01-06;3.9;13.6;1;6;2015;6;8.8
2015-01-07;2.5;15.1;1;7;2015;7;8.8
2015-01-08;3.5;16.4;1;8;2015;8;10.0
2015-01-09;5.1;17.9;1;9;2015;9;11.5
2015-01-10;4.1;19.8;1;10;2015;10;12.0
2015-01-11;3.4;18.1;1;11;2015;11;10.8
2015-01-12;5.9;20.1;1;12;2015;12;13.0
2015-01-13;5.2;19.6;1;13;2015;13;12.4
2015-01-14;6.5;18.3;1;14;2015;14;12.4
2015-01-15;5.7;16.7;1;15;2015;15;11.2
2015-01-16;6.3;15.6;1;16;2015;16;11.0
2015-01-17;2.3;13.5;1;17;2015;17;7.9
2015-01-18;7.8;12.3;1;18;2015;18;10.0
2015-01-19;5.1;14.5;1;19;2015;19;9.8
2015-01-20;2.0;7.6;1;20;2015;20;4.8
2015-01-21;2.6;13.4;1;21;2015;21;8.0
2015-01-22;5.5;14.9;1;22;2015;22;10.2
2015-01-23;3.5;15.6;1;23;2015;23;9.6
2015-01-24;2.1;14.2;1;24;2015;24;8.2
2015-01-25;2.4;17.3;1;25;2015;25;9.8
2015-01-26;3.5;18.1;1;26;2015;26;10.8
2015-01-27;2.7;19.0;1;27;2015;27;10.8
2015-01-28;3.4;17.5;1;28;2015;28;10.4
2015-01-29;3.3;16.8;1;29;2015;29;10.0
2015-01-30;12.9;18.5;1;30;2015;30;15.7
2015-01-31;7.6;16.7;1;31;2015;31;12.2
2015-02-01;3.0;14.7;2;1;2015;32;8.8
2015-02-02;3.0;13.2;2;2;2015;33;8.1
2015-02-03;10.4;14.8;2;3;2015;34;12.6
2015-02-04;3.7;13.2;2;4;2015;35;8.4
2015-02-05;2.1;13.1;2;5;2015;36;7.6
2015-02-06;2.0;14.1;2;6;2015;37;8.0
2015-02-07;5.4;13.1;2;7;2015;38;9.2
2015-02-08;4.2;14.1;2;8;2015;39;9.2
2015-02-09;4.7;18.2;2;9;2015;40;11.4
2015-02-10;8.3;17.3;2;10;2015;41;12.8
2015-02-11;5.3;16.5;2;11;2015;42;10.9
2015-02-12;8.7;18.1;2;12;2015;43;13.4
2015-02-13;7.1;16.7;2;13;2015;44;11.9
2015-02-14;7.9;18.0;2;14;2015;45;13.0
2015-02-15;9.0;16.4;2;15;2015;46;12.7
2015-02-16;5.6;14.2;2;16;2015;47;9.9
2015-02-17;6.3;16.9;2;17;2015;48;11.6
2015-02-18;6.0;18.9;2;18;2015;49;12.4
2015-02-19;7.5;18.5;2;19;2015;50;13.0
2015-02-20;4.0;18.4;2;20;2015;51;11.2
2015-02-21;9.0;18.4;2;21;2015;52;13.7
2015-02-22;4.4;17.8;2;22;2015;53;11.1
2015-02-23;6.0;18.4;2;23;2015;54;12.2
2015-02-24;5.9;17.8;2;24;2015;55;11.8
2015-02-25;3.9;19.0;2;25;2015;56;11.4
2015-02-26;6.3;21.4;2;26;2015;57;13.8
2015-02-27;6.1;21.6;2;27;2015;58;13.8
2015-02-28;7.9;20.1;2;28;2015;59;14.0
2015-03-01;7.3;21.5;3;1;2015;60;14.4
2015-03-02;8.8;24.1;3;2;2015;61;16.4
2015-03-03;9.9;21.6;3;3;2015;62;15.8
2015-03-04;11.1;23.2;3;4;2015;63;17.2
2015-03-05;10.4;19.2;3;5;2015;64;14.8
2015-03-06;7.4;22.5;3;6;2015;65;15.0
2015-03-07;7.5;24.0;3;7;2015;66;15.8
2015-03-08;5.2;27.2;3;8;2015;67;16.2
2015-03-09;7.2;24.8;3;9;2015;68;16.0
2015-03-10;7.0;27.2;3;10;2015;69;17.1
2015-03-11;7.7;26.9;3;11;2015;70;17.3
2015-03-12;7.8;22.6;3;12;2015;71;15.2
2015-03-13;10.2;19.4;3;13;2015;72;14.8
2015-03-14;7.2;22.1;3;14;2015;73;14.6
2015-03-15;5.8;20.8;3;15;2015;74;13.3
2015-03-16;5.7;20.8;3;16;2015;75;13.2
2015-03-17;9.2;16.5;3;17;2015;76;12.8
2015-03-18;8.7;16.4;3;18;2015;77;12.6
2015-03-19;9.8;20.1;3;19;2015;78;15.0
2015-03-20;10.8;16.5;3;20;2015;79;13.6
2015-03-21;10.2;15.5;3;21;2015;80;12.8
2015-03-22;9.9;18.8;3;22;2015;81;14.4
2015-03-23;8.6;18.1;3;23;2015;82;13.4
2015-03-24;6.9;16.4;3;24;2015;83;11.6
2015-03-25;7.1;17.8;3;25;2015;84;12.4
2015-03-26;5.8;21.1;3;26;2015;85;13.4
2015-03-27;9.6;24.7;3;27;2015;86;17.2
2015-03-28;10.2;28.9;3;28;2015;87;19.6
2015-03-29;10.7;28.6;3;29;2015;88;19.6
2015-03-30;11.1;30.3;3;30;2015;89;20.7
2015-03-31;12.0;32.9;3;31;2015;90;22.4
2015-04-01;14.2;32.1;4;1;2015;91;23.2
2015-04-02;12.6;28.9;4;2;2015;92;20.8
2015-04-03;12.1;27.1;4;3;2015;93;19.6
2015-04-04;12.9;29.2;4;4;2015;94;21.0
2015-04-05;13.3;25.8;4;5;2015;95;19.6
2015-04-06;15.6;24.7;4;6;2015;96;20.2
2015-04-07;12.6;22.7;4;7;2015;97;17.6
2015-04-08;12.7;19.8;4;8;2015;98;16.2
2015-04-09;11.9;20.9;4;9;2015;99;16.4
2015-04-10;10.8;23.6;4;10;2015;100;17.2
2015-04-11;12.2;21.1;4;11;2015;101;16.6
2015-04-12;10.2;24.1;4;12;2015;102;17.2
2015-04-13;11.2;28.1;4;13;2015;103;19.6
2015-04-14;15.5;24.9;4;14;2015;104;20.2
2015-04-15;14.4;22.4;4;15;2015;105;18.4
2015-04-16;13.9;22.5;4;16;2015;106;18.2
2015-04-17;12.2;24.9;4;17;2015;107;18.6
2015-04-18;12.8;24.2;4;18;2015;108;18.5
2015-04-19;11.1;24.2;4;19;2015;109;17.6
2015-04-20;11.3;27.7;4;20;2015;110;19.5
2015-04-21;12.5;27.4;4;21;2015;111;20.0
2015-04-22;13.5;24.5;4;22;2015;112;19.0
2015-04-23;11.0;28.1;4;23;2015;113;19.6
2015-04-24;12.5;22.8;4;24;2015;114;17.6
2015-04-25;14.8;21.8;4;25;2015;115;18.3
2015-04-26;14.4;21.7;4;26;2015;116;18.0
2015-04-27;12.9;22.9;4;27;2015;117;17.9
2015-04-28;10.8;25.9;4;28;2015;118;18.4
2015-04-29;10.9;26.8;4;29;2015;119;18.8
2015-04-30;13.9;28.6;4;30;2015;120;21.2
2015-05-01;13.7;32.2;5;1;2015;121;23.0
2015-05-02;16.1;34.2;5;2;2015;122;25.2
2015-05-03;14.9;31.9;5;3;2015;123;23.4
2015-05-04;16.8;27.2;5;4;2015;124;22.0
2015-05-05;14.3;26.2;5;5;2015;125;20.2
2015-05-06;11.2;28.5;5;6;2015;126;19.8
2015-05-07;11.6;31.8;5;7;2015;127;21.7
2015-05-08;14.7;28.4;5;8;2015;128;21.6
2015-05-09;14.2;33.5;5;9;2015;129;23.8
2015-05-10;16.0;35.6;5;10;2015;130;25.8
2015-05-11;15.5;35.3;5;11;2015;131;25.4
2015-05-12;15.8;37.8;5;12;2015;132;26.8
2015-05-13;17.4;40.8;5;13;2015;133;29.1
2015-05-14;18.3;39.1;5;14;2015;134;28.7
2015-05-15;15.2;32.2;5;15;2015;135;23.7
2015-05-16;15.5;34.1;5;16;2015;136;24.8
2015-05-17;14.8;33.8;5;17;2015;137;24.3
2015-05-18;15.5;33.2;5;18;2015;138;24.4
2015-05-19;17.3;28.2;5;19;2015;139;22.8
2015-05-20;14.1;30.2;5;20;2015;140;22.2
2015-05-21;14.4;29.8;5;21;2015;141;22.1
2015-05-22;15.9;30.7;5;22;2015;142;23.3
2015-05-23;15.0;31.0;5;23;2015;143;23.0
2015-05-24;17.2;27.7;5;24;2015;144;22.4
2015-05-25;15.9;30.5;5;25;2015;145;23.2
2015-05-26;15.7;31.9;5;26;2015;146;23.8
2015-05-27;16.4;34.7;5;27;2015;147;25.6
2015-05-28;17.4;35.7;5;28;2015;148;26.6
2015-05-29;17.4;30.9;5;29;2015;149;24.2
2015-05-30;19.8;31.3;5;30;2015;150;25.6
2015-05-31;18.4;34.2;5;31;2015;151;26.3
2015-06-01;18.6;32.9;6;1;2015;152;25.8
2015-06-02;18.0;36.3;6;2;2015;153;27.2
2015-06-03;17.9;37.3;6;3;2015;154;27.6
2015-06-04;19.8;36.4;6;4;2015;155;28.1
2015-06-05;16.6;36.5;6;5;2015;156;26.6
2015-06-06;20.1;37.1;6;6;2015;157;28.6
2015-06-07;19.3;37.0;6;7;2015;158;28.2
2015-06-08;18.5;35.9;6;8;2015;159;27.2
2015-06-09;18.0;33.4;6;9;2015;160;25.7
2015-06-10;19.9;29.8;6;10;2015;161;24.8
2015-06-11;18.1;24.7;6;11;2015;162;21.4
2015-06-12;17.5;27.7;6;12;2015;163;22.6
2015-06-13;14.7;26.0;6;13;2015;164;20.4
2015-06-14;13.8;24.6;6;14;2015;165;19.2
2015-06-15;15.4;26.9;6;15;2015;166;21.2
2015-06-16;15.0;31.5;6;16;2015;167;23.2
2015-06-17;16.3;35.2;6;17;2015;168;25.8
2015-06-18;18.2;36.2;6;18;2015;169;27.2
2015-06-19;19.1;37.7;6;19;2015;170;28.4
2015-06-20;19.4;38.9;6;20;2015;171;29.2
2015-06-21;20.9;34.6;6;21;2015;172;27.8
2015-06-22;20.7;31.1;6;22;2015;173;25.9
2015-06-23;17.3;33.8;6;23;2015;174;25.6
2015-06-24;17.9;32.8;6;24;2015;175;25.4
2015-06-25;16.9;36.5;6;25;2015;176;26.7
2015-06-26;19.7;40.4;6;26;2015;177;30.0
2015-06-27;20.9;42.9;6;27;2015;178;31.9
2015-06-28;21.4;42.6;6;28;2015;179;32.0
2015-06-29;22.0;38.6;6;29;2015;180;30.3
2015-06-30;20.6;31.2;6;30;2015;181;25.9
2015-07-01;19.6;32.9;7;1;2015;182;26.2
2015-07-02;20.6;36.1;7;2;2015;183;28.4
2015-07-03;19.6;37.2;7;3;2015;184;28.4
2015-07-04;20.6;37.9;7;4;2015;185;29.2
2015-07-05;23.6;40.3;7;5;2015;186;32.0
2015-07-06;23.6;41.6;7;6;2015;187;32.6
2015-07-07;22.8;42.4;7;7;2015;188;32.6
2015-07-08;22.0;39.6;7;8;2015;189;30.8
2015-07-09;19.5;35.8;7;9;2015;190;27.6
2015-07-10;20.3;35.0;7;10;2015;191;27.6
2015-07-11;19.7;39.3;7;11;2015;192;29.5
2015-07-12;20.1;39.0;7;12;2015;193;29.6
2015-07-13;20.1;39.5;7;13;2015;194;29.8
2015-07-14;20.0;40.7;7;14;2015;195;30.4
2015-07-15;21.3;42.9;7;15;2015;196;32.1
2015-07-16;23.6;42.6;7;16;2015;197;33.1
2015-07-17;26.8;41.0;7;17;2015;198;33.9
2015-07-18;22.6;38.5;7;18;2015;199;30.6
2015-07-19;22.8;39.4;7;19;2015;200;31.1
2015-07-20;23.0;39.9;7;20;2015;201;31.4
2015-07-21;22.9;39.5;7;21;2015;202;31.2
2015-07-22;22.4;41.3;7;22;2015;203;31.8
2015-07-23;23.2;38.4;7;23;2015;204;30.8
2015-07-24;20.6;37.9;7;24;2015;205;29.2
2015-07-25;21.4;35.4;7;25;2015;206;28.4
2015-07-26;19.2;39.0;7;26;2015;207;29.1
2015-07-27;21.6;40.6;7;27;2015;208;31.1
2015-07-28;22.2;41.4;7;28;2015;209;31.8
2015-07-29;23.4;39.3;7;29;2015;210;31.4
2015-07-30;22.3;36.8;7;30;2015;211;29.6
2015-07-31;21.9;33.3;7;31;2015;212;27.6
2015-08-01;19.9;36.5;8;1;2015;213;28.2
2015-08-02;19.9;39.4;8;2;2015;214;29.6
2015-08-03;23.0;33.6;8;3;2015;215;28.3
2015-08-04;21.7;38.0;8;4;2015;216;29.8
2015-08-05;21.1;39.7;8;5;2015;217;30.4
2015-08-06;22.2;38.7;8;6;2015;218;30.4
2015-08-07;27.8;40.7;8;7;2015;219;34.2
2015-08-08;24.6;37.9;8;8;2015;220;31.2
2015-08-09;26.3;35.9;8;9;2015;221;31.1
2015-08-10;24.2;39.1;8;10;2015;222;31.6
2015-08-11;22.4;34.9;8;11;2015;223;28.6
2015-08-12;19.9;36.1;8;12;2015;224;28.0
2015-08-13;20.4;35.5;8;13;2015;225;28.0
2015-08-14;17.4;32.5;8;14;2015;226;25.0
2015-08-15;17.5;31.8;8;15;2015;227;24.6
2015-08-16;19.2;33.1;8;16;2015;228;26.2
2015-08-17;20.3;33.2;8;17;2015;229;26.8
2015-08-18;19.0;33.2;8;18;2015;230;26.1
2015-08-19;19.0;35.1;8;19;2015;231;27.0
2015-08-20;21.2;38.3;8;20;2015;232;29.8
2015-08-21;23.2;36.2;8;21;2015;233;29.7
2015-08-22;20.9;29.8;8;22;2015;234;25.4
2015-08-23;18.7;31.1;8;23;2015;235;24.9
2015-08-24;18.5;30.5;8;24;2015;236;24.5
2015-08-25;16.4;35.7;8;25;2015;237;26.0
2015-08-26;18.1;35.7;8;26;2015;238;26.9
2015-08-27;19.2;36.7;8;27;2015;239;28.0
2015-08-28;19.8;40.1;8;28;2015;240;30.0
2015-08-29;22.6;39.5;8;29;2015;241;31.0
2015-08-30;23.9;37.7;8;30;2015;242;30.8
2015-08-31;21.4;31.8;8;31;2015;243;26.6
2015-09-01;19.0;30.7;9;1;2015;244;24.8
2015-09-02;19.6;29.7;9;2;2015;245;24.6
2015-09-03;16.0;28.1;9;3;2015;246;22.0
2015-09-04;17.0;27.4;9;4;2015;247;22.2
2015-09-05;16.7;25.3;9;5;2015;248;21.0
2015-09-06;15.2;33.2;9;6;2015;249;24.2
2015-09-07;20.4;32.6;9;7;2015;250;26.5
2015-09-08;18.8;32.4;9;8;2015;251;25.6
2015-09-09;18.4;33.8;9;9;2015;252;26.1
2015-09-10;18.5;33.5;9;10;2015;253;26.0
2015-09-11;18.3;31.0;9;11;2015;254;24.6
2015-09-12;17.7;30.8;9;12;2015;255;24.2
2015-09-13;15.9;29.1;9;13;2015;256;22.5
2015-09-14;17.7;29.4;9;14;2015;257;23.6
2015-09-15;15.6;27.1;9;15;2015;258;21.4
2015-09-16;17.9;24.3;9;16;2015;259;21.1
2015-09-17;14.0;26.8;9;17;2015;260;20.4
2015-09-18;14.1;30.8;9;18;2015;261;22.4
2015-09-19;17.1;33.1;9;19;2015;262;25.1
2015-09-20;17.6;32.9;9;20;2015;263;25.2
2015-09-21;21.4;34.1;9;21;2015;264;27.8
2015-09-22;18.6;34.7;9;22;2015;265;26.6
2015-09-23;14.3;31.7;9;23;2015;266;23.0
2015-09-24;16.2;29.9;9;24;2015;267;23.0
2015-09-25;18.4;30.0;9;25;2015;268;24.2
2015-09-26;16.6;32.0;9;26;2015;269;24.3
2015-09-27;16.3;34.3;9;27;2015;270;25.3
2015-09-28;16.8;31.3;9;28;2015;271;24.0
2015-09-29;17.9;29.8;9;29;2015;272;23.8
2015-09-30;14.7;28.7;9;30;2015;273;21.7
2015-10-01;14.8;30.9;10;1;2015;274;22.8
2015-10-02;15.2;32.1;10;2;2015;275;23.6
2015-10-03;20.1;27.4;10;3;2015;276;23.8
2015-10-04;17.6;30.0;10;4;2015;277;23.8
2015-10-05;19.6;26.1;10;5;2015;278;22.8
2015-10-06;19.1;27.6;10;6;2015;279;23.4
2015-10-07;15.9;25.1;10;7;2015;280;20.5
2015-10-08;14.7;26.6;10;8;2015;281;20.6
2015-10-09;14.1;26.2;10;9;2015;282;20.2
2015-10-10;14.8;22.8;10;10;2015;283;18.8
2015-10-11;16.5;24.5;10;11;2015;284;20.5
2015-10-12;18.3;25.5;10;12;2015;285;21.9
2015-10-13;17.3;22.6;10;13;2015;286;20.0
2015-10-14;17.1;25.3;10;14;2015;287;21.2
2015-10-15;15.1;26.7;10;15;2015;288;20.9
2015-10-16;17.4;26.0;10;16;2015;289;21.7
2015-10-17;17.0;22.4;10;17;2015;290;19.7
2015-10-18;17.7;23.1;10;18;2015;291;20.4
2015-10-19;16.4;22.6;10;19;2015;292;19.5
2015-10-20;17.6;24.1;10;20;2015;293;20.8
2015-10-21;16.4;26.3;10;21;2015;294;21.4
2015-10-22;12.9;25.7;10;22;2015;295;19.3
2015-10-23;14.1;23.4;10;23;2015;296;18.8
2015-10-24;15.9;23.7;10;24;2015;297;19.8
2015-10-25;14.8;26.6;10;25;2015;298;20.7
2015-10-26;17.0;23.2;10;26;2015;299;20.1
2015-10-27;15.7;22.0;10;27;2015;300;18.8
2015-10-28;13.7;22.6;10;28;2015;301;18.2
2015-10-29;12.4;23.4;10;29;2015;302;17.9
2015-10-30;11.8;25.2;10;30;2015;303;18.5
2015-10-31;14.4;23.3;10;31;2015;304;18.8
2015-11-01;15.2;24.7;11;1;2015;305;20.0
2015-11-02;13.1;17.4;11;2;2015;306;15.2
2015-11-03;15.0;20.9;11;3;2015;307;18.0
2015-11-04;14.7;22.2;11;4;2015;308;18.4
2015-11-05;16.6;23.1;11;5;2015;309;19.8
2015-11-06;14.2;25.9;11;6;2015;310;20.0
2015-11-07;14.7;27.1;11;7;2015;311;20.9
2015-11-08;13.7;27.1;11;8;2015;312;20.4
2015-11-09;13.4;24.5;11;9;2015;313;19.0
2015-11-10;12.2;25.4;11;10;2015;314;18.8
2015-11-11;10.5;24.9;11;11;2015;315;17.7
2015-11-12;10.2;23.6;11;12;2015;316;16.9
2015-11-13;9.8;23.2;11;13;2015;317;16.5
2015-11-14;10.8;23.6;11;14;2015;318;17.2
2015-11-15;10.1;22.7;11;15;2015;319;16.4
2015-11-16;10.6;23.2;11;16;2015;320;16.9
2015-11-17;10.6;22.9;11;17;2015;321;16.8
2015-11-18;9.6;22.7;11;18;2015;322;16.2
2015-11-19;7.8;22.6;11;19;2015;323;15.2
2015-11-20;10.3;25.3;11;20;2015;324;17.8
2015-11-21;9.9;22.6;11;21;2015;325;16.2
2015-11-22;5.9;16.2;11;22;2015;326;11.0
2015-11-23;5.4;17.1;11;23;2015;327;11.2
2015-11-24;3.4;17.8;11;24;2015;328;10.6
2015-11-25;4.4;18.7;11;25;2015;329;11.6
2015-11-26;5.5;20.2;11;26;2015;330;12.8
2015-11-27;6.3;21.2;11;27;2015;331;13.8
2015-11-28;6.8;21.4;11;28;2015;332;14.1
2015-11-29;7.4;21.6;11;29;2015;333;14.5
2015-11-30;6.1;20.6;11;30;2015;334;13.4
2015-12-01;5.8;19.8;12;1;2015;335;12.8
2015-12-02;7.8;20.0;12;2;2015;336;13.9
2015-12-03;8.4;23.2;12;3;2015;337;15.8
2015-12-04;7.2;23.0;12;4;2015;338;15.1
2015-12-05;7.1;22.4;12;5;2015;339;14.8
2015-12-06;4.5;20.0;12;6;2015;340;12.2
2015-12-07;8.4;17.4;12;7;2015;341;12.9
2015-12-08;10.1;18.8;12;8;2015;342;14.4
2015-12-09;9.8;21.6;12;9;2015;343;15.7
2015-12-10;10.7;22.6;12;10;2015;344;16.6
2015-12-11;10.8;21.5;12;11;2015;345;16.2
2015-12-12;8.5;19.2;12;12;2015;346;13.8
2015-12-13;11.4;15.8;12;13;2015;347;13.6
2015-12-14;11.6;18.9;12;14;2015;348;15.2
2015-12-15;8.5;21.7;12;15;2015;349;15.1
2015-12-16;8.4;21.9;12;16;2015;350;15.2
2015-12-17;6.6;21.7;12;17;2015;351;14.2
2015-12-18;7.4;20.8;12;18;2015;352;14.1
2015-12-19;6.2;22.0;12;19;2015;353;14.1
2015-12-20;8.7;20.2;12;20;2015;354;14.4
2015-12-21;9.3;20.3;12;21;2015;355;14.8
2015-12-22;7.4;20.5;12;22;2015;356;14.0
2015-12-23;5.6;19.1;12;23;2015;357;12.4
2015-12-24;7.1;18.9;12;24;2015;358;13.0
2015-12-25;6.2;19.3;12;25;2015;359;12.8
2015-12-26;6.4;19.5;12;26;2015;360;13.0
2015-12-27;9.6;21.5;12;27;2015;361;15.6
2015-12-28;9.4;19.6;12;28;2015;362;14.5
2015-12-29;9.6;19.3;12;29;2015;363;14.4
2015-12-30;6.5;16.5;12;30;2015;364;11.5
2015-12-31;12.3;18.4;12;31;2015;365;15.4
2016-01-01;15.5;18.9;1;1;2016;1;17.2
2016-01-02;13.2;18.0;1;2;2016;2;15.6
2016-01-03;12.6;17.1;1;3;2016;3;14.8
2016-01-04;15.9;19.3;1;4;2016;4;17.6
2016-01-05;7.7;16.3;1;5;2016;5;12.0
2016-01-06;4.9;16.1;1;6;2016;6;10.5
2016-01-07;10.6;17.3;1;7;2016;7;14.0
2016-01-08;12.2;17.8;1;8;2016;8;15.0
2016-01-09;13.5;17.0;1;9;2016;9;15.2
2016-01-10;12.5;17.6;1;10;2016;10;15.0
2016-01-11;10.5;17.1;1;11;2016;11;13.8
2016-01-12;6.4;15.9;1;12;2016;12;11.2
2016-01-13;6.5;17.1;1;13;2016;13;11.8
2016-01-14;5.9;14.6;1;14;2016;14;10.2
2016-01-15;9.2;17.6;1;15;2016;15;13.4
2016-01-16;6.3;14.1;1;16;2016;16;10.2
2016-01-17;6.2;13.9;1;17;2016;17;10.0
2016-01-18;5.0;16.5;1;18;2016;18;10.8
2016-01-19;4.0;14.3;1;19;2016;19;9.2
2016-01-20;9.1;17.2;1;20;2016;20;13.2
2016-01-21;11.1;14.6;1;21;2016;21;12.8
2016-01-22;12.2;19.3;1;22;2016;22;15.8
2016-01-23;11.5;21.9;1;23;2016;23;16.7
2016-01-24;9.7;20.5;1;24;2016;24;15.1
2016-01-25;8.5;19.3;1;25;2016;25;13.9
2016-01-26;8.7;16.1;1;26;2016;26;12.4
2016-01-27;6.2;17.7;1;27;2016;27;12.0
2016-01-28;6.8;14.6;1;28;2016;28;10.7
2016-01-29;6.7;17.1;1;29;2016;29;11.9
2016-01-30;5.5;18.8;1;30;2016;30;12.2
2016-01-31;6.6;18.1;1;31;2016;31;12.4
2016-02-01;7.6;22.1;2;1;2016;32;14.8
2016-02-02;7.7;21.0;2;2;2016;33;14.4
2016-02-03;8.4;18.8;2;3;2016;34;13.6
2016-02-04;10.1;20.2;2;4;2016;35;15.2
2016-02-05;9.5;18.4;2;5;2016;36;14.0
2016-02-06;7.6;18.9;2;6;2016;37;13.2
2016-02-07;9.2;18.5;2;7;2016;38;13.8
2016-02-08;5.5;17.5;2;8;2016;39;11.5
2016-02-09;12.1;18.0;2;9;2016;40;15.0
2016-02-10;14.4;19.2;2;10;2016;41;16.8
2016-02-11;14.2;20.2;2;11;2016;42;17.2
2016-02-12;12.3;17.3;2;12;2016;43;14.8
2016-02-13;15.4;18.6;2;13;2016;44;17.0
2016-02-14;7.0;17.3;2;14;2016;45;12.2
2016-02-15;6.9;16.0;2;15;2016;46;11.4
2016-02-16;2.9;14.1;2;16;2016;47;8.5
2016-02-17;0.3;15.1;2;17;2016;48;7.7
2016-02-18;6.5;13.8;2;18;2016;49;10.2
2016-02-19;5.2;16.7;2;19;2016;50;11.0
2016-02-20;5.9;20.2;2;20;2016;51;13.0
2016-02-21;9.8;22.8;2;21;2016;52;16.3
2016-02-22;7.5;21.3;2;22;2016;53;14.4
2016-02-23;10.0;19.7;2;23;2016;54;14.8
2016-02-24;6.1;17.2;2;24;2016;55;11.6
2016-02-25;9.6;17.6;2;25;2016;56;13.6
2016-02-26;7.3;13.7;2;26;2016;57;10.5
2016-02-27;6.3;13.2;2;27;2016;58;9.8
2016-02-28;4.3;18.3;2;28;2016;59;11.3
2016-02-29;5.3;19.0;2;29;2016;60;12.2
2016-03-01;4.0;20.3;3;1;2016;61;12.2
2016-03-02;4.3;21.6;3;2;2016;62;13.0
2016-03-03;6.4;20.8;3;3;2016;63;13.6
2016-03-04;5.2;20.1;3;4;2016;64;12.6
2016-03-05;5.5;17.7;3;5;2016;65;11.6
2016-03-06;5.1;18.0;3;6;2016;66;11.6
2016-03-07;5.7;17.5;3;7;2016;67;11.6
2016-03-08;4.4;18.5;3;8;2016;68;11.4
2016-03-09;3.4;20.1;3;9;2016;69;11.8
2016-03-10;6.5;18.9;3;10;2016;70;12.7
2016-03-11;3.7;19.0;3;11;2016;71;11.4
2016-03-12;4.5;21.0;3;12;2016;72;12.8
2016-03-13;3.9;21.6;3;13;2016;73;12.8
2016-03-14;6.7;20.8;3;14;2016;74;13.8
2016-03-15;7.4;18.7;3;15;2016;75;13.0
2016-03-16;7.8;20.8;3;16;2016;76;14.3
2016-03-17;6.4;20.4;3;17;2016;77;13.4
2016-03-18;8.8;20.3;3;18;2016;78;14.6
2016-03-19;10.2;19.0;3;19;2016;79;14.6
2016-03-20;8.4;18.3;3;20;2016;80;13.4
2016-03-21;8.3;15.9;3;21;2016;81;12.1
2016-03-22;6.0;17.3;3;22;2016;82;11.6
2016-03-23;9.5;18.8;3;23;2016;83;14.2
2016-03-24;6.7;22.6;3;24;2016;84;14.6
2016-03-25;8.1;22.6;3;25;2016;85;15.4
2016-03-26;9.2;20.2;3;26;2016;86;14.7
2016-03-27;11.5;22.0;3;27;2016;87;16.8
2016-03-28;6.8;21.7;3;28;2016;88;14.2
2016-03-29;8.0;25.0;3;29;2016;89;16.5
2016-03-30;8.4;23.5;3;30;2016;90;16.0
2016-03-31;6.8;19.2;3;31;2016;91;13.0
2016-04-01;5.7;21.1;4;1;2016;92;13.4
2016-04-02;6.0;20.9;4;2;2016;93;13.4
2016-04-03;8.5;19.3;4;3;2016;94;13.9
2016-04-04;11.1;16.1;4;4;2016;95;13.6
2016-04-05;8.6;21.1;4;5;2016;96;14.8
2016-04-06;7.7;24.1;4;6;2016;97;15.9
2016-04-07;9.9;25.9;4;7;2016;98;17.9
2016-04-08;10.2;22.2;4;8;2016;99;16.2
2016-04-09;6.6;23.3;4;9;2016;100;15.0
2016-04-10;11.0;17.9;4;10;2016;101;14.4
2016-04-11;10.6;19.0;4;11;2016;102;14.8
2016-04-12;13.5;19.0;4;12;2016;103;16.2
2016-04-13;10.4;20.7;4;13;2016;104;15.6
2016-04-14;10.0;23.3;4;14;2016;105;16.6
2016-04-15;13.5;21.6;4;15;2016;106;17.6
2016-04-16;15.7;20.0;4;16;2016;107;17.8
2016-04-17;13.0;22.0;4;17;2016;108;17.5
2016-04-18;10.1;27.4;4;18;2016;109;18.8
2016-04-19;13.9;18.4;4;19;2016;110;16.2
2016-04-20;11.8;17.5;4;20;2016;111;14.6
2016-04-21;9.2;21.1;4;21;2016;112;15.2
2016-04-22;14.7;22.8;4;22;2016;113;18.8
2016-04-23;14.1;22.9;4;23;2016;114;18.5
2016-04-24;12.0;26.3;4;24;2016;115;19.2
2016-04-25;12.3;26.6;4;25;2016;116;19.4
2016-04-26;11.9;27.7;4;26;2016;117;19.8
2016-04-27;13.5;25.1;4;27;2016;118;19.3
2016-04-28;13.4;25.5;4;28;2016;119;19.4
2016-04-29;13.1;25.0;4;29;2016;120;19.0
2016-04-30;14.8;27.4;4;30;2016;121;21.1
2016-05-01;12.8;27.1;5;1;2016;122;20.0
2016-05-02;13.5;27.9;5;2;2016;123;20.7
2016-05-03;12.8;31.3;5;3;2016;124;22.0
2016-05-04;13.4;30.2;5;4;2016;125;21.8
2016-05-05;15.7;23.8;5;5;2016;126;19.8
2016-05-06;15.1;20.1;5;6;2016;127;17.6
2016-05-07;13.7;20.5;5;7;2016;128;17.1
2016-05-08;13.3;20.6;5;8;2016;129;17.0
2016-05-09;12.7;19.5;5;9;2016;130;16.1
2016-05-10;12.0;17.7;5;10;2016;131;14.8
2016-05-11;11.5;17.3;5;11;2016;132;14.4
2016-05-12;12.8;20.0;5;12;2016;133;16.4
2016-05-13;11.2;20.6;5;13;2016;134;15.9
2016-05-14;11.0;23.2;5;14;2016;135;17.1
2016-05-15;12.2;26.8;5;15;2016;136;19.5
2016-05-16;14.5;28.9;5;16;2016;137;21.7
2016-05-17;15.8;30.8;5;17;2016;138;23.3
2016-05-18;17.1;29.6;5;18;2016;139;23.4
2016-05-19;14.5;30.6;5;19;2016;140;22.6
2016-05-20;16.5;32.3;5;20;2016;141;24.4
2016-05-21;16.7;31.0;5;21;2016;142;23.8
2016-05-22;17.5;28.3;5;22;2016;143;22.9
2016-05-23;14.3;30.6;5;23;2016;144;22.4
2016-05-24;16.2;27.6;5;24;2016;145;21.9
2016-05-25;14.5;26.7;5;25;2016;146;20.6
2016-05-26;14.5;27.0;5;26;2016;147;20.8
2016-05-27;14.8;26.8;5;27;2016;148;20.8
2016-05-28;15.3;23.5;5;28;2016;149;19.4
2016-05-29;12.7;25.3;5;29;2016;150;19.0
2016-05-30;13.5;28.5;5;30;2016;151;21.0
2016-05-31;13.8;31.1;5;31;2016;152;22.4
2016-06-01;14.8;34.1;6;1;2016;153;24.4
2016-06-02;15.8;35.1;6;2;2016;154;25.4
2016-06-03;16.8;26.7;6;3;2016;155;21.8
2016-06-04;13.7;29.3;6;4;2016;156;21.5
2016-06-05;15.4;32.1;6;5;2016;157;23.8
2016-06-06;15.8;33.9;6;6;2016;158;24.8
2016-06-07;18.4;37.9;6;7;2016;159;28.2
2016-06-08;18.9;38.5;6;8;2016;160;28.7
2016-06-09;20.2;36.5;6;9;2016;161;28.4
2016-06-10;18.7;32.9;6;10;2016;162;25.8
2016-06-11;16.4;32.2;6;11;2016;163;24.3
2016-06-12;17.2;36.1;6;12;2016;164;26.6
2016-06-13;21.0;37.8;6;13;2016;165;29.4
2016-06-14;20.6;35.7;6;14;2016;166;28.2
2016-06-15;18.1;27.2;6;15;2016;167;22.6
2016-06-16;14.7;26.6;6;16;2016;168;20.6
2016-06-17;14.5;29.5;6;17;2016;169;22.0
2016-06-18;16.5;33.0;6;18;2016;170;24.8
2016-06-19;18.1;35.2;6;19;2016;171;26.6
2016-06-20;17.5;37.4;6;20;2016;172;27.4
2016-06-21;19.3;36.3;6;21;2016;173;27.8
2016-06-22;20.2;36.8;6;22;2016;174;28.5
2016-06-23;18.4;35.2;6;23;2016;175;26.8
2016-06-24;20.0;35.8;6;24;2016;176;27.9
2016-06-25;18.5;33.8;6;25;2016;177;26.2
2016-06-26;18.7;29.7;6;26;2016;178;24.2
2016-06-27;17.8;37.6;6;27;2016;179;27.7
2016-06-28;23.6;36.4;6;28;2016;180;30.0
2016-06-29;21.6;33.4;6;29;2016;181;27.5
2016-06-30;21.9;32.9;6;30;2016;182;27.4
2016-07-01;18.3;34.9;7;1;2016;183;26.6
2016-07-02;19.5;38.6;7;2;2016;184;29.0
2016-07-03;23.3;39.9;7;3;2016;185;31.6
2016-07-04;21.7;32.5;7;4;2016;186;27.1
2016-07-05;21.5;34.5;7;5;2016;187;28.0
2016-07-06;21.5;34.0;7;6;2016;188;27.8
2016-07-07;22.8;31.1;7;7;2016;189;27.0
2016-07-08;19.3;38.9;7;8;2016;190;29.1
2016-07-09;23.5;41.7;7;9;2016;191;32.6
2016-07-10;23.2;39.5;7;10;2016;192;31.4
2016-07-11;23.7;38.4;7;11;2016;193;31.0
2016-07-12;21.2;38.8;7;12;2016;194;30.0
2016-07-13;22.4;38.2;7;13;2016;195;30.3
2016-07-14;20.4;38.1;7;14;2016;196;29.2
2016-07-15;23.7;39.2;7;15;2016;197;31.4
2016-07-16;22.0;39.3;7;16;2016;198;30.6
2016-07-17;21.4;39.0;7;17;2016;199;30.2
2016-07-18;20.0;39.4;7;18;2016;200;29.7
2016-07-19;24.2;42.3;7;19;2016;201;33.2
2016-07-20;24.6;35.5;7;20;2016;202;30.0
2016-07-21;20.5;38.3;7;21;2016;203;29.4
2016-07-22;20.0;36.2;7;22;2016;204;28.1
2016-07-23;19.6;38.5;7;23;2016;205;29.0
2016-07-24;23.0;39.4;7;24;2016;206;31.2
2016-07-25;23.2;41.5;7;25;2016;207;32.4
2016-07-26;22.9;40.0;7;26;2016;208;31.4
2016-07-27;22.8;35.3;7;27;2016;209;29.0
2016-07-28;21.7;37.4;7;28;2016;210;29.6
2016-07-29;22.3;37.6;7;29;2016;211;30.0
2016-07-30;22.0;31.7;7;30;2016;212;26.8
2016-07-31;20.0;37.5;7;31;2016;213;28.8
2016-08-01;19.2;39.3;8;1;2016;214;29.2
2016-08-02;19.8;37.9;8;2;2016;215;28.8
2016-08-03;23.1;36.7;8;3;2016;216;29.9
2016-08-04;20.9;39.5;8;4;2016;217;30.2
2016-08-05;22.8;39.2;8;5;2016;218;31.0
2016-08-06;23.4;39.9;8;6;2016;219;31.6
2016-08-07;23.6;39.5;8;7;2016;220;31.6
2016-08-08;24.9;39.1;8;8;2016;221;32.0
2016-08-09;21.3;39.5;8;9;2016;222;30.4
2016-08-10;22.7;35.7;8;10;2016;223;29.2
2016-08-11;24.1;36.2;8;11;2016;224;30.2
2016-08-12;22.6;36.5;8;12;2016;225;29.6
2016-08-13;22.3;37.4;8;13;2016;226;29.8
2016-08-14;21.2;37.0;8;14;2016;227;29.1
2016-08-15;22.9;34.0;8;15;2016;228;28.4
2016-08-16;22.4;36.3;8;16;2016;229;29.4
2016-08-17;20.1;36.9;8;17;2016;230;28.5
2016-08-18;22.4;35.7;8;18;2016;231;29.0
2016-08-19;20.3;36.7;8;19;2016;232;28.5
2016-08-20;21.6;37.8;8;20;2016;233;29.7
2016-08-21;17.5;37.7;8;21;2016;234;27.6
2016-08-22;23.4;39.2;8;22;2016;235;31.3
2016-08-23;23.1;40.4;8;23;2016;236;31.8
2016-08-24;21.8;39.0;8;24;2016;237;30.4
2016-08-25;21.1;38.0;8;25;2016;238;29.6
2016-08-26;22.6;40.0;8;26;2016;239;31.3
2016-08-27;22.8;39.3;8;27;2016;240;31.0
2016-08-28;24.4;37.8;8;28;2016;241;31.1
2016-08-29;19.6;38.6;8;29;2016;242;29.1
2016-08-30;21.7;34.4;8;30;2016;243;28.0
2016-08-31;20.2;32.8;8;31;2016;244;26.5
2016-09-01;20.3;36.1;9;1;2016;245;28.2
2016-09-02;22.4;38.0;9;2;2016;246;30.2
2016-09-03;22.7;40.0;9;3;2016;247;31.4
2016-09-04;23.4;40.9;9;4;2016;248;32.2
2016-09-05;22.5;44.8;9;5;2016;249;33.6
2016-09-06;22.4;43.4;9;6;2016;250;32.9
2016-09-07;22.0;37.1;9;7;2016;251;29.6
2016-09-08;21.1;34.8;9;8;2016;252;28.0
2016-09-09;17.9;32.6;9;9;2016;253;25.2
2016-09-10;17.1;34.9;9;10;2016;254;26.0
2016-09-11;18.1;35.6;9;11;2016;255;26.8
2016-09-12;19.9;34.0;9;12;2016;256;27.0
2016-09-13;17.8;26.7;9;13;2016;257;22.2
2016-09-14;15.2;25.5;9;14;2016;258;20.4
2016-09-15;13.4;27.8;9;15;2016;259;20.6
2016-09-16;15.5;29.9;9;16;2016;260;22.7
2016-09-17;17.8;34.1;9;17;2016;261;26.0
2016-09-18;16.5;33.9;9;18;2016;262;25.2
2016-09-19;15.6;30.0;9;19;2016;263;22.8
2016-09-20;19.6;31.0;9;20;2016;264;25.3
2016-09-21;16.8;30.8;9;21;2016;265;23.8
2016-09-22;17.2;27.1;9;22;2016;266;22.2
2016-09-23;14.5;30.2;9;23;2016;267;22.4
2016-09-24;16.0;32.5;9;24;2016;268;24.2
2016-09-25;16.7;32.2;9;25;2016;269;24.4
2016-09-26;19.2;33.9;9;26;2016;270;26.6
2016-09-27;17.9;35.1;9;27;2016;271;26.5
2016-09-28;18.8;33.1;9;28;2016;272;26.0
2016-09-29;18.2;32.0;9;29;2016;273;25.1
2016-09-30;18.5;32.3;9;30;2016;274;25.4
2016-10-01;17.1;31.2;10;1;2016;275;24.2
2016-10-02;17.5;29.8;10;2;2016;276;23.6
2016-10-03;14.3;32.2;10;3;2016;277;23.2
2016-10-04;16.5;33.6;10;4;2016;278;25.0
2016-10-05;17.0;32.1;10;5;2016;279;24.6
2016-10-06;17.1;31.7;10;6;2016;280;24.4
2016-10-07;18.8;31.3;10;7;2016;281;25.0
2016-10-08;14.7;30.4;10;8;2016;282;22.6
2016-10-09;13.0;27.9;10;9;2016;283;20.4
2016-10-10;12.7;27.1;10;10;2016;284;19.9
2016-10-11;14.2;26.2;10;11;2016;285;20.2
2016-10-12;16.7;22.4;10;12;2016;286;19.6
2016-10-13;15.1;23.1;10;13;2016;287;19.1
2016-10-14;14.8;24.0;10;14;2016;288;19.4
2016-10-15;10.6;25.3;10;15;2016;289;18.0
2016-10-16;12.9;26.7;10;16;2016;290;19.8
2016-10-17;15.0;27.5;10;17;2016;291;21.2
2016-10-18;16.3;28.8;10;18;2016;292;22.6
2016-10-19;18.6;29.1;10;19;2016;293;23.8
2016-10-20;18.4;28.2;10;20;2016;294;23.3
2016-10-21;16.6;24.8;10;21;2016;295;20.7
2016-10-22;18.0;20.4;10;22;2016;296;19.2
2016-10-23;14.5;19.9;10;23;2016;297;17.2
2016-10-24;14.3;21.6;10;24;2016;298;18.0
2016-10-25;17.2;24.4;10;25;2016;299;20.8
2016-10-26;18.2;28.9;10;26;2016;300;23.6
2016-10-27;19.2;30.5;10;27;2016;301;24.8
2016-10-28;17.8;29.7;10;28;2016;302;23.8
2016-10-29;15.6;27.4;10;29;2016;303;21.5
2016-10-30;13.8;27.0;10;30;2016;304;20.4
2016-10-31;12.2;27.4;10;31;2016;305;19.8
2016-11-01;14.9;26.0;11;1;2016;306;20.4
2016-11-02;14.0;26.2;11;2;2016;307;20.1
2016-11-03;14.0;26.9;11;3;2016;308;20.4
2016-11-04;17.8;20.6;11;4;2016;309;19.2
2016-11-05;14.5;22.7;11;5;2016;310;18.6
2016-11-06;9.7;18.3;11;6;2016;311;14.0
2016-11-07;6.9;17.8;11;7;2016;312;12.4
2016-11-08;5.9;17.3;11;8;2016;313;11.6
2016-11-09;6.8;19.3;11;9;2016;314;13.0
2016-11-10;9.8;19.1;11;10;2016;315;14.4
2016-11-11;7.4;18.8;11;11;2016;316;13.1
2016-11-12;7.6;19.7;11;12;2016;317;13.6
2016-11-13;10.9;22.1;11;13;2016;318;16.5
2016-11-14;9.9;22.6;11;14;2016;319;16.2
2016-11-15;11.7;20.1;11;15;2016;320;15.9
2016-11-16;8.8;20.6;11;16;2016;321;14.7
2016-11-17;6.7;22.2;11;17;2016;322;14.4
2016-11-18;6.1;20.8;11;18;2016;323;13.4
2016-11-19;9.1;19.7;11;19;2016;324;14.4
2016-11-20;9.0;18.4;11;20;2016;325;13.7
2016-11-21;13.3;18.0;11;21;2016;326;15.6
2016-11-22;10.7;15.7;11;22;2016;327;13.2
2016-11-23;7.3;16.3;11;23;2016;328;11.8
2016-11-24;4.5;15.2;11;24;2016;329;9.8
2016-11-25;9.9;15.4;11;25;2016;330;12.6
2016-11-26;12.3;17.1;11;26;2016;331;14.7
2016-11-27;10.1;14.7;11;27;2016;332;12.4
2016-11-28;7.8;16.1;11;28;2016;333;12.0
2016-11-29;8.2;17.7;11;29;2016;334;13.0
2016-11-30;11.0;18.6;11;30;2016;335;14.8
2016-12-01;11.8;16.0;12;1;2016;336;13.9
2016-12-02;11.0;18.1;12;2;2016;337;14.6
2016-12-03;13.6;18.0;12;3;2016;338;15.8
2016-12-04;13.5;18.7;12;4;2016;339;16.1
2016-12-05;12.9;20.2;12;5;2016;340;16.6
2016-12-06;11.1;20.7;12;6;2016;341;15.9
2016-12-07;10.7;19.3;12;7;2016;342;15.0
2016-12-08;10.8;18.6;12;8;2016;343;14.7
2016-12-09;11.1;21.6;12;9;2016;344;16.4
2016-12-10;9.3;19.4;12;10;2016;345;14.4
2016-12-11;9.3;18.7;12;11;2016;346;14.0
2016-12-12;8.0;18.9;12;12;2016;347;13.4
2016-12-13;7.0;17.3;12;13;2016;348;12.2
2016-12-14;8.1;14.6;12;14;2016;349;11.4
2016-12-15;7.5;14.5;12;15;2016;350;11.0
2016-12-16;8.5;13.6;12;16;2016;351;11.0
2016-12-17;7.9;16.1;12;17;2016;352;12.0
2016-12-18;9.1;15.6;12;18;2016;353;12.4
2016-12-19;7.8;16.5;12;19;2016;354;12.2
2016-12-20;4.8;15.2;12;20;2016;355;10.0
2016-12-21;4.9;16.2;12;21;2016;356;10.6
2016-12-22;5.7;16.4;12;22;2016;357;11.0
2016-12-23;6.3;18.0;12;23;2016;358;12.2
2016-12-24;6.7;17.7;12;24;2016;359;12.2
2016-12-25;8.1;18.1;12;25;2016;360;13.1
2016-12-26;5.1;17.5;12;26;2016;361;11.3
2016-12-27;4.6;17.8;12;27;2016;362;11.2
2016-12-28;6.9;18.4;12;28;2016;363;12.6
2016-12-29;8.5;18.1;12;29;2016;364;13.3
2016-12-30;6.2;17.3;12;30;2016;365;11.8
2016-12-31;3.6;15.7;12;31;2016;366;9.6
2017-01-01;3.9;15.5;1;1;2017;1;9.7
2017-01-02;6.1;18.6;1;2;2017;2;12.4
2017-01-03;7.6;18.0;1;3;2017;3;12.8
2017-01-04;6.2;19.3;1;4;2017;4;12.8
2017-01-05;6.7;17.9;1;5;2017;5;12.3
2017-01-06;6.5;18.0;1;6;2017;6;12.2
2017-01-07;6.0;17.0;1;7;2017;7;11.5
2017-01-08;4.9;15.8;1;8;2017;8;10.4
2017-01-09;2.3;18.6;1;9;2017;9;10.4
2017-01-10;2.8;15.2;1;10;2017;10;9.0
2017-01-11;4.9;19.2;1;11;2017;11;12.0
2017-01-12;5.1;19.1;1;12;2017;12;12.1
2017-01-13;5.2;16.7;1;13;2017;13;11.0
2017-01-14;4.1;14.5;1;14;2017;14;9.3
2017-01-15;3.0;15.5;1;15;2017;15;9.2
2017-01-16;2.3;17.1;1;16;2017;16;9.7
2017-01-17;2.9;18.0;1;17;2017;17;10.4
2017-01-18;1.2;9.8;1;18;2017;18;5.5
2017-01-19;0.0;12.6;1;19;2017;19;6.3
2017-01-20;3.2;12.4;1;20;2017;20;7.8
2017-01-21;0.5;14.8;1;21;2017;21;7.6
2017-01-22;1.4;15.3;1;22;2017;22;8.4
2017-01-23;0.9;15.8;1;23;2017;23;8.4
2017-01-24;0.6;15.6;1;24;2017;24;8.1
2017-01-25;0.4;15.6;1;25;2017;25;8.0
2017-01-26;5.4;15.9;1;26;2017;26;10.6
2017-01-27;7.2;15.3;1;27;2017;27;11.2
2017-01-28;4.0;16.3;1;28;2017;28;10.2
2017-01-29;5.7;17.6;1;29;2017;29;11.6
2017-01-30;6.1;18.9;1;30;2017;30;12.5
2017-01-31;5.5;18.0;1;31;2017;31;11.8
2017-02-01;9.6;18.0;2;1;2017;32;13.8
2017-02-02;10.8;17.6;2;2;2017;33;14.2
2017-02-03;10.9;18.3;2;3;2017;34;14.6
2017-02-04;13.3;17.5;2;4;2017;35;15.4
2017-02-05;9.3;18.2;2;5;2017;36;13.8
2017-02-06;5.5;18.1;2;6;2017;37;11.8
2017-02-07;5.8;18.8;2;7;2017;38;12.3
2017-02-08;4.8;17.2;2;8;2017;39;11.0
2017-02-09;4.2;16.7;2;9;2017;40;10.4
2017-02-10;7.1;13.6;2;10;2017;41;10.4
2017-02-11;8.5;14.4;2;11;2017;42;11.4
2017-02-12;11.6;15.0;2;12;2017;43;13.3
2017-02-13;10.7;17.8;2;13;2017;44;14.2
2017-02-14;9.0;18.1;2;14;2017;45;13.6
2017-02-15;9.4;20.0;2;15;2017;46;14.7
2017-02-16;10.1;20.1;2;16;2017;47;15.1
2017-02-17;8.3;19.7;2;17;2017;48;14.0
2017-02-18;6.8;18.8;2;18;2017;49;12.8
2017-02-19;10.6;17.8;2;19;2017;50;14.2
2017-02-20;8.8;16.4;2;20;2017;51;12.6
2017-02-21;11.6;20.6;2;21;2017;52;16.1
2017-02-22;9.9;21.9;2;22;2017;53;15.9
2017-02-23;11.8;16.4;2;23;2017;54;14.1
2017-02-24;10.3;19.8;2;24;2017;55;15.0
2017-02-25;12.0;17.4;2;25;2017;56;14.7
2017-02-26;10.8;16.9;2;26;2017;57;13.8
2017-02-27;8.1;18.5;2;27;2017;58;13.3
2017-02-28;8.1;17.1;2;28;2017;59;12.6
2017-03-01;8.1;20.5;3;1;2017;60;14.3
2017-03-02;8.1;21.7;3;2;2017;61;14.9
2017-03-03;9.3;14.2;3;3;2017;62;11.8
2017-03-04;9.0;17.5;3;4;2017;63;13.2
2017-03-05;8.6;18.1;3;5;2017;64;13.4
2017-03-06;12.5;21.7;3;6;2017;65;17.1
2017-03-07;11.2;23.3;3;7;2017;66;17.2
2017-03-08;10.9;26.1;3;8;2017;67;18.5
2017-03-09;10.8;28.4;3;9;2017;68;19.6
2017-03-10;10.8;28.4;3;10;2017;69;19.6
2017-03-11;10.5;26.9;3;11;2017;70;18.7
2017-03-12;12.1;24.4;3;12;2017;71;18.2
2017-03-13;8.2;15.8;3;13;2017;72;12.0
2017-03-14;9.8;14.0;3;14;2017;73;11.9
2017-03-15;10.3;22.4;3;15;2017;74;16.4
2017-03-16;10.0;20.5;3;16;2017;75;15.2
2017-03-17;11.6;21.1;3;17;2017;76;16.4
2017-03-18;9.0;24.4;3;18;2017;77;16.7
2017-03-19;8.0;26.1;3;19;2017;78;17.0
2017-03-20;10.6;23.8;3;20;2017;79;17.2
2017-03-21;8.9;19.0;3;21;2017;80;14.0
2017-03-22;7.5;17.9;3;22;2017;81;12.7
2017-03-23;4.2;15.6;3;23;2017;82;9.9
2017-03-24;3.3;15.1;3;24;2017;83;9.2
2017-03-25;8.6;16.5;3;25;2017;84;12.6
2017-03-26;10.4;19.1;3;26;2017;85;14.8
2017-03-27;10.333333333333334;21.333333333333336;3;27;2017;86;15.866666666666667
2017-03-28;10.266666666666666;23.566666666666666;3;28;2017;87;16.933333333333334
2017-03-29;10.2;25.8;3;29;2017;88;18.0
2017-03-30;9.0;25.3;3;30;2017;89;17.2
2017-03-31;11.8;23.5;3;31;2017;90;17.6
2017-04-01;10.8;23.1;4;1;2017;91;17.0
2017-04-02;8.8;24.3;4;2;2017;92;16.6
2017-04-03;10.3;25.5;4;3;2017;93;17.9
2017-04-04;8.4;25.7;4;4;2017;94;17.0
2017-04-05;8.6;26.7;4;5;2017;95;17.6
2017-04-06;9.8;25.2;4;6;2017;96;17.5
2017-04-07;10.6;25.2;4;7;2017;97;17.9
2017-04-08;10.9;25.4;4;8;2017;98;18.2
2017-04-09;11.3;26.7;4;9;2017;99;19.0
2017-04-10;12.4;27.7;4;10;2017;100;20.0
2017-04-11;10.5;29.9;4;11;2017;101;20.2
2017-04-12;11.1;30.7;4;12;2017;102;20.9
2017-04-13;11.6;25.5;4;13;2017;103;18.6
2017-04-14;15.3;26.6;4;14;2017;104;21.0
2017-04-15;12.7;28.1;4;15;2017;105;20.4
2017-04-16;13.5;28.5;4;16;2017;106;21.0
2017-04-17;14.2;30.7;4;17;2017;107;22.4
2017-04-18;14.5;32.7;4;18;2017;108;23.6
2017-04-19;14.4;31.1;4;19;2017;109;22.8
2017-04-20;16.0;26.8;4;20;2017;110;21.4
2017-04-21;14.9;24.6;4;21;2017;111;19.8
2017-04-22;15.0;26.7;4;22;2017;112;20.8
2017-04-23;14.7;28.5;4;23;2017;113;21.6
2017-04-24;15.0;28.0;4;24;2017;114;21.5
2017-04-25;15.3;24.8;4;25;2017;115;20.0
2017-04-26;13.6;24.3;4;26;2017;116;19.0
2017-04-27;14.9;23.9;4;27;2017;117;19.4
2017-04-28;13.8;16.8;4;28;2017;118;15.3
2017-04-29;14.1;21.5;4;29;2017;119;17.8
2017-04-30;11.3;20.6;4;30;2017;120;16.0
2017-05-01;9.5;24.5;5;1;2017;121;17.0
2017-05-02;11.0;28.4;5;2;2017;122;19.7
2017-05-03;12.4;31.4;5;3;2017;123;21.9
2017-05-04;14.0;28.3;5;4;2017;124;21.2
2017-05-05;16.0;23.5;5;5;2017;125;19.8
2017-05-06;12.5;25.2;5;6;2017;126;18.8
2017-05-07;13.6;31.0;5;7;2017;127;22.3
2017-05-08;14.2;32.2;5;8;2017;128;23.2
2017-05-09;14.0;26.0;5;9;2017;129;20.0
2017-05-10;16.1;21.2;5;10;2017;130;18.6
2017-05-11;15.5;21.8;5;11;2017;131;18.6
2017-05-12;14.5;21.9;5;12;2017;132;18.2
2017-05-13;14.8;24.8;5;13;2017;133;19.8
2017-05-14;13.4;27.8;5;14;2017;134;20.6
2017-05-15;15.5;32.2;5;15;2017;135;23.8
2017-05-16;18.2;32.7;5;16;2017;136;25.4
2017-05-17;15.9;32.1;5;17;2017;137;24.0
2017-05-18;15.9;27.8;5;18;2017;138;21.8
2017-05-19;12.7;29.2;5;19;2017;139;21.0
2017-05-20;13.6;33.5;5;20;2017;140;23.6
2017-05-21;18.3;30.0;5;21;2017;141;24.2
2017-05-22;14.9;30.8;5;22;2017;142;22.8
2017-05-23;16.1;34.9;5;23;2017;143;25.5
2017-05-24;18.7;35.9;5;24;2017;144;27.3
2017-05-25;18.5;33.6;5;25;2017;145;26.0
2017-05-26;19.4;27.0;5;26;2017;146;23.2
2017-05-27;18.3;29.6;5;27;2017;147;24.0
2017-05-28;19.0;26.8;5;28;2017;148;22.9
2017-05-29;16.3;27.3;5;29;2017;149;21.8
2017-05-30;16.5;31.4;5;30;2017;150;24.0
2017-05-31;17.4;34.2;5;31;2017;151;25.8
2017-06-01;18.2;34.6;6;1;2017;152;26.4
2017-06-02;19.4;34.7;6;2;2017;153;27.0
2017-06-03;19.8;33.4;6;3;2017;154;26.6
2017-06-04;16.2;30.4;6;4;2017;155;23.3
2017-06-05;15.6;31.1;6;5;2017;156;23.4
2017-06-06;16.2;33.1;6;6;2017;157;24.6
2017-06-07;17.2;37.2;6;7;2017;158;27.2
2017-06-08;17.8;36.8;6;8;2017;159;27.3
2017-06-09;20.9;34.8;6;9;2017;160;27.8
2017-06-10;18.6;37.3;6;10;2017;161;28.0
2017-06-11;20.7;38.7;6;11;2017;162;29.7
2017-06-12;20.9;39.8;6;12;2017;163;30.4
2017-06-13;20.1;34.1;6;13;2017;164;27.1
2017-06-14;19.8;34.1;6;14;2017;165;27.0
2017-06-15;20.9;38.9;6;15;2017;166;29.9
2017-06-16;22.6;43.3;6;16;2017;167;33.0
2017-06-17;23.4;42.5;6;17;2017;168;33.0
2017-06-18;22.8;41.6;6;18;2017;169;32.2
2017-06-19;23.6;40.7;6;19;2017;170;32.2
2017-06-20;24.6;40.5;6;20;2017;171;32.6
2017-06-21;22.7;33.5;6;21;2017;172;28.1
2017-06-22;20.6;35.5;6;22;2017;173;28.0
2017-06-23;20.0;38.1;6;23;2017;174;29.0
2017-06-24;23.9;41.0;6;24;2017;175;32.4
2017-06-25;24.3;39.3;6;25;2017;176;31.8
2017-06-26;20.0;34.4;6;26;2017;177;27.2
2017-06-27;18.7;32.1;6;27;2017;178;25.4
2017-06-28;19.0;30.4;6;28;2017;179;24.7
2017-06-29;16.0;29.5;6;29;2017;180;22.8
2017-06-30;15.6;29.5;6;30;2017;181;22.6
2017-07-01;15.5;33.5;7;1;2017;182;24.5
2017-07-02;17.1;36.3;7;2;2017;183;26.7
2017-07-03;20.5;37.8;7;3;2017;184;29.2
2017-07-04;17.9;36.8;7;4;2017;185;27.4
2017-07-05;21.0;30.9;7;5;2017;186;26.0
2017-07-06;20.4;28.3;7;6;2017;187;24.4
2017-07-07;17.0;31.0;7;7;2017;188;24.0
2017-07-08;19.0;30.6;7;8;2017;189;24.8
2017-07-09;20.3;33.6;7;9;2017;190;27.0
2017-07-10;18.5;37.0;7;10;2017;191;27.8
2017-07-11;19.2;39.8;7;11;2017;192;29.5
2017-07-12;21.5;43.6;7;12;2017;193;32.6
2017-07-13;23.9;43.3;7;13;2017;194;33.6
2017-07-14;22.8;39.8;7;14;2017;195;31.3
2017-07-15;22.1;38.3;7;15;2017;196;30.2
2017-07-16;20.9;39.8;7;16;2017;197;30.4
2017-07-17;22.9;39.5;7;17;2017;198;31.2
2017-07-18;23.2;37.9;7;18;2017;199;30.6
2017-07-19;22.5;33.8;7;19;2017;200;28.2
2017-07-20;20.4;31.8;7;20;2017;201;26.1
2017-07-21;18.3;29.4;7;21;2017;202;23.8
2017-07-22;17.1;35.1;7;22;2017;203;26.1
2017-07-23;18.6;37.9;7;23;2017;204;28.2
2017-07-24;19.5;39.2;7;24;2017;205;29.4
2017-07-25;21.4;38.2;7;25;2017;206;29.8
2017-07-26;20.1;35.9;7;26;2017;207;28.0
2017-07-27;21.0;38.2;7;27;2017;208;29.6
2017-07-28;19.9;40.3;7;28;2017;209;30.1
2017-07-29;20.0;39.1;7;29;2017;210;29.6
2017-07-30;21.9;39.2;7;30;2017;211;30.6
2017-07-31;20.7;36.1;7;31;2017;212;28.4
2017-08-01;21.8;34.0;8;1;2017;213;27.9
2017-08-02;18.1;38.3;8;2;2017;214;28.2
2017-08-03;19.6;41.7;8;3;2017;215;30.6
2017-08-04;23.1;43.4;8;4;2017;216;33.2
2017-08-05;24.2;40.7;8;5;2017;217;32.4
2017-08-06;22.0;41.4;8;6;2017;218;31.7
2017-08-07;22.6;39.6;8;7;2017;219;31.1
2017-08-08;21.4;37.2;8;8;2017;220;29.3
2017-08-09;17.5;33.2;8;9;2017;221;25.4
2017-08-10;17.4;36.0;8;10;2017;222;26.7
2017-08-11;21.5;37.1;8;11;2017;223;29.3
2017-08-12;20.8;38.1;8;12;2017;224;29.4
2017-08-13;20.5;38.4;8;13;2017;225;29.4
2017-08-14;21.4;37.6;8;14;2017;226;29.5
2017-08-15;22.8;39.2;8;15;2017;227;31.0
2017-08-16;20.1;39.9;8;16;2017;228;30.0
2017-08-17;20.2;40.0;8;17;2017;229;30.1
2017-08-18;22.0;40.1;8;18;2017;230;31.0
2017-08-19;22.4;40.4;8;19;2017;231;31.4
2017-08-20;22.8;39.7;8;20;2017;232;31.2
2017-08-21;24.4;38.6;8;21;2017;233;31.5
2017-08-22;23.1;38.0;8;22;2017;234;30.6
2017-08-23;22.0;39.5;8;23;2017;235;30.8
2017-08-24;21.6;38.4;8;24;2017;236;30.0
2017-08-25;21.7;37.0;8;25;2017;237;29.4
2017-08-26;23.4;37.7;8;26;2017;238;30.6
2017-08-27;23.0;32.6;8;27;2017;239;27.8
2017-08-28;20.1;29.7;8;28;2017;240;24.9
2017-08-29;18.9;29.0;8;29;2017;241;24.0
2017-08-30;16.8;31.0;8;30;2017;242;23.9
2017-08-31;18.8;34.8;8;31;2017;243;26.8
2017-09-01;21.0;36.5;9;1;2017;244;28.8
2017-09-02;21.3;36.0;9;2;2017;245;28.6
2017-09-03;22.0;36.4;9;3;2017;246;29.2
2017-09-04;18.6;34.7;9;4;2017;247;26.6
2017-09-05;20.6;36.4;9;5;2017;248;28.5
2017-09-06;22.5;38.6;9;6;2017;249;30.6
2017-09-07;21.2;37.2;9;7;2017;250;29.2
2017-09-08;21.8;37.2;9;8;2017;251;29.5
2017-09-09;15.0;31.8;9;9;2017;252;23.4
2017-09-10;16.1;30.6;9;10;2017;253;23.4
2017-09-11;15.5;36.7;9;11;2017;254;26.1
2017-09-12;19.5;37.8;9;12;2017;255;28.6
2017-09-13;17.7;37.2;9;13;2017;256;27.4
2017-09-14;19.7;33.3;9;14;2017;257;26.5
2017-09-15;16.9;31.2;9;15;2017;258;24.0
2017-09-16;13.5;27.9;9;16;2017;259;20.7
2017-09-17;13.2;29.9;9;17;2017;260;21.6
2017-09-18;12.5;30.3;9;18;2017;261;21.4
2017-09-19;15.3;32.6;9;19;2017;262;24.0
2017-09-20;15.5;32.9;9;20;2017;263;24.2
2017-09-21;15.6;33.0;9;21;2017;264;24.3
2017-09-22;16.1;32.8;9;22;2017;265;24.4
2017-09-23;18.0;32.3;9;23;2017;266;25.2
2017-09-24;18.6;33.2;9;24;2017;267;25.9
2017-09-25;17.0;34.0;9;25;2017;268;25.5
2017-09-26;14.1;32.2;9;26;2017;269;23.2
2017-09-27;16.7;25.8;9;27;2017;270;21.2
2017-09-28;20.3;31.7;9;28;2017;271;26.0
2017-09-29;18.8;33.4;9;29;2017;272;26.1
2017-09-30;17.8;33.5;9;30;2017;273;25.6
2017-10-01;18.1;35.1;10;1;2017;274;26.6
2017-10-02;18.6;34.6;10;2;2017;275;26.6
2017-10-03;19.0;33.9;10;3;2017;276;26.4
2017-10-04;18.7;34.6;10;4;2017;277;26.6
2017-10-05;20.2;33.8;10;5;2017;278;27.0
2017-10-06;15.9;35.2;10;6;2017;279;25.6
2017-10-07;17.2;33.2;10;7;2017;280;25.2
2017-10-08;17.6;33.2;10;8;2017;281;25.4
2017-10-09;17.1;33.3;10;9;2017;282;25.2
2017-10-10;14.7;32.7;10;10;2017;283;23.7
2017-10-11;15.0;34.5;10;11;2017;284;24.8
2017-10-12;18.9;35.0;10;12;2017;285;27.0
2017-10-13;16.9;34.0;10;13;2017;286;25.4
2017-10-14;18.4;34.5;10;14;2017;287;26.4
2017-10-15;16.9;35.7;10;15;2017;288;26.3
2017-10-16;17.2;31.5;10;16;2017;289;24.4
2017-10-17;19.2;27.0;10;17;2017;290;23.1
2017-10-18;16.6;22.5;10;18;2017;291;19.6
2017-10-19;16.6;24.0;10;19;2017;292;20.3
2017-10-20;16.4;27.1;10;20;2017;293;21.8
2017-10-21;17.9;28.5;10;21;2017;294;23.2
2017-10-22;15.5;28.3;10;22;2017;295;21.9
2017-10-23;14.9;28.6;10;23;2017;296;21.8
2017-10-24;16.5;29.9;10;24;2017;297;23.2
2017-10-25;12.7;30.3;10;25;2017;298;21.5
2017-10-26;13.2;31.5;10;26;2017;299;22.4
2017-10-27;14.9;31.8;10;27;2017;300;23.4
2017-10-28;12.9;31.6;10;28;2017;301;22.2
2017-10-29;13.6;29.1;10;29;2017;302;21.4
2017-10-30;10.9;26.7;10;30;2017;303;18.8
2017-10-31;11.5;27.2;10;31;2017;304;19.4
2017-11-01;12.1;27.3;11;1;2017;305;19.7
2017-11-02;14.4;23.6;11;2;2017;306;19.0
2017-11-03;16.2;19.2;11;3;2017;307;17.7
2017-11-04;15.2;22.0;11;4;2017;308;18.6
2017-11-05;11.8;21.6;11;5;2017;309;16.7
2017-11-06;11.0;20.7;11;6;2017;310;15.8
2017-11-07;8.7;21.8;11;7;2017;311;15.2
2017-11-08;8.5;23.3;11;8;2017;312;15.9
2017-11-09;9.6;19.3;11;9;2017;313;14.4
2017-11-10;7.1;20.5;11;10;2017;314;13.8
2017-11-11;7.2;22.9;11;11;2017;315;15.0
2017-11-12;6.6;23.8;11;12;2017;316;15.2
2017-11-13;6.5;22.4;11;13;2017;317;14.4
2017-11-14;7.5;19.8;11;14;2017;318;13.6
2017-11-15;6.8;20.7;11;15;2017;319;13.8
2017-11-16;6.6;22.0;11;16;2017;320;14.3
2017-11-17;6.2;22.6;11;17;2017;321;14.4
2017-11-18;5.4;23.4;11;18;2017;322;14.4
2017-11-19;6.4;23.6;11;19;2017;323;15.0
2017-11-20;7.2;24.2;11;20;2017;324;15.7
2017-11-21;6.2;24.2;11;21;2017;325;15.2
2017-11-22;5.1;22.9;11;22;2017;326;14.0
2017-11-23;8.8;23.8;11;23;2017;327;16.3
2017-11-24;7.7;25.3;11;24;2017;328;16.5
2017-11-25;6.5;20.7;11;25;2017;329;13.6
2017-11-26;12.0;22.1;11;26;2017;330;17.0
2017-11-27;10.2;20.0;11;27;2017;331;15.1
2017-11-28;12.4;19.4;11;28;2017;332;15.9
2017-11-29;9.6;19.6;11;29;2017;333;14.6
2017-11-30;5.9;15.8;11;30;2017;334;10.8
2017-12-01;2.4;16.0;12;1;2017;335;9.2
2017-12-02;3.4;13.8;12;2;2017;336;8.6
2017-12-03;2.4;13.3;12;3;2017;337;7.8
2017-12-04;3.5;14.9;12;4;2017;338;9.2
2017-12-05;4.8;16.1;12;5;2017;339;10.4
2017-12-06;4.3;16.0;12;6;2017;340;10.2
2017-12-07;4.3;16.7;12;7;2017;341;10.5
2017-12-08;3.6;18.5;12;8;2017;342;11.0
2017-12-09;6.7;17.1;12;9;2017;343;11.9
2017-12-10;7.3;18.5;12;10;2017;344;12.9
2017-12-11;8.2;17.1;12;11;2017;345;12.6
2017-12-12;4.7;14.5;12;12;2017;346;9.6
2017-12-13;3.3;14.9;12;13;2017;347;9.1
2017-12-14;4.0;16.3;12;14;2017;348;10.2
2017-12-15;10.7;19.3;12;15;2017;349;15.0
2017-12-16;6.0;15.9;12;16;2017;350;11.0
2017-12-17;4.0;14.6;12;17;2017;351;9.3
2017-12-18;4.2;15.2;12;18;2017;352;9.7
2017-12-19;3.4;17.3;12;19;2017;353;10.4
2017-12-20;4.1;17.4;12;20;2017;354;10.8
2017-12-21;4.0;17.4;12;21;2017;355;10.7
2017-12-22;3.3;17.3;12;22;2017;356;10.3
2017-12-23;4.8;17.3;12;23;2017;357;11.0
2017-12-24;7.7;17.8;12;24;2017;358;12.8
2017-12-25;6.3;15.4;12;25;2017;359;10.8
2017-12-26;10.6;14.8;12;26;2017;360;12.7
2017-12-27;12.7;16.4;12;27;2017;361;14.6
2017-12-28;12.2;19.5;12;28;2017;362;15.8
2017-12-29;15.0;19.8;12;29;2017;363;17.4
2017-12-30;10.9;21.0;12;30;2017;364;16.0
2017-12-31;9.2;18.2;12;31;2017;365;13.7
2018-01-01;5.3;18.6;1;1;2018;1;12.0
2018-01-02;3.4;18.3;1;2;2018;2;10.8
2018-01-03;9.7;19.2;1;3;2018;3;14.4
2018-01-04;11.8;16.0;1;4;2018;4;13.9
2018-01-05;12.5;16.4;1;5;2018;5;14.4
2018-01-06;6.9;13.3;1;6;2018;6;10.1
2018-01-07;3.1;9.6;1;7;2018;7;6.4
2018-01-08;4.0;11.1;1;8;2018;8;7.6
2018-01-09;2.8;13.5;1;9;2018;9;8.2
2018-01-10;8.1;16.9;1;10;2018;10;12.5
2018-01-11;7.1;15.9;1;11;2018;11;11.5
2018-01-12;3.5;13.2;1;12;2018;12;8.4
2018-01-13;5.3;11.1;1;13;2018;13;8.2
2018-01-14;5.1;12.5;1;14;2018;14;8.8
2018-01-15;2.9;14.2;1;15;2018;15;8.6
2018-01-16;3.4;16.2;1;16;2018;16;9.8
2018-01-17;7.0;18.2;1;17;2018;17;12.6
2018-01-18;8.6;17.5;1;18;2018;18;13.0
2018-01-19;5.5;18.5;1;19;2018;19;12.0
2018-01-20;4.0;17.3;1;20;2018;20;10.6
2018-01-21;4.1;18.3;1;21;2018;21;11.2
2018-01-22;5.8;19.8;1;22;2018;22;12.8
2018-01-23;6.1;19.8;1;23;2018;23;13.0
2018-01-24;5.9;19.0;1;24;2018;24;12.4
2018-01-25;7.5;15.3;1;25;2018;25;11.4
2018-01-26;5.2;14.9;1;26;2018;26;10.0
2018-01-27;3.8;15.5;1;27;2018;27;9.6
2018-01-28;3.4;16.4;1;28;2018;28;9.9
2018-01-29;9.2;19.3;1;29;2018;29;14.2
2018-01-30;9.8;18.1;1;30;2018;30;14.0
2018-01-31;9.8;18.6;1;31;2018;31;14.2
2018-02-01;6.3;17.0;2;1;2018;32;11.6
2018-02-02;3.7;14.8;2;2;2018;33;9.2
2018-02-03;1.1;15.1;2;3;2018;34;8.1
2018-02-04;4.2;12.5;2;4;2018;35;8.4
2018-02-05;1.4;12.9;2;5;2018;36;7.2
2018-02-06;3.0;14.5;2;6;2018;37;8.8
2018-02-07;1.3;13.3;2;7;2018;38;7.3
2018-02-08;1.4;14.6;2;8;2018;39;8.0
2018-02-09;-0.6;13.8;2;9;2018;40;6.6
2018-02-10;3.9;16.7;2;10;2018;41;10.3
2018-02-11;2.5;17.5;2;11;2018;42;10.0
2018-02-12;5.5;18.6;2;12;2018;43;12.0
2018-02-13;2.5;16.6;2;13;2018;44;9.6
2018-02-14;2.5;16.7;2;14;2018;45;9.6
2018-02-15;5.0;21.0;2;15;2018;46;13.0
2018-02-16;7.6;22.4;2;16;2018;47;15.0
2018-02-17;8.9;17.3;2;17;2018;48;13.1
2018-02-18;6.2;20.4;2;18;2018;49;13.3
2018-02-19;6.9;19.5;2;19;2018;50;13.2
2018-02-20;5.2;21.9;2;20;2018;51;13.6
2018-02-21;7.1;20.5;2;21;2018;52;13.8
2018-02-22;3.0;18.0;2;22;2018;53;10.5
2018-02-23;2.2;17.7;2;23;2018;54;10.0
2018-02-24;2.5;18.5;2;24;2018;55;10.5
2018-02-25;8.4;18.8;2;25;2018;56;13.6
2018-02-26;6.2;20.6;2;26;2018;57;13.4
2018-02-27;12.3;18.2;2;27;2018;58;15.2
2018-02-28;13.5;16.4;2;28;2018;59;15.0
2018-03-01;12.3;19.0;3;1;2018;60;15.6
2018-03-02;10.4;17.6;3;2;2018;61;14.0
2018-03-03;11.9;17.0;3;3;2018;62;14.4
2018-03-04;11.1;17.9;3;4;2018;63;14.5
2018-03-05;11.3;17.4;3;5;2018;64;14.4
2018-03-06;9.7;15.4;3;6;2018;65;12.6
2018-03-07;4.9;15.2;3;7;2018;66;10.0
2018-03-08;11.1;18.5;3;8;2018;67;14.8
2018-03-09;14.4;17.4;3;9;2018;68;15.9
2018-03-10;11.5;18.9;3;10;2018;69;15.2
2018-03-11;11.3;17.2;3;11;2018;70;14.2
2018-03-12;9.1;18.4;3;12;2018;71;13.8
2018-03-13;12.7;20.5;3;13;2018;72;16.6
2018-03-14;12.8;17.7;3;14;2018;73;15.2
2018-03-15;8.9;17.4;3;15;2018;74;13.2
2018-03-16;6.6;17.1;3;16;2018;75;11.8
2018-03-17;7.7;15.7;3;17;2018;76;11.7
2018-03-18;9.8;16.1;3;18;2018;77;13.0
2018-03-19;8.6;16.1;3;19;2018;78;12.4
2018-03-20;4.9;15.5;3;20;2018;79;10.2
2018-03-21;4.3;16.3;3;21;2018;80;10.3
2018-03-22;3.8;17.2;3;22;2018;81;10.5
2018-03-23;6.2;14.5;3;23;2018;82;10.4
2018-03-24;8.5;16.9;3;24;2018;83;12.7
2018-03-25;9.2;17.8;3;25;2018;84;13.5
2018-03-26;5.6;20.2;3;26;2018;85;12.9
2018-03-27;7.2;25.0;3;27;2018;86;16.1
2018-03-28;9.3;26.5;3;28;2018;87;17.9
2018-03-29;9.7;19.9;3;29;2018;88;14.8
2018-03-30;9.9;17.4;3;30;2018;89;13.6
2018-03-31;8.5;19.9;3;31;2018;90;14.2
2018-04-01;8.1;24.0;4;1;2018;91;16.0
2018-04-02;8.6;20.4;4;2;2018;92;14.5
2018-04-03;13.2;20.9;4;3;2018;93;17.0
2018-04-04;10.9;22.2;4;4;2018;94;16.6
2018-04-05;9.0;25.8;4;5;2018;95;17.4
2018-04-06;11.5;22.2;4;6;2018;96;16.8
2018-04-07;10.7;17.2;4;7;2018;97;14.0
2018-04-08;8.5;19.1;4;8;2018;98;13.8
2018-04-09;7.8;16.9;4;9;2018;99;12.4
2018-04-10;8.5;15.3;4;10;2018;100;11.9
2018-04-11;8.1;18.3;4;11;2018;101;13.2
2018-04-12;9.9;14.6;4;12;2018;102;12.2
2018-04-13;7.4;16.2;4;13;2018;103;11.8
2018-04-14;5.8;20.6;4;14;2018;104;13.2
2018-04-15;9.4;18.7;4;15;2018;105;14.0
2018-04-16;8.6;20.8;4;16;2018;106;14.7
2018-04-17;9.5;25.7;4;17;2018;107;17.6
2018-04-18;10.0;28.4;4;18;2018;108;19.2
2018-04-19;11.3;26.7;4;19;2018;109;19.0
2018-04-20;15.1;25.2;4;20;2018;110;20.2
2018-04-21;15.7;23.6;4;21;2018;111;19.6
2018-04-22;15.1;24.7;4;22;2018;112;19.9
2018-04-23;16.3;27.8;4;23;2018;113;22.0
2018-04-24;16.8;25.9;4;24;2018;114;21.4
2018-04-25;14.1;25.7;4;25;2018;115;19.9
2018-04-26;15.0;25.0;4;26;2018;116;20.0
2018-04-27;14.3;25.2;4;27;2018;117;19.8
2018-04-28;11.1;19.8;4;28;2018;118;15.4
2018-04-29;8.9;19.2;4;29;2018;119;14.0
2018-04-30;6.9;17.8;4;30;2018;120;12.4
2018-05-01;7.4;18.1;5;1;2018;121;12.8
2018-05-02;7.2;20.7;5;2;2018;122;14.0
2018-05-03;8.8;25.3;5;3;2018;123;17.0
2018-05-04;11.6;25.9;5;4;2018;124;18.8
2018-05-05;11.4;27.5;5;5;2018;125;19.4
2018-05-06;12.9;27.7;5;6;2018;126;20.3
2018-05-07;14.1;27.9;5;7;2018;127;21.0
2018-05-08;14.3;27.0;5;8;2018;128;20.6
2018-05-09;16.2;21.6;5;9;2018;129;18.9
2018-05-10;13.8;22.9;5;10;2018;130;18.4
2018-05-11;11.3;24.5;5;11;2018;131;17.9
2018-05-12;12.2;24.2;5;12;2018;132;18.2
2018-05-13;8.8;23.5;5;13;2018;133;16.2
2018-05-14;9.2;27.1;5;14;2018;134;18.2
2018-05-15;13.9;29.6;5;15;2018;135;21.8
2018-05-16;12.0;29.8;5;16;2018;136;20.9
2018-05-17;13.7;30.2;5;17;2018;137;22.0
2018-05-18;14.5;28.1;5;18;2018;138;21.3
2018-05-19;15.1;28.2;5;19;2018;139;21.6
2018-05-20;14.3;24.7;5;20;2018;140;19.5
2018-05-21;15.9;25.3;5;21;2018;141;20.6
2018-05-22;15.3;27.1;5;22;2018;142;21.2
2018-05-23;14.8;27.8;5;23;2018;143;21.3
2018-05-24;15.1;23.7;5;24;2018;144;19.4
2018-05-25;14.1;24.1;5;25;2018;145;19.1
2018-05-26;15.1;24.8;5;26;2018;146;20.0
2018-05-27;15.6;25.2;5;27;2018;147;20.4
2018-05-28;15.9;25.6;5;28;2018;148;20.8
2018-05-29;12.9;22.9;5;29;2018;149;17.9
2018-05-30;15.6;24.0;5;30;2018;150;19.8
2018-05-31;12.6;27.8;5;31;2018;151;20.2
2018-06-01;14.2;27.4;6;1;2018;152;20.8
2018-06-02;13.6;24.6;6;2;2018;153;19.1
2018-06-03;14.6;26.7;6;3;2018;154;20.6
2018-06-04;14.2;25.1;6;4;2018;155;19.6
2018-06-05;14.5;23.7;6;5;2018;156;19.1
2018-06-06;15.7;25.9;6;6;2018;157;20.8
2018-06-07;13.8;25.9;6;7;2018;158;19.8
2018-06-08;14.8;20.6;6;8;2018;159;17.7
2018-06-09;14.3;25.5;6;9;2018;160;19.9
2018-06-10;14.7;25.8;6;10;2018;161;20.2
2018-06-11;15.6;24.8;6;11;2018;162;20.2
2018-06-12;13.7;28.9;6;12;2018;163;21.3
2018-06-13;16.0;31.8;6;13;2018;164;23.9
2018-06-14;16.6;33.1;6;14;2018;165;24.8
2018-06-15;16.0;35.4;6;15;2018;166;25.7
2018-06-16;18.9;35.6;6;16;2018;167;27.2
2018-06-17;18.7;38.0;6;17;2018;168;28.4
2018-06-18;19.9;39.3;6;18;2018;169;29.6
2018-06-19;19.9;36.7;6;19;2018;170;28.3
2018-06-20;19.8;35.4;6;20;2018;171;27.6
2018-06-21;20.7;34.2;6;21;2018;172;27.4
2018-06-22;20.1;35.2;6;22;2018;173;27.6
2018-06-23;18.6;36.8;6;23;2018;174;27.7
2018-06-24;20.6;34.2;6;24;2018;175;27.4
2018-06-25;20.2;29.9;6;25;2018;176;25.0
2018-06-26;18.3;32.3;6;26;2018;177;25.3
2018-06-27;17.8;32.4;6;27;2018;178;25.1
2018-06-28;18.1;27.9;6;28;2018;179;23.0
2018-06-29;17.0;29.8;6;29;2018;180;23.4
2018-06-30;17.4;27.9;6;30;2018;181;22.6
2018-07-01;18.2;27.0;7;1;2018;182;22.6
2018-07-02;17.2;29.6;7;2;2018;183;23.4
2018-07-03;16.6;33.6;7;3;2018;184;25.1
2018-07-04;16.2;31.0;7;4;2018;185;23.6
2018-07-05;17.3;32.2;7;5;2018;186;24.8
2018-07-06;17.3;35.7;7;6;2018;187;26.5
2018-07-07;18.3;37.4;7;7;2018;188;27.8
2018-07-08;19.8;36.7;7;8;2018;189;28.2
2018-07-09;20.0;37.0;7;9;2018;190;28.5
2018-07-10;19.9;31.3;7;10;2018;191;25.6
2018-07-11;19.9;30.6;7;11;2018;192;25.2
2018-07-12;19.7;27.9;7;12;2018;193;23.8
2018-07-13;16.6;29.5;7;13;2018;194;23.0
2018-07-14;16.8;28.6;7;14;2018;195;22.7
2018-07-15;18.2;28.7;7;15;2018;196;23.4
2018-07-16;16.1;33.4;7;16;2018;197;24.8
2018-07-17;17.5;36.9;7;17;2018;198;27.2
2018-07-18;17.2;34.6;7;18;2018;199;25.9
2018-07-19;16.4;34.6;7;19;2018;200;25.5
2018-07-20;17.5;36.1;7;20;2018;201;26.8
2018-07-21;18.9;34.7;7;21;2018;202;26.8
2018-07-22;17.6;34.8;7;22;2018;203;26.2
2018-07-23;17.5;34.2;7;23;2018;204;25.8
2018-07-24;19.3;33.5;7;24;2018;205;26.4
2018-07-25;17.6;34.3;7;25;2018;206;26.0
2018-07-26;18.0;33.0;7;26;2018;207;25.5
2018-07-27;18.3;35.3;7;27;2018;208;26.8
2018-07-28;18.5;33.1;7;28;2018;209;25.8
2018-07-29;18.8;32.8;7;29;2018;210;25.8
2018-07-30;17.3;35.1;7;30;2018;211;26.2
2018-07-31;17.9;39.1;7;31;2018;212;28.5
2018-08-01;21.2;42.4;8;1;2018;213;31.8
2018-08-02;24.7;42.5;8;2;2018;214;33.6
2018-08-03;23.6;44.5;8;3;2018;215;34.0
2018-08-04;24.2;41.9;8;4;2018;216;33.0
2018-08-05;22.0;41.7;8;5;2018;217;31.8
2018-08-06;22.5;41.4;8;6;2018;218;32.0
2018-08-07;24.3;40.6;8;7;2018;219;32.4
2018-08-08;21.8;35.6;8;8;2018;220;28.7
2018-08-09;17.8;34.4;8;9;2018;221;26.1
2018-08-10;17.6;38.0;8;10;2018;222;27.8
2018-08-11;21.3;38.3;8;11;2018;223;29.8
2018-08-12;23.1;37.2;8;12;2018;224;30.2
2018-08-13;21.7;35.3;8;13;2018;225;28.5
2018-08-14;18.9;34.9;8;14;2018;226;26.9
2018-08-15;18.0;31.4;8;15;2018;227;24.7
2018-08-16;20.2;30.7;8;16;2018;228;25.4
2018-08-17;19.4;36.3;8;17;2018;229;27.8
2018-08-18;21.0;38.8;8;18;2018;230;29.9
2018-08-19;21.5;38.3;8;19;2018;231;29.9
2018-08-20;23.0;37.9;8;20;2018;232;30.4
2018-08-21;21.9;38.6;8;21;2018;233;30.2
2018-08-22;21.8;37.9;8;22;2018;234;29.8
2018-08-23;21.8;38.7;8;23;2018;235;30.2
2018-08-24;21.3;39.1;8;24;2018;236;30.2
2018-08-25;21.5;37.2;8;25;2018;237;29.4
2018-08-26;18.8;38.5;8;26;2018;238;28.6
2018-08-27;21.6;39.9;8;27;2018;239;30.8
2018-08-28;21.7;36.6;8;28;2018;240;29.2
2018-08-29;21.1;34.6;8;29;2018;241;27.8
2018-08-30;18.8;36.1;8;30;2018;242;27.4
2018-08-31;21.4;39.0;8;31;2018;243;30.2
2018-09-01;21.8;39.0;9;1;2018;244;30.4
2018-09-02;22.5;38.3;9;2;2018;245;30.4
2018-09-03;20.7;28.9;9;3;2018;246;24.8
2018-09-04;18.0;29.5;9;4;2018;247;23.8
2018-09-05;18.9;30.0;9;5;2018;248;24.4
2018-09-06;17.8;31.6;9;6;2018;249;24.7
2018-09-07;17.6;30.5;9;7;2018;250;24.0
2018-09-08;19.4;27.7;9;8;2018;251;23.6
2018-09-09;20.8;33.9;9;9;2018;252;27.4
2018-09-10;18.1;34.6;9;10;2018;253;26.4
2018-09-11;20.8;34.6;9;11;2018;254;27.7
2018-09-12;21.4;35.7;9;12;2018;255;28.6
2018-09-13;20.9;33.4;9;13;2018;256;27.2
2018-09-14;18.2;31.3;9;14;2018;257;24.8
2018-09-15;20.1;32.0;9;15;2018;258;26.0
2018-09-16;20.9;32.4;9;16;2018;259;26.6
2018-09-17;21.5;33.7;9;17;2018;260;27.6
2018-09-18;20.7;33.8;9;18;2018;261;27.2
2018-09-19;21.8;35.7;9;19;2018;262;28.8
2018-09-20;21.6;34.4;9;20;2018;263;28.0
2018-09-21;20.8;35.4;9;21;2018;264;28.1
2018-09-22;19.8;38.1;9;22;2018;265;29.0
2018-09-23;21.0;38.1;9;23;2018;266;29.6
2018-09-24;19.8;38.6;9;24;2018;267;29.2
2018-09-25;20.1;37.3;9;25;2018;268;28.7
2018-09-26;21.4;35.1;9;26;2018;269;28.2
2018-09-27;22.2;33.1;9;27;2018;270;27.6
2018-09-28;20.0;32.3;9;28;2018;271;26.2
2018-09-29;18.7;32.3;9;29;2018;272;25.5
2018-09-30;20.0;32.7;9;30;2018;273;26.4
2018-10-01;18.9;33.8;10;1;2018;274;26.4
2018-10-02;17.9;34.5;10;2;2018;275;26.2
2018-10-03;14.7;32.9;10;3;2018;276;23.8
2018-10-04;15.7;33.9;10;4;2018;277;24.8
2018-10-05;15.9;34.1;10;5;2018;278;25.0
2018-10-06;15.9;33.0;10;6;2018;279;24.4
2018-10-07;17.8;32.4;10;7;2018;280;25.1
2018-10-08;15.5;28.7;10;8;2018;281;22.1
2018-10-09;13.9;28.5;10;9;2018;282;21.2
2018-10-10;18.4;27.4;10;10;2018;283;22.9
2018-10-11;20.1;26.9;10;11;2018;284;23.5
2018-10-12;19.8;29.5;10;12;2018;285;24.6
2018-10-13;16.8;32.5;10;13;2018;286;24.6
2018-10-14;13.8;22.1;10;14;2018;287;18.0
2018-10-15;11.0;20.9;10;15;2018;288;16.0
2018-10-16;16.0;23.7;10;16;2018;289;19.8
2018-10-17;13.8;27.0;10;17;2018;290;20.4
2018-10-18;13.7;18.1;10;18;2018;291;15.9
2018-10-19;12.8;22.9;10;19;2018;292;17.8
2018-10-20;12.7;17.6;10;20;2018;293;15.2
2018-10-21;15.6;23.2;10;21;2018;294;19.4
2018-10-22;15.5;26.1;10;22;2018;295;20.8
2018-10-23;16.6;25.4;10;23;2018;296;21.0
2018-10-24;16.0;26.8;10;24;2018;297;21.4
2018-10-25;14.6;27.7;10;25;2018;298;21.2
2018-10-26;15.8;18.0;10;26;2018;299;16.9
2018-10-27;12.7;21.9;10;27;2018;300;17.3
2018-10-28;8.1;16.6;10;28;2018;301;12.4
2018-10-29;6.0;18.0;10;29;2018;302;12.0
2018-10-30;9.9;17.1;10;30;2018;303;13.5
2018-10-31;8.5;14.4;10;31;2018;304;11.4
2018-11-01;6.4;19.7;11;1;2018;305;13.0
2018-11-02;8.7;20.3;11;2;2018;306;14.5
2018-11-03;10.7;20.7;11;3;2018;307;15.7
2018-11-04;9.6;16.2;11;4;2018;308;12.9
2018-11-05;10.4;18.6;11;5;2018;309;14.5
2018-11-06;6.5;18.3;11;6;2018;310;12.4
2018-11-07;13.0;18.9;11;7;2018;311;16.0
2018-11-08;11.6;18.0;11;8;2018;312;14.8
2018-11-09;7.8;18.9;11;9;2018;313;13.4
2018-11-10;10.0;18.5;11;10;2018;314;14.2
2018-11-11;15.2;23.1;11;11;2018;315;19.2
2018-11-12;13.8;17.1;11;12;2018;316;15.4
2018-11-13;12.4;21.9;11;13;2018;317;17.2
2018-11-14;13.7;22.3;11;14;2018;318;18.0
2018-11-15;12.7;21.8;11;15;2018;319;17.2
2018-11-16;12.8;22.7;11;16;2018;320;17.8
2018-11-17;10.4;22.2;11;17;2018;321;16.3
2018-11-18;13.2;16.4;11;18;2018;322;14.8
2018-11-19;12.0;17.2;11;19;2018;323;14.6
2018-11-20;11.5;18.2;11;20;2018;324;14.8
2018-11-21;10.5;18.2;11;21;2018;325;14.4
2018-11-22;12.0;15.8;11;22;2018;326;13.9
2018-11-23;9.5;18.2;11;23;2018;327;13.8
2018-11-24;7.0;17.5;11;24;2018;328;12.2
2018-11-25;14.5;19.8;11;25;2018;329;17.2
2018-11-26;8.0;17.8;11;26;2018;330;12.9
2018-11-27;7.7;17.5;11;27;2018;331;12.6
2018-11-28;6.1;18.8;11;28;2018;332;12.4
2018-11-29;5.6;17.8;11;29;2018;333;11.7
2018-11-30;7.9;18.2;11;30;2018;334;13.0
2018-12-01;6.7;17.9;12;1;2018;335;12.3
2018-12-02;7.4;18.4;12;2;2018;336;12.9
2018-12-03;8.4;20.5;12;3;2018;337;14.4
2018-12-04;8.2;22.5;12;4;2018;338;15.4
2018-12-05;9.1;23.3;12;5;2018;339;16.2
2018-12-06;9.2;23.4;12;6;2018;340;16.3
2018-12-07;7.1;22.5;12;7;2018;341;14.8
2018-12-08;8.1;19.1;12;8;2018;342;13.6
2018-12-09;8.7;20.9;12;9;2018;343;14.8
2018-12-10;9.5;23.2;12;10;2018;344;16.4
2018-12-11;6.9;17.1;12;11;2018;345;12.0
2018-12-12;12.2;19.4;12;12;2018;346;15.8
2018-12-13;8.5;16.3;12;13;2018;347;12.4
2018-12-14;5.9;17.2;12;14;2018;348;11.6
2018-12-15;5.5;17.3;12;15;2018;349;11.4
2018-12-16;5.3;13.0;12;16;2018;350;9.2
2018-12-17;6.5;15.3;12;17;2018;351;10.9
2018-12-18;5.0;17.0;12;18;2018;352;11.0
2018-12-19;9.7;16.3;12;19;2018;353;13.0
2018-12-20;8.7;17.4;12;20;2018;354;13.0
2018-12-21;7.1;17.5;12;21;2018;355;12.3
2018-12-22;7.3;18.9;12;22;2018;356;13.1
2018-12-23;6.0;19.3;12;23;2018;357;12.6
2018-12-24;5.5;18.0;12;24;2018;358;11.8
2018-12-25;6.2;18.8;12;25;2018;359;12.5
2018-12-26;4.5;16.9;12;26;2018;360;10.7
2018-12-27;5.3;18.2;12;27;2018;361;11.8
2018-12-28;4.2;16.9;12;28;2018;362;10.6
2018-12-29;5.8;16.1;12;29;2018;363;11.0
2018-12-30;8.0;18.0;12;30;2018;364;13.0
2018-12-31;5.2;17.6;12;31;2018;365;11.4
2019-01-01;3.1;17.8;1;1;2019;1;10.4
2019-01-02;2.1;17.8;1;2;2019;2;10.0
2019-01-03;4.9;15.9;1;3;2019;3;10.4
2019-01-04;4.6;17.2;1;4;2019;4;10.9
2019-01-05;3.4;17.2;1;5;2019;5;10.3
2019-01-06;0.5;18.7;1;6;2019;6;9.6
2019-01-07;1.2;17.0;1;7;2019;7;9.1
2019-01-08;1.5;17.0;1;8;2019;8;9.2
2019-01-09;0.9;18.2;1;9;2019;9;9.6
2019-01-10;2.4;16.9;1;10;2019;10;9.6
2019-01-11;1.3;13.6;1;11;2019;11;7.4
2019-01-12;4.5;15.1;1;12;2019;12;9.8
2019-01-13;1.0;17.4;1;13;2019;13;9.2
2019-01-14;1.4;17.9;1;14;2019;14;9.6
2019-01-15;2.9;14.4;1;15;2019;15;8.6
2019-01-16;3.1;17.0;1;16;2019;16;10.0
2019-01-17;5.2;15.4;1;17;2019;17;10.3
2019-01-18;2.1;16.0;1;18;2019;18;9.0
2019-01-19;8.2;13.1;1;19;2019;19;10.6
2019-01-20;6.6;17.0;1;20;2019;20;11.8
2019-01-21;2.3;17.0;1;21;2019;21;9.6
2019-01-22;1.7;14.7;1;22;2019;22;8.2
2019-01-23;9.1;17.0;1;23;2019;23;13.0
2019-01-24;8.9;19.3;1;24;2019;24;14.1
2019-01-25;7.4;20.3;1;25;2019;25;13.8
2019-01-26;4.4;21.2;1;26;2019;26;12.8
2019-01-27;6.0;17.2;1;27;2019;27;11.6
2019-01-28;2.9;17.7;1;28;2019;28;10.3
2019-01-29;4.3;17.2;1;29;2019;29;10.8
2019-01-30;10.9;16.2;1;30;2019;30;13.6
2019-01-31;12.9;18.5;1;31;2019;31;15.7
2019-02-01;7.9;16.4;2;1;2019;32;12.2
2019-02-02;4.8;15.3;2;2;2019;33;10.0
2019-02-03;1.4;14.4;2;3;2019;34;7.9
2019-02-04;2.1;16.3;2;4;2019;35;9.2
2019-02-05;3.5;20.3;2;5;2019;36;11.9
2019-02-06;4.9;21.2;2;6;2019;37;13.0
2019-02-07;4.9;21.2;2;7;2019;38;13.0
2019-02-08;5.1;19.3;2;8;2019;39;12.2
2019-02-09;2.9;18.1;2;9;2019;40;10.5
2019-02-10;6.0;18.8;2;10;2019;41;12.4
2019-02-11;9.3;19.6;2;11;2019;42;14.4
2019-02-12;6.9;20.8;2;12;2019;43;13.8
2019-02-13;7.7;20.3;2;13;2019;44;14.0
2019-02-14;6.6;21.6;2;14;2019;45;14.1
2019-02-15;6.6;20.2;2;15;2019;46;13.4
2019-02-16;8.1;20.5;2;16;2019;47;14.3
2019-02-17;4.8;21.2;2;17;2019;48;13.0
2019-02-18;7.8;19.7;2;18;2019;49;13.8
2019-02-19;9.6;19.3;2;19;2019;50;14.4
2019-02-20;6.9;20.9;2;20;2019;51;13.9
2019-02-21;7.5;22.0;2;21;2019;52;14.8
2019-02-22;7.2;23.6;2;22;2019;53;15.4
2019-02-23;6.3;23.4;2;23;2019;54;14.8
2019-02-24;5.9;23.7;2;24;2019;55;14.8
2019-02-25;8.6;22.3;2;25;2019;56;15.4
2019-02-26;6.9;24.6;2;26;2019;57;15.8
2019-02-27;4.2;22.9;2;27;2019;58;13.6
2019-02-28;4.9;24.2;2;28;2019;59;14.6
2019-03-01;6.7;20.5;3;1;2019;60;13.6
2019-03-02;7.4;22.4;3;2;2019;61;14.9
2019-03-03;6.9;25.1;3;3;2019;62;16.0
2019-03-04;11.1;19.5;3;4;2019;63;15.3
2019-03-05;14.0;18.3;3;5;2019;64;16.2
2019-03-06;10.1;18.4;3;6;2019;65;14.2
2019-03-07;4.4;18.0;3;7;2019;66;11.2
2019-03-08;10.4;19.4;3;8;2019;67;14.9
2019-03-09;7.6;23.1;3;9;2019;68;15.4
2019-03-10;7.5;26.7;3;10;2019;69;17.1
2019-03-11;10.0;28.1;3;11;2019;70;19.0
2019-03-12;9.9;25.7;3;12;2019;71;17.8
2019-03-13;8.0;22.1;3;13;2019;72;15.0
2019-03-14;8.0;23.0;3;14;2019;73;15.5
2019-03-15;7.1;27.0;3;15;2019;74;17.0
2019-03-16;6.0;26.1;3;16;2019;75;16.0
2019-03-17;9.9;25.7;3;17;2019;76;17.8
2019-03-18;9.2;23.4;3;18;2019;77;16.3
2019-03-19;7.9;22.6;3;19;2019;78;15.2
2019-03-20;6.4;20.7;3;20;2019;79;13.6
2019-03-21;8.1;20.5;3;21;2019;80;14.3
2019-03-22;6.6;21.4;3;22;2019;81;14.0
2019-03-23;8.7;21.8;3;23;2019;82;15.2
2019-03-24;11.4;23.5;3;24;2019;83;17.4
2019-03-25;8.8;25.4;3;25;2019;84;17.1
2019-03-26;12.9;26.6;3;26;2019;85;19.8
2019-03-27;10.6;22.9;3;27;2019;86;16.8
2019-03-28;9.7;22.2;3;28;2019;87;16.0
2019-03-29;7.9;24.4;3;29;2019;88;16.2
2019-03-30;9.3;25.7;3;30;2019;89;17.5
2019-03-31;11.5;22.7;3;31;2019;90;17.1
2019-04-01;12.2;18.8;4;1;2019;91;15.5
2019-04-02;10.9;22.8;4;2;2019;92;16.8
2019-04-03;9.6;23.0;4;3;2019;93;16.3
2019-04-04;7.1;20.3;4;4;2019;94;13.7
2019-04-05;9.0;17.2;4;5;2019;95;13.1
2019-04-06;7.3;17.1;4;6;2019;96;12.2
2019-04-07;8.9;16.4;4;7;2019;97;12.6
2019-04-08;10.5;19.0;4;8;2019;98;14.8
2019-04-09;8.2;19.9;4;9;2019;99;14.0
2019-04-10;7.2;21.5;4;10;2019;100;14.4
2019-04-11;6.9;22.5;4;11;2019;101;14.7
2019-04-12;7.8;24.3;4;12;2019;102;16.0
2019-04-13;8.0;25.1;4;13;2019;103;16.6
2019-04-14;10.5;27.7;4;14;2019;104;19.1
2019-04-15;12.1;26.1;4;15;2019;105;19.1
2019-04-16;9.8;26.4;4;16;2019;106;18.1
2019-04-17;9.6;23.2;4;17;2019;107;16.4
2019-04-18;11.4;20.1;4;18;2019;108;15.8
2019-04-19;10.0;21.5;4;19;2019;109;15.8
2019-04-20;10.9;21.0;4;20;2019;110;16.0
2019-04-21;13.2;21.4;4;21;2019;111;17.3
2019-04-22;10.7;25.3;4;22;2019;112;18.0
2019-04-23;10.6;17.9;4;23;2019;113;14.2
2019-04-24;8.8;17.3;4;24;2019;114;13.0
2019-04-25;10.2;20.8;4;25;2019;115;15.5
2019-04-26;6.9;22.6;4;26;2019;116;14.8
2019-04-27;10.0;26.8;4;27;2019;117;18.4
2019-04-28;11.2;28.6;4;28;2019;118;19.9
2019-04-29;11.6;30.3;4;29;2019;119;21.0
2019-04-30;12.2;30.8;4;30;2019;120;21.5
2019-05-01;13.7;31.7;5;1;2019;121;22.7
2019-05-02;13.5;31.0;5;2;2019;122;22.2
2019-05-03;14.1;28.1;5;3;2019;123;21.1
2019-05-04;15.4;25.0;5;4;2019;124;20.2
2019-05-05;14.9;23.0;5;5;2019;125;19.0
2019-05-06;14.6;26.8;5;6;2019;126;20.7
2019-05-07;11.9;28.9;5;7;2019;127;20.4
2019-05-08;15.1;25.0;5;8;2019;128;20.0
2019-05-09;15.6;26.3;5;9;2019;129;21.0
2019-05-10;13.9;31.5;5;10;2019;130;22.7
2019-05-11;16.5;34.2;5;11;2019;131;25.4
2019-05-12;18.0;34.4;5;12;2019;132;26.2
2019-05-13;16.0;36.2;5;13;2019;133;26.1
2019-05-14;15.5;34.1;5;14;2019;134;24.8
2019-05-15;14.3;35.9;5;15;2019;135;25.1
2019-05-16;15.0;32.8;5;16;2019;136;23.9
2019-05-17;12.5;25.3;5;17;2019;137;18.9
2019-05-18;11.4;25.8;5;18;2019;138;18.6
2019-05-19;15.1;26.8;5;19;2019;139;21.0
2019-05-20;13.5;29.3;5;20;2019;140;21.4
2019-05-21;12.8;29.4;5;21;2019;141;21.1
2019-05-22;13.7;31.8;5;22;2019;142;22.8
2019-05-23;15.1;33.3;5;23;2019;143;24.2
2019-05-24;16.3;31.8;5;24;2019;144;24.0
2019-05-25;15.5;32.0;5;25;2019;145;23.8
2019-05-26;15.2;34.2;5;26;2019;146;24.7
2019-05-27;15.1;35.8;5;27;2019;147;25.4
2019-05-28;16.7;36.5;5;28;2019;148;26.6
2019-05-29;17.4;35.3;5;29;2019;149;26.4
2019-05-30;17.4;32.8;5;30;2019;150;25.1
2019-05-31;16.9;34.0;5;31;2019;151;25.4
2019-06-01;17.2;35.4;6;1;2019;152;26.3
2019-06-02;16.5;37.6;6;2;2019;153;27.0
2019-06-03;16.3;35.9;6;3;2019;154;26.1
2019-06-04;15.7;31.1;6;4;2019;155;23.4
2019-06-05;14.5;27.2;6;5;2019;156;20.8
2019-06-06;15.1;27.0;6;6;2019;157;21.0
2019-06-07;16.8;28.8;6;7;2019;158;22.8
2019-06-08;14.2;31.5;6;8;2019;159;22.8
2019-06-09;17.1;31.0;6;9;2019;160;24.0
2019-06-10;14.4;29.8;6;10;2019;161;22.1
2019-06-11;13.5;29.8;6;11;2019;162;21.6
2019-06-12;13.7;31.4;6;12;2019;163;22.6
2019-06-13;15.6;30.2;6;13;2019;164;22.9
2019-06-14;15.9;26.6;6;14;2019;165;21.2
2019-06-15;12.5;31.0;6;15;2019;166;21.8
2019-06-16;14.4;30.5;6;16;2019;167;22.4
2019-06-17;13.6;31.2;6;17;2019;168;22.4
2019-06-18;14.8;28.2;6;18;2019;169;21.5
2019-06-19;18.1;31.0;6;19;2019;170;24.6
2019-06-20;17.4;28.5;6;20;2019;171;23.0
2019-06-21;15.0;32.8;6;21;2019;172;23.9
2019-06-22;15.5;34.3;6;22;2019;173;24.9
2019-06-23;16.3;33.1;6;23;2019;174;24.7
2019-06-24;19.4;30.3;6;24;2019;175;24.8
2019-06-25;17.9;32.8;6;25;2019;176;25.4
2019-06-26;19.5;32.1;6;26;2019;177;25.8
2019-06-27;18.8;31.8;6;27;2019;178;25.3
2019-06-28;19.3;35.9;6;28;2019;179;27.6
2019-06-29;21.6;36.9;6;29;2019;180;29.2
2019-06-30;20.6;30.5;6;30;2019;181;25.6
2019-07-01;19.9;33.1;7;1;2019;182;26.5
2019-07-02;18.2;30.9;7;2;2019;183;24.6
2019-07-03;18.2;28.8;7;3;2019;184;23.5
2019-07-04;17.9;28.0;7;4;2019;185;23.0
2019-07-05;16.2;32.8;7;5;2019;186;24.5
2019-07-06;16.3;32.6;7;6;2019;187;24.4
2019-07-07;17.7;32.3;7;7;2019;188;25.0
2019-07-08;17.4;27.7;7;8;2019;189;22.6
2019-07-09;16.8;31.7;7;9;2019;190;24.2
2019-07-10;17.5;37.8;7;10;2019;191;27.6
2019-07-11;20.1;40.1;7;11;2019;192;30.1
2019-07-12;21.5;33.1;7;12;2019;193;27.3
2019-07-13;20.2;30.3;7;13;2019;194;25.2
2019-07-14;19.8;32.7;7;14;2019;195;26.2
2019-07-15;19.9;32.5;7;15;2019;196;26.2
2019-07-16;18.9;31.6;7;16;2019;197;25.2
2019-07-17;19.1;29.9;7;17;2019;198;24.5
2019-07-18;18.7;36.8;7;18;2019;199;27.8
2019-07-19;21.2;40.8;7;19;2019;200;31.0
2019-07-20;22.7;39.4;7;20;2019;201;31.0
2019-07-21;23.7;37.1;7;21;2019;202;30.4
2019-07-22;22.7;37.9;7;22;2019;203;30.3
2019-07-23;25.1;36.7;7;23;2019;204;30.9
2019-07-24;23.4;37.2;7;24;2019;205;30.3
2019-07-25;21.7;35.3;7;25;2019;206;28.5
2019-07-26;21.1;34.2;7;26;2019;207;27.6
2019-07-27;20.1;28.5;7;27;2019;208;24.3
2019-07-28;19.0;32.4;7;28;2019;209;25.7
2019-07-29;19.3;35.3;7;29;2019;210;27.3
2019-07-30;21.0;36.9;7;30;2019;211;29.0
2019-07-31;20.4;36.93333333333333;7;31;2019;212;28.7
2019-08-01;19.8;36.96666666666667;8;1;2019;213;28.400000000000002
2019-08-02;19.2;37.0;8;2;2019;214;28.1
2019-08-03;19.5;35.2;8;3;2019;215;27.4
2019-08-04;20.0;36.8;8;4;2019;216;28.4
2019-08-05;19.4;37.7;8;5;2019;217;28.6
2019-08-06;18.3;36.8;8;6;2019;218;27.6
2019-08-07;19.9;34.3;8;7;2019;219;27.1
2019-08-08;19.7;36.4;8;8;2019;220;28.0
2019-08-09;20.1;34.2;8;9;2019;221;27.2
2019-08-10;21.0;35.4;8;10;2019;222;28.2
2019-08-11;20.2;34.2;8;11;2019;223;27.2
2019-08-12;20.0;34.9;8;12;2019;224;27.4
2019-08-13;16.7;36.6;8;13;2019;225;26.6
2019-08-14;19.2;38.6;8;14;2019;226;28.9
2019-08-15;21.2;39.5;8;15;2019;227;30.4
2019-08-16;21.6;38.4;8;16;2019;228;30.0
2019-08-17;21.0;40.2;8;17;2019;229;30.6
2019-08-18;20.7;35.3;8;18;2019;230;28.0
2019-08-19;19.5;34.5;8;19;2019;231;27.0
2019-08-20;19.0;35.2;8;20;2019;232;27.1
2019-08-21;19.6;36.2;8;21;2019;233;27.9
2019-08-22;23.6;36.1;8;22;2019;234;29.8
2019-08-23;23.8;38.0;8;23;2019;235;30.9
2019-08-24;21.5;38.7;8;24;2019;236;30.1
2019-08-25;20.8;35.2;8;25;2019;237;28.0
2019-08-26;20.6;31.2;8;26;2019;238;25.9
2019-08-27;19.4;32.6;8;27;2019;239;26.0
2019-08-28;19.6;37.0;8;28;2019;240;28.3
2019-08-29;23.1;36.9;8;29;2019;241;30.0
2019-08-30;21.0;37.5;8;30;2019;242;29.2
2019-08-31;22.0;37.0;8;31;2019;243;29.5
2019-09-01;21.7;36.5;9;1;2019;244;29.1
2019-09-02;20.8;37.5;9;2;2019;245;29.2
2019-09-03;21.4;37.6;9;3;2019;246;29.5
2019-09-04;24.3;35.8;9;4;2019;247;30.0
2019-09-05;20.3;34.6;9;5;2019;248;27.4
2019-09-06;21.7;36.6;9;6;2019;249;29.2
2019-09-07;21.4;35.3;9;7;2019;250;28.4
2019-09-08;22.8;33.1;9;8;2019;251;28.0
2019-09-09;20.6;34.1;9;9;2019;252;27.4
2019-09-10;17.8;29.3;9;10;2019;253;23.6
2019-09-11;17.3;30.6;9;11;2019;254;24.0
2019-09-12;18.4;29.7;9;12;2019;255;24.0
2019-09-13;18.9;29.7;9;13;2019;256;24.3
2019-09-14;18.5;26.0;9;14;2019;257;22.2
2019-09-15;19.5;30.9;9;15;2019;258;25.2
2019-09-16;20.1;32.2;9;16;2019;259;26.2
2019-09-17;19.4;31.9;9;17;2019;260;25.6
2019-09-18;18.7;30.7;9;18;2019;261;24.7
2019-09-19;17.3;30.7;9;19;2019;262;24.0
2019-09-20;18.6;27.6;9;20;2019;263;23.1
2019-09-21;19.4;26.4;9;21;2019;264;22.9
2019-09-22;19.5;28.2;9;22;2019;265;23.8
2019-09-23;14.8;30.3;9;23;2019;266;22.6
2019-09-24;14.7;33.5;9;24;2019;267;24.1
2019-09-25;18.6;31.8;9;25;2019;268;25.2
2019-09-26;15.7;33.5;9;26;2019;269;24.6
2019-09-27;15.5;33.5;9;27;2019;270;24.5
2019-09-28;15.5;34.8;9;28;2019;271;25.2
2019-09-29;16.3;33.3;9;29;2019;272;24.8
2019-09-30;17.6;32.9;9;30;2019;273;25.2
2019-10-01;15.6;33.1;10;1;2019;274;24.4
2019-10-02;14.0;30.0;10;2;2019;275;22.0
2019-10-03;13.9;30.2;10;3;2019;276;22.0
2019-10-04;14.2;30.4;10;4;2019;277;22.3
2019-10-05;15.2;30.5;10;5;2019;278;22.8
2019-10-06;14.3;32.0;10;6;2019;279;23.2
2019-10-07;14.4;35.5;10;7;2019;280;25.0
2019-10-08;17.4;34.6;10;8;2019;281;26.0
2019-10-09;17.3;32.7;10;9;2019;282;25.0
2019-10-10;17.1;34.0;10;10;2019;283;25.6
2019-10-11;18.7;29.9;10;11;2019;284;24.3
2019-10-12;19.8;30.8;10;12;2019;285;25.3
2019-10-13;19.2;29.8;10;13;2019;286;24.5
2019-10-14;15.6;24.8;10;14;2019;287;20.2
2019-10-15;10.4;22.7;10;15;2019;288;16.6
2019-10-16;9.7;25.3;10;16;2019;289;17.5
2019-10-17;9.7;26.2;10;17;2019;290;18.0
2019-10-18;14.8;24.7;10;18;2019;291;19.8
2019-10-19;15.4;23.2;10;19;2019;292;19.3
2019-10-20;12.4;20.9;10;20;2019;293;16.6
2019-10-21;9.6;21.9;10;21;2019;294;15.8
2019-10-22;9.3;21.5;10;22;2019;295;15.4
2019-10-23;9.3;19.0;10;23;2019;296;14.2
2019-10-24;8.9;22.7;10;24;2019;297;15.8
2019-10-25;12.0;27.9;10;25;2019;298;20.0
2019-10-26;10.5;30.3;10;26;2019;299;20.4
2019-10-27;11.3;26.3;10;27;2019;300;18.8
2019-10-28;13.8;23.9;10;28;2019;301;18.8
2019-10-29;16.5;26.3;10;29;2019;302;21.4
2019-10-30;15.5;26.0;10;30;2019;303;20.8
2019-10-31;18.1;27.5;10;31;2019;304;22.8
2019-11-01;17.1;27.9;11;1;2019;305;22.5
2019-11-02;18.6;25.5;11;2;2019;306;22.0
2019-11-03;17.6;24.7;11;3;2019;307;21.2
2019-11-04;16.4;22.5;11;4;2019;308;19.4
2019-11-05;12.3;22.2;11;5;2019;309;17.2
2019-11-06;7.8;21.3;11;6;2019;310;14.6
2019-11-07;11.2;20.8;11;7;2019;311;16.0
2019-11-08;7.7;19.2;11;8;2019;312;13.4
2019-11-09;4.3;19.5;11;9;2019;313;11.9
2019-11-10;10.7;19.3;11;10;2019;314;15.0
2019-11-11;11.7;19.1;11;11;2019;315;15.4
2019-11-12;7.7;21.4;11;12;2019;316;14.6
2019-11-13;14.1;22.6;11;13;2019;317;18.4
2019-11-14;10.3;15.6;11;14;2019;318;13.0
2019-11-15;6.3;14.9;11;15;2019;319;10.6
2019-11-16;1.3;16.2;11;16;2019;320;8.8
2019-11-17;3.9;15.3;11;17;2019;321;9.6
2019-11-18;7.7;18.1;11;18;2019;322;12.9
2019-11-19;6.2;16.8;11;19;2019;323;11.5
2019-11-20;6.1;11.8;11;20;2019;324;9.0
2019-11-21;11.1;15.3;11;21;2019;325;13.2
2019-11-22;13.7;18.3;11;22;2019;326;16.0
2019-11-23;10.1;17.4;11;23;2019;327;13.8
2019-11-24;6.1;17.4;11;24;2019;328;11.8
2019-11-25;12.3;17.6;11;25;2019;329;15.0
2019-11-26;14.3;18.9;11;26;2019;330;16.6
2019-11-27;12.2;18.5;11;27;2019;331;15.4
2019-11-28;10.8;19.3;11;28;2019;332;15.0
2019-11-29;9.6;19.9;11;29;2019;333;14.8
2019-11-30;9.6;20.1;11;30;2019;334;14.8
2019-12-01;10.7;15.9;12;1;2019;335;13.3
2019-12-02;10.7;16.8;12;2;2019;336;13.8
2019-12-03;8.7;18.5;12;3;2019;337;13.6
2019-12-04;7.4;16.5;12;4;2019;338;12.0
2019-12-05;5.9;17.4;12;5;2019;339;11.6
2019-12-06;8.5;19.7;12;6;2019;340;14.1
2019-12-07;8.0;20.0;12;7;2019;341;14.0
2019-12-08;7.3;18.5;12;8;2019;342;12.9
2019-12-09;9.6;17.8;12;9;2019;343;13.7
2019-12-10;8.0;19.5;12;10;2019;344;13.8
2019-12-11;6.3;17.2;12;11;2019;345;11.8
2019-12-12;4.2;17.1;12;12;2019;346;10.6
2019-12-13;13.0;18.4;12;13;2019;347;15.7
2019-12-14;13.4;17.2;12;14;2019;348;15.3
2019-12-15;11.1;17.6;12;15;2019;349;14.4
2019-12-16;10.4;21.5;12;16;2019;350;16.0
2019-12-17;7.8;15.5;12;17;2019;351;11.6
2019-12-18;6.5;16.0;12;18;2019;352;11.2
2019-12-19;13.1;18.1;12;19;2019;353;15.6
2019-12-20;17.3;18.4;12;20;2019;354;17.8
2019-12-21;15.0;18.7;12;21;2019;355;16.8
2019-12-22;10.7;18.2;12;22;2019;356;14.4
2019-12-23;12.0;17.8;12;23;2019;357;14.9
2019-12-24;11.0;20.8;12;24;2019;358;15.9
2019-12-25;9.3;20.5;12;25;2019;359;14.9
2019-12-26;9.9;20.8;12;26;2019;360;15.4
2019-12-27;11.8;21.9;12;27;2019;361;16.8
2019-12-28;9.3;21.0;12;28;2019;362;15.2
2019-12-29;8.6;19.0;12;29;2019;363;13.8
2019-12-30;6.8;16.9;12;30;2019;364;11.8
2019-12-31;7.1;16.7;12;31;2019;365;11.9
2020-01-01;6.3;17.5;1;1;2020;1;11.9
2020-01-02;5.3;16.4;1;2;2020;2;10.8
2020-01-03;6.5;14.5;1;3;2020;3;10.5
2020-01-04;4.9;14.1;1;4;2020;4;9.5
2020-01-05;7.2;16.3;1;5;2020;5;11.8
2020-01-06;4.6;17.0;1;6;2020;6;10.8
2020-01-07;4.9;18.9;1;7;2020;7;11.9
2020-01-08;4.9;18.7;1;8;2020;8;11.8
2020-01-09;4.2;16.2;1;9;2020;9;10.2
2020-01-10;4.2;16.1;1;10;2020;10;10.2
2020-01-11;5.4;16.2;1;11;2020;11;10.8
2020-01-12;3.7;17.0;1;12;2020;12;10.4
2020-01-13;3.1;15.8;1;13;2020;13;9.4
2020-01-14;5.1;15.3;1;14;2020;14;10.2
2020-01-15;5.2;18.8;1;15;2020;15;12.0
2020-01-16;7.1;18.7;1;16;2020;16;12.9
2020-01-17;9.1;18.3;1;17;2020;17;13.7
2020-01-18;8.3;15.9;1;18;2020;18;12.1
2020-01-19;7.9;16.6;1;19;2020;19;12.2
2020-01-20;6.1;13.4;1;20;2020;20;9.8
2020-01-21;6.2;13.0;1;21;2020;21;9.6
2020-01-22;8.7;11.5;1;22;2020;22;10.1
2020-01-23;9.6;12.3;1;23;2020;23;11.0
2020-01-24;9.7;14.5;1;24;2020;24;12.1
2020-01-25;8.0;14.1;1;25;2020;25;11.0
2020-01-26;5.2;15.7;1;26;2020;26;10.4
2020-01-27;7.4;14.7;1;27;2020;27;11.0
2020-01-28;10.5;16.0;1;28;2020;28;13.2
2020-01-29;9.1;17.3;1;29;2020;29;13.2
2020-01-30;8.8;17.2;1;30;2020;30;13.0
2020-01-31;11.8;18.7;1;31;2020;31;15.2
2020-02-01;11.7;21.5;2;1;2020;32;16.6
2020-02-02;10.8;22.5;2;2;2020;33;16.6
2020-02-03;11.1;24.5;2;3;2020;34;17.8
2020-02-04;10.8;25.5;2;4;2020;35;18.2
2020-02-05;9.6;22.9;2;5;2020;36;16.2
2020-02-06;8.6;21.7;2;6;2020;37;15.2
2020-02-07;9.1;19.0;2;7;2020;38;14.0
2020-02-08;12.8;18.2;2;8;2020;39;15.5
2020-02-09;12.3;19.8;2;9;2020;40;16.0
2020-02-10;10.3;21.7;2;10;2020;41;16.0
2020-02-11;10.1;22.0;2;11;2020;42;16.0
2020-02-12;12.9;17.5;2;12;2020;43;15.2
2020-02-13;11.0;20.5;2;13;2020;44;15.8
2020-02-14;9.2;22.1;2;14;2020;45;15.6
2020-02-15;9.0;22.8;2;15;2020;46;15.9
2020-02-16;8.4;22.2;2;16;2020;47;15.3
2020-02-17;8.8;23.4;2;17;2020;48;16.1
2020-02-18;12.3;22.5;2;18;2020;49;17.4
2020-02-19;10.6;21.2;2;19;2020;50;15.9
2020-02-20;10.3;21.7;2;20;2020;51;16.0
2020-02-21;8.8;22.7;2;21;2020;52;15.8
2020-02-22;9.4;23.7;2;22;2020;53;16.6
2020-02-23;7.9;24.6;2;23;2020;54;16.2
2020-02-24;8.1;24.5;2;24;2020;55;16.3
2020-02-25;10.0;21.5;2;25;2020;56;15.8
2020-02-26;7.7;21.2;2;26;2020;57;14.4
2020-02-27;6.6;22.9;2;27;2020;58;14.8
2020-02-28;8.9;23.7;2;28;2020;59;16.3
2020-02-29;11.8;18.3;2;29;2020;60;15.0
2020-03-01;12.0;19.3;3;1;2020;61;15.6
2020-03-02;12.1;21.6;3;2;2020;62;16.8
2020-03-03;8.2;19.8;3;3;2020;63;14.0
2020-03-04;9.2;22.8;3;4;2020;64;16.0
2020-03-05;8.2;20.5;3;5;2020;65;14.4
2020-03-06;8.2;20.4;3;6;2020;66;14.3
2020-03-07;7.7;21.7;3;7;2020;67;14.7
2020-03-08;6.4;24.3;3;8;2020;68;15.4
2020-03-09;10.4;25.2;3;9;2020;69;17.8
2020-03-10;11.6;27.9;3;10;2020;70;19.8
2020-03-11;10.4;31.0;3;11;2020;71;20.7
2020-03-12;11.0;25.1;3;12;2020;72;18.0
2020-03-13;12.7;22.8;3;13;2020;73;17.8
2020-03-14;12.6;22.8;3;14;2020;74;17.7
2020-03-15;10.8;23.7;3;15;2020;75;17.2
2020-03-16;8.6;17.2;3;16;2020;76;12.9
2020-03-17;8.5;18.9;3;17;2020;77;13.7
2020-03-18;12.5;24.4;3;18;2020;78;18.4
2020-03-19;12.7;23.1;3;19;2020;79;17.9
2020-03-20;13.5;21.3;3;20;2020;80;17.4
2020-03-21;9.0;15.2;3;21;2020;81;12.1
2020-03-22;9.6;16.8;3;22;2020;82;13.2
2020-03-23;9.2;19.3;3;23;2020;83;14.2
2020-03-24;10.0;21.0;3;24;2020;84;15.5
2020-03-25;13.3;20.7;3;25;2020;85;17.0
2020-03-26;12.7;24.2;3;26;2020;86;18.4
2020-03-27;8.8;19.2;3;27;2020;87;14.0
2020-03-28;9.3;21.1;3;28;2020;88;15.2
2020-03-29;10.2;22.0;3;29;2020;89;16.1
2020-03-30;10.6;19.2;3;30;2020;90;14.9
2020-03-31;12.3;19.2;3;31;2020;91;15.8
2020-04-01;9.7;17.2;4;1;2020;92;13.4
2020-04-02;10.5;17.1;4;2;2020;93;13.8
2020-04-03;8.5;21.7;4;3;2020;94;15.1
2020-04-04;10.7;20.9;4;4;2020;95;15.8
2020-04-05;10.5;23.4;4;5;2020;96;17.0
2020-04-06;14.0;19.7;4;6;2020;97;16.8
2020-04-07;14.1;24.1;4;7;2020;98;19.1
2020-04-08;13.8;24.7;4;8;2020;99;19.2
2020-04-09;15.3;21.0;4;9;2020;100;18.2
2020-04-10;14.6;24.4;4;10;2020;101;19.5
2020-04-11;14.1;24.6;4;11;2020;102;19.4
2020-04-12;11.2;24.2;4;12;2020;103;17.7
2020-04-13;14.6;23.5;4;13;2020;104;19.0
2020-04-14;12.0;22.8;4;14;2020;105;17.4
2020-04-15;13.3;20.6;4;15;2020;106;17.0
2020-04-16;13.1;22.3;4;16;2020;107;17.7
2020-04-17;14.1;22.7;4;17;2020;108;18.4
2020-04-18;13.4;25.3;4;18;2020;109;19.4
2020-04-19;15.3;24.9;4;19;2020;110;20.1
2020-04-20;11.4;21.5;4;20;2020;111;16.4
2020-04-21;11.1;20.2;4;21;2020;112;15.6
2020-04-22;10.9;23.2;4;22;2020;113;17.0
2020-04-23;12.5;25.9;4;23;2020;114;19.2
2020-04-24;14.0;25.7;4;24;2020;115;19.8
2020-04-25;15.9;21.7;4;25;2020;116;18.8
2020-04-26;13.7;21.2;4;26;2020;117;17.4
2020-04-27;13.0;20.7;4;27;2020;118;16.8
2020-04-28;13.0;22.9;4;28;2020;119;18.0
2020-04-29;10.9;23.9;4;29;2020;120;17.4
2020-04-30;14.9;25.0;4;30;2020;121;20.0
2020-05-01;13.0;28.5;5;1;2020;122;20.8
2020-05-02;15.6;32.0;5;2;2020;123;23.8
2020-05-03;16.4;35.7;5;3;2020;124;26.0
2020-05-04;18.4;28.1;5;4;2020;125;23.2
2020-05-05;17.8;28.5;5;5;2020;126;23.2
2020-05-06;13.9;30.4;5;6;2020;127;22.2
2020-05-07;17.6;31.7;5;7;2020;128;24.6
2020-05-08;15.5;27.1;5;8;2020;129;21.3
2020-05-09;14.7;23.4;5;9;2020;130;19.0
2020-05-10;14.4;23.6;5;10;2020;131;19.0
2020-05-11;15.0;23.2;5;11;2020;132;19.1
2020-05-12;13.9;19.6;5;12;2020;133;16.8
2020-05-13;12.1;22.4;5;13;2020;134;17.2
2020-05-14;12.7;17.3;5;14;2020;135;15.0
2020-05-15;11.6;24.6;5;15;2020;136;18.1
2020-05-16;14.6;25.0;5;16;2020;137;19.8
2020-05-17;15.2;26.4;5;17;2020;138;20.8
2020-05-18;15.0;30.2;5;18;2020;139;22.6
2020-05-19;16.1;32.6;5;19;2020;140;24.4
2020-05-20;17.3;34.0;5;20;2020;141;25.6
2020-05-21;18.8;35.2;5;21;2020;142;27.0
2020-05-22;18.8;36.1;5;22;2020;143;27.4
2020-05-23;21.0;37.4;5;23;2020;144;29.2
2020-05-24;19.9;37.5;5;24;2020;145;28.7
2020-05-25;19.5;36.8;5;25;2020;146;28.2
2020-05-26;18.2;34.1;5;26;2020;147;26.2
2020-05-27;19.0;33.7;5;27;2020;148;26.4
2020-05-28;19.3;34.2;5;28;2020;149;26.8
2020-05-29;19.2;34.7;5;29;2020;150;27.0
2020-05-30;19.2;36.3;5;30;2020;151;27.8
2020-05-31;18.2;27.2;5;31;2020;152;22.7
2020-06-01;16.2;28.6;6;1;2020;153;22.4
2020-06-02;17.3;28.9;6;2;2020;154;23.1
2020-06-03;17.4;29.9;6;3;2020;155;23.6
2020-06-04;18.4;27.5;6;4;2020;156;23.0
2020-06-05;19.2;29.8;6;5;2020;157;24.5
2020-06-06;17.8;29.9;6;6;2020;158;23.8
2020-06-07;17.5;27.2;6;7;2020;159;22.4
2020-06-08;15.2;27.7;6;8;2020;160;21.4
2020-06-09;14.5;29.4;6;9;2020;161;22.0
2020-06-10;15.8;30.4;6;10;2020;162;23.1
2020-06-11;16.0;27.0;6;11;2020;163;21.5
2020-06-12;17.5;26.0;6;12;2020;164;21.8
2020-06-13;14.0;27.5;6;13;2020;165;20.8
2020-06-14;16.2;28.1;6;14;2020;166;22.2
2020-06-15;16.677777777777777;29.400000000000002;6;15;2020;167;23.08888888888889
2020-06-16;17.155555555555555;30.7;6;16;2020;168;23.977777777777778
2020-06-17;17.633333333333333;32.0;6;17;2020;169;24.866666666666667
2020-06-18;18.11111111111111;33.3;6;18;2020;170;25.755555555555553
2020-06-19;18.58888888888889;34.6;6;19;2020;171;26.644444444444446
2020-06-20;19.066666666666666;35.9;6;20;2020;172;27.53333333333333
2020-06-21;19.544444444444444;37.2;6;21;2020;173;28.42222222222222
2020-06-22;20.022222222222222;38.5;6;22;2020;174;29.31111111111111
2020-06-23;20.5;39.8;6;23;2020;175;30.2
2020-06-24;22.9;36.0;6;24;2020;176;29.4
2020-06-25;21.1;30.7;6;25;2020;177;25.9
2020-06-26;20.1;31.7;6;26;2020;178;25.9
2020-06-27;17.6;34.6;6;27;2020;179;26.1
2020-06-28;19.3;38.4;6;28;2020;180;28.8
2020-06-29;22.1;38.8;6;29;2020;181;30.4
2020-06-30;20.6;36.8;6;30;2020;182;28.7
2020-07-01;21.4;34.6;7;1;2020;183;28.0
2020-07-02;19.9;38.0;7;2;2020;184;29.0
2020-07-03;19.6;36.3;7;3;2020;185;28.0
2020-07-04;18.6;38.4;7;4;2020;186;28.5
2020-07-05;21.6;40.5;7;5;2020;187;31.0
2020-07-06;21.8;42.1;7;6;2020;188;32.0
2020-07-07;22.5;42.6;7;7;2020;189;32.6
2020-07-08;21.9;36.6;7;8;2020;190;29.2
2020-07-09;20.8;33.1;7;9;2020;191;27.0
2020-07-10;19.6;37.3;7;10;2020;192;28.4
2020-07-11;21.9;40.4;7;11;2020;193;31.2
2020-07-12;23.9;38.8;7;12;2020;194;31.4
2020-07-13;24.1;38.7;7;13;2020;195;31.4
2020-07-14;24.0;38.4;7;14;2020;196;31.2
2020-07-15;23.4;40.2;7;15;2020;197;31.8
2020-07-16;24.7;40.8;7;16;2020;198;32.8
2020-07-17;23.7;40.0;7;17;2020;199;31.8
2020-07-18;24.9;37.6;7;18;2020;200;31.2
2020-07-19;23.6;38.6;7;19;2020;201;31.1
2020-07-20;22.4;43.2;7;20;2020;202;32.8
2020-07-21;24.9;34.0;7;21;2020;203;29.4
2020-07-22;22.5;35.6;7;22;2020;204;29.0
2020-07-23;22.7;39.5;7;23;2020;205;31.1
2020-07-24;24.7;40.0;7;24;2020;206;32.4
2020-07-25;22.4;40.3;7;25;2020;207;31.4
2020-07-26;23.7;42.4;7;26;2020;208;33.0
2020-07-27;24.7;36.0;7;27;2020;209;30.4
2020-07-28;22.6;38.5;7;28;2020;210;30.6
2020-07-29;23.1;37.6;7;29;2020;211;30.4
2020-07-30;26.0;38.4;7;30;2020;212;32.2
2020-07-31;24.1;38.6;7;31;2020;213;31.4
2020-08-01;24.3;42.6;8;1;2020;214;33.4
2020-08-02;23.0;38.7;8;2;2020;215;30.8
2020-08-03;21.1;35.8;8;3;2020;216;28.4
2020-08-04;22.4;36.7;8;4;2020;217;29.6
2020-08-05;24.2;39.6;8;5;2020;218;31.9
2020-08-06;24.0;40.9;8;6;2020;219;32.4
2020-08-07;24.5;35.7;8;7;2020;220;30.1
2020-08-08;25.3;38.5;8;8;2020;221;31.9
2020-08-09;22.5;38.3;8;9;2020;222;30.4
2020-08-10;24.0;34.9;8;10;2020;223;29.4
2020-08-11;22.2;32.9;8;11;2020;224;27.6
2020-08-12;19.6;30.2;8;12;2020;225;24.9
2020-08-13;20.6;34.2;8;13;2020;226;27.4
2020-08-14;19.3;35.2;8;14;2020;227;27.2
2020-08-15;18.7;31.7;8;15;2020;228;25.2
2020-08-16;18.7;32.5;8;16;2020;229;25.6
2020-08-17;19.0;34.2;8;17;2020;230;26.6
2020-08-18;20.9;37.6;8;18;2020;231;29.2
2020-08-19;23.1;37.8;8;19;2020;232;30.4
2020-08-20;18.6;37.6;8;20;2020;233;28.1
2020-08-21;19.4;37.1;8;21;2020;234;28.2
2020-08-22;21.8;38.9;8;22;2020;235;30.4
2020-08-23;18.9;39.6;8;23;2020;236;29.2
2020-08-24;19.0;37.2;8;24;2020;237;28.1
2020-08-25;21.9;39.1;8;25;2020;238;30.5
2020-08-26;22.0;40.3;8;26;2020;239;31.2
2020-08-27;20.3;39.8;8;27;2020;240;30.0
2020-08-28;22.1;36.8;8;28;2020;241;29.4
2020-08-29;18.0;31.8;8;29;2020;242;24.9
2020-08-30;17.6;33.5;8;30;2020;243;25.6
2020-08-31;18.1;34.4;8;31;2020;244;26.2
2020-09-01;18.6;32.7;9;1;2020;245;25.6
2020-09-02;17.5;34.5;9;2;2020;246;26.0
2020-09-03;19.2;35.8;9;3;2020;247;27.5
2020-09-04;22.6;36.7;9;4;2020;248;29.6
2020-09-05;20.0;37.7;9;5;2020;249;28.8
2020-09-06;20.9;37.8;9;6;2020;250;29.4
2020-09-07;20.7;37.1;9;7;2020;251;28.9
2020-09-08;20.6;35.0;9;8;2020;252;27.8
2020-09-09;20.7;35.2;9;9;2020;253;28.0
2020-09-10;20.4;36.0;9;10;2020;254;28.2
2020-09-11;20.2;34.7;9;11;2020;255;27.4
2020-09-12;20.1;38.0;9;12;2020;256;29.0
2020-09-13;23.3;36.6;9;13;2020;257;30.0
2020-09-14;23.4;33.5;9;14;2020;258;28.4
2020-09-15;20.7;32.0;9;15;2020;259;26.4
2020-09-16;19.2;30.5;9;16;2020;260;24.8
2020-09-17;21.1;30.1;9;17;2020;261;25.6
2020-09-18;20.1;26.4;9;18;2020;262;23.2
2020-09-19;18.8;26.6;9;19;2020;263;22.7
2020-09-20;17.2;28.1;9;20;2020;264;22.6
2020-09-21;19.3;31.3;9;21;2020;265;25.3
2020-09-22;18.3;30.1;9;22;2020;266;24.2
2020-09-23;18.9;29.5;9;23;2020;267;24.2
2020-09-24;20.1;31.6;9;24;2020;268;25.8
2020-09-25;17.6;28.5;9;25;2020;269;23.0
2020-09-26;15.1;29.1;9;26;2020;270;22.1
2020-09-27;15.4;29.2;9;27;2020;271;22.3
2020-09-28;15.4;31.2;9;28;2020;272;23.3
2020-09-29;15.6;32.5;9;29;2020;273;24.0
2020-09-30;16.9;29.9;9;30;2020;274;23.4
2020-10-01;16.6;29.0;10;1;2020;275;22.8
2020-10-02;15.5;24.5;10;2;2020;276;20.0
2020-10-03;11.4;24.3;10;3;2020;277;17.8
2020-10-04;9.8;25.8;10;4;2020;278;17.8
2020-10-05;12.0;26.4;10;5;2020;279;19.2
2020-10-06;13.9;29.8;10;6;2020;280;21.8
2020-10-07;16.6;33.3;10;7;2020;281;25.0
2020-10-08;15.9;34.0;10;8;2020;282;25.0
2020-10-09;15.5;31.3;10;9;2020;283;23.4
2020-10-10;15.0;31.4;10;10;2020;284;23.2
2020-10-11;17.8;30.0;10;11;2020;285;23.9
2020-10-12;15.8;26.8;10;12;2020;286;21.3
2020-10-13;10.9;28.9;10;13;2020;287;19.9
2020-10-14;12.8;25.1;10;14;2020;288;19.0
2020-10-15;8.6;24.6;10;15;2020;289;16.6
2020-10-16;8.9;24.8;10;16;2020;290;16.8
2020-10-17;9.1;24.6;10;17;2020;291;16.8
2020-10-18;9.5;27.9;10;18;2020;292;18.7
2020-10-19;13.4;30.3;10;19;2020;293;21.8
2020-10-20;17.6;27.2;10;20;2020;294;22.4
2020-10-21;17.3;23.4;10;21;2020;295;20.4
2020-10-22;15.7;21.5;10;22;2020;296;18.6
2020-10-23;12.2;22.5;10;23;2020;297;17.4
2020-10-24;12.5;22.3;10;24;2020;298;17.4
2020-10-25;12.7;22.2;10;25;2020;299;17.4
2020-10-26;11.0;20.0;10;26;2020;300;15.5
2020-10-27;9.0;20.9;10;27;2020;301;15.0
2020-10-28;10.6;23.4;10;28;2020;302;17.0
2020-10-29;13.4;28.6;10;29;2020;303;21.0
2020-10-30;13.8;26.4;10;30;2020;304;20.1
2020-10-31;12.2;27.3;10;31;2020;305;19.8
2020-11-01;12.4;27.4;11;1;2020;306;19.9
2020-11-02;14.1;29.2;11;2;2020;307;21.6
2020-11-03;15.1;24.4;11;3;2020;308;19.8
2020-11-04;14.9;20.7;11;4;2020;309;17.8
2020-11-05;14.4;20.6;11;5;2020;310;17.5
2020-11-06;15.6;24.0;11;6;2020;311;19.8
2020-11-07;13.3;21.5;11;7;2020;312;17.4
2020-11-08;12.2;22.2;11;8;2020;313;17.2
2020-11-09;14.4;21.9;11;9;2020;314;18.2
2020-11-10;11.0;21.6;11;10;2020;315;16.3
2020-11-11;11.9;23.0;11;11;2020;316;17.4
2020-11-12;12.7;23.4;11;12;2020;317;18.0
2020-11-13;12.1;22.7;11;13;2020;318;17.4
2020-11-14;17.0;20.7;11;14;2020;319;18.8
2020-11-15;15.7;25.7;11;15;2020;320;20.7
2020-11-16;14.1;23.0;11;16;2020;321;18.6
2020-11-17;14.0;24.2;11;17;2020;322;19.1
2020-11-18;13.6;24.5;11;18;2020;323;19.0
2020-11-19;12.3;25.6;11;19;2020;324;19.0
2020-11-20;11.9;24.1;11;20;2020;325;18.0
2020-11-21;10.8;23.4;11;21;2020;326;17.1
2020-11-22;9.4;21.2;11;22;2020;327;15.3
2020-11-23;8.4;19.8;11;23;2020;328;14.1
2020-11-24;6.7;17.2;11;24;2020;329;12.0
2020-11-25;9.7;18.4;11;25;2020;330;14.0
2020-11-26;10.0;14.5;11;26;2020;331;12.2
2020-11-27;9.8;15.2;11;27;2020;332;12.5
2020-11-28;8.8;17.1;11;28;2020;333;13.0
2020-11-29;13.4;15.6;11;29;2020;334;14.5
2020-11-30;11.8;18.6;11;30;2020;335;15.2
2020-12-01;9.7;19.6;12;1;2020;336;14.6
2020-12-02;7.8;19.1;12;2;2020;337;13.4
2020-12-03;7.2;17.1;12;3;2020;338;12.2
2020-12-04;6.8;14.2;12;4;2020;339;10.5
2020-12-05;4.3;12.3;12;5;2020;340;8.3
2020-12-06;4.4;13.5;12;6;2020;341;9.0
2020-12-07;10.0;17.1;12;7;2020;342;13.6
2020-12-08;8.1;16.6;12;8;2020;343;12.4
2020-12-09;5.0;13.2;12;9;2020;344;9.1
2020-12-10;10.8;18.4;12;10;2020;345;14.6
2020-12-11;16.3;19.7;12;11;2020;346;18.0
2020-12-12;13.4;21.6;12;12;2020;347;17.5
2020-12-13;12.8;17.5;12;13;2020;348;15.2
2020-12-14;12.0;17.6;12;14;2020;349;14.8
2020-12-15;9.6;17.3;12;15;2020;350;13.4
2020-12-16;8.4;14.1;12;16;2020;351;11.2
2020-12-17;9.3;16.5;12;17;2020;352;12.9
2020-12-18;7.1;14.3;12;18;2020;353;10.7
2020-12-19;7.8;14.1;12;19;2020;354;11.0
2020-12-20;9.3;17.7;12;20;2020;355;13.5
2020-12-21;7.8;17.4;12;21;2020;356;12.6
2020-12-22;8.4;19.2;12;22;2020;357;13.8
2020-12-23;6.7;15.4;12;23;2020;358;11.0
2020-12-24;7.5;17.4;12;24;2020;359;12.4
2020-12-25;7.7;16.4;12;25;2020;360;12.0
2020-12-26;3.6;12.6;12;26;2020;361;8.1
2020-12-27;1.2;13.5;12;27;2020;362;7.4
2020-12-28;5.2;16.2;12;28;2020;363;10.7
2020-12-29;3.1;15.2;12;29;2020;364;9.2
2020-12-30;1.0;14.0;12;30;2020;365;7.5
2020-12-31;0.7;13.2;12;31;2020;366;7.0
2021-01-01;4.7;13.6;1;1;2021;1;9.2
2021-01-02;0.2;12.8;1;2;2021;2;6.5
2021-01-03;-1.5;12.5;1;3;2021;3;5.5
2021-01-04;-0.6;12.3;1;4;2021;4;5.8
2021-01-05;3.6;11.3;1;5;2021;5;7.4
2021-01-06;2.0;11.9;1;6;2021;6;7.0
2021-01-07;6.8;8.6;1;7;2021;7;7.7
2021-01-08;6.7;8.3;1;8;2021;8;7.5
2021-01-09;4.0;10.1;1;9;2021;9;7.0
2021-01-10;2.3;10.2;1;10;2021;10;6.2
2021-01-11;2.1;13.3;1;11;2021;11;7.7
2021-01-12;0.5;11.9;1;12;2021;12;6.2
2021-01-13;0.4;15.6;1;13;2021;13;8.0
2021-01-14;-0.6;13.5;1;14;2021;14;6.4
2021-01-15;-0.1;16.1;1;15;2021;15;8.0
2021-01-16;1.6;16.4;1;16;2021;16;9.0
2021-01-17;1.9;17.9;1;17;2021;17;9.9
2021-01-18;0.9;16.2;1;18;2021;18;8.6
2021-01-19;1.7;14.8;1;19;2021;19;8.2
2021-01-20;11.6;15.2;1;20;2021;20;13.4
2021-01-21;8.7;17.5;1;21;2021;21;13.1
2021-01-22;12.7;17.2;1;22;2021;22;15.0
2021-01-23;8.4;17.4;1;23;2021;23;12.9
2021-01-24;12.7;18.5;1;24;2021;24;15.6
2021-01-25;12.6;19.5;1;25;2021;25;16.0
2021-01-26;14.4;17.5;1;26;2021;26;16.0
2021-01-27;13.4;20.7;1;27;2021;27;17.0
2021-01-28;10.4;22.6;1;28;2021;28;16.5
2021-01-29;10.7;14.3;1;29;2021;29;12.5
2021-01-30;11.8;18.9;1;30;2021;30;15.4
2021-01-31;10.8;18.6;1;31;2021;31;14.7
2021-02-01;10.7;18.4;2;1;2021;32;14.6
2021-02-02;8.7;19.0;2;2;2021;33;13.8
2021-02-03;12.2;18.7;2;3;2021;34;15.4
2021-02-04;13.1;18.4;2;4;2021;35;15.8
2021-02-05;10.9;14.4;2;5;2021;36;12.6
2021-02-06;10.2;14.6;2;6;2021;37;12.4
2021-02-07;9.8;15.1;2;7;2021;38;12.4
2021-02-08;11.6;16.9;2;8;2021;39;14.2
2021-02-09;11.4;15.6;2;9;2021;40;13.5
2021-02-10;13.8;18.5;2;10;2021;41;16.2
2021-02-11;13.7;18.3;2;11;2021;42;16.0
2021-02-12;9.6;20.3;2;12;2021;43;15.0
2021-02-13;6.9;19.9;2;13;2021;44;13.4
2021-02-14;7.1;22.4;2;14;2021;45;14.8
2021-02-15;8.6;22.5;2;15;2021;46;15.6
2021-02-16;6.7;21.3;2;16;2021;47;14.0
2021-02-17;7.3;24.1;2;17;2021;48;15.7
2021-02-18;6.9;18.3;2;18;2021;49;12.6
2021-02-19;8.2;17.4;2;19;2021;50;12.8
2021-02-20;7.6;22.3;2;20;2021;51;15.0
2021-02-21;9.3;15.2;2;21;2021;52;12.2
2021-02-22;4.5;16.9;2;22;2021;53;10.7
2021-02-23;6.1;19.1;2;23;2021;54;12.6
2021-02-24;8.4;20.5;2;24;2021;55;14.4
2021-02-25;8.7;19.4;2;25;2021;56;14.0
2021-02-26;10.1;19.3;2;26;2021;57;14.7
2021-02-27;7.6;17.1;2;27;2021;58;12.4
2021-02-28;8.0;19.9;2;28;2021;59;14.0
2021-03-01;10.9;20.3;3;1;2021;60;15.6
2021-03-02;9.9;21.1;3;2;2021;61;15.5
2021-03-03;9.1;21.3;3;3;2021;62;15.2
2021-03-04;9.9;21.0;3;4;2021;63;15.4
2021-03-05;10.9;15.3;3;5;2021;64;13.1
2021-03-06;9.9;17.7;3;6;2021;65;13.8
2021-03-07;11.3;19.8;3;7;2021;66;15.6
2021-03-08;10.5;16.8;3;8;2021;67;13.6
2021-03-09;7.1;18.7;3;9;2021;68;12.9
2021-03-10;6.8;20.8;3;10;2021;69;13.8
2021-03-11;7.1;22.5;3;11;2021;70;14.8
2021-03-12;8.5;21.6;3;12;2021;71;15.0
2021-03-13;5.1;21.7;3;13;2021;72;13.4
2021-03-14;6.4;21.6;3;14;2021;73;14.0
2021-03-15;8.8;23.3;3;15;2021;74;16.0
2021-03-16;7.3;23.5;3;16;2021;75;15.4
2021-03-17;10.4;23.2;3;17;2021;76;16.8
2021-03-18;7.9;21.5;3;18;2021;77;14.7
2021-03-19;6.0;18.3;3;19;2021;78;12.2
2021-03-20;6.3;17.5;3;20;2021;79;11.9
2021-03-21;1.6;18.5;3;21;2021;80;10.0
2021-03-22;3.6;21.4;3;22;2021;81;12.5
2021-03-23;5.5;22.5;3;23;2021;82;14.0
2021-03-24;9.2;23.1;3;24;2021;83;16.2
2021-03-25;9.2;22.0;3;25;2021;84;15.6
2021-03-26;9.6;24.2;3;26;2021;85;16.9
2021-03-27;10.0;26.4;3;27;2021;86;18.2
2021-03-28;12.3;26.3;3;28;2021;87;19.3
2021-03-29;15.0;26.7;3;29;2021;88;20.8
2021-03-30;15.2;26.3;3;30;2021;89;20.8
2021-03-31;15.8;30.2;3;31;2021;90;23.0
2021-04-01;13.8;22.9;4;1;2021;91;18.4
2021-04-02;12.6;22.9;4;2;2021;92;17.8
2021-04-03;9.9;23.5;4;3;2021;93;16.7
2021-04-04;11.7;24.7;4;4;2021;94;18.2
2021-04-05;12.0;25.6;4;5;2021;95;18.8
2021-04-06;11.1;27.2;4;6;2021;96;19.2
2021-04-07;11.2;26.0;4;7;2021;97;18.6
2021-04-08;13.4;23.5;4;8;2021;98;18.4
2021-04-09;13.4;23.3;4;9;2021;99;18.4
2021-04-10;14.4;23.5;4;10;2021;100;19.0
2021-04-11;13.7;23.6;4;11;2021;101;18.6
2021-04-12;13.0;25.3;4;12;2021;102;19.2
2021-04-13;12.0;26.3;4;13;2021;103;19.2
2021-04-14;14.1;22.0;4;14;2021;104;18.0
2021-04-15;13.9;21.5;4;15;2021;105;17.7
2021-04-16;13.0;23.4;4;16;2021;106;18.2
2021-04-17;12.7;25.1;4;17;2021;107;18.9
2021-04-18;10.0;25.9;4;18;2021;108;18.0
2021-04-19;11.9;26.2;4;19;2021;109;19.0
2021-04-20;10.3;24.5;4;20;2021;110;17.4
2021-04-21;10.4;23.5;4;21;2021;111;17.0
2021-04-22;15.0;25.5;4;22;2021;112;20.2
2021-04-23;12.9;27.1;4;23;2021;113;20.0
2021-04-24;10.4;24.2;4;24;2021;114;17.3
2021-04-25;13.1;23.2;4;25;2021;115;18.2
2021-04-26;13.6;22.8;4;26;2021;116;18.2
2021-04-27;15.2;22.1;4;27;2021;117;18.6
2021-04-28;11.7;22.1;4;28;2021;118;16.9
2021-04-29;11.5;21.2;4;29;2021;119;16.4
2021-04-30;11.2;22.3;4;30;2021;120;16.8
2021-05-01;8.1;21.2;5;1;2021;121;14.6
2021-05-02;7.6;23.0;5;2;2021;122;15.3
2021-05-03;9.8;23.4;5;3;2021;123;16.6
2021-05-04;11.2;27.8;5;4;2021;124;19.5
2021-05-05;12.3;29.8;5;5;2021;125;21.0
2021-05-06;12.8;30.8;5;6;2021;126;21.8
2021-05-07;12.5;31.7;5;7;2021;127;22.1
2021-05-08;13.3;31.5;5;8;2021;128;22.4
2021-05-09;13.6;21.5;5;9;2021;129;17.6
2021-05-10;10.2;21.1;5;10;2021;130;15.6
2021-05-11;8.3;23.0;5;11;2021;131;15.6
2021-05-12;9.7;26.7;5;12;2021;132;18.2
2021-05-13;11.5;28.2;5;13;2021;133;19.8
2021-05-14;11.3;28.7;5;14;2021;134;20.0
2021-05-15;12.9;33.3;5;15;2021;135;23.1
2021-05-16;15.7;33.1;5;16;2021;136;24.4
2021-05-17;16.9;31.2;5;17;2021;137;24.0
2021-05-18;14.9;33.3;5;18;2021;138;24.1
2021-05-19;16.9;34.0;5;19;2021;139;25.4
2021-05-20;16.2;33.3;5;20;2021;140;24.8
2021-05-21;16.0;34.3;5;21;2021;141;25.2
2021-05-22;16.1;29.3;5;22;2021;142;22.7
2021-05-23;15.7;27.1;5;23;2021;143;21.4
2021-05-24;11.0;28.7;5;24;2021;144;19.8
2021-05-25;16.2;34.1;5;25;2021;145;25.2
2021-05-26;13.7;33.0;5;26;2021;146;23.4
2021-05-27;17.4;21.8;5;27;2021;147;19.6
2021-05-28;16.2;31.9;5;28;2021;148;24.0
2021-05-29;16.5;35.1;5;29;2021;149;25.8
2021-05-30;18.4;32.7;5;30;2021;150;25.6
2021-05-31;17.8;30.6;5;31;2021;151;24.2
2021-06-01;16.8;26.4;6;1;2021;152;21.6
2021-06-02;12.9;30.7;6;2;2021;153;21.8
2021-06-03;14.3;30.3;6;3;2021;154;22.3
2021-06-04;15.0;30.2;6;4;2021;155;22.6
2021-06-05;17.1;30.8;6;5;2021;156;24.0
2021-06-06;16.3;34.7;6;6;2021;157;25.5
2021-06-07;17.4;37.4;6;7;2021;158;27.4
2021-06-08;18.5;38.7;6;8;2021;159;28.6
2021-06-09;18.2;38.1;6;9;2021;160;28.2
2021-06-10;18.7;37.6;6;10;2021;161;28.2
2021-06-11;17.9;34.5;6;11;2021;162;26.2
2021-06-12;18.5;32.6;6;12;2021;163;25.6
2021-06-13;19.8;33.5;6;13;2021;164;26.6
2021-06-14;18.4;34.6;6;14;2021;165;26.5
2021-06-15;19.4;30.8;6;15;2021;166;25.1
2021-06-16;20.0;28.8;6;16;2021;167;24.4
2021-06-17;18.6;25.2;6;17;2021;168;21.9
2021-06-18;16.4;25.9;6;18;2021;169;21.2
2021-06-19;13.9;26.4;6;19;2021;170;20.2
2021-06-20;15.9;25.8;6;20;2021;171;20.8
2021-06-21;15.4;27.2;6;21;2021;172;21.3
2021-06-22;15.6;29.2;6;22;2021;173;22.4
2021-06-23;14.5;33.0;6;23;2021;174;23.8
2021-06-24;16.8;36.0;6;24;2021;175;26.4
2021-06-25;18.7;37.2;6;25;2021;176;28.0
2021-06-26;18.7;34.7;6;26;2021;177;26.7
2021-06-27;19.6;33.0;6;27;2021;178;26.3
2021-06-28;16.4;32.6;6;28;2021;179;24.5
2021-06-29;15.4;34.9;6;29;2021;180;25.2
2021-06-30;15.7;35.6;6;30;2021;181;25.6
2021-07-01;18.7;35.0;7;1;2021;182;26.8
2021-07-02;16.6;36.9;7;2;2021;183;26.8
2021-07-03;18.0;37.5;7;3;2021;184;27.8
2021-07-04;18.65;37.25;7;4;2021;185;28.0
2021-07-05;19.3;37.0;7;5;2021;186;28.2
2021-07-06;20.0;34.8;7;6;2021;187;27.4
2021-07-07;18.5;33.7;7;7;2021;188;26.1
2021-07-08;17.9;36.5;7;8;2021;189;27.2
2021-07-09;21.0;39.2;7;9;2021;190;30.1
2021-07-10;20.4;42.1;7;10;2021;191;31.2
2021-07-11;24.1;37.5;7;11;2021;192;30.8
2021-07-12;21.5;36.6;7;12;2021;193;29.0
2021-07-13;17.4;34.6;7;13;2021;194;26.0
2021-07-14;17.0;36.7;7;14;2021;195;26.8
2021-07-15;19.9;38.9;7;15;2021;196;29.4
2021-07-16;20.0;40.4;7;16;2021;197;30.2
2021-07-17;21.3;39.1;7;17;2021;198;30.2
2021-07-18;20.3;35.9;7;18;2021;199;28.1
2021-07-19;19.8;33.3;7;19;2021;200;26.6
2021-07-20;19.0;33.7;7;20;2021;201;26.4
2021-07-21;18.8;38.6;7;21;2021;202;28.7
2021-07-22;19.7;39.7;7;22;2021;203;29.7
2021-07-23;23.5;38.7;7;23;2021;204;31.1
2021-07-24;21.1;37.3;7;24;2021;205;29.2
2021-07-25;18.3;37.3;7;25;2021;206;27.8
2021-07-26;21.8;34.7;7;26;2021;207;28.2
2021-07-27;20.0;37.4;7;27;2021;208;28.7
2021-07-28;21.6;38.7;7;28;2021;209;30.2
2021-07-29;22.6;37.5;7;29;2021;210;30.0
2021-07-30;20.8;38.4;7;30;2021;211;29.6
2021-07-31;19.9;33.1;7;31;2021;212;26.5
2021-08-01;16.8;32.7;8;1;2021;213;24.8
2021-08-02;17.1;33.8;8;2;2021;214;25.4
2021-08-03;19.4;36.5;8;3;2021;215;28.0
2021-08-04;20.6;37.7;8;4;2021;216;29.2
2021-08-05;20.4;39.0;8;5;2021;217;29.7
2021-08-06;20.4;38.7;8;6;2021;218;29.6
2021-08-07;21.5;34.9;8;7;2021;219;28.2
2021-08-08;16.6;34.0;8;8;2021;220;25.3
2021-08-09;17.1;36.1;8;9;2021;221;26.6
2021-08-10;23.0;38.3;8;10;2021;222;30.6
2021-08-11;23.0;37.0;8;11;2021;223;30.0
2021-08-12;22.2;39.9;8;12;2021;224;31.0
2021-08-13;24.2;41.7;8;13;2021;225;33.0
2021-08-14;23.9;44.9;8;14;2021;226;34.4
2021-08-15;24.1;43.1;8;15;2021;227;33.6
2021-08-16;21.4;44.8;8;16;2021;228;33.1
2021-08-17;20.5;36.6;8;17;2021;229;28.6
2021-08-18;21.2;35.3;8;18;2021;230;28.2
2021-08-19;20.7;34.2;8;19;2021;231;27.4
2021-08-20;20.1;35.9;8;20;2021;232;28.0
2021-08-21;18.9;38.1;8;21;2021;233;28.5
2021-08-22;20.9;38.0;8;22;2021;234;29.4
2021-08-23;22.4;37.8;8;23;2021;235;30.1
2021-08-24;24.0;34.1;8;24;2021;236;29.0
2021-08-25;22.7;32.2;8;25;2021;237;27.4
2021-08-26;20.4;36.0;8;26;2021;238;28.2
2021-08-27;20.8;33.3;8;27;2021;239;27.0
2021-08-28;17.7;33.2;8;28;2021;240;25.4
2021-08-29;19.2;31.2;8;29;2021;241;25.2
2021-08-30;17.9;33.8;8;30;2021;242;25.8
2021-08-31;18.9;34.9;8;31;2021;243;26.9
2021-09-01;20.3;31.5;9;1;2021;244;25.9
2021-09-02;19.1;31.5;9;2;2021;245;25.3
2021-09-03;17.5;33.7;9;3;2021;246;25.6
2021-09-04;18.7;35.1;9;4;2021;247;26.9
2021-09-05;19.5;38.5;9;5;2021;248;29.0
2021-09-06;24.5;35.9;9;6;2021;249;30.2
2021-09-07;21.6;33.0;9;7;2021;250;27.3
2021-09-08;19.5;32.1;9;8;2021;251;25.8
2021-09-09;19.1;30.5;9;9;2021;252;24.8
2021-09-10;18.0;32.9;9;10;2021;253;25.4
2021-09-11;18.7;34.6;9;11;2021;254;26.6
2021-09-12;17.8;35.9;9;12;2021;255;26.8
2021-09-13;22.5;29.9;9;13;2021;256;26.2
2021-09-14;20.7;28.35;9;14;2021;257;24.5
2021-09-15;18.9;26.8;9;15;2021;258;22.8
2021-09-16;18.9;29.35;9;16;2021;259;24.1
2021-09-17;18.9;31.9;9;17;2021;260;25.4
2021-09-18;18.8;30.9;9;18;2021;261;24.8
2021-09-19;16.4;32.3;9;19;2021;262;24.4
2021-09-20;17.2;32.2;9;20;2021;263;24.7
2021-09-21;18.1;31.2;9;21;2021;264;24.6
2021-09-22;18.1;30.7;9;22;2021;265;24.4
2021-09-23;19.6;29.2;9;23;2021;266;24.4
2021-09-24;18.3;24.9;9;24;2021;267;21.6
2021-09-25;16.1;28.1;9;25;2021;268;22.1
2021-09-26;16.0;29.3;9;26;2021;269;22.6
2021-09-27;16.3;30.9;9;27;2021;270;23.6
2021-09-28;16.0;30.6;9;28;2021;271;23.3
2021-09-29;17.9;32.4;9;29;2021;272;25.2
2021-09-30;17.0;32.0;9;30;2021;273;24.5
2021-10-01;16.8;31.4;10;1;2021;274;24.1
2021-10-02;17.2;30.4;10;2;2021;275;23.8
2021-10-03;14.8;23.7;10;3;2021;276;19.2
2021-10-04;11.0;25.2;10;4;2021;277;18.1
2021-10-05;12.5;27.2;10;5;2021;278;19.8
2021-10-06;16.7;32.3;10;6;2021;279;24.5
2021-10-07;15.8;31.6;10;7;2021;280;23.7
2021-10-08;15.0;31.5;10;8;2021;281;23.2
2021-10-09;15.6;29.2;10;9;2021;282;22.4
2021-10-10;16.0;31.2;10;10;2021;283;23.6
2021-10-11;16.9;31.5;10;11;2021;284;24.2
2021-10-12;17.1;30.0;10;12;2021;285;23.6
2021-10-13;14.8;30.1;10;13;2021;286;22.4
2021-10-14;15.3;29.9;10;14;2021;287;22.6
2021-10-15;13.4;29.1;10;15;2021;288;21.2
2021-10-16;14.9;29.8;10;16;2021;289;22.4
2021-10-17;15.7;29.7;10;17;2021;290;22.7
2021-10-18;17.8;30.9;10;18;2021;291;24.4
2021-10-19;16.8;31.8;10;19;2021;292;24.3
2021-10-20;15.6;29.8;10;20;2021;293;22.7
2021-10-21;14.9;28.1;10;21;2021;294;21.5
2021-10-22;10.9;25.9;10;22;2021;295;18.4
2021-10-23;12.1;26.0;10;23;2021;296;19.0
2021-10-24;11.3;26.8;10;24;2021;297;19.0
2021-10-25;11.2;26.6;10;25;2021;298;18.9
2021-10-26;12.6;26.6;10;26;2021;299;19.6
2021-10-27;12.5;26.3;10;27;2021;300;19.4
2021-10-28;12.5;25.9;10;28;2021;301;19.2
2021-10-29;16.4;23.6;10;29;2021;302;20.0
2021-10-30;17.433333333333334;24.0;10;30;2021;303;20.666666666666668
2021-10-31;18.466666666666665;24.4;10;31;2021;304;21.333333333333332
2021-11-01;19.5;24.6;11;1;2021;305;22.0
2021-11-02;15.2;20.4;11;2;2021;306;17.8
2021-11-03;10.2;18.7;11;3;2021;307;14.4
2021-11-04;7.0;18.6;11;4;2021;308;12.8
2021-11-05;6.6;19.2;11;5;2021;309;12.9
2021-11-06;7.9;17.9;11;6;2021;310;12.9
2021-11-07;5.2;18.7;11;7;2021;311;12.0
2021-11-08;5.3;21.5;11;8;2021;312;13.4
2021-11-09;5.9;21.8;11;9;2021;313;13.8
2021-11-10;6.6;20.8;11;10;2021;314;13.7
2021-11-11;6.9;20.5;11;11;2021;315;13.7
2021-11-12;7.3;20.4;11;12;2021;316;13.8
2021-11-13;8.0;23.2;11;13;2021;317;15.6
2021-11-14;9.4;24.3;11;14;2021;318;16.8
2021-11-15;7.0;21.1;11;15;2021;319;14.0
2021-11-16;6.3;20.0;11;16;2021;320;13.2
2021-11-17;6.3;19.7;11;17;2021;321;13.0
2021-11-18;6.9;20.0;11;18;2021;322;13.4
2021-11-19;12.0;23.0;11;19;2021;323;17.5
2021-11-20;13.1;17.7;11;20;2021;324;15.4
2021-11-21;11.4;18.2;11;21;2021;325;14.8
2021-11-22;8.0;17.5;11;22;2021;326;12.8
2021-11-23;4.1;15.1;11;23;2021;327;9.6
2021-11-24;2.7;16.0;11;24;2021;328;9.4
2021-11-25;4.0;14.1;11;25;2021;329;9.0
2021-11-26;6.3;15.0;11;26;2021;330;10.6
2021-11-27;3.5;15.4;11;27;2021;331;9.4
2021-11-28;3.4;14.6;11;28;2021;332;9.0
2021-11-29;8.2;17.0;11;29;2021;333;12.6
2021-11-30;6.2;15.7;11;30;2021;334;11.0
2021-12-01;3.4;15.6;12;1;2021;335;9.5
2021-12-02;6.6;16.1;12;2;2021;336;11.4
2021-12-03;2.5;16.2;12;3;2021;337;9.4
2021-12-04;2.8;17.3;12;4;2021;338;10.0
2021-12-05;5.9;16.8;12;5;2021;339;11.4
2021-12-06;3.7;16.9;12;6;2021;340;10.3
2021-12-07;4.9;17.3;12;7;2021;341;11.1
2021-12-08;8.2;17.0;12;8;2021;342;12.6
2021-12-09;5.0;17.8;12;9;2021;343;11.4
2021-12-10;5.7;18.0;12;10;2021;344;11.8
2021-12-11;5.9;19.1;12;11;2021;345;12.5
2021-12-12;8.4;22.0;12;12;2021;346;15.2
2021-12-13;7.3;20.3;12;13;2021;347;13.8
2021-12-14;6.1;20.3;12;14;2021;348;13.2
2021-12-15;6.8;19.3;12;15;2021;349;13.0
2021-12-16;7.8;18.9;12;16;2021;350;13.4
2021-12-17;7.6;19.6;12;17;2021;351;13.6
2021-12-18;7.1;17.9;12;18;2021;352;12.5
2021-12-19;9.3;21.3;12;19;2021;353;15.3
2021-12-20;9.4;17.7;12;20;2021;354;13.6
2021-12-21;11.5;18.4;12;21;2021;355;15.0
2021-12-22;13.1;17.1;12;22;2021;356;15.1
2021-12-23;13.4;15.3;12;23;2021;357;14.4
2021-12-24;13.4;16.15;12;24;2021;358;14.8
2021-12-25;13.4;17.0;12;25;2021;359;15.2
2021-12-26;13.0;17.2;12;26;2021;360;15.1
2021-12-27;15.3;19.9;12;27;2021;361;17.6
2021-12-28;12.3;19.8;12;28;2021;362;16.0
2021-12-29;9.7;18.5;12;29;2021;363;14.1
2021-12-30;6.8;19.3;12;30;2021;364;13.0
2021-12-31;7.9;21.2;12;31;2021;365;14.6
2022-01-01;7.6;19.5;1;1;2022;1;13.6
2022-01-02;6.4;19.5;1;2;2022;2;13.0
2022-01-03;7.8;21.3;1;3;2022;3;14.6
2022-01-04;9.8;15.3;1;4;2022;4;12.6
2022-01-05;5.6;16.2;1;5;2022;5;10.9
2022-01-06;5.8;15.3;1;6;2022;6;10.6
2022-01-07;4.1;15.1;1;7;2022;7;9.6
2022-01-08;4.0;16.3;1;8;2022;8;10.2
2022-01-09;1.1;15.1;1;9;2022;9;8.1
2022-01-10;5.2;16.1;1;10;2022;10;10.6
2022-01-11;5.5;18.7;1;11;2022;11;12.1
2022-01-12;6.4;17.5;1;12;2022;12;12.0
2022-01-13;6.8;16.5;1;13;2022;13;11.6
2022-01-14;5.8;16.6;1;14;2022;14;11.2
2022-01-15;4.8;16.0;1;15;2022;15;10.4
2022-01-16;5.8;16.3;1;16;2022;16;11.0
2022-01-17;4.5;16.4;1;17;2022;17;10.4
2022-01-18;4.7;16.4;1;18;2022;18;10.6
2022-01-19;2.3;15.7;1;19;2022;19;9.0
2022-01-20;2.1;15.7;1;20;2022;20;8.9
2022-01-21;1.8;15.8;1;21;2022;21;8.8
2022-01-22;4.7;18.1;1;22;2022;22;11.4
2022-01-23;6.3;17.0;1;23;2022;23;11.6
2022-01-24;7.3;15.2;1;24;2022;24;11.2
2022-01-25;8.6;16.9;1;25;2022;25;12.8
2022-01-26;8.7;17.1;1;26;2022;26;12.9
2022-01-27;7.8;16.8;1;27;2022;27;12.3
2022-01-28;7.4;19.5;1;28;2022;28;13.4
2022-01-29;8.1;20.3;1;29;2022;29;14.2
2022-01-30;8.5;19.7;1;30;2022;30;14.1
2022-01-31;5.2;21.8;1;31;2022;31;13.5
2022-02-01;3.7;18.5;2;1;2022;32;11.1
2022-02-02;5.7;21.4;2;2;2022;33;13.6
2022-02-03;4.1;21.1;2;3;2022;34;12.6
2022-02-04;6.8;15.5;2;4;2022;35;11.2
2022-02-05;7.9;18.2;2;5;2022;36;13.0
2022-02-06;5.2;20.3;2;6;2022;37;12.8
2022-02-07;7.3;20.9;2;7;2022;38;14.1
2022-02-08;5.4;22.6;2;8;2022;39;14.0
2022-02-09;7.1;20.6;2;9;2022;40;13.8
2022-02-10;4.3;19.8;2;10;2022;41;12.0
2022-02-11;7.3;21.7;2;11;2022;42;14.5
2022-02-12;7.4;17.9;2;12;2022;43;12.6
2022-02-13;7.2;18.5;2;13;2022;44;12.8
2022-02-14;7.1;18.5;2;14;2022;45;12.8
2022-02-15;3.1;18.8;2;15;2022;46;11.0
2022-02-16;5.6;18.9;2;16;2022;47;12.2
2022-02-17;7.1;21.8;2;17;2022;48;14.4
2022-02-18;5.9;19.8;2;18;2022;49;12.8
2022-02-19;9.5;20.0;2;19;2022;50;14.8
2022-02-20;9.3;21.1;2;20;2022;51;15.2
2022-02-21;7.2;22.4;2;21;2022;52;14.8
2022-02-22;8.8;25.4;2;22;2022;53;17.1
2022-02-23;8.3;24.0;2;23;2022;54;16.2
2022-02-24;9.5;21.1;2;24;2022;55;15.3
2022-02-25;10.0;20.4;2;25;2022;56;15.2
2022-02-26;11.8;21.0;2;26;2022;57;16.4
2022-02-27;11.9;20.3;2;27;2022;58;16.1
2022-02-28;7.8;20.8;2;28;2022;59;14.3
2022-03-01;5.8;21.7;3;1;2022;60;13.8
2022-03-02;6.3;22.0;3;2;2022;61;14.2
2022-03-03;7.4;18.1;3;3;2022;62;12.8
2022-03-04;7.5;18.9;3;4;2022;63;13.2
2022-03-05;5.3;17.9;3;5;2022;64;11.6
2022-03-06;4.3;19.2;3;6;2022;65;11.8
2022-03-07;6.1;18.9;3;7;2022;66;12.5
2022-03-08;8.0;17.4;3;8;2022;67;12.7
2022-03-09;6.6;20.0;3;9;2022;68;13.3
2022-03-10;8.1;20.6;3;10;2022;69;14.4
2022-03-11;9.5;15.4;3;11;2022;70;12.4
2022-03-12;9.3;16.7;3;12;2022;71;13.0
2022-03-13;11.0;18.1;3;13;2022;72;14.6
2022-03-14;10.1;14.7;3;14;2022;73;12.4
2022-03-15;10.7;16.0;3;15;2022;74;13.4
2022-03-16;11.7;13.5;3;16;2022;75;12.6
2022-03-17;11.1;18.4;3;17;2022;76;14.8
2022-03-18;9.1;18.4;3;18;2022;77;13.8
2022-03-19;10.3;20.2;3;19;2022;78;15.2
2022-03-20;11.8;21.3;3;20;2022;79;16.6
2022-03-21;10.9;18.3;3;21;2022;80;14.6
2022-03-22;12.1;18.4;3;22;2022;81;15.2
2022-03-23;12.1;17.9;3;23;2022;82;15.0
2022-03-24;10.9;14.1;3;24;2022;83;12.5
2022-03-25;11.1;17.1;3;25;2022;84;14.1
2022-03-26;10.3;20.2;3;26;2022;85;15.2
2022-03-27;11.2;20.6;3;27;2022;86;15.9
2022-03-28;13.2;21.0;3;28;2022;87;17.1
2022-03-29;12.3;19.8;3;29;2022;88;16.0
2022-03-30;11.8;21.7;3;30;2022;89;16.8
2022-03-31;11.3;20.4;3;31;2022;90;15.8
2022-04-01;8.4;21.0;4;1;2022;91;14.7
2022-04-02;7.3;17.9;4;2;2022;92;12.6
2022-04-03;7.5;17.8;4;3;2022;93;12.6
2022-04-04;9.2;17.1;4;4;2022;94;13.2
2022-04-05;8.1;11.7;4;5;2022;95;9.9
2022-04-06;8.3;18.9;4;6;2022;96;13.6
2022-04-07;6.7;21.5;4;7;2022;97;14.1
2022-04-08;7.1;21.6;4;8;2022;98;14.4
2022-04-09;8.6;23.6;4;9;2022;99;16.1
2022-04-10;10.0;27.7;4;10;2022;100;18.8
2022-04-11;9.7;20.2;4;11;2022;101;15.0
2022-04-12;11.0;17.3;4;12;2022;102;14.2
2022-04-13;8.6;22.4;4;13;2022;103;15.5
2022-04-14;9.5;25.5;4;14;2022;104;17.5
2022-04-15;11.3;26.5;4;15;2022;105;18.9
2022-04-16;11.9;29.5;4;16;2022;106;20.7
2022-04-17;12.7;30.1;4;17;2022;107;21.4
2022-04-18;12.7;27.3;4;18;2022;108;20.0
2022-04-19;10.5;21.6;4;19;2022;109;16.0
2022-04-20;9.1;18.8;4;20;2022;110;14.0
2022-04-21;6.9;21.4;4;21;2022;111;14.2
2022-04-22;10.9;15.6;4;22;2022;112;13.2
2022-04-23;8.7;16.0;4;23;2022;113;12.4
2022-04-24;9.3;20.6;4;24;2022;114;15.0
2022-04-25;9.1;23.5;4;25;2022;115;16.3
2022-04-26;10.7;23.5;4;26;2022;116;17.1
2022-04-27;11.9;23.9;4;27;2022;117;17.9
2022-04-28;11.7;23.8;4;28;2022;118;17.8
2022-04-29;12.4;25.2;4;29;2022;119;18.8
2022-04-30;11.4;27.1;4;30;2022;120;19.2
2022-05-01;13.0;29.3;5;1;2022;121;21.2
2022-05-02;10.6;24.0;5;2;2022;122;17.3
2022-05-03;10.6;23.1;5;3;2022;123;16.8
2022-05-04;11.7;22.7;5;4;2022;124;17.2
2022-05-05;12.0;27.6;5;5;2022;125;19.8
2022-05-06;12.9;30.3;5;6;2022;126;21.6
2022-05-07;13.7;31.3;5;7;2022;127;22.5
2022-05-08;14.1;31.3;5;8;2022;128;22.7
2022-05-09;14.3;33.1;5;9;2022;129;23.7
2022-05-10;14.7;32.9;5;10;2022;130;23.8
2022-05-11;15.2;31.9;5;11;2022;131;23.6
2022-05-12;15.4;32.4;5;12;2022;132;23.9
2022-05-13;15.1;34.8;5;13;2022;133;25.0
2022-05-14;16.5;32.1;5;14;2022;134;24.3
2022-05-15;16.7;27.5;5;15;2022;135;22.1
2022-05-16;14.9;30.3;5;16;2022;136;22.6
2022-05-17;15.0;34.8;5;17;2022;137;24.9
2022-05-18;16.7;35.9;5;18;2022;138;26.3
2022-05-19;16.9;37.1;5;19;2022;139;27.0
2022-05-20;19.8;41.0;5;20;2022;140;30.4
2022-05-21;19.2;33.1;5;21;2022;141;26.2
2022-05-22;18.2;29.2;5;22;2022;142;23.7
2022-05-23;16.3;32.7;5;23;2022;143;24.5
2022-05-24;15.9;30.0;5;24;2022;144;23.0
2022-05-25;13.3;29.6;5;25;2022;145;21.4
2022-05-26;12.9;32.0;5;26;2022;146;22.4
2022-05-27;16.4;36.8;5;27;2022;147;26.6
2022-05-28;15.8;35.1;5;28;2022;148;25.4
2022-05-29;17.8;27.0;5;29;2022;149;22.4
2022-05-30;16.4;28.0;5;30;2022;150;22.2
2022-05-31;14.3;31.2;5;31;2022;151;22.8
2022-06-01;17.3;30.0;6;1;2022;152;23.6
2022-06-02;17.2;28.8;6;2;2022;153;23.0
2022-06-03;16.1;28.4;6;3;2022;154;22.2
2022-06-04;14.3;27.8;6;4;2022;155;21.0
2022-06-05;14.5;33.1;6;5;2022;156;23.8
2022-06-06;15.3;36.3;6;6;2022;157;25.8
2022-06-07;16.6;37.5;6;7;2022;158;27.0
2022-06-08;17.5;36.2;6;8;2022;159;26.8
2022-06-09;22.2;39.3;6;9;2022;160;30.8
2022-06-10;21.5;40.5;6;10;2022;161;31.0
2022-06-11;20.8;41.7;6;11;2022;162;31.2
2022-06-12;21.2;42.6;6;12;2022;163;31.9
2022-06-13;21.5;42.1;6;13;2022;164;31.8
2022-06-14;23.3;39.1;6;14;2022;165;31.2
2022-06-15;22.9;42.4;6;15;2022;166;32.6
2022-06-16;20.8;36.0;6;16;2022;167;28.4
2022-06-17;19.7;37.5;6;17;2022;168;28.6
2022-06-18;20.3;34.3;6;18;2022;169;27.3
2022-06-19;18.3;29.1;6;19;2022;170;23.7
2022-06-20;18.4;30.4;6;20;2022;171;24.4
2022-06-21;15.3;29.7;6;21;2022;172;22.5
2022-06-22;15.7;27.2;6;22;2022;173;21.4
2022-06-23;15.8;27.9;6;23;2022;174;21.8
2022-06-24;15.4;30.7;6;24;2022;175;23.0
2022-06-25;15.6;31.9;6;25;2022;176;23.8
2022-06-26;16.5;30.9;6;26;2022;177;23.7
2022-06-27;15.1;31.4;6;27;2022;178;23.2
2022-06-28;14.4;35.0;6;28;2022;179;24.7
2022-06-29;16.4;35.8;6;29;2022;180;26.1
2022-06-30;16.9;32.4;6;30;2022;181;24.6
2022-07-01;15.5;37.1;7;1;2022;182;26.3
2022-07-02;19.9;35.2;7;2;2022;183;27.6
2022-07-03;19.5;30.1;7;3;2022;184;24.8
2022-07-04;16.9;34.6;7;4;2022;185;25.8
2022-07-05;17.2;32.5;7;5;2022;186;24.8
2022-07-06;19.5;36.1;7;6;2022;187;27.8
2022-07-07;19.3;40.4;7;7;2022;188;29.8
2022-07-08;22.3;40.8;7;8;2022;189;31.6
2022-07-09;23.0;41.3;7;9;2022;190;32.2
2022-07-10;22.6;41.1;7;10;2022;191;31.8
2022-07-11;22.2;42.5;7;11;2022;192;32.4
2022-07-12;26.0;42.5;7;12;2022;193;34.2
2022-07-13;25.0;44.8;7;13;2022;194;34.9
2022-07-14;23.0;44.3;7;14;2022;195;33.6
2022-07-15;23.9;42.0;7;15;2022;196;33.0
2022-07-16;23.1;41.6;7;16;2022;197;32.4
2022-07-17;21.9;40.1;7;17;2022;198;31.0
2022-07-18;24.5;36.2;7;18;2022;199;30.4
2022-07-19;20.3;36.9;7;19;2022;200;28.6
2022-07-20;20.1;40.5;7;20;2022;201;30.3
2022-07-21;22.2;39.4;7;21;2022;202;30.8
2022-07-22;23.4;40.7;7;22;2022;203;32.0
2022-07-23;22.6;43.1;7;23;2022;204;32.8
2022-07-24;21.5;44.1;7;24;2022;205;32.8
2022-07-25;28.1;44.5;7;25;2022;206;36.3
2022-07-26;22.1;40.3;7;26;2022;207;31.2
2022-07-27;22.3;33.2;7;27;2022;208;27.8
2022-07-28;20.0;37.2;7;28;2022;209;28.6
2022-07-29;21.2;38.9;7;29;2022;210;30.0
2022-07-30;23.4;38.1;7;30;2022;211;30.8
2022-07-31;23.9;41.0;7;31;2022;212;32.4
2022-08-01;23.9;39.5;8;1;2022;213;31.7
2022-08-02;23.4;40.3;8;2;2022;214;31.8
2022-08-03;21.4;38.9;8;3;2022;215;30.2
2022-08-04;22.6;35.8;8;4;2022;216;29.2
2022-08-05;21.2;36.2;8;5;2022;217;28.7
2022-08-06;22.4;34.7;8;6;2022;218;28.6
2022-08-07;19.8;33.7;8;7;2022;219;26.8
2022-08-08;18.4;30.9;8;8;2022;220;24.6
2022-08-09;18.7;34.8;8;9;2022;221;26.8
2022-08-10;21.9;32.7;8;10;2022;222;27.3
2022-08-11;21.7;34.9;8;11;2022;223;28.3
2022-08-12;21.9;37.9;8;12;2022;224;29.9
2022-08-13;23.5;33.1;8;13;2022;225;28.3
2022-08-14;20.8;36.1;8;14;2022;226;28.4
2022-08-15;19.4;31.4;8;15;2022;227;25.4
2022-08-16;18.6;33.3;8;16;2022;228;26.0
2022-08-17;18.4;33.7;8;17;2022;229;26.0
2022-08-18;17.7;36.1;8;18;2022;230;26.9
2022-08-19;18.7;39.3;8;19;2022;231;29.0
2022-08-20;19.2;39.3;8;20;2022;232;29.2
2022-08-21;20.7;40.0;8;21;2022;233;30.4
2022-08-22;19.3;37.7;8;22;2022;234;28.5
2022-08-23;18.8;35.7;8;23;2022;235;27.2
2022-08-24;21.0;34.0;8;24;2022;236;27.5
2022-08-25;21.2;35.4;8;25;2022;237;28.3
2022-08-26;20.2;35.6;8;26;2022;238;27.9
2022-08-27;19.0;35.1;8;27;2022;239;27.0
2022-08-28;23.4;34.8;8;28;2022;240;29.1
2022-08-29;22.5;33.2;8;29;2022;241;27.8
2022-08-30;22.5;32.0;8;30;2022;242;27.2
2022-08-31;19.6;35.4;8;31;2022;243;27.5
2022-09-01;16.7;33.0;9;1;2022;244;24.8
2022-09-02;19.5;33.9;9;2;2022;245;26.7
2022-09-03;17.4;31.8;9;3;2022;246;24.6
2022-09-04;15.2;31.3;9;4;2022;247;23.2
2022-09-05;15.6;32.4;9;5;2022;248;24.0
2022-09-06;16.9;33.5;9;6;2022;249;25.2
2022-09-07;19.6;33.7;9;7;2022;250;26.6
2022-09-08;17.4;35.0;9;8;2022;251;26.2
2022-09-09;20.2;36.1;9;9;2022;252;28.2
2022-09-10;19.8;36.3;9;10;2022;253;28.0
2022-09-11;19.8;37.9;9;11;2022;254;28.8
2022-09-12;21.8;28.5;9;12;2022;255;25.2
2022-09-13;21.0;26.5;9;13;2022;256;23.8
2022-09-14;19.7;28.1;9;14;2022;257;23.9
2022-09-15;19.9;29.2;9;15;2022;258;24.6
2022-09-16;17.7;31.8;9;16;2022;259;24.8
2022-09-17;17.5;33.4;9;17;2022;260;25.4
2022-09-18;18.9;35.3;9;18;2022;261;27.1
2022-09-19;21.7;33.2;9;19;2022;262;27.4
2022-09-20;21.7;33.4;9;20;2022;263;27.6
2022-09-21;21.6;31.7;9;21;2022;264;26.6
2022-09-22;19.4;32.0;9;22;2022;265;25.7
2022-09-23;18.9;33.3;9;23;2022;266;26.1
2022-09-24;18.1;32.4;9;24;2022;267;25.2
2022-09-25;14.4;27.8;9;25;2022;268;21.1
2022-09-26;15.6;27.0;9;26;2022;269;21.3
2022-09-27;14.0;29.7;9;27;2022;270;21.8
2022-09-28;14.8;27.3;9;28;2022;271;21.0
2022-09-29;13.1;27.6;9;29;2022;272;20.4
2022-09-30;13.1;25.7;9;30;2022;273;19.4
2022-10-01;12.4;28.7;10;1;2022;274;20.6
2022-10-02;15.8;32.6;10;2;2022;275;24.2
2022-10-03;16.9;31.7;10;3;2022;276;24.3
2022-10-04;17.0;33.1;10;4;2022;277;25.0
2022-10-05;16.6;32.6;10;5;2022;278;24.6
2022-10-06;17.6;31.7;10;6;2022;279;24.6
2022-10-07;17.3;30.6;10;7;2022;280;24.0
2022-10-08;16.2;31.0;10;8;2022;281;23.6
2022-10-09;18.0;30.0;10;9;2022;282;24.0
2022-10-10;19.5;28.1;10;10;2022;283;23.8
2022-10-11;18.6;29.0;10;11;2022;284;23.8
2022-10-12;16.1;29.6;10;12;2022;285;22.8
2022-10-13;16.4;29.9;10;13;2022;286;23.2
2022-10-14;15.3;31.7;10;14;2022;287;23.5
2022-10-15;13.9;29.5;10;15;2022;288;21.7
2022-10-16;17.2;31.5;10;16;2022;289;24.4
2022-10-17;16.9;32.5;10;17;2022;290;24.7
2022-10-18;16.6;30.7;10;18;2022;291;23.6
2022-10-19;20.1;25.8;10;19;2022;292;23.0
2022-10-20;18.1;23.0;10;20;2022;293;20.6
2022-10-21;17.4;23.4;10;21;2022;294;20.4
2022-10-22;17.3;25.3;10;22;2022;295;21.3
2022-10-23;18.2;25.1;10;23;2022;296;21.6
2022-10-24;16.5;25.2;10;24;2022;297;20.8
2022-10-25;15.2;26.4;10;25;2022;298;20.8
2022-10-26;16.9;31.0;10;26;2022;299;24.0
2022-10-27;14.9;32.9;10;27;2022;300;23.9
2022-10-28;14.6;30.8;10;28;2022;301;22.7
2022-10-29;13.0;28.8;10;29;2022;302;20.9
2022-10-30;14.9;27.4;10;30;2022;303;21.2
2022-10-31;15.5;22.2;10;31;2022;304;18.8
2022-11-01;14.6;26.0;11;1;2022;305;20.3
2022-11-02;14.0;25.9;11;2;2022;306;20.0
2022-11-03;14.5;22.4;11;3;2022;307;18.4
2022-11-04;12.9;25.6;11;4;2022;308;19.2
2022-11-05;9.2;23.9;11;5;2022;309;16.6
2022-11-06;7.4;23.5;11;6;2022;310;15.4
2022-11-07;8.2;23.3;11;7;2022;311;15.8
2022-11-08;12.1;22.5;11;8;2022;312;17.3
2022-11-09;14.9;21.7;11;9;2022;313;18.3
2022-11-10;12.0;22.6;11;10;2022;314;17.3
2022-11-11;12.1;23.5;11;11;2022;315;17.8
2022-11-12;11.2;25.2;11;12;2022;316;18.2
2022-11-13;10.3;23.7;11;13;2022;317;17.0
2022-11-14;14.3;21.7;11;14;2022;318;18.0
2022-11-15;16.4;23.1;11;15;2022;319;19.8
2022-11-16;16.4;19.4;11;16;2022;320;17.9
2022-11-17;17.3;21.4;11;17;2022;321;19.4
2022-11-18;10.5;18.6;11;18;2022;322;14.6
2022-11-19;8.0;18.2;11;19;2022;323;13.1
2022-11-20;7.9;18.9;11;20;2022;324;13.4
2022-11-21;9.9;20.1;11;21;2022;325;15.0
2022-11-22;12.0;17.6;11;22;2022;326;14.8
2022-11-23;14.8;21.8;11;23;2022;327;18.3
2022-11-24;13.6;20.4;11;24;2022;328;17.0
2022-11-25;12.3;20.7;11;25;2022;329;16.5
2022-11-26;9.2;21.7;11;26;2022;330;15.4
2022-11-27;6.6;21.4;11;27;2022;331;14.0
2022-11-28;6.7;19.5;11;28;2022;332;13.1
2022-11-29;5.4;18.1;11;29;2022;333;11.8
2022-11-30;3.1;17.6;11;30;2022;334;10.4
2022-12-01;7.5;15.3;12;1;2022;335;11.4
2022-12-02;5.2;17.3;12;2;2022;336;11.2
2022-12-03;4.1;17.1;12;3;2022;337;10.6
2022-12-04;11.5;18.0;12;4;2022;338;14.8
2022-12-05;12.3;15.2;12;5;2022;339;13.8
2022-12-06;11.6;17.7;12;6;2022;340;14.6
2022-12-07;10.1;15.2;12;7;2022;341;12.6
2022-12-08;14.1;17.7;12;8;2022;342;15.9
2022-12-09;13.8;18.2;12;9;2022;343;16.0
2022-12-10;11.0;17.5;12;10;2022;344;14.2
2022-12-11;13.8;21.5;12;11;2022;345;17.6
2022-12-12;15.5;20.4;12;12;2022;346;18.0
2022-12-13;16.2;20.3;12;13;2022;347;18.2
2022-12-14;12.1;20.1;12;14;2022;348;16.1
2022-12-15;10.4;16.0;12;15;2022;349;13.2
2022-12-16;9.8;18.3;12;16;2022;350;14.0
2022-12-17;10.3;18.8;12;17;2022;351;14.6
2022-12-18;8.6;17.5;12;18;2022;352;13.0
2022-12-19;8.35;18.7;12;19;2022;353;13.5
2022-12-20;8.1;19.9;12;20;2022;354;14.0
2022-12-21;11.4;17.2;12;21;2022;355;14.3
2022-12-22;10.1;15.2;12;22;2022;356;12.6
2022-12-23;8.2;19.7;12;23;2022;357;14.0
2022-12-24;8.1;18.0;12;24;2022;358;13.0
2022-12-25;9.8;20.7;12;25;2022;359;15.2
2022-12-26;9.0;20.3;12;26;2022;360;14.6
2022-12-27;8.6;20.2;12;27;2022;361;14.4
2022-12-28;7.6;19.7;12;28;2022;362;13.6
2022-12-29;5.7;16.1;12;29;2022;363;10.9
2022-12-30;7.9;17.5;12;30;2022;364;12.7
2022-12-31;5.5;18.5;12;31;2022;365;12.0
2023-01-01;6.7;16.4;1;1;2023;1;11.6
2023-01-02;9.8;13.6;1;2;2023;2;11.7
2023-01-03;7.3;16.3;1;3;2023;3;11.8
2023-01-04;8.5;18.0;1;4;2023;4;13.2
2023-01-05;7.8;17.6;1;5;2023;5;12.7
2023-01-06;5.4;17.6;1;6;2023;6;11.5
2023-01-07;5.1;15.3;1;7;2023;7;10.2
2023-01-08;14.9;18.9;1;8;2023;8;16.9
2023-01-09;11.0;19.4;1;9;2023;9;15.2
2023-01-10;8.0;18.2;1;10;2023;10;13.1
2023-01-11;7.7;15.5;1;11;2023;11;11.6
2023-01-12;8.0;17.6;1;12;2023;12;12.8
2023-01-13;6.1;17.0;1;13;2023;13;11.6
2023-01-14;4.9;16.9;1;14;2023;14;10.9
2023-01-15;5.0;16.0;1;15;2023;15;10.5
2023-01-16;3.9;13.7;1;16;2023;16;8.8
2023-01-17;10.1;17.6;1;17;2023;17;13.8
2023-01-18;5.5;14.1;1;18;2023;18;9.8
2023-01-19;2.0;13.5;1;19;2023;19;7.8
2023-01-20;8.6;17.8;1;20;2023;20;13.2
2023-01-21;6.3;17.7;1;21;2023;21;12.0
2023-01-22;2.6;13.0;1;22;2023;22;7.8
2023-01-23;0.4;13.3;1;23;2023;23;6.8
2023-01-24;1.1;12.2;1;24;2023;24;6.6
2023-01-25;1.4;13.2;1;25;2023;25;7.3
2023-01-26;-0.8;11.8;1;26;2023;26;5.5
2023-01-27;-0.8;14.6;1;27;2023;27;6.9
2023-01-28;1.0;12.3;1;28;2023;28;6.6
2023-01-29;-0.2;13.3;1;29;2023;29;6.6
2023-01-30;1.6;14.7;1;30;2023;30;8.2
2023-01-31;1.1;16.2;1;31;2023;31;8.6
2023-02-01;1.0;17.8;2;1;2023;32;9.4
2023-02-02;0.2;16.8;2;2;2023;33;8.5
2023-02-03;1.7;18.5;2;3;2023;34;10.1
2023-02-04;0.4;18.3;2;4;2023;35;9.4
2023-02-05;1.8;21.2;2;5;2023;36;11.5
2023-02-06;1.5;18.7;2;6;2023;37;10.1
2023-02-07;7.6;15.0;2;7;2023;38;11.3
2023-02-08;8.4;13.4;2;8;2023;39;10.9
2023-02-09;7.4;18.3;2;9;2023;40;12.8
2023-02-10;6.8;15.1;2;10;2023;41;11.0
2023-02-11;7.6;17.8;2;11;2023;42;12.7
2023-02-12;7.8;19.4;2;12;2023;43;13.6
2023-02-13;6.6;19.7;2;13;2023;44;13.2
2023-02-14;8.9;19.2;2;14;2023;45;14.0
2023-02-15;8.9;19.5;2;15;2023;46;14.2
2023-02-16;7.1;20.2;2;16;2023;47;13.6
2023-02-17;10.3;19.2;2;17;2023;48;14.8
2023-02-18;13.3;22.1;2;18;2023;49;17.7
2023-02-19;12.2;22.4;2;19;2023;50;17.3
2023-02-20;10.9;20.8;2;20;2023;51;15.8
2023-02-21;6.5;21.0;2;21;2023;52;13.8
2023-02-22;7.5;20.9;2;22;2023;53;14.2
2023-02-23;5.6;17.6;2;23;2023;54;11.6
2023-02-24;2.0;15.7;2;24;2023;55;8.8
2023-02-25;6.3;14.7;2;25;2023;56;10.5
2023-02-26;5.6;17.4;2;26;2023;57;11.5
2023-02-27;3.3;15.7;2;27;2023;58;9.5
2023-02-28;1.3;15.3;2;28;2023;59;8.3
2023-03-01;0.2;15.9;3;1;2023;60;8.0
2023-03-02;0.5;16.9;3;2;2023;61;8.7
2023-03-03;0.1;18.5;3;3;2023;62;9.3
2023-03-04;6.8;17.9;3;4;2023;63;12.4
2023-03-05;6.0;15.5;3;5;2023;64;10.8
2023-03-06;10.3;15.9;3;6;2023;65;13.1
2023-03-07;12.9;19.7;3;7;2023;66;16.3
2023-03-08;14.4;20.5;3;8;2023;67;17.4
2023-03-09;13.6;20.5;3;9;2023;68;17.0
2023-03-10;8.9;21.8;3;10;2023;69;15.4
2023-03-11;8.9;24.0;3;11;2023;70;16.4
2023-03-12;9.5;26.5;3;12;2023;71;18.0
2023-03-13;10.5;25.2;3;13;2023;72;17.8
2023-03-14;7.2;23.3;3;14;2023;73;15.2
2023-03-15;7.7;26.6;3;15;2023;74;17.2
2023-03-16;7.2;26.2;3;16;2023;75;16.7
2023-03-17;13.4;21.6;3;17;2023;76;17.5
2023-03-18;10.4;20.5;3;18;2023;77;15.4
2023-03-19;7.2;23.4;3;19;2023;78;15.3
2023-03-20;6.7;24.3;3;20;2023;79;15.5
2023-03-21;8.2;26.3;3;21;2023;80;17.2
2023-03-22;8.6;26.7;3;22;2023;81;17.6
2023-03-23;8.9;26.3;3;23;2023;82;17.6
2023-03-24;8.3;24.3;3;24;2023;83;16.3
2023-03-25;10.2;27.8;3;25;2023;84;19.0
2023-03-26;10.9;27.4;3;26;2023;85;19.2
2023-03-27;10.1;28.4;3;27;2023;86;19.2
2023-03-28;8.0;29.0;3;28;2023;87;18.5
2023-03-29;9.8;29.6;3;29;2023;88;19.7
2023-03-30;11.3;29.8;3;30;2023;89;20.6
2023-03-31;9.2;27.1;3;31;2023;90;18.2
2023-04-01;11.7;27.5;4;1;2023;91;19.6
2023-04-02;12.1;25.9;4;2;2023;92;19.0
2023-04-03;8.8;25.9;4;3;2023;93;17.4
2023-04-04;12.5;23.5;4;4;2023;94;18.0
2023-04-05;7.6;27.0;4;5;2023;95;17.3
2023-04-06;9.7;27.8;4;6;2023;96;18.8
2023-04-07;7.3;28.8;4;7;2023;97;18.0
2023-04-08;7.5;30.6;4;8;2023;98;19.0
2023-04-09;10.5;30.2;4;9;2023;99;20.4
2023-04-10;12.5;31.6;4;10;2023;100;22.0
2023-04-11;10.7;30.2;4;11;2023;101;20.4
2023-04-12;12.4;26.6;4;12;2023;102;19.5
2023-04-13;9.6;24.5;4;13;2023;103;17.0
2023-04-14;10.0;28.1;4;14;2023;104;19.0
2023-04-15;12.9;30.3;4;15;2023;105;21.6
2023-04-16;16.2;30.5;4;16;2023;106;23.4
2023-04-17;12.6;31.0;4;17;2023;107;21.8
2023-04-18;11.4;30.8;4;18;2023;108;21.1
2023-04-19;10.7;30.0;4;19;2023;109;20.4
2023-04-20;11.2;28.3;4;20;2023;110;19.8
2023-04-21;14.2;24.2;4;21;2023;111;19.2
2023-04-22;13.6;25.8;4;22;2023;112;19.7
2023-04-23;11.0;29.5;4;23;2023;113;20.2
2023-04-24;14.0;32.1;4;24;2023;114;23.0
2023-04-25;14.1;34.0;4;25;2023;115;24.0
2023-04-26;15.7;36.4;4;26;2023;116;26.0
2023-04-27;16.6;36.9;4;27;2023;117;26.8
2023-04-28;19.1;34.3;4;28;2023;118;26.7
2023-04-29;18.7;32.1;4;29;2023;119;25.4
2023-04-30;17.2;30.7;4;30;2023;120;24.0
2023-05-01;15.4;32.3;5;1;2023;121;23.8
2023-05-02;16.5;35.5;5;2;2023;122;26.0
2023-05-03;16.4;31.9;5;3;2023;123;24.2
2023-05-04;17.4;30.1;5;4;2023;124;23.8
2023-05-05;15.5;31.5;5;5;2023;125;23.5
2023-05-06;13.9;31.0;5;6;2023;126;22.4
2023-05-07;16.0;31.5;5;7;2023;127;23.8
2023-05-08;14.9;34.5;5;8;2023;128;24.7
2023-05-09;17.2;35.9;5;9;2023;129;26.6
2023-05-10;17.5;33.9;5;10;2023;130;25.7
2023-05-11;13.9;31.7;5;11;2023;131;22.8
2023-05-12;13.1;29.7;5;12;2023;132;21.4
2023-05-13;13.9;27.6;5;13;2023;133;20.8
2023-05-14;14.4;29.4;5;14;2023;134;21.9
2023-05-15;12.5;30.7;5;15;2023;135;21.6
2023-05-16;15.0;29.7;5;16;2023;136;22.4
2023-05-17;17.2;26.9;5;17;2023;137;22.0
2023-05-18;13.3;26.7;5;18;2023;138;20.0
2023-05-19;12.4;26.2;5;19;2023;139;19.3
2023-05-20;14.8;25.3;5;20;2023;140;20.0
2023-05-21;13.8;22.3;5;21;2023;141;18.0
2023-05-22;14.7;21.5;5;22;2023;142;18.1
2023-05-23;14.3;20.7;5;23;2023;143;17.5
2023-05-24;14.6;25.9;5;24;2023;144;20.2
2023-05-25;15.5;29.7;5;25;2023;145;22.6
2023-05-26;17.6;28.7;5;26;2023;146;23.2
2023-05-27;15.4;23.9;5;27;2023;147;19.6
2023-05-28;16.8;26.5;5;28;2023;148;21.6
2023-05-29;14.6;26.7;5;29;2023;149;20.6
2023-05-30;15.0;27.6;5;30;2023;150;21.3
2023-05-31;15.6;29.2;5;31;2023;151;22.4
2023-06-01;16.4;30.0;6;1;2023;152;23.2
2023-06-02;16.2;28.8;6;2;2023;153;22.5
2023-06-03;16.4;29.3;6;3;2023;154;22.8
2023-06-04;17.6;31.6;6;4;2023;155;24.6
2023-06-05;18.5;31.8;6;5;2023;156;25.2
2023-06-06;18.9;34.5;6;6;2023;157;26.7
2023-06-07;18.7;29.4;6;7;2023;158;24.0
2023-06-08;17.8;22.8;6;8;2023;159;20.3
2023-06-09;18.4;25.4;6;9;2023;160;21.9
2023-06-10;18.7;28.5;6;10;2023;161;23.6
2023-06-11;17.5;29.8;6;11;2023;162;23.6
2023-06-12;17.6;29.6;6;12;2023;163;23.6
2023-06-13;17.8;29.5;6;13;2023;164;23.6
2023-06-14;17.3;33.3;6;14;2023;165;25.3
2023-06-15;18.6;36.3;6;15;2023;166;27.4
2023-06-16;20.7;37.9;6;16;2023;167;29.3
2023-06-17;21.2;37.3;6;17;2023;168;29.2
2023-06-18;20.9;32.7;6;18;2023;169;26.8
2023-06-19;21.1;30.1;6;19;2023;170;25.6
2023-06-20;19.6;30.7;6;20;2023;171;25.2
2023-06-21;20.1;30.8;6;21;2023;172;25.4
2023-06-22;18.8;35.0;6;22;2023;173;26.9
2023-06-23;19.8;39.0;6;23;2023;174;29.4
2023-06-24;22.2;40.2;6;24;2023;175;31.2
2023-06-25;22.4;41.2;6;25;2023;176;31.8
2023-06-26;23.0;42.0;6;26;2023;177;32.5
2023-06-27;22.6;40.2;6;27;2023;178;31.4
2023-06-28;21.5;38.3;6;28;2023;179;29.9
2023-06-29;22.4;35.8;6;29;2023;180;29.1
2023-06-30;18.7;34.1;6;30;2023;181;26.4
2023-07-01;20.4;36.8;7;1;2023;182;28.6
2023-07-02;22.4;38.2;7;2;2023;183;30.3
2023-07-03;24.3;37.7;7;3;2023;184;31.0
2023-07-04;22.6;37.4;7;4;2023;185;30.0
2023-07-05;19.9;37.6;7;5;2023;186;28.8
2023-07-06;20.3;35.0;7;6;2023;187;27.6
2023-07-07;20.4;33.4;7;7;2023;188;26.9
2023-07-08;19.4;35.7;7;8;2023;189;27.6
2023-07-09;21.5;38.9;7;9;2023;190;30.2
2023-07-10;22.2;41.1;7;10;2023;191;31.6
2023-07-11;25.3;39.2;7;11;2023;192;32.2
2023-07-12;20.9;41.7;7;12;2023;193;31.3
2023-07-13;22.1;40.6;7;13;2023;194;31.4
2023-07-14;22.9;36.7;7;14;2023;195;29.8
2023-07-15;21.4;35.8;7;15;2023;196;28.6
2023-07-16;18.8;37.7;7;16;2023;197;28.2
2023-07-17;20.9;41.7;7;17;2023;198;31.3
2023-07-18;25.2;39.2;7;18;2023;199;32.2
2023-07-19;24.0;40.4;7;19;2023;200;32.2
2023-07-20;24.0;38.5;7;20;2023;201;31.2
2023-07-21;19.9;36.5;7;21;2023;202;28.2
2023-07-22;19.2;36.5;7;22;2023;203;27.8
2023-07-23;19.6;37.4;7;23;2023;204;28.5
2023-07-24;20.7;36.1;7;24;2023;205;28.4
2023-07-25;19.0;34.2;7;25;2023;206;26.6
2023-07-26;18.2;34.7;7;26;2023;207;26.4
2023-07-27;19.1;31.0;7;27;2023;208;25.0
2023-07-28;17.8;37.4;7;28;2023;209;27.6
2023-07-29;18.5;39.9;7;29;2023;210;29.2
2023-07-30;23.7;39.1;7;30;2023;211;31.4
2023-07-31;21.1;38.4;7;31;2023;212;29.8
2023-08-01;19.0;36.4;8;1;2023;213;27.7
2023-08-02;20.4;37.2;8;2;2023;214;28.8
2023-08-03;22.0;35.8;8;3;2023;215;28.9
2023-08-04;17.6;37.7;8;4;2023;216;27.6
2023-08-05;20.5;39.0;8;5;2023;217;29.8
2023-08-06;20.8;42.5;8;6;2023;218;31.6
2023-08-07;22.4;41.7;8;7;2023;219;32.0
2023-08-08;24.5;40.8;8;8;2023;220;32.6
2023-08-09;24.5;37.5;8;9;2023;221;31.0
2023-08-10;24.5;42.7;8;10;2023;222;33.6
2023-08-11;20.7;43.7;8;11;2023;223;32.2
2023-08-12;21.5;41.6;8;12;2023;224;31.6
2023-08-13;21.1;37.6;8;13;2023;225;29.4
2023-08-14;19.2;35.6;8;14;2023;226;27.4
2023-08-15;18.1;37.1;8;15;2023;227;27.6
2023-08-16;19.4;35.3;8;16;2023;228;27.4
2023-08-17;19.5;36.4;8;17;2023;229;28.0
2023-08-18;18.0;37.0;8;18;2023;230;27.5
2023-08-19;20.2;40.0;8;19;2023;231;30.1
2023-08-20;22.6;41.9;8;20;2023;232;32.2
2023-08-21;23.5;42.5;8;21;2023;233;33.0
2023-08-22;22.7;41.5;8;22;2023;234;32.1
2023-08-23;23.7;42.4;8;23;2023;235;33.0
2023-08-24;23.8;42.2;8;24;2023;236;33.0
2023-08-25;23.3;42.6;8;25;2023;237;33.0
2023-08-26;24.2;38.8;8;26;2023;238;31.5
2023-08-27;18.6;32.3;8;27;2023;239;25.4
2023-08-28;17.7;34.0;8;28;2023;240;25.8
2023-08-29;18.8;37.5;8;29;2023;241;28.2
2023-08-30;19.5;35.6;8;30;2023;242;27.6
2023-08-31;18.7;35.0;8;31;2023;243;26.8
2023-09-01;20.4;34.1;9;1;2023;244;27.2
2023-09-02;19.2;26.9;9;2;2023;245;23.0
2023-09-03;14.9;22.2;9;3;2023;246;18.6
2023-09-04;17.4;26.7;9;4;2023;247;22.0
2023-09-05;18.0;29.2;9;5;2023;248;23.6
2023-09-06;18.6;31.6;9;6;2023;249;25.1
2023-09-07;21.4;30.2;9;7;2023;250;25.8
2023-09-08;19.9;31.5;9;8;2023;251;25.7
2023-09-09;20.6;30.2;9;9;2023;252;25.4
2023-09-10;19.3;30.7;9;10;2023;253;25.0
2023-09-11;20.3;29.5;9;11;2023;254;24.9
2023-09-12;19.2;30.6;9;12;2023;255;24.9
2023-09-13;18.1;32.5;9;13;2023;256;25.3
2023-09-14;21.5;33.6;9;14;2023;257;27.6
2023-09-15;21.2;29.5;9;15;2023;258;25.4
2023-09-16;19.4;26.1;9;16;2023;259;22.8
2023-09-17;17.3;25.5;9;17;2023;260;21.4
2023-09-18;16.4;25.3;9;18;2023;261;20.8
2023-09-19;15.2;29.3;9;19;2023;262;22.2
2023-09-20;16.4;28.9;9;20;2023;263;22.6
2023-09-21;15.1;25.3;9;21;2023;264;20.2
2023-09-22;14.5;25.3;9;22;2023;265;19.9
2023-09-23;13.0;30.1;9;23;2023;266;21.6
2023-09-24;16.7;33.1;9;24;2023;267;24.9
2023-09-25;15.5;32.5;9;25;2023;268;24.0
2023-09-26;15.8;31.7;9;26;2023;269;23.8
2023-09-27;16.1;32.5;9;27;2023;270;24.3
2023-09-28;16.6;35.1;9;28;2023;271;25.8
2023-09-29;17.9;37.1;9;29;2023;272;27.5
2023-09-30;19.9;36.3;9;30;2023;273;28.1
2023-10-01;19.0;36.9;10;1;2023;274;28.0
2023-10-02;16.9;36.5;10;2;2023;275;26.7
2023-10-03;17.1;35.3;10;3;2023;276;26.2
2023-10-04;17.4;34.5;10;4;2023;277;26.0
2023-10-05;17.6;35.0;10;5;2023;278;26.3
2023-10-06;18.7;37.4;10;6;2023;279;28.0
2023-10-07;16.9;37.2;10;7;2023;280;27.0
2023-10-08;16.9;35.3;10;8;2023;281;26.1
2023-10-09;16.7;33.0;10;9;2023;282;24.8
2023-10-10;15.7;31.8;10;10;2023;283;23.8
2023-10-11;15.8;31.6;10;11;2023;284;23.7
2023-10-12;16.0;33.4;10;12;2023;285;24.7
2023-10-13;15.3;29.4;10;13;2023;286;22.4
2023-10-14;19.7;28.0;10;14;2023;287;23.8
2023-10-15;17.6;27.8;10;15;2023;288;22.7
2023-10-16;19.9;27.9;10;16;2023;289;23.9
2023-10-17;18.8;27.1;10;17;2023;290;23.0
2023-10-18;19.4;25.2;10;18;2023;291;22.3
2023-10-19;15.4;22.1;10;19;2023;292;18.8
2023-10-20;14.3;22.7;10;20;2023;293;18.5
2023-10-21;11.1;21.4;10;21;2023;294;16.2
2023-10-22;13.5;21.2;10;22;2023;295;17.4
2023-10-23;12.5;20.5;10;23;2023;296;16.5
2023-10-24;10.6;21.4;10;24;2023;297;16.0
2023-10-25;16.8;24.3;10;25;2023;298;20.6
2023-10-26;16.9;23.3;10;26;2023;299;20.1
2023-10-27;14.5;23.1;10;27;2023;300;18.8
2023-10-28;14.6;22.5;10;28;2023;301;18.6
2023-10-29;15.6;22.7;10;29;2023;302;19.2
2023-10-30;13.9;21.5;10;30;2023;303;17.7
2023-10-31;12.3;17.0;10;31;2023;304;14.6
2023-11-01;9.8;22.2;11;1;2023;305;16.0
2023-11-02;12.7;23.3;11;2;2023;306;18.0
2023-11-03;12.5;19.6;11;3;2023;307;16.0
2023-11-04;14.0;22.3;11;4;2023;308;18.2
2023-11-05;11.3;20.9;11;5;2023;309;16.1
2023-11-06;8.7;19.3;11;6;2023;310;14.0
2023-11-07;7.1;18.6;11;7;2023;311;12.8
2023-11-08;8.2;19.2;11;8;2023;312;13.7
2023-11-09;12.8;19.0;11;9;2023;313;15.9
2023-11-10;10.5;20.6;11;10;2023;314;15.6
2023-11-11;13.5;22.1;11;11;2023;315;17.8
2023-11-12;11.2;23.2;11;12;2023;316;17.2
2023-11-13;12.7;24.6;11;13;2023;317;18.6
2023-11-14;12.4;25.6;11;14;2023;318;19.0
2023-11-15;12.2;27.1;11;15;2023;319;19.6
2023-11-16;10.4;24.2;11;16;2023;320;17.3
2023-11-17;12.5;25.2;11;17;2023;321;18.8
2023-11-18;12.4;25.6;11;18;2023;322;19.0
2023-11-19;10.7;23.9;11;19;2023;323;17.3
2023-11-20;10.0;22.2;11;20;2023;324;16.1
2023-11-21;11.6;18.5;11;21;2023;325;15.0
2023-11-22;8.6;19.1;11;22;2023;326;13.8
2023-11-23;6.6;20.2;11;23;2023;327;13.4
2023-11-24;5.0;18.9;11;24;2023;328;12.0
2023-11-25;3.5;19.7;11;25;2023;329;11.6
2023-11-26;3.2;17.9;11;26;2023;330;10.6
2023-11-27;5.9;15.4;11;27;2023;331;10.6
2023-11-28;6.6;16.2;11;28;2023;332;11.4
2023-11-29;12.4;18.8;11;29;2023;333;15.6
2023-11-30;16.1;19.9;11;30;2023;334;18.0
2023-12-01;8.4;18.2;12;1;2023;335;13.3
2023-12-02;5.6;15.0;12;2;2023;336;10.3
2023-12-03;6.3;13.8;12;3;2023;337;10.0
2023-12-04;7.9;11.8;12;4;2023;338;9.8
2023-12-05;9.4;12.9;12;5;2023;339;11.2
2023-12-06;11.1;13.7;12;6;2023;340;12.4
2023-12-07;13.1;17.4;12;7;2023;341;15.2
2023-12-08;10.0;17.6;12;8;2023;342;13.8
2023-12-09;8.9;19.1;12;9;2023;343;14.0
2023-12-10;8.8;20.2;12;10;2023;344;14.5
2023-12-11;9.7;18.9;12;11;2023;345;14.3
2023-12-12;9.16;18.58;12;12;2023;346;13.88
2023-12-13;8.62;18.259999999999998;12;13;2023;347;13.46
2023-12-14;8.08;17.94;12;14;2023;348;13.04
2023-12-15;7.539999999999999;17.62;12;15;2023;349;12.62
2023-12-16;7.0;17.3;12;16;2023;350;12.2
2023-12-17;5.0;16.4;12;17;2023;351;10.7
2023-12-18;3.9;15.5;12;18;2023;352;9.7
2023-12-19;2.5;17.3;12;19;2023;353;9.9
2023-12-20;0.9;11.4;12;20;2023;354;6.2
2023-12-21;1.7;15.9;12;21;2023;355;8.8
2023-12-22;3.0;18.2;12;22;2023;356;10.6
2023-12-23;2.3;18.4;12;23;2023;357;10.4
2023-12-24;1.9;16.1;12;24;2023;358;9.0
2023-12-25;3.1;16.1;12;25;2023;359;9.6
2023-12-26;1.8;14.8;12;26;2023;360;8.3
2023-12-27;1.0;15.2;12;27;2023;361;8.1
2023-12-28;3.2;15.5;12;28;2023;362;9.4
2023-12-29;6.6;13.2;12;29;2023;363;9.9
2023-12-30;5.7;16.6;12;30;2023;364;11.2
2023-12-31;4.5;14.2;12;31;2023;365;9.4
