date;tmin;tmax;month;day;year;yearday;output
2008-01-01;-4.3;8.9;1;1;2008;1;2.3
2008-01-02;4.4;9.9;1;2;2008;2;7.2
2008-01-03;4.6;10.9;1;3;2008;3;7.8
2008-01-04;2.7;10.6;1;4;2008;4;6.6
2008-01-05;4.7;12.4;1;5;2008;5;8.6
2008-01-06;9.0;13.8;1;6;2008;6;11.4
2008-01-07;6.2;14.9;1;7;2008;7;10.6
2008-01-08;4.2;10.0;1;8;2008;8;7.1
2008-01-09;6.4;12.1;1;9;2008;9;9.2
2008-01-10;7.9;14.0;1;10;2008;10;11.0
2008-01-11;2.2;13.6;1;11;2008;11;7.9
2008-01-12;0.2;11.8;1;12;2008;12;6.0
2008-01-13;-2.0;12.7;1;13;2008;13;5.4
2008-01-14;4.9;12.0;1;14;2008;14;8.4
2008-01-15;4.6;11.9;1;15;2008;15;8.2
2008-01-16;6.5;14.4;1;16;2008;16;10.4
2008-01-17;3.3;12.9;1;17;2008;17;8.1
2008-01-18;5.3;14.8;1;18;2008;18;10.0
2008-01-19;2.2;16.1;1;19;2008;19;9.2
2008-01-20;1.7;17.9;1;20;2008;20;9.8
2008-01-21;1.2;18.2;1;21;2008;21;9.7
2008-01-22;0.2;19.0;1;22;2008;22;9.6
2008-01-23;1.4;17.3;1;23;2008;23;9.4
2008-01-24;1.2;15.0;1;24;2008;24;8.1
2008-01-25;2.9;13.4;1;25;2008;25;8.2
2008-01-26;1.1;13.8;1;26;2008;26;7.4
2008-01-27;-1.0;15.0;1;27;2008;27;7.0
2008-01-28;-0.6;18.0;1;28;2008;28;8.7
2008-01-29;-1.4;17.1;1;29;2008;29;7.8
2008-01-30;-1.3;16.9;1;30;2008;30;7.8
2008-01-31;0.7;14.9;1;31;2008;31;7.8
2008-02-01;-1.6;12.0;2;1;2008;32;5.2
2008-02-02;3.0;11.2;2;2;2008;33;7.1
2008-02-03;4.0;13.0;2;3;2008;34;8.5
2008-02-04;5.2;13.2;2;4;2008;35;9.2
2008-02-05;2.0;13.9;2;5;2008;36;8.0
2008-02-06;0.6;16.0;2;6;2008;37;8.3
2008-02-07;1.1;18.7;2;7;2008;38;9.9
2008-02-08;2.4;18.5;2;8;2008;39;10.4
2008-02-09;2.5;16.8;2;9;2008;40;9.6
2008-02-10;3.2;15.9;2;10;2008;41;9.6
2008-02-11;2.8;15.8;2;11;2008;42;9.3
2008-02-12;1.9;14.0;2;12;2008;43;8.0
2008-02-13;1.2;12.8;2;13;2008;44;7.0
2008-02-14;7.2;11.4;2;14;2008;45;9.3
2008-02-15;6.8;14.2;2;15;2008;46;10.5
2008-02-16;2.0;17.2;2;16;2008;47;9.6
2008-02-17;4.9;12.5;2;17;2008;48;8.7
2008-02-18;6.4;12.0;2;18;2008;49;9.2
2008-02-19;8.8;14.0;2;19;2008;50;11.4
2008-02-20;7.4;15.5;2;20;2008;51;11.4
2008-02-21;7.0;18.0;2;21;2008;52;12.5
2008-02-22;4.5;18.4;2;22;2008;53;11.4
2008-02-23;6.4;17.2;2;23;2008;54;11.8
2008-02-24;7.4;12.0;2;24;2008;55;9.7
2008-02-25;6.5;14.5;2;25;2008;56;10.5
2008-02-26;3.4;18.3;2;26;2008;57;10.8
2008-02-27;4.8;21.2;2;27;2008;58;13.0
2008-02-28;9.2;19.5;2;28;2008;59;14.4
2008-02-29;6.7;19.7;2;29;2008;60;13.2
2008-03-01;5.5;21.2;3;1;2008;61;13.4
2008-03-02;5.8;23.3;3;2;2008;62;14.6
2008-03-03;5.6;22.9;3;3;2008;63;14.2
2008-03-04;2.6;14.1;3;4;2008;64;8.4
2008-03-05;-1.6;12.6;3;5;2008;65;5.5
2008-03-06;-3.0;15.6;3;6;2008;66;6.3
2008-03-07;2.0;19.0;3;7;2008;67;10.5
2008-03-08;1.5;19.9;3;8;2008;68;10.7
2008-03-09;3.5;17.0;3;9;2008;69;10.2
2008-03-10;4.1;13.4;3;10;2008;70;8.8
2008-03-11;7.8;22.1;3;11;2008;71;15.0
2008-03-12;8.2;21.1;3;12;2008;72;14.6
2008-03-13;6.0;24.2;3;13;2008;73;15.1
2008-03-14;6.0;26.4;3;14;2008;74;16.2
2008-03-15;9.8;19.6;3;15;2008;75;14.7
2008-03-16;6.0;19.5;3;16;2008;76;12.8
2008-03-17;6.0;20.6;3;17;2008;77;13.3
2008-03-18;5.4;16.5;3;18;2008;78;11.0
2008-03-19;3.7;17.2;3;19;2008;79;10.4
2008-03-20;4.0;14.7;3;20;2008;80;9.4
2008-03-21;-0.1;18.9;3;21;2008;81;9.4
2008-03-22;3.4;17.0;3;22;2008;82;10.2
2008-03-23;1.5;10.9;3;23;2008;83;6.2
2008-03-24;2.0;17.4;3;24;2008;84;9.7
2008-03-25;3.9;19.9;3;25;2008;85;11.9
2008-03-26;4.6;14.1;3;26;2008;86;9.4
2008-03-27;6.5;17.3;3;27;2008;87;11.9
2008-03-28;6.0;22.0;3;28;2008;88;14.0
2008-03-29;7.0;24.1;3;29;2008;89;15.6
2008-03-30;5.2;17.8;3;30;2008;90;11.5
2008-03-31;2.8;17.9;3;31;2008;91;10.4
2008-04-01;6.4;21.6;4;1;2008;92;14.0
2008-04-02;6.9;24.4;4;2;2008;93;15.6
2008-04-03;7.1;27.0;4;3;2008;94;17.0
2008-04-04;5.8;26.3;4;4;2008;95;16.0
2008-04-05;6.5;26.6;4;5;2008;96;16.6
2008-04-06;8.2;27.0;4;6;2008;97;17.6
2008-04-07;9.8;20.7;4;7;2008;98;15.2
2008-04-08;8.5;15.7;4;8;2008;99;12.1
2008-04-09;12.3;20.2;4;9;2008;100;16.2
2008-04-10;9.3;18.0;4;10;2008;101;13.6
2008-04-11;5.3;13.2;4;11;2008;102;9.2
2008-04-12;4.2;17.5;4;12;2008;103;10.8
2008-04-13;4.9;16.8;4;13;2008;104;10.8
2008-04-14;6.1;18.3;4;14;2008;105;12.2
2008-04-15;4.0;20.6;4;15;2008;106;12.3
2008-04-16;8.6;23.5;4;16;2008;107;16.0
2008-04-17;9.4;15.5;4;17;2008;108;12.4
2008-04-18;7.9;15.4;4;18;2008;109;11.6
2008-04-19;8.4;15.6;4;19;2008;110;12.0
2008-04-20;6.9;14.9;4;20;2008;111;10.9
2008-04-21;7.4;16.9;4;21;2008;112;12.2
2008-04-22;6.2;20.3;4;22;2008;113;13.2
2008-04-23;10.0;23.9;4;23;2008;114;17.0
2008-04-24;11.5;25.9;4;24;2008;115;18.7
2008-04-25;11.2;28.2;4;25;2008;116;19.7
2008-04-26;11.8;28.6;4;26;2008;117;20.2
2008-04-27;12.0;28.8;4;27;2008;118;20.4
2008-04-28;11.1;21.3;4;28;2008;119;16.2
2008-04-29;7.7;20.7;4;29;2008;120;14.2
2008-04-30;8.4;20.1;4;30;2008;121;14.2
2008-05-01;6.6;23.6;5;1;2008;122;15.1
2008-05-02;7.9;28.2;5;2;2008;123;18.0
2008-05-03;12.5;29.5;5;3;2008;124;21.0
2008-05-04;14.3;27.8;5;4;2008;125;21.0
2008-05-05;12.9;29.0;5;5;2008;126;21.0
2008-05-06;14.4;28.9;5;6;2008;127;21.6
2008-05-07;14.0;26.6;5;7;2008;128;20.3
2008-05-08;12.4;20.0;5;8;2008;129;16.2
2008-05-09;12.3;21.4;5;9;2008;130;16.8
2008-05-10;8.8;12.3;5;10;2008;131;10.6
2008-05-11;10.4;20.1;5;11;2008;132;15.2
2008-05-12;7.4;24.1;5;12;2008;133;15.8
2008-05-13;12.7;21.6;5;13;2008;134;17.2
2008-05-14;12.5;19.3;5;14;2008;135;15.9
2008-05-15;10.5;21.8;5;15;2008;136;16.2
2008-05-16;11.6;21.0;5;16;2008;137;16.3
2008-05-17;12.4;22.0;5;17;2008;138;17.2
2008-05-18;10.4;20.6;5;18;2008;139;15.5
2008-05-19;9.4;20.5;5;19;2008;140;15.0
2008-05-20;10.0;24.3;5;20;2008;141;17.2
2008-05-21;11.7;23.5;5;21;2008;142;17.6
2008-05-22;12.9;25.8;5;22;2008;143;19.4
2008-05-23;11.5;19.9;5;23;2008;144;15.7
2008-05-24;10.7;18.6;5;24;2008;145;14.6
2008-05-25;10.1;16.8;5;25;2008;146;13.4
2008-05-26;7.7;20.0;5;26;2008;147;13.8
2008-05-27;10.1;20.2;5;27;2008;148;15.2
2008-05-28;11.6;19.1;5;28;2008;149;15.4
2008-05-29;11.6;21.5;5;29;2008;150;16.6
2008-05-30;12.0;21.4;5;30;2008;151;16.7
2008-05-31;10.9;18.9;5;31;2008;152;14.9
2008-06-01;11.9;22.0;6;1;2008;153;17.0
2008-06-02;13.1;23.6;6;2;2008;154;18.4
2008-06-03;11.8;25.6;6;3;2008;155;18.7
2008-06-04;13.1;28.0;6;4;2008;156;20.6
2008-06-05;14.3;26.9;6;5;2008;157;20.6
2008-06-06;10.6;26.8;6;6;2008;158;18.7
2008-06-07;11.0;27.0;6;7;2008;159;19.0
2008-06-08;10.8;19.2;6;8;2008;160;15.0
2008-06-09;10.8;18.4;6;9;2008;161;14.6
2008-06-10;10.8;22.9;6;10;2008;162;16.8
2008-06-11;11.5;25.8;6;11;2008;163;18.6
2008-06-12;12.2;27.2;6;12;2008;164;19.7
2008-06-13;12.7;30.8;6;13;2008;165;21.8
2008-06-14;15.3;31.5;6;14;2008;166;23.4
2008-06-15;17.8;29.6;6;15;2008;167;23.7
2008-06-16;14.4;25.0;6;16;2008;168;19.7
2008-06-17;12.2;26.6;6;17;2008;169;19.4
2008-06-18;12.8;32.0;6;18;2008;170;22.4
2008-06-19;16.6;33.8;6;19;2008;171;25.2
2008-06-20;18.3;36.0;6;20;2008;172;27.2
2008-06-21;20.0;36.5;6;21;2008;173;28.2
2008-06-22;19.4;37.8;6;22;2008;174;28.6
2008-06-23;17.2;33.4;6;23;2008;175;25.3
2008-06-24;16.0;31.5;6;24;2008;176;23.8
2008-06-25;18.9;35.7;6;25;2008;177;27.3
2008-06-26;21.4;37.0;6;26;2008;178;29.2
2008-06-27;21.6;37.9;6;27;2008;179;29.8
2008-06-28;21.4;37.5;6;28;2008;180;29.4
2008-06-29;22.0;37.5;6;29;2008;181;29.8
2008-06-30;20.7;37.3;6;30;2008;182;29.0
2008-07-01;20.3;35.9;7;1;2008;183;28.1
2008-07-02;17.9;29.9;7;2;2008;184;23.9
2008-07-03;14.9;28.9;7;3;2008;185;21.9
2008-07-04;15.7;34.2;7;4;2008;186;25.0
2008-07-05;20.0;34.8;7;5;2008;187;27.4
2008-07-06;17.8;30.0;7;6;2008;188;23.9
2008-07-07;14.4;29.7;7;7;2008;189;22.0
2008-07-08;14.8;34.4;7;8;2008;190;24.6
2008-07-09;17.4;35.4;7;9;2008;191;26.4
2008-07-10;20.0;35.5;7;10;2008;192;27.8
2008-07-11;18.5;32.8;7;11;2008;193;25.6
2008-07-12;17.2;28.6;7;12;2008;194;22.9
2008-07-13;13.0;29.8;7;13;2008;195;21.4
2008-07-14;15.4;32.4;7;14;2008;196;23.9
2008-07-15;19.2;32.4;7;15;2008;197;25.8
2008-07-16;19.0;30.2;7;16;2008;198;24.6
2008-07-17;17.9;33.6;7;17;2008;199;25.8
2008-07-18;19.5;37.0;7;18;2008;200;28.2
2008-07-19;21.6;40.0;7;19;2008;201;30.8
2008-07-20;24.0;36.4;7;20;2008;202;30.2
2008-07-21;21.3;37.3;7;21;2008;203;29.3
2008-07-22;19.5;37.6;7;22;2008;204;28.6
2008-07-23;21.3;40.3;7;23;2008;205;30.8
2008-07-24;21.0;33.4;7;24;2008;206;27.2
2008-07-25;18.5;32.3;7;25;2008;207;25.4
2008-07-26;18.3;33.4;7;26;2008;208;25.8
2008-07-27;19.5;35.4;7;27;2008;209;27.4
2008-07-28;19.7;32.5;7;28;2008;210;26.1
2008-07-29;18.0;36.0;7;29;2008;211;27.0
2008-07-30;17.4;35.5;7;30;2008;212;26.4
2008-07-31;19.0;34.6;7;31;2008;213;26.8
2008-08-01;19.2;33.6;8;1;2008;214;26.4
2008-08-02;19.0;36.5;8;2;2008;215;27.8
2008-08-03;23.4;39.2;8;3;2008;216;31.3
2008-08-04;22.8;40.6;8;4;2008;217;31.7
2008-08-05;23.4;39.2;8;5;2008;218;31.3
2008-08-06;21.4;38.2;8;6;2008;219;29.8
2008-08-07;21.9;33.6;8;7;2008;220;27.8
2008-08-08;18.1;34.6;8;8;2008;221;26.4
2008-08-09;18.3;36.0;8;9;2008;222;27.2
2008-08-10;20.0;36.9;8;10;2008;223;28.4
2008-08-11;21.0;33.9;8;11;2008;224;27.4
2008-08-12;18.8;30.4;8;12;2008;225;24.6
2008-08-13;16.2;33.3;8;13;2008;226;24.8
2008-08-14;15.9;30.3;8;14;2008;227;23.1
2008-08-15;13.9;29.7;8;15;2008;228;21.8
2008-08-16;14.8;30.0;8;16;2008;229;22.4
2008-08-17;18.3;31.4;8;17;2008;230;24.8
2008-08-18;16.7;34.9;8;18;2008;231;25.8
2008-08-19;19.0;32.5;8;19;2008;232;25.8
2008-08-20;16.4;33.8;8;20;2008;233;25.1
2008-08-21;17.4;35.8;8;21;2008;234;26.6
2008-08-22;21.4;34.4;8;22;2008;235;27.9
2008-08-23;20.0;33.2;8;23;2008;236;26.6
2008-08-24;18.8;34.0;8;24;2008;237;26.4
2008-08-25;19.4;35.7;8;25;2008;238;27.6
2008-08-26;20.5;36.0;8;26;2008;239;28.2
2008-08-27;21.5;34.6;8;27;2008;240;28.0
2008-08-28;20.6;35.0;8;28;2008;241;27.8
2008-08-29;19.7;35.2;8;29;2008;242;27.4
2008-08-30;19.6;29.9;8;30;2008;243;24.8
2008-08-31;17.2;30.4;8;31;2008;244;23.8
2008-09-01;18.0;33.3;9;1;2008;245;25.6
2008-09-02;18.5;32.7;9;2;2008;246;25.6
2008-09-03;17.2;29.9;9;3;2008;247;23.6
2008-09-04;17.4;28.3;9;4;2008;248;22.8
2008-09-05;18.2;24.9;9;5;2008;249;21.6
2008-09-06;16.3;24.9;9;6;2008;250;20.6
2008-09-07;13.1;28.6;9;7;2008;251;20.8
2008-09-08;19.0;32.5;9;8;2008;252;25.8
2008-09-09;20.0;29.0;9;9;2008;253;24.5
2008-09-10;17.8;27.6;9;10;2008;254;22.7
2008-09-11;16.4;30.0;9;11;2008;255;23.2
2008-09-12;12.0;24.0;9;12;2008;256;18.0
2008-09-13;10.0;25.4;9;13;2008;257;17.7
2008-09-14;10.0;27.4;9;14;2008;258;18.7
2008-09-15;11.4;31.2;9;15;2008;259;21.3
2008-09-16;12.7;32.6;9;16;2008;260;22.6
2008-09-17;15.4;31.2;9;17;2008;261;23.3
2008-09-18;18.0;29.4;9;18;2008;262;23.7
2008-09-19;16.5;29.5;9;19;2008;263;23.0
2008-09-20;14.0;31.5;9;20;2008;264;22.8
2008-09-21;17.5;27.5;9;21;2008;265;22.5
2008-09-22;16.0;25.3;9;22;2008;266;20.6
2008-09-23;14.0;27.0;9;23;2008;267;20.5
2008-09-24;14.8;25.9;9;24;2008;268;20.4
2008-09-25;14.1;24.4;9;25;2008;269;19.2
2008-09-26;11.5;24.2;9;26;2008;270;17.8
2008-09-27;13.2;23.5;9;27;2008;271;18.4
2008-09-28;13.4;17.3;9;28;2008;272;15.4
2008-09-29;11.5;24.4;9;29;2008;273;18.0
2008-09-30;9.6;26.2;9;30;2008;274;17.9
2008-10-01;10.2;26.9;10;1;2008;275;18.6
2008-10-02;14.4;27.0;10;2;2008;276;20.7
2008-10-03;10.3;20.3;10;3;2008;277;15.3
2008-10-04;5.0;20.0;10;4;2008;278;12.5
2008-10-05;5.9;24.9;10;5;2008;279;15.4
2008-10-06;7.0;26.3;10;6;2008;280;16.6
2008-10-07;8.6;20.7;10;7;2008;281;14.6
2008-10-08;10.4;21.0;10;8;2008;282;15.7
2008-10-09;8.2;21.0;10;9;2008;283;14.6
2008-10-10;14.0;24.5;10;10;2008;284;19.2
2008-10-11;14.0;23.2;10;11;2008;285;18.6
2008-10-12;14.5;23.6;10;12;2008;286;19.0
2008-10-13;14.6;21.3;10;13;2008;287;18.0
2008-10-14;14.3;23.1;10;14;2008;288;18.7
2008-10-15;12.5;25.0;10;15;2008;289;18.8
2008-10-16;12.8;25.3;10;16;2008;290;19.0
2008-10-17;15.0;24.9;10;17;2008;291;20.0
2008-10-18;15.0;18.0;10;18;2008;292;16.5
2008-10-19;13.5;22.5;10;19;2008;293;18.0
2008-10-20;16.3;24.5;10;20;2008;294;20.4
2008-10-21;14.4;21.1;10;21;2008;295;17.8
2008-10-22;9.4;15.2;10;22;2008;296;12.3
2008-10-23;8.0;15.9;10;23;2008;297;12.0
2008-10-24;7.0;18.1;10;24;2008;298;12.6
2008-10-25;8.3;21.2;10;25;2008;299;14.8
2008-10-26;9.0;21.9;10;26;2008;300;15.4
2008-10-27;8.9;23.0;10;27;2008;301;16.0
2008-10-28;6.0;15.6;10;28;2008;302;10.8
2008-10-29;4.5;12.5;10;29;2008;303;8.5
2008-10-30;4.0;13.1;10;30;2008;304;8.6
2008-10-31;7.2;12.3;10;31;2008;305;9.8
2008-11-01;5.6;13.1;11;1;2008;306;9.4
2008-11-02;7.6;14.2;11;2;2008;307;10.9
2008-11-03;4.0;14.1;11;3;2008;308;9.0
2008-11-04;5.4;10.8;11;4;2008;309;8.1
2008-11-05;6.0;14.2;11;5;2008;310;10.1
2008-11-06;4.2;15.5;11;6;2008;311;9.8
2008-11-07;5.4;13.4;11;7;2008;312;9.4
2008-11-08;7.6;15.4;11;8;2008;313;11.5
2008-11-09;3.1;15.7;11;9;2008;314;9.4
2008-11-10;3.8;18.0;11;10;2008;315;10.9
2008-11-11;5.5;15.1;11;11;2008;316;10.3
2008-11-12;7.8;14.0;11;12;2008;317;10.9
2008-11-13;4.6;15.0;11;13;2008;318;9.8
2008-11-14;2.6;15.2;11;14;2008;319;8.9
2008-11-15;2.2;15.4;11;15;2008;320;8.8
2008-11-16;1.5;15.4;11;16;2008;321;8.4
2008-11-17;2.5;18.4;11;17;2008;322;10.4
2008-11-18;1.4;12.1;11;18;2008;323;6.8
2008-11-19;3.3;15.9;11;19;2008;324;9.6
2008-11-20;2.0;14.2;11;20;2008;325;8.1
2008-11-21;1.1;16.3;11;21;2008;326;8.7
2008-11-22;5.0;18.6;11;22;2008;327;11.8
2008-11-23;3.8;17.4;11;23;2008;328;10.6
2008-11-24;3.8;15.0;11;24;2008;329;9.4
2008-11-25;0.2;11.3;11;25;2008;330;5.8
2008-11-26;-1.5;9.4;11;26;2008;331;4.0
2008-11-27;-2.5;10.0;11;27;2008;332;3.8
2008-11-28;-3.1;8.2;11;28;2008;333;2.6
2008-11-29;3.8;8.7;11;29;2008;334;6.2
2008-11-30;2.0;9.0;11;30;2008;335;5.5
2008-12-01;2.1;7.3;12;1;2008;336;4.7
2008-12-02;1.1;9.0;12;2;2008;337;5.0
2008-12-03;0.6;7.9;12;3;2008;338;4.2
2008-12-04;4.0;11.3;12;4;2008;339;7.6
2008-12-05;9.3;15.9;12;5;2008;340;12.6
2008-12-06;5.9;12.3;12;6;2008;341;9.1
2008-12-07;9.4;13.9;12;7;2008;342;11.6
2008-12-08;8.4;11.1;12;8;2008;343;9.8
2008-12-09;4.8;9.5;12;9;2008;344;7.2
2008-12-10;2.3;8.5;12;10;2008;345;5.4
2008-12-11;-0.2;10.0;12;11;2008;346;4.9
2008-12-12;1.6;9.0;12;12;2008;347;5.3
2008-12-13;0.2;7.0;12;13;2008;348;3.6
2008-12-14;1.4;7.5;12;14;2008;349;4.4
2008-12-15;1.0;7.2;12;15;2008;350;4.1
2008-12-16;1.5;11.2;12;16;2008;351;6.4
2008-12-17;1.8;12.6;12;17;2008;352;7.2
2008-12-18;1.5;13.5;12;18;2008;353;7.5
2008-12-19;0.8;13.1;12;19;2008;354;7.0
2008-12-20;-0.1;12.9;12;20;2008;355;6.4
2008-12-21;-0.1;15.2;12;21;2008;356;7.6
2008-12-22;-0.5;15.4;12;22;2008;357;7.4
2008-12-23;0.4;15.0;12;23;2008;358;7.7
2008-12-24;-0.8;13.0;12;24;2008;359;6.1
2008-12-25;-1.6;12.1;12;25;2008;360;5.2
2008-12-26;-2.8;8.4;12;26;2008;361;2.8
2008-12-27;-1.9;9.2;12;27;2008;362;3.6
2008-12-28;4.8;10.2;12;28;2008;363;7.5
2008-12-29;5.4;12.4;12;29;2008;364;8.9
2008-12-30;3.7;10.4;12;30;2008;365;7.0
2008-12-31;6.4;13.8;12;31;2008;366;10.1
2009-01-01;6.8;14.7;1;1;2009;1;10.8
2009-01-02;6.3;14.0;1;2;2009;2;10.2
2009-01-03;7.4;11.4;1;3;2009;3;9.4
2009-01-04;3.2;12.0;1;4;2009;4;7.6
2009-01-05;-0.1;4.4;1;5;2009;5;2.2
2009-01-06;-0.6;9.0;1;6;2009;6;4.2
2009-01-07;-2.8;5.3;1;7;2009;7;1.2
2009-01-08;-4.4;4.0;1;8;2009;8;-0.2
2009-01-09;-2.6;3.5;1;9;2009;9;0.4
2009-01-10;-3.9;-0.2;1;10;2009;10;-2.0
2009-01-11;-4.9;7.0;1;11;2009;11;1.0
2009-01-12;-4.6;8.8;1;12;2009;12;2.1
2009-01-13;-1.9;5.0;1;13;2009;13;1.6
2009-01-14;0.6;3.9;1;14;2009;14;2.2
2009-01-15;0.0;6.8;1;15;2009;15;3.4
2009-01-16;-0.8;9.5;1;16;2009;16;4.4
2009-01-17;0.0;10.5;1;17;2009;17;5.2
2009-01-18;-1.0;12.0;1;18;2009;18;5.5
2009-01-19;7.5;13.8;1;19;2009;19;10.6
2009-01-20;0.3;8.4;1;20;2009;20;4.4
2009-01-21;-1.7;9.0;1;21;2009;21;3.6
2009-01-22;4.1;13.4;1;22;2009;22;8.8
2009-01-23;11.0;17.0;1;23;2009;23;14.0
2009-01-24;5.6;13.0;1;24;2009;24;9.3
2009-01-25;3.2;10.0;1;25;2009;25;6.6
2009-01-26;2.5;11.2;1;26;2009;26;6.8
2009-01-27;2.8;13.8;1;27;2009;27;8.3
2009-01-28;8.4;14.0;1;28;2009;28;11.2
2009-01-29;9.1;16.4;1;29;2009;29;12.8
2009-01-30;3.6;16.5;1;30;2009;30;10.0
2009-01-31;4.4;11.7;1;31;2009;31;8.0
2009-02-01;3.1;8.9;2;1;2009;32;6.0
2009-02-02;4.4;9.3;2;2;2009;33;6.8
2009-02-03;2.5;7.5;2;3;2009;34;5.0
2009-02-04;5.0;11.5;2;4;2009;35;8.2
2009-02-05;5.0;9.9;2;5;2009;36;7.4
2009-02-06;0.5;7.4;2;6;2009;37;4.0
2009-02-07;0.0;9.7;2;7;2009;38;4.8
2009-02-08;1.9;11.9;2;8;2009;39;6.9
2009-02-09;8.5;14.0;2;9;2009;40;11.2
2009-02-10;5.4;14.0;2;10;2009;41;9.7
2009-02-11;1.5;14.1;2;11;2009;42;7.8
2009-02-12;3.5;15.6;2;12;2009;43;9.6
2009-02-13;1.0;16.5;2;13;2009;44;8.8
2009-02-14;-0.4;17.7;2;14;2009;45;8.6
2009-02-15;1.0;15.0;2;15;2009;46;8.0
2009-02-16;2.2;14.3;2;16;2009;47;8.2
2009-02-17;-0.3;14.3;2;17;2009;48;7.0
2009-02-18;0.2;18.1;2;18;2009;49;9.2
2009-02-19;0.6;17.4;2;19;2009;50;9.0
2009-02-20;1.6;16.2;2;20;2009;51;8.9
2009-02-21;3.2;16.4;2;21;2009;52;9.8
2009-02-22;1.6;16.6;2;22;2009;53;9.1
2009-02-23;1.4;18.9;2;23;2009;54;10.2
2009-02-24;2.3;20.0;2;24;2009;55;11.2
2009-02-25;4.5;18.7;2;25;2009;56;11.6
2009-02-26;3.2;18.3;2;26;2009;57;10.8
2009-02-27;1.8;19.0;2;27;2009;58;10.4
2009-02-28;7.6;13.2;2;28;2009;59;10.4
2009-03-01;7.2;12.6;3;1;2009;60;9.9
2009-03-02;5.5;12.9;3;2;2009;61;9.2
2009-03-03;6.0;9.4;3;3;2009;62;7.7
2009-03-04;5.5;12.2;3;4;2009;63;8.8
2009-03-05;5.5;12.5;3;5;2009;64;9.0
2009-03-06;3.2;16.6;3;6;2009;65;9.9
2009-03-07;9.2;20.0;3;7;2009;66;14.6
2009-03-08;5.0;21.0;3;8;2009;67;13.0
2009-03-09;5.0;19.9;3;9;2009;68;12.4
2009-03-10;3.5;21.5;3;10;2009;69;12.5
2009-03-11;3.5;23.0;3;11;2009;70;13.2
2009-03-12;4.1;22.1;3;12;2009;71;13.1
2009-03-13;6.0;23.3;3;13;2009;72;14.6
2009-03-14;5.2;25.4;3;14;2009;73;15.3
2009-03-15;9.1;24.0;3;15;2009;74;16.6
2009-03-16;8.1;24.5;3;16;2009;75;16.3
2009-03-17;6.2;19.6;3;17;2009;76;12.9
2009-03-18;4.4;21.4;3;18;2009;77;12.9
2009-03-19;4.0;23.0;3;19;2009;78;13.5
2009-03-20;5.4;24.2;3;20;2009;79;14.8
2009-03-21;6.2;21.2;3;21;2009;80;13.7
2009-03-22;5.8;20.0;3;22;2009;81;12.9
2009-03-23;4.6;21.7;3;23;2009;82;13.2
2009-03-24;6.1;21.9;3;24;2009;83;14.0
2009-03-25;3.6;21.4;3;25;2009;84;12.5
2009-03-26;3.1;24.2;3;26;2009;85;13.6
2009-03-27;5.8;24.9;3;27;2009;86;15.4
2009-03-28;4.6;19.1;3;28;2009;87;11.8
2009-03-29;2.6;10.8;3;29;2009;88;6.7
2009-03-30;4.1;8.5;3;30;2009;89;6.3
2009-03-31;2.0;14.0;3;31;2009;90;8.0
2009-04-01;1.9;17.6;4;1;2009;91;9.8
2009-04-02;4.5;19.8;4;2;2009;92;12.2
2009-04-03;5.4;21.8;4;3;2009;93;13.6
2009-04-04;6.6;24.6;4;4;2009;94;15.6
2009-04-05;10.4;24.4;4;5;2009;95;17.4
2009-04-06;9.8;24.4;4;6;2009;96;17.1
2009-04-07;6.8;16.5;4;7;2009;97;11.6
2009-04-08;4.0;20.6;4;8;2009;98;12.3
2009-04-09;6.4;22.5;4;9;2009;99;14.4
2009-04-10;4.6;13.6;4;10;2009;100;9.1
2009-04-11;2.6;14.0;4;11;2009;101;8.3
2009-04-12;4.5;15.5;4;12;2009;102;10.0
2009-04-13;3.5;20.4;4;13;2009;103;12.0
2009-04-14;6.6;14.8;4;14;2009;104;10.7
2009-04-15;5.6;15.0;4;15;2009;105;10.3
2009-04-16;5.8;14.8;4;16;2009;106;10.3
2009-04-17;6.8;15.6;4;17;2009;107;11.2
2009-04-18;7.0;16.7;4;18;2009;108;11.8
2009-04-19;8.0;19.0;4;19;2009;109;13.5
2009-04-20;7.0;20.1;4;20;2009;110;13.6
2009-04-21;5.5;22.5;4;21;2009;111;14.0
2009-04-22;5.8;23.3;4;22;2009;112;14.6
2009-04-23;7.1;26.0;4;23;2009;113;16.6
2009-04-24;8.0;26.9;4;24;2009;114;17.4
2009-04-25;9.8;19.2;4;25;2009;115;14.5
2009-04-26;7.5;14.8;4;26;2009;116;11.2
2009-04-27;4.4;20.2;4;27;2009;117;12.3
2009-04-28;9.6;20.2;4;28;2009;118;14.9
2009-04-29;6.8;22.8;4;29;2009;119;14.8
2009-04-30;9.4;18.8;4;30;2009;120;14.1
2009-05-01;8.2;20.2;5;1;2009;121;14.2
2009-05-02;7.0;24.2;5;2;2009;122;15.6
2009-05-03;8.4;26.8;5;3;2009;123;17.6
2009-05-04;10.0;27.5;5;4;2009;124;18.8
2009-05-05;10.9;28.1;5;5;2009;125;19.5
2009-05-06;12.2;31.1;5;6;2009;126;21.6
2009-05-07;15.1;31.0;5;7;2009;127;23.0
2009-05-08;14.4;29.5;5;8;2009;128;22.0
2009-05-09;13.7;28.3;5;9;2009;129;21.0
2009-05-10;12.3;25.8;5;10;2009;130;19.0
2009-05-11;12.4;24.3;5;11;2009;131;18.4
2009-05-12;11.0;25.4;5;12;2009;132;18.2
2009-05-13;10.4;24.3;5;13;2009;133;17.4
2009-05-14;11.0;22.4;5;14;2009;134;16.7
2009-05-15;9.5;24.2;5;15;2009;135;16.8
2009-05-16;11.0;28.6;5;16;2009;136;19.8
2009-05-17;12.8;25.2;5;17;2009;137;19.0
2009-05-18;10.8;28.0;5;18;2009;138;19.4
2009-05-19;10.6;30.7;5;19;2009;139;20.6
2009-05-20;14.5;35.1;5;20;2009;140;24.8
2009-05-21;19.7;33.9;5;21;2009;141;26.8
2009-05-22;17.2;33.1;5;22;2009;142;25.2
2009-05-23;14.0;20.4;5;23;2009;143;17.2
2009-05-24;13.0;24.4;5;24;2009;144;18.7
2009-05-25;12.9;23.6;5;25;2009;145;18.2
2009-05-26;11.6;25.4;5;26;2009;146;18.5
2009-05-27;10.5;27.7;5;27;2009;147;19.1
2009-05-28;13.7;29.7;5;28;2009;148;21.7
2009-05-29;14.4;31.7;5;29;2009;149;23.0
2009-05-30;15.5;33.4;5;30;2009;150;24.4
2009-05-31;17.3;33.8;5;31;2009;151;25.6
2009-06-01;16.8;34.6;6;1;2009;152;25.7
2009-06-02;16.0;34.9;6;2;2009;153;25.4
2009-06-03;17.2;34.0;6;3;2009;154;25.6
2009-06-04;19.0;30.0;6;4;2009;155;24.5
2009-06-05;12.5;24.2;6;5;2009;156;18.4
2009-06-06;11.3;21.2;6;6;2009;157;16.2
2009-06-07;10.2;23.3;6;7;2009;158;16.8
2009-06-08;13.2;21.5;6;8;2009;159;17.4
2009-06-09;11.7;23.8;6;9;2009;160;17.8
2009-06-10;15.1;29.3;6;10;2009;161;22.2
2009-06-11;16.8;34.5;6;11;2009;162;25.6
2009-06-12;17.5;38.5;6;12;2009;163;28.0
2009-06-13;20.2;39.3;6;13;2009;164;29.8
2009-06-14;22.0;34.8;6;14;2009;165;28.4
2009-06-15;18.2;34.4;6;15;2009;166;26.3
2009-06-16;20.4;31.6;6;16;2009;167;26.0
2009-06-17;19.3;35.5;6;17;2009;168;27.4
2009-06-18;20.8;36.7;6;18;2009;169;28.8
2009-06-19;22.2;38.6;6;19;2009;170;30.4
2009-06-20;21.5;37.8;6;20;2009;171;29.6
2009-06-21;16.3;34.5;6;21;2009;172;25.4
2009-06-22;18.2;35.7;6;22;2009;173;27.0
2009-06-23;21.6;35.5;6;23;2009;174;28.6
2009-06-24;18.1;32.7;6;24;2009;175;25.4
2009-06-25;18.2;28.4;6;25;2009;176;23.3
2009-06-26;15.9;29.0;6;26;2009;177;22.4
2009-06-27;16.6;32.9;6;27;2009;178;24.8
2009-06-28;19.1;29.9;6;28;2009;179;24.5
2009-06-29;18.5;34.2;6;29;2009;180;26.4
2009-06-30;21.5;35.8;6;30;2009;181;28.6
2009-07-01;22.2;36.8;7;1;2009;182;29.5
2009-07-02;21.6;36.0;7;2;2009;183;28.8
2009-07-03;21.3;35.6;7;3;2009;184;28.4
2009-07-04;20.2;33.2;7;4;2009;185;26.7
2009-07-05;18.8;32.3;7;5;2009;186;25.6
2009-07-06;18.0;31.9;7;6;2009;187;25.0
2009-07-07;18.0;33.1;7;7;2009;188;25.6
2009-07-08;18.2;34.6;7;8;2009;189;26.4
2009-07-09;19.7;35.0;7;9;2009;190;27.4
2009-07-10;20.4;35.9;7;10;2009;191;28.2
2009-07-11;21.2;36.9;7;11;2009;192;29.0
2009-07-12;20.4;37.7;7;12;2009;193;29.0
2009-07-13;20.2;37.9;7;13;2009;194;29.0
2009-07-14;19.0;32.2;7;14;2009;195;25.6
2009-07-15;17.2;34.8;7;15;2009;196;26.0
2009-07-16;18.2;36.2;7;16;2009;197;27.2
2009-07-17;18.4;30.0;7;17;2009;198;24.2
2009-07-18;14.5;31.7;7;18;2009;199;23.1
2009-07-19;16.0;35.8;7;19;2009;200;25.9
2009-07-20;19.8;36.6;7;20;2009;201;28.2
2009-07-21;20.8;40.4;7;21;2009;202;30.6
2009-07-22;22.2;35.7;7;22;2009;203;29.0
2009-07-23;18.7;30.6;7;23;2009;204;24.6
2009-07-24;19.1;32.6;7;24;2009;205;25.8
2009-07-25;17.3;37.6;7;25;2009;206;27.4
2009-07-26;20.4;41.0;7;26;2009;207;30.7
2009-07-27;22.7;36.1;7;27;2009;208;29.4
2009-07-28;18.7;38.4;7;28;2009;209;28.6
2009-07-29;22.4;36.0;7;29;2009;210;29.2
2009-07-30;19.4;36.9;7;30;2009;211;28.2
2009-07-31;21.8;36.9;7;31;2009;212;29.4
2009-08-01;19.6;31.2;8;1;2009;213;25.4
2009-08-02;15.5;31.7;8;2;2009;214;23.6
2009-08-03;18.5;35.0;8;3;2009;215;26.8
2009-08-04;19.8;38.1;8;4;2009;216;29.0
2009-08-05;20.3;38.3;8;5;2009;217;29.3
2009-08-06;22.5;35.6;8;6;2009;218;29.0
2009-08-07;19.5;34.7;8;7;2009;219;27.1
2009-08-08;19.0;34.4;8;8;2009;220;26.7
2009-08-09;18.0;33.1;8;9;2009;221;25.6
2009-08-10;17.8;33.4;8;10;2009;222;25.6
2009-08-11;17.2;32.4;8;11;2009;223;24.8
2009-08-12;20.0;34.8;8;12;2009;224;27.4
2009-08-13;22.9;35.8;8;13;2009;225;29.4
2009-08-14;20.5;34.8;8;14;2009;226;27.6
2009-08-15;21.9;35.7;8;15;2009;227;28.8
2009-08-16;21.6;38.0;8;16;2009;228;29.8
2009-08-17;22.3;38.5;8;17;2009;229;30.4
2009-08-18;22.2;38.0;8;18;2009;230;30.1
2009-08-19;21.1;37.7;8;19;2009;231;29.4
2009-08-20;21.9;37.6;8;20;2009;232;29.8
2009-08-21;21.1;38.3;8;21;2009;233;29.7
2009-08-22;19.9;37.5;8;22;2009;234;28.7
2009-08-23;20.9;39.2;8;23;2009;235;30.0
2009-08-24;23.0;34.5;8;24;2009;236;28.8
2009-08-25;19.6;31.1;8;25;2009;237;25.4
2009-08-26;18.9;34.4;8;26;2009;238;26.6
2009-08-27;18.4;36.4;8;27;2009;239;27.4
2009-08-28;19.6;37.8;8;28;2009;240;28.7
2009-08-29;19.7;36.9;8;29;2009;241;28.3
2009-08-30;21.6;37.7;8;30;2009;242;29.6
2009-08-31;21.6;39.0;8;31;2009;243;30.3
2009-09-01;23.1;34.5;9;1;2009;244;28.8
2009-09-02;20.5;32.4;9;2;2009;245;26.4
2009-09-03;16.1;33.2;9;3;2009;246;24.6
2009-09-04;19.9;34.5;9;4;2009;247;27.2
2009-09-05;17.1;33.3;9;5;2009;248;25.2
2009-09-06;21.4;34.7;9;6;2009;249;28.0
2009-09-07;20.4;34.6;9;7;2009;250;27.5
2009-09-08;19.3;33.5;9;8;2009;251;26.4
2009-09-09;19.9;33.1;9;9;2009;252;26.5
2009-09-10;18.4;33.7;9;10;2009;253;26.0
2009-09-11;17.7;33.0;9;11;2009;254;25.4
2009-09-12;17.4;31.6;9;12;2009;255;24.5
2009-09-13;16.3;29.4;9;13;2009;256;22.8
2009-09-14;17.0;27.4;9;14;2009;257;22.2
2009-09-15;11.8;24.2;9;15;2009;258;18.0
2009-09-16;11.4;24.2;9;16;2009;259;17.8
2009-09-17;10.9;16.9;9;17;2009;260;13.9
2009-09-18;9.8;18.4;9;18;2009;261;14.1
2009-09-19;12.4;23.9;9;19;2009;262;18.2
2009-09-20;13.3;26.1;9;20;2009;263;19.7
2009-09-21;12.1;25.1;9;21;2009;264;18.6
2009-09-22;11.5;27.3;9;22;2009;265;19.4
2009-09-23;16.2;27.4;9;23;2009;266;21.8
2009-09-24;14.1;28.1;9;24;2009;267;21.1
2009-09-25;13.6;30.4;9;25;2009;268;22.0
2009-09-26;14.1;28.5;9;26;2009;269;21.3
2009-09-27;15.6;27.5;9;27;2009;270;21.6
2009-09-28;14.0;27.1;9;28;2009;271;20.6
2009-09-29;14.9;21.1;9;29;2009;272;18.0
2009-09-30;15.5;24.1;9;30;2009;273;19.8
2009-10-01;14.6;25.5;10;1;2009;274;20.0
2009-10-02;14.0;28.2;10;2;2009;275;21.1
2009-10-03;11.6;28.5;10;3;2009;276;20.0
2009-10-04;11.8;29.8;10;4;2009;277;20.8
2009-10-05;14.1;30.9;10;5;2009;278;22.5
2009-10-06;19.5;30.9;10;6;2009;279;25.2
2009-10-07;16.5;25.9;10;7;2009;280;21.2
2009-10-08;14.6;24.4;10;8;2009;281;19.5
2009-10-09;13.4;25.5;10;9;2009;282;19.4
2009-10-10;13.6;25.9;10;10;2009;283;19.8
2009-10-11;13.9;27.4;10;11;2009;284;20.6
2009-10-12;12.8;28.8;10;12;2009;285;20.8
2009-10-13;9.7;26.6;10;13;2009;286;18.2
2009-10-14;12.1;27.2;10;14;2009;287;19.6
2009-10-15;10.9;24.7;10;15;2009;288;17.8
2009-10-16;4.7;19.8;10;16;2009;289;12.2
2009-10-17;6.9;23.8;10;17;2009;290;15.4
2009-10-18;4.7;25.6;10;18;2009;291;15.2
2009-10-19;7.2;23.6;10;19;2009;292;15.4
2009-10-20;12.0;17.5;10;20;2009;293;14.8
2009-10-21;7.5;15.0;10;21;2009;294;11.2
2009-10-22;11.5;18.1;10;22;2009;295;14.8
2009-10-23;8.0;20.8;10;23;2009;296;14.4
2009-10-24;11.6;21.8;10;24;2009;297;16.7
2009-10-25;11.7;24.2;10;25;2009;298;18.0
2009-10-26;11.9;24.8;10;26;2009;299;18.4
2009-10-27;11.3;26.2;10;27;2009;300;18.8
2009-10-28;11.0;23.8;10;28;2009;301;17.4
2009-10-29;12.1;26.5;10;29;2009;302;19.3
2009-10-30;11.0;26.7;10;30;2009;303;18.8
2009-10-31;12.8;25.8;10;31;2009;304;19.3
2009-11-01;13.3;25.4;11;1;2009;305;19.4
2009-11-02;11.2;18.5;11;2;2009;306;14.8
2009-11-03;7.0;20.1;11;3;2009;307;13.6
2009-11-04;9.6;19.5;11;4;2009;308;14.6
2009-11-05;7.5;15.9;11;5;2009;309;11.7
2009-11-06;9.5;18.4;11;6;2009;310;14.0
2009-11-07;8.8;17.7;11;7;2009;311;13.2
2009-11-08;8.1;16.2;11;8;2009;312;12.2
2009-11-09;7.8;16.9;11;9;2009;313;12.4
2009-11-10;6.8;18.4;11;10;2009;314;12.6
2009-11-11;6.7;19.6;11;11;2009;315;13.2
2009-11-12;5.6;20.4;11;12;2009;316;13.0
2009-11-13;5.4;21.0;11;13;2009;317;13.2
2009-11-14;10.4;16.1;11;14;2009;318;13.2
2009-11-15;11.2;23.0;11;15;2009;319;17.1
2009-11-16;10.0;24.8;11;16;2009;320;17.4
2009-11-17;11.2;19.8;11;17;2009;321;15.5
2009-11-18;9.5;18.4;11;18;2009;322;14.0
2009-11-19;8.1;21.5;11;19;2009;323;14.8
2009-11-20;5.5;20.1;11;20;2009;324;12.8
2009-11-21;5.4;19.7;11;21;2009;325;12.6
2009-11-22;7.8;16.6;11;22;2009;326;12.2
2009-11-23;3.6;17.1;11;23;2009;327;10.4
2009-11-24;0.5;16.9;11;24;2009;328;8.7
2009-11-25;0.8;12.7;11;25;2009;329;6.8
2009-11-26;8.5;16.4;11;26;2009;330;12.4
2009-11-27;6.0;12.1;11;27;2009;331;9.0
2009-11-28;5.2;14.7;11;28;2009;332;10.0
2009-11-29;4.2;11.2;11;29;2009;333;7.7
2009-11-30;2.7;10.6;11;30;2009;334;6.6
2009-12-01;1.9;11.1;12;1;2009;335;6.5
2009-12-02;8.4;14.0;12;2;2009;336;11.2
2009-12-03;5.8;13.6;12;3;2009;337;9.7
2009-12-04;4.5;13.7;12;4;2009;338;9.1
2009-12-05;1.9;11.4;12;5;2009;339;6.6
2009-12-06;6.4;14.3;12;6;2009;340;10.4
2009-12-07;9.3;13.2;12;7;2009;341;11.2
2009-12-08;8.9;14.0;12;8;2009;342;11.4
2009-12-09;3.0;9.6;12;9;2009;343;6.3
2009-12-10;2.8;9.9;12;10;2009;344;6.4
2009-12-11;0.9;6.2;12;11;2009;345;3.6
2009-12-12;0.8;5.7;12;12;2009;346;3.2
2009-12-13;-0.1;7.1;12;13;2009;347;3.5
2009-12-14;-1.5;4.9;12;14;2009;348;1.7
2009-12-15;-4.3;6.9;12;15;2009;349;1.3
2009-12-16;-2.5;1.5;12;16;2009;350;-0.5
2009-12-17;1.5;13.8;12;17;2009;351;7.6
2009-12-18;2.1;6.4;12;18;2009;352;4.2
2009-12-19;-2.5;5.8;12;19;2009;353;1.6
2009-12-20;-6.2;4.1;12;20;2009;354;-1.0
2009-12-21;-0.8;10.6;12;21;2009;355;4.9
2009-12-22;7.6;13.0;12;22;2009;356;10.3
2009-12-23;6.4;15.4;12;23;2009;357;10.9
2009-12-24;7.9;16.2;12;24;2009;358;12.0
2009-12-25;3.6;8.8;12;25;2009;359;6.2
2009-12-26;3.6;9.5;12;26;2009;360;6.6
2009-12-27;0.6;9.4;12;27;2009;361;5.0
2009-12-28;3.3;16.0;12;28;2009;362;9.6
2009-12-29;12.7;16.5;12;29;2009;363;14.6
2009-12-30;8.9;14.9;12;30;2009;364;11.9
2009-12-31;4.3;12.1;12;31;2009;365;8.2
2010-01-01;4.8;10.6;1;1;2010;1;7.7
2010-01-02;3.9;10.6;1;2;2010;2;7.2
2010-01-03;2.1;8.7;1;3;2010;3;5.4
2010-01-04;7.4;12.4;1;4;2010;4;9.9
2010-01-05;7.5;11.9;1;5;2010;5;9.7
2010-01-06;4.8;8.3;1;6;2010;6;6.6
2010-01-07;0.4;5.1;1;7;2010;7;2.8
2010-01-08;-0.9;3.7;1;8;2010;8;1.4
2010-01-09;-3.4;4.7;1;9;2010;9;0.6
2010-01-10;-4.1;0.6;1;10;2010;10;-1.8
2010-01-11;-2.4;3.1;1;11;2010;11;0.4
2010-01-12;1.5;7.5;1;12;2010;12;4.5
2010-01-13;2.4;12.1;1;13;2010;13;7.2
2010-01-14;5.5;12.5;1;14;2010;14;9.0
2010-01-15;3.4;11.0;1;15;2010;15;7.2
2010-01-16;6.4;11.6;1;16;2010;16;9.0
2010-01-17;7.0;15.4;1;17;2010;17;11.2
2010-01-18;4.8;14.5;1;18;2010;18;9.6
2010-01-19;8.2;13.9;1;19;2010;19;11.0
2010-01-20;5.7;12.5;1;20;2010;20;9.1
2010-01-21;1.7;10.9;1;21;2010;21;6.3
2010-01-22;1.1;9.7;1;22;2010;22;5.4
2010-01-23;5.8;13.9;1;23;2010;23;9.8
2010-01-24;5.6;12.3;1;24;2010;24;9.0
2010-01-25;1.6;10.1;1;25;2010;25;5.8
2010-01-26;0.7;10.1;1;26;2010;26;5.4
2010-01-27;-1.0;5.1;1;27;2010;27;2.0
2010-01-28;-2.4;11.3;1;28;2010;28;4.4
2010-01-29;0.1;11.5;1;29;2010;29;5.8
2010-01-30;1.1;12.7;1;30;2010;30;6.9
2010-01-31;1.0;12.3;1;31;2010;31;6.6
2010-02-01;2.0;12.0;2;1;2010;32;7.0
2010-02-02;-2.3;11.2;2;2;2010;33;4.4
2010-02-03;-1.9;13.0;2;3;2010;34;5.6
2010-02-04;6.2;12.5;2;4;2010;35;9.4
2010-02-05;6.6;13.5;2;5;2010;36;10.0
2010-02-06;4.0;15.7;2;6;2010;37;9.8
2010-02-07;2.4;12.7;2;7;2010;38;7.6
2010-02-08;6.1;12.7;2;8;2010;39;9.4
2010-02-09;4.6;11.9;2;9;2010;40;8.2
2010-02-10;0.9;8.4;2;10;2010;41;4.6
2010-02-11;-2.0;7.0;2;11;2010;42;2.5
2010-02-12;-3.6;6.9;2;12;2010;43;1.6
2010-02-13;-2.2;7.2;2;13;2010;44;2.5
2010-02-14;-4.3;6.0;2;14;2010;45;0.8
2010-02-15;0.8;2.6;2;15;2010;46;1.7
2010-02-16;2.4;10.5;2;16;2010;47;6.4
2010-02-17;6.0;11.9;2;17;2010;48;9.0
2010-02-18;2.0;9.2;2;18;2010;49;5.6
2010-02-19;2.8;10.0;2;19;2010;50;6.4
2010-02-20;1.0;11.0;2;20;2010;51;6.0
2010-02-21;4.4;11.5;2;21;2010;52;8.0
2010-02-22;7.5;16.3;2;22;2010;53;11.9
2010-02-23;7.9;15.1;2;23;2010;54;11.5
2010-02-24;8.5;16.3;2;24;2010;55;12.4
2010-02-25;9.7;16.3;2;25;2010;56;13.0
2010-02-26;6.5;13.5;2;26;2010;57;10.0
2010-02-27;10.1;23.0;2;27;2010;58;16.6
2010-02-28;6.2;15.5;2;28;2010;59;10.8
2010-03-01;6.2;14.2;3;1;2010;60;10.2
2010-03-02;3.6;14.6;3;2;2010;61;9.1
2010-03-03;6.8;14.7;3;3;2010;62;10.8
2010-03-04;6.0;16.3;3;4;2010;63;11.2
2010-03-05;5.3;10.8;3;5;2010;64;8.0
2010-03-06;2.1;7.2;3;6;2010;65;4.6
2010-03-07;4.8;11.2;3;7;2010;66;8.0
2010-03-08;0.4;6.5;3;8;2010;67;3.4
2010-03-09;-1.8;10.4;3;9;2010;68;4.3
2010-03-10;-2.4;10.6;3;10;2010;69;4.1
2010-03-11;-1.7;10.5;3;11;2010;70;4.4
2010-03-12;1.5;7.1;3;12;2010;71;4.3
2010-03-13;-1.2;11.5;3;13;2010;72;5.2
2010-03-14;2.0;14.3;3;14;2010;73;8.2
2010-03-15;0.2;16.7;3;15;2010;74;8.4
2010-03-16;0.4;19.4;3;16;2010;75;9.9
2010-03-17;4.1;20.6;3;17;2010;76;12.4
2010-03-18;7.6;20.9;3;18;2010;77;14.2
2010-03-19;11.1;21.0;3;19;2010;78;16.0
2010-03-20;12.8;22.5;3;20;2010;79;17.6
2010-03-21;9.8;18.3;3;21;2010;80;14.0
2010-03-22;8.5;21.3;3;22;2010;81;14.9
2010-03-23;7.5;21.6;3;23;2010;82;14.6
2010-03-24;11.0;20.9;3;24;2010;83;16.0
2010-03-25;7.4;14.8;3;25;2010;84;11.1
2010-03-26;5.0;14.5;3;26;2010;85;9.8
2010-03-27;7.0;17.7;3;27;2010;86;12.4
2010-03-28;5.9;20.9;3;28;2010;87;13.4
2010-03-29;9.0;17.4;3;29;2010;88;13.2
2010-03-30;6.3;14.8;3;30;2010;89;10.6
2010-03-31;3.9;15.2;3;31;2010;90;9.6
2010-04-01;7.4;16.0;4;1;2010;91;11.7
2010-04-02;5.3;17.4;4;2;2010;92;11.4
2010-04-03;6.7;14.7;4;3;2010;93;10.7
2010-04-04;5.3;16.3;4;4;2010;94;10.8
2010-04-05;3.2;19.5;4;5;2010;95;11.4
2010-04-06;5.5;20.8;4;6;2010;96;13.2
2010-04-07;9.5;19.6;4;7;2010;97;14.6
2010-04-08;3.9;19.7;4;8;2010;98;11.8
2010-04-09;5.8;20.6;4;9;2010;99;13.2
2010-04-10;6.0;21.4;4;10;2010;100;13.7
2010-04-11;5.2;22.4;4;11;2010;101;13.8
2010-04-12;5.2;21.6;4;12;2010;102;13.4
2010-04-13;8.0;10.9;4;13;2010;103;9.4
2010-04-14;8.7;15.9;4;14;2010;104;12.3
2010-04-15;9.6;17.7;4;15;2010;105;13.6
2010-04-16;10.1;17.2;4;16;2010;106;13.6
2010-04-17;10.2;19.2;4;17;2010;107;14.7
2010-04-18;10.6;16.0;4;18;2010;108;13.3
2010-04-19;8.4;20.4;4;19;2010;109;14.4
2010-04-20;9.4;22.0;4;20;2010;110;15.7
2010-04-21;11.5;24.0;4;21;2010;111;17.8
2010-04-22;13.6;20.9;4;22;2010;112;17.2
2010-04-23;11.1;23.4;4;23;2010;113;17.2
2010-04-24;12.2;25.0;4;24;2010;114;18.6
2010-04-25;13.2;26.9;4;25;2010;115;20.0
2010-04-26;13.4;28.3;4;26;2010;116;20.8
2010-04-27;14.0;29.1;4;27;2010;117;21.6
2010-04-28;15.3;29.9;4;28;2010;118;22.6
2010-04-29;13.8;27.5;4;29;2010;119;20.6
2010-04-30;15.7;25.4;4;30;2010;120;20.6
2010-05-01;14.2;24.6;5;1;2010;121;19.4
2010-05-02;10.7;25.0;5;2;2010;122;17.8
2010-05-03;8.6;16.9;5;3;2010;123;12.8
2010-05-04;4.6;15.3;5;4;2010;124;10.0
2010-05-05;4.5;16.9;5;5;2010;125;10.7
2010-05-06;3.5;20.1;5;6;2010;126;11.8
2010-05-07;9.0;19.4;5;7;2010;127;14.2
2010-05-08;7.4;19.4;5;8;2010;128;13.4
2010-05-09;11.5;19.1;5;9;2010;129;15.3
2010-05-10;9.5;16.8;5;10;2010;130;13.2
2010-05-11;9.4;16.8;5;11;2010;131;13.1
2010-05-12;8.4;17.3;5;12;2010;132;12.8
2010-05-13;6.4;17.4;5;13;2010;133;11.9
2010-05-14;6.0;15.1;5;14;2010;134;10.6
2010-05-15;7.4;18.6;5;15;2010;135;13.0
2010-05-16;6.6;21.3;5;16;2010;136;14.0
2010-05-17;8.0;25.1;5;17;2010;137;16.6
2010-05-18;10.8;27.5;5;18;2010;138;19.2
2010-05-19;11.3;28.6;5;19;2010;139;20.0
2010-05-20;12.1;26.5;5;20;2010;140;19.3
2010-05-21;14.0;29.0;5;21;2010;141;21.5
2010-05-22;14.9;30.4;5;22;2010;142;22.6
2010-05-23;15.3;30.0;5;23;2010;143;22.6
2010-05-24;14.2;30.3;5;24;2010;144;22.2
2010-05-25;15.0;25.6;5;25;2010;145;20.3
2010-05-26;13.7;25.6;5;26;2010;146;19.6
2010-05-27;14.0;25.2;5;27;2010;147;19.6
2010-05-28;12.6;23.4;5;28;2010;148;18.0
2010-05-29;11.7;28.1;5;29;2010;149;19.9
2010-05-30;15.9;31.7;5;30;2010;150;23.8
2010-05-31;16.6;33.5;5;31;2010;151;25.0
2010-06-01;18.7;34.4;6;1;2010;152;26.6
2010-06-02;19.5;32.1;6;2;2010;153;25.8
2010-06-03;19.5;33.8;6;3;2010;154;26.6
2010-06-04;20.9;35.0;6;4;2010;155;28.0
2010-06-05;19.0;34.5;6;5;2010;156;26.8
2010-06-06;19.7;30.8;6;6;2010;157;25.2
2010-06-07;17.1;31.2;6;7;2010;158;24.2
2010-06-08;15.1;25.8;6;8;2010;159;20.4
2010-06-09;12.5;18.8;6;9;2010;160;15.6
2010-06-10;11.6;21.6;6;10;2010;161;16.6
2010-06-11;11.6;19.7;6;11;2010;162;15.6
2010-06-12;12.4;18.7;6;12;2010;163;15.6
2010-06-13;13.5;23.7;6;13;2010;164;18.6
2010-06-14;13.8;26.4;6;14;2010;165;20.1
2010-06-15;11.9;22.6;6;15;2010;166;17.2
2010-06-16;9.5;21.0;6;16;2010;167;15.2
2010-06-17;11.2;26.0;6;17;2010;168;18.6
2010-06-18;13.3;27.5;6;18;2010;169;20.4
2010-06-19;14.5;27.1;6;19;2010;170;20.8
2010-06-20;13.8;26.7;6;20;2010;171;20.2
2010-06-21;9.8;27.4;6;21;2010;172;18.6
2010-06-22;13.4;32.4;6;22;2010;173;22.9
2010-06-23;16.0;34.0;6;23;2010;174;25.0
2010-06-24;18.6;35.1;6;24;2010;175;26.8
2010-06-25;19.6;32.4;6;25;2010;176;26.0
2010-06-26;17.3;32.7;6;26;2010;177;25.0
2010-06-27;18.4;31.5;6;27;2010;178;25.0
2010-06-28;17.8;33.0;6;28;2010;179;25.4
2010-06-29;19.8;34.0;6;29;2010;180;26.9
2010-06-30;19.5;35.0;6;30;2010;181;27.2
2010-07-01;20.5;35.0;7;1;2010;182;27.8
2010-07-02;19.3;33.9;7;2;2010;183;26.6
2010-07-03;18.2;29.5;7;3;2010;184;23.8
2010-07-04;19.0;35.0;7;4;2010;185;27.0
2010-07-05;20.2;36.0;7;5;2010;186;28.1
2010-07-06;20.1;37.4;7;6;2010;187;28.8
2010-07-07;22.2;38.7;7;7;2010;188;30.4
2010-07-08;25.8;32.6;7;8;2010;189;29.2
2010-07-09;21.7;36.2;7;9;2010;190;29.0
2010-07-10;20.7;38.3;7;10;2010;191;29.5
2010-07-11;22.0;39.3;7;11;2010;192;30.6
2010-07-12;23.6;36.2;7;12;2010;193;29.9
2010-07-13;19.9;34.6;7;13;2010;194;27.2
2010-07-14;19.7;31.8;7;14;2010;195;25.8
2010-07-15;17.5;34.5;7;15;2010;196;26.0
2010-07-16;19.0;34.7;7;16;2010;197;26.8
2010-07-17;19.4;36.7;7;17;2010;198;28.0
2010-07-18;22.0;38.1;7;18;2010;199;30.0
2010-07-19;22.3;38.0;7;19;2010;200;30.2
2010-07-20;21.1;37.4;7;20;2010;201;29.2
2010-07-21;20.7;32.9;7;21;2010;202;26.8
2010-07-22;20.5;33.5;7;22;2010;203;27.0
2010-07-23;18.8;35.1;7;23;2010;204;27.0
2010-07-24;21.5;35.7;7;24;2010;205;28.6
2010-07-25;18.3;35.7;7;25;2010;206;27.0
2010-07-26;19.2;35.6;7;26;2010;207;27.4
2010-07-27;18.8;36.9;7;27;2010;208;27.8
2010-07-28;20.8;38.9;7;28;2010;209;29.8
2010-07-29;20.8;38.9;7;29;2010;210;29.8
2010-07-30;20.0;36.4;7;30;2010;211;28.2
2010-07-31;21.9;39.0;7;31;2010;212;30.4
2010-08-01;22.8;37.8;8;1;2010;213;30.3
2010-08-02;22.2;36.4;8;2;2010;214;29.3
2010-08-03;18.7;33.9;8;3;2010;215;26.3
2010-08-04;18.7;36.0;8;4;2010;216;27.4
2010-08-05;18.9;34.7;8;5;2010;217;26.8
2010-08-06;17.9;35.6;8;6;2010;218;26.8
2010-08-07;21.4;38.2;8;7;2010;219;29.8
2010-08-08;23.5;34.0;8;8;2010;220;28.8
2010-08-09;20.8;36.0;8;9;2010;221;28.4
2010-08-10;22.8;38.4;8;10;2010;222;30.6
2010-08-11;22.7;37.5;8;11;2010;223;30.1
2010-08-12;19.5;35.8;8;12;2010;224;27.6
2010-08-13;17.0;30.0;8;13;2010;225;23.5
2010-08-14;16.0;29.3;8;14;2010;226;22.6
2010-08-15;14.0;33.4;8;15;2010;227;23.7
2010-08-16;16.8;25.2;8;16;2010;228;21.0
2010-08-17;17.2;29.0;8;17;2010;229;23.1
2010-08-18;18.6;33.3;8;18;2010;230;26.0
2010-08-19;18.4;32.8;8;19;2010;231;25.6
2010-08-20;17.3;34.9;8;20;2010;232;26.1
2010-08-21;21.1;37.0;8;21;2010;233;29.0
2010-08-22;21.8;37.3;8;22;2010;234;29.6
2010-08-23;21.3;34.8;8;23;2010;235;28.0
2010-08-24;18.0;33.4;8;24;2010;236;25.7
2010-08-25;20.0;38.4;8;25;2010;237;29.2
2010-08-26;22.5;39.9;8;26;2010;238;31.2
2010-08-27;21.5;36.5;8;27;2010;239;29.0
2010-08-28;19.5;35.8;8;28;2010;240;27.6
2010-08-29;18.7;36.1;8;29;2010;241;27.4
2010-08-30;18.5;36.0;8;30;2010;242;27.2
2010-08-31;18.5;34.7;8;31;2010;243;26.6
2010-09-01;17.9;31.6;9;1;2010;244;24.8
2010-09-02;16.8;28.2;9;2;2010;245;22.5
2010-09-03;18.0;32.4;9;3;2010;246;25.2
2010-09-04;17.7;34.8;9;4;2010;247;26.2
2010-09-05;18.6;35.8;9;5;2010;248;27.2
2010-09-06;20.5;33.5;9;6;2010;249;27.0
2010-09-07;17.1;25.5;9;7;2010;250;21.3
2010-09-08;14.4;25.4;9;8;2010;251;19.9
2010-09-09;15.0;28.4;9;9;2010;252;21.7
2010-09-10;14.0;30.4;9;10;2010;253;22.2
2010-09-11;16.0;32.8;9;11;2010;254;24.4
2010-09-12;17.3;33.8;9;12;2010;255;25.6
2010-09-13;17.9;34.3;9;13;2010;256;26.1
2010-09-14;16.8;35.9;9;14;2010;257;26.4
2010-09-15;17.0;35.8;9;15;2010;258;26.4
2010-09-16;15.3;25.9;9;16;2010;259;20.6
2010-09-17;15.5;23.9;9;17;2010;260;19.7
2010-09-18;15.0;26.5;9;18;2010;261;20.8
2010-09-19;13.7;28.7;9;19;2010;262;21.2
2010-09-20;14.9;20.5;9;20;2010;263;17.7
2010-09-21;13.3;26.5;9;21;2010;264;19.9
2010-09-22;14.1;28.9;9;22;2010;265;21.5
2010-09-23;17.1;24.1;9;23;2010;266;20.6
2010-09-24;14.0;26.9;9;24;2010;267;20.4
2010-09-25;12.5;23.6;9;25;2010;268;18.0
2010-09-26;9.7;23.0;9;26;2010;269;16.4
2010-09-27;7.8;25.6;9;27;2010;270;16.7
2010-09-28;11.4;27.3;9;28;2010;271;19.4
2010-09-29;10.7;28.6;9;29;2010;272;19.6
2010-09-30;12.7;28.9;9;30;2010;273;20.8
2010-10-01;12.8;28.3;10;1;2010;274;20.6
2010-10-02;10.2;28.7;10;2;2010;275;19.4
2010-10-03;12.6;21.3;10;3;2010;276;17.0
2010-10-04;13.2;22.3;10;4;2010;277;17.8
2010-10-05;9.4;25.0;10;5;2010;278;17.2
2010-10-06;9.5;26.5;10;6;2010;279;18.0
2010-10-07;15.0;27.2;10;7;2010;280;21.1
2010-10-08;15.1;27.3;10;8;2010;281;21.2
2010-10-09;12.0;21.5;10;9;2010;282;16.8
2010-10-10;11.0;18.0;10;10;2010;283;14.5
2010-10-11;10.2;18.3;10;11;2010;284;14.2
2010-10-12;9.9;20.4;10;12;2010;285;15.2
2010-10-13;11.6;23.0;10;13;2010;286;17.3
2010-10-14;11.5;23.7;10;14;2010;287;17.6
2010-10-15;9.3;22.0;10;15;2010;288;15.6
2010-10-16;7.2;20.8;10;16;2010;289;14.0
2010-10-17;7.2;18.7;10;17;2010;290;13.0
2010-10-18;3.4;18.4;10;18;2010;291;10.9
2010-10-19;3.5;21.6;10;19;2010;292;12.6
2010-10-20;3.8;23.7;10;20;2010;293;13.8
2010-10-21;4.0;23.0;10;21;2010;294;13.5
2010-10-22;6.0;20.8;10;22;2010;295;13.4
2010-10-23;8.5;22.1;10;23;2010;296;15.3
2010-10-24;8.0;22.6;10;24;2010;297;15.3
2010-10-25;6.7;19.3;10;25;2010;298;13.0
2010-10-26;1.5;20.5;10;26;2010;299;11.0
2010-10-27;2.5;23.1;10;27;2010;300;12.8
2010-10-28;7.4;21.6;10;28;2010;301;14.5
2010-10-29;8.7;21.8;10;29;2010;302;15.2
2010-10-30;9.5;12.8;10;30;2010;303;11.2
2010-10-31;10.1;15.2;10;31;2010;304;12.6
2010-11-01;8.9;18.5;11;1;2010;305;13.7
2010-11-02;8.1;20.0;11;2;2010;306;14.0
2010-11-03;6.1;21.9;11;3;2010;307;14.0
2010-11-04;8.5;22.5;11;4;2010;308;15.5
2010-11-05;6.5;22.6;11;5;2010;309;14.6
2010-11-06;7.5;21.1;11;6;2010;310;14.3
2010-11-07;9.5;16.3;11;7;2010;311;12.9
2010-11-08;5.9;14.4;11;8;2010;312;10.2
2010-11-09;9.1;15.0;11;9;2010;313;12.0
2010-11-10;6.9;14.5;11;10;2010;314;10.7
2010-11-11;3.3;15.8;11;11;2010;315;9.6
2010-11-12;5.5;19.0;11;12;2010;316;12.2
2010-11-13;7.9;17.4;11;13;2010;317;12.6
2010-11-14;7.9;14.4;11;14;2010;318;11.2
2010-11-15;3.6;12.9;11;15;2010;319;8.2
2010-11-16;2.4;14.3;11;16;2010;320;8.4
2010-11-17;5.1;11.1;11;17;2010;321;8.1
2010-11-18;2.5;13.7;11;18;2010;322;8.1
2010-11-19;4.0;14.8;11;19;2010;323;9.4
2010-11-20;6.8;14.5;11;20;2010;324;10.6
2010-11-21;5.9;13.7;11;21;2010;325;9.8
2010-11-22;3.8;12.3;11;22;2010;326;8.0
2010-11-23;3.0;13.4;11;23;2010;327;8.2
2010-11-24;4.3;14.5;11;24;2010;328;9.4
2010-11-25;0.8;12.2;11;25;2010;329;6.5
2010-11-26;-0.5;10.2;11;26;2010;330;4.8
2010-11-27;-1.3;6.8;11;27;2010;331;2.8
2010-11-28;-1.7;10.2;11;28;2010;332;4.2
2010-11-29;-1.8;4.0;11;29;2010;333;1.1
2010-11-30;3.1;8.6;11;30;2010;334;5.8
2010-12-01;3.0;7.3;12;1;2010;335;5.2
2010-12-02;2.9;8.6;12;2;2010;336;5.8
2010-12-03;-0.1;8.6;12;3;2010;337;4.2
2010-12-04;-3.9;4.9;12;4;2010;338;0.5
2010-12-05;3.1;13.6;12;5;2010;339;8.4
2010-12-06;12.5;19.4;12;6;2010;340;16.0
2010-12-07;12.2;15.6;12;7;2010;341;13.9
2010-12-08;11.0;16.9;12;8;2010;342;14.0
2010-12-09;9.9;16.3;12;9;2010;343;13.1
2010-12-10;7.5;14.6;12;10;2010;344;11.0
2010-12-11;7.2;13.2;12;11;2010;345;10.2
2010-12-12;4.8;9.5;12;12;2010;346;7.2
2010-12-13;6.0;14.4;12;13;2010;347;10.2
2010-12-14;3.9;14.5;12;14;2010;348;9.2
2010-12-15;-1.3;9.1;12;15;2010;349;3.9
2010-12-16;-4.2;6.1;12;16;2010;350;1.0
2010-12-17;-5.7;7.6;12;17;2010;351;1.0
2010-12-18;-2.5;4.8;12;18;2010;352;1.2
2010-12-19;4.8;9.0;12;19;2010;353;6.9
2010-12-20;5.8;11.8;12;20;2010;354;8.8
2010-12-21;6.9;13.0;12;21;2010;355;10.0
2010-12-22;8.3;12.1;12;22;2010;356;10.2
2010-12-23;2.0;8.8;12;23;2010;357;5.4
2010-12-24;0.6;7.3;12;24;2010;358;4.0
2010-12-25;-1.0;7.7;12;25;2010;359;3.4
2010-12-26;-4.7;8.5;12;26;2010;360;1.9
2010-12-27;-5.4;7.7;12;27;2010;361;1.2
2010-12-28;-0.1;9.5;12;28;2010;362;4.7
2010-12-29;2.3;13.3;12;29;2010;363;7.8
2010-12-30;4.5;10.2;12;30;2010;364;7.4
2010-12-31;6.6;12.3;12;31;2010;365;9.4
2011-01-01;6.0;11.0;1;1;2011;1;8.5
2011-01-02;5.6;13.5;1;2;2011;2;9.6
2011-01-03;2.0;10.5;1;3;2011;3;6.2
2011-01-04;4.4;9.5;1;4;2011;4;7.0
2011-01-05;5.9;11.8;1;5;2011;5;8.8
2011-01-06;10.1;18.1;1;6;2011;6;14.1
2011-01-07;11.4;13.9;1;7;2011;7;12.6
2011-01-08;9.5;14.4;1;8;2011;8;12.0
2011-01-09;6.9;12.6;1;9;2011;9;9.8
2011-01-10;3.2;9.3;1;10;2011;10;6.2
2011-01-11;6.9;15.6;1;11;2011;11;11.2
2011-01-12;5.9;16.8;1;12;2011;12;11.4
2011-01-13;3.5;12.1;1;13;2011;13;7.8
2011-01-14;2.1;12.2;1;14;2011;14;7.2
2011-01-15;1.2;13.5;1;15;2011;15;7.4
2011-01-16;0.4;15.0;1;16;2011;16;7.7
2011-01-17;4.8;8.4;1;17;2011;17;6.6
2011-01-18;2.7;8.6;1;18;2011;18;5.6
2011-01-19;1.8;11.4;1;19;2011;19;6.6
2011-01-20;0.6;12.4;1;20;2011;20;6.5
2011-01-21;-1.8;7.7;1;21;2011;21;3.0
2011-01-22;-4.8;8.3;1;22;2011;22;1.8
2011-01-23;-5.0;6.7;1;23;2011;23;0.8
2011-01-24;-4.4;9.2;1;24;2011;24;2.4
2011-01-25;-3.8;9.0;1;25;2011;25;2.6
2011-01-26;-1.9;7.1;1;26;2011;26;2.6
2011-01-27;-0.5;9.5;1;27;2011;27;4.5
2011-01-28;5.1;10.7;1;28;2011;28;7.9
2011-01-29;2.4;8.8;1;29;2011;29;5.6
2011-01-30;0.5;7.9;1;30;2011;30;4.2
2011-01-31;-0.8;8.2;1;31;2011;31;3.7
2011-02-01;-1.6;9.8;2;1;2011;32;4.1
2011-02-02;-2.0;12.4;2;2;2011;33;5.2
2011-02-03;-1.4;14.5;2;3;2011;34;6.6
2011-02-04;-0.8;17.1;2;4;2011;35;8.2
2011-02-05;-0.6;18.5;2;5;2011;36;9.0
2011-02-06;0.2;18.9;2;6;2011;37;9.6
2011-02-07;0.1;18.4;2;7;2011;38;9.2
2011-02-08;-1.2;17.4;2;8;2011;39;8.1
2011-02-09;-0.4;15.9;2;9;2011;40;7.8
2011-02-10;-0.7;17.4;2;10;2011;41;8.4
2011-02-11;-0.1;16.2;2;11;2011;42;8.0
2011-02-12;-0.3;16.5;2;12;2011;43;8.1
2011-02-13;5.0;14.4;2;13;2011;44;9.7
2011-02-14;1.8;9.5;2;14;2011;45;5.6
2011-02-15;4.1;10.5;2;15;2011;46;7.3
2011-02-16;2.9;10.5;2;16;2011;47;6.7
2011-02-17;4.3;12.0;2;17;2011;48;8.2
2011-02-18;3.1;13.2;2;18;2011;49;8.2
2011-02-19;7.3;13.2;2;19;2011;50;10.2
2011-02-20;7.2;14.8;2;20;2011;51;11.0
2011-02-21;5.9;15.5;2;21;2011;52;10.7
2011-02-22;10.5;16.7;2;22;2011;53;13.6
2011-02-23;6.4;20.2;2;23;2011;54;13.3
2011-02-24;4.5;20.6;2;24;2011;55;12.6
2011-02-25;5.4;22.5;2;25;2011;56;14.0
2011-02-26;6.3;22.4;2;26;2011;57;14.4
2011-02-27;3.9;15.0;2;27;2011;58;9.4
2011-02-28;1.7;12.6;2;28;2011;59;7.2
2011-03-01;-1.1;11.4;3;1;2011;60;5.2
2011-03-02;0.8;10.8;3;2;2011;61;5.8
2011-03-03;-0.2;9.6;3;3;2011;62;4.7
2011-03-04;0.5;10.2;3;4;2011;63;5.4
2011-03-05;4.3;13.2;3;5;2011;64;8.8
2011-03-06;1.6;15.4;3;6;2011;65;8.5
2011-03-07;4.9;18.5;3;7;2011;66;11.7
2011-03-08;7.0;12.5;3;8;2011;67;9.8
2011-03-09;7.8;12.1;3;9;2011;68;10.0
2011-03-10;3.0;17.5;3;10;2011;69;10.2
2011-03-11;6.8;10.0;3;11;2011;70;8.4
2011-03-12;6.8;15.0;3;12;2011;71;10.9
2011-03-13;6.7;15.4;3;13;2011;72;11.0
2011-03-14;7.6;14.4;3;14;2011;73;11.0
2011-03-15;6.0;12.9;3;15;2011;74;9.4
2011-03-16;5.1;13.8;3;16;2011;75;9.4
2011-03-17;6.7;18.8;3;17;2011;76;12.8
2011-03-18;4.2;21.1;3;18;2011;77;12.6
2011-03-19;6.5;22.2;3;19;2011;78;14.4
2011-03-20;6.2;21.7;3;20;2011;79;14.0
2011-03-21;5.4;18.6;3;21;2011;80;12.0
2011-03-22;5.9;15.0;3;22;2011;81;10.4
2011-03-23;4.2;11.6;3;23;2011;82;7.9
2011-03-24;8.8;17.2;3;24;2011;83;13.0
2011-03-25;9.4;19.0;3;25;2011;84;14.2
2011-03-26;7.9;19.9;3;26;2011;85;13.9
2011-03-27;7.0;16.3;3;27;2011;86;11.6
2011-03-28;6.4;16.5;3;28;2011;87;11.4
2011-03-29;10.3;19.8;3;29;2011;88;15.0
2011-03-30;7.9;20.4;3;30;2011;89;14.2
2011-03-31;8.0;23.9;3;31;2011;90;16.0
2011-04-01;9.0;26.8;4;1;2011;91;17.9
2011-04-02;10.7;24.1;4;2;2011;92;17.4
2011-04-03;12.4;20.3;4;3;2011;93;16.4
2011-04-04;10.4;22.6;4;4;2011;94;16.5
2011-04-05;11.0;27.0;4;5;2011;95;19.0
2011-04-06;12.5;25.7;4;6;2011;96;19.1
2011-04-07;10.7;28.4;4;7;2011;97;19.6
2011-04-08;12.0;30.0;4;8;2011;98;21.0
2011-04-09;10.6;29.1;4;9;2011;99;19.8
2011-04-10;12.5;26.0;4;10;2011;100;19.2
2011-04-11;9.0;23.9;4;11;2011;101;16.4
2011-04-12;9.8;25.4;4;12;2011;102;17.6
2011-04-13;8.7;27.7;4;13;2011;103;18.2
2011-04-14;9.1;28.4;4;14;2011;104;18.8
2011-04-15;10.7;25.2;4;15;2011;105;18.0
2011-04-16;12.1;23.6;4;16;2011;106;17.8
2011-04-17;9.2;23.4;4;17;2011;107;16.3
2011-04-18;9.1;23.8;4;18;2011;108;16.4
2011-04-19;10.6;22.5;4;19;2011;109;16.6
2011-04-20;13.1;23.1;4;20;2011;110;18.1
2011-04-21;10.3;19.8;4;21;2011;111;15.0
2011-04-22;9.8;14.6;4;22;2011;112;12.2
2011-04-23;9.5;18.0;4;23;2011;113;13.8
2011-04-24;9.6;20.9;4;24;2011;114;15.2
2011-04-25;10.6;21.7;4;25;2011;115;16.2
2011-04-26;10.4;21.3;4;26;2011;116;15.8
2011-04-27;10.0;24.0;4;27;2011;117;17.0
2011-04-28;10.3;25.6;4;28;2011;118;18.0
2011-04-29;10.8;19.0;4;29;2011;119;14.9
2011-04-30;10.8;18.6;4;30;2011;120;14.7
2011-05-01;11.5;20.9;5;1;2011;121;16.2
2011-05-02;11.5;23.6;5;2;2011;122;17.6
2011-05-03;14.5;23.4;5;3;2011;123;19.0
2011-05-04;12.1;24.0;5;4;2011;124;18.0
2011-05-05;12.0;24.9;5;5;2011;125;18.4
2011-05-06;15.0;24.9;5;6;2011;126;20.0
2011-05-07;12.0;19.1;5;7;2011;127;15.6
2011-05-08;10.0;23.0;5;8;2011;128;16.5
2011-05-09;11.1;28.0;5;9;2011;129;19.6
2011-05-10;14.8;28.0;5;10;2011;130;21.4
2011-05-11;12.8;28.5;5;11;2011;131;20.6
2011-05-12;16.8;24.9;5;12;2011;132;20.8
2011-05-13;15.3;29.4;5;13;2011;133;22.4
2011-05-14;11.8;30.0;5;14;2011;134;20.9
2011-05-15;8.4;24.3;5;15;2011;135;16.4
2011-05-16;9.1;27.1;5;16;2011;136;18.1
2011-05-17;13.8;26.3;5;17;2011;137;20.0
2011-05-18;13.6;25.5;5;18;2011;138;19.6
2011-05-19;12.8;19.6;5;19;2011;139;16.2
2011-05-20;9.9;25.3;5;20;2011;140;17.6
2011-05-21;12.0;29.2;5;21;2011;141;20.6
2011-05-22;14.9;29.6;5;22;2011;142;22.2
2011-05-23;15.5;31.5;5;23;2011;143;23.5
2011-05-24;15.6;32.9;5;24;2011;144;24.2
2011-05-25;16.0;33.6;5;25;2011;145;24.8
2011-05-26;17.8;30.7;5;26;2011;146;24.2
2011-05-27;16.0;25.5;5;27;2011;147;20.8
2011-05-28;13.8;30.3;5;28;2011;148;22.0
2011-05-29;15.5;30.2;5;29;2011;149;22.8
2011-05-30;16.7;27.2;5;30;2011;150;22.0
2011-05-31;14.5;28.1;5;31;2011;151;21.3
2011-06-01;11.4;24.7;6;1;2011;152;18.0
2011-06-02;10.0;24.5;6;2;2011;153;17.2
2011-06-03;12.0;25.1;6;3;2011;154;18.6
2011-06-04;11.7;27.0;6;4;2011;155;19.4
2011-06-05;14.5;30.0;6;5;2011;156;22.2
2011-06-06;13.0;24.5;6;6;2011;157;18.8
2011-06-07;13.2;22.9;6;7;2011;158;18.0
2011-06-08;13.2;25.3;6;8;2011;159;19.2
2011-06-09;13.8;26.1;6;9;2011;160;20.0
2011-06-10;13.0;26.9;6;10;2011;161;20.0
2011-06-11;15.3;29.7;6;11;2011;162;22.5
2011-06-12;15.7;33.1;6;12;2011;163;24.4
2011-06-13;19.4;31.8;6;13;2011;164;25.6
2011-06-14;17.4;32.9;6;14;2011;165;25.2
2011-06-15;19.1;34.0;6;15;2011;166;26.6
2011-06-16;18.9;31.8;6;16;2011;167;25.4
2011-06-17;17.6;32.4;6;17;2011;168;25.0
2011-06-18;18.0;31.2;6;18;2011;169;24.6
2011-06-19;15.5;34.4;6;19;2011;170;25.0
2011-06-20;18.1;36.6;6;20;2011;171;27.4
2011-06-21;21.3;37.3;6;21;2011;172;29.3
2011-06-22;20.3;34.0;6;22;2011;173;27.2
2011-06-23;17.2;34.2;6;23;2011;174;25.7
2011-06-24;17.0;35.5;6;24;2011;175;26.2
2011-06-25;20.7;38.0;6;25;2011;176;29.4
2011-06-26;22.5;39.4;6;26;2011;177;31.0
2011-06-27;23.1;39.7;6;27;2011;178;31.4
2011-06-28;23.3;37.4;6;28;2011;179;30.4
2011-06-29;20.4;36.5;6;29;2011;180;28.4
2011-06-30;17.5;36.9;6;30;2011;181;27.2
2011-07-01;19.2;37.6;7;1;2011;182;28.4
2011-07-02;20.4;37.4;7;2;2011;183;28.9
2011-07-03;21.1;32.7;7;3;2011;184;26.9
2011-07-04;17.3;32.5;7;4;2011;185;24.9
2011-07-05;20.2;36.0;7;5;2011;186;28.1
2011-07-06;20.5;34.2;7;6;2011;187;27.4
2011-07-07;17.0;30.6;7;7;2011;188;23.8
2011-07-08;14.8;32.2;7;8;2011;189;23.5
2011-07-09;18.5;33.5;7;9;2011;190;26.0
2011-07-10;18.8;35.0;7;10;2011;191;26.9
2011-07-11;17.0;37.0;7;11;2011;192;27.0
2011-07-12;18.0;32.9;7;12;2011;193;25.4
2011-07-13;15.3;28.6;7;13;2011;194;22.0
2011-07-14;14.6;30.6;7;14;2011;195;22.6
2011-07-15;16.4;34.4;7;15;2011;196;25.4
2011-07-16;19.7;36.3;7;16;2011;197;28.0
2011-07-17;19.6;32.3;7;17;2011;198;26.0
2011-07-18;15.9;32.0;7;18;2011;199;24.0
2011-07-19;18.8;29.5;7;19;2011;200;24.2
2011-07-20;15.6;33.5;7;20;2011;201;24.6
2011-07-21;19.8;36.1;7;21;2011;202;28.0
2011-07-22;17.5;34.4;7;22;2011;203;26.0
2011-07-23;17.7;33.5;7;23;2011;204;25.6
2011-07-24;16.7;32.4;7;24;2011;205;24.6
2011-07-25;17.7;33.9;7;25;2011;206;25.8
2011-07-26;19.7;37.3;7;26;2011;207;28.5
2011-07-27;19.7;35.4;7;27;2011;208;27.6
2011-07-28;20.8;36.4;7;28;2011;209;28.6
2011-07-29;20.7;36.6;7;29;2011;210;28.6
2011-07-30;22.7;36.9;7;30;2011;211;29.8
2011-07-31;20.6;36.8;7;31;2011;212;28.7
2011-08-01;21.5;35.5;8;1;2011;213;28.5
2011-08-02;19.1;30.1;8;2;2011;214;24.6
2011-08-03;17.8;33.5;8;3;2011;215;25.6
2011-08-04;19.4;36.4;8;4;2011;216;27.9
2011-08-05;22.5;34.7;8;5;2011;217;28.6
2011-08-06;19.7;33.1;8;6;2011;218;26.4
2011-08-07;19.8;34.3;8;7;2011;219;27.0
2011-08-08;19.8;35.2;8;8;2011;220;27.5
2011-08-09;18.3;35.0;8;9;2011;221;26.6
2011-08-10;20.4;36.9;8;10;2011;222;28.6
2011-08-11;21.0;38.0;8;11;2011;223;29.5
2011-08-12;20.8;36.3;8;12;2011;224;28.6
2011-08-13;18.2;33.7;8;13;2011;225;26.0
2011-08-14;21.4;36.4;8;14;2011;226;28.9
2011-08-15;21.3;37.9;8;15;2011;227;29.6
2011-08-16;19.6;39.5;8;16;2011;228;29.6
2011-08-17;22.9;38.0;8;17;2011;229;30.4
2011-08-18;21.6;38.8;8;18;2011;230;30.2
2011-08-19;21.7;38.2;8;19;2011;231;30.0
2011-08-20;24.4;39.9;8;20;2011;232;32.2
2011-08-21;20.5;34.2;8;21;2011;233;27.4
2011-08-22;18.5;30.3;8;22;2011;234;24.4
2011-08-23;18.0;33.9;8;23;2011;235;26.0
2011-08-24;18.2;32.5;8;24;2011;236;25.4
2011-08-25;19.0;33.4;8;25;2011;237;26.2
2011-08-26;17.9;28.4;8;26;2011;238;23.2
2011-08-27;12.4;31.0;8;27;2011;239;21.7
2011-08-28;17.5;34.0;8;28;2011;240;25.8
2011-08-29;19.4;33.7;8;29;2011;241;26.6
2011-08-30;18.9;33.5;8;30;2011;242;26.2
2011-08-31;19.3;29.9;8;31;2011;243;24.6
2011-09-01;17.8;28.6;9;1;2011;244;23.2
2011-09-02;15.6;27.1;9;2;2011;245;21.4
2011-09-03;14.4;27.8;9;3;2011;246;21.1
2011-09-04;14.4;27.9;9;4;2011;247;21.2
2011-09-05;15.0;30.5;9;5;2011;248;22.8
2011-09-06;14.2;33.3;9;6;2011;249;23.8
2011-09-07;15.0;35.5;9;7;2011;250;25.2
2011-09-08;15.4;35.7;9;8;2011;251;25.6
2011-09-09;15.8;37.6;9;9;2011;252;26.7
2011-09-10;18.2;34.3;9;10;2011;253;26.2
2011-09-11;18.3;30.9;9;11;2011;254;24.6
2011-09-12;15.2;34.4;9;12;2011;255;24.8
2011-09-13;15.6;35.9;9;13;2011;256;25.8
2011-09-14;19.7;35.3;9;14;2011;257;27.5
2011-09-15;18.2;34.7;9;15;2011;258;26.4
2011-09-16;17.3;33.6;9;16;2011;259;25.4
2011-09-17;19.7;31.9;9;17;2011;260;25.8
2011-09-18;16.4;28.2;9;18;2011;261;22.3
2011-09-19;10.3;26.1;9;19;2011;262;18.2
2011-09-20;11.9;30.8;9;20;2011;263;21.4
2011-09-21;16.4;31.9;9;21;2011;264;24.2
2011-09-22;15.0;32.1;9;22;2011;265;23.6
2011-09-23;16.0;30.3;9;23;2011;266;23.2
2011-09-24;14.5;27.5;9;24;2011;267;21.0
2011-09-25;11.0;30.4;9;25;2011;268;20.7
2011-09-26;13.8;31.6;9;26;2011;269;22.7
2011-09-27;16.4;31.4;9;27;2011;270;23.9
2011-09-28;15.4;29.8;9;28;2011;271;22.6
2011-09-29;14.1;29.2;9;29;2011;272;21.6
2011-09-30;15.2;28.5;9;30;2011;273;21.8
2011-10-01;15.1;28.0;10;1;2011;274;21.6
2011-10-02;14.5;28.1;10;2;2011;275;21.3
2011-10-03;11.9;30.3;10;3;2011;276;21.1
2011-10-04;11.7;30.9;10;4;2011;277;21.3
2011-10-05;11.1;32.3;10;5;2011;278;21.7
2011-10-06;11.4;32.6;10;6;2011;279;22.0
2011-10-07;13.8;24.2;10;7;2011;280;19.0
2011-10-08;9.1;24.2;10;8;2011;281;16.6
2011-10-09;8.1;25.7;10;9;2011;282;16.9
2011-10-10;9.0;29.7;10;10;2011;283;19.4
2011-10-11;9.9;31.9;10;11;2011;284;20.9
2011-10-12;10.7;33.1;10;12;2011;285;21.9
2011-10-13;11.2;33.1;10;13;2011;286;22.2
2011-10-14;10.5;31.6;10;14;2011;287;21.0
2011-10-15;13.4;28.4;10;15;2011;288;20.9
2011-10-16;12.8;28.3;10;16;2011;289;20.6
2011-10-17;11.7;25.4;10;17;2011;290;18.6
2011-10-18;9.6;26.2;10;18;2011;291;17.9
2011-10-19;8.3;26.5;10;19;2011;292;17.4
2011-10-20;8.8;21.8;10;20;2011;293;15.3
2011-10-21;4.1;23.3;10;21;2011;294;13.7
2011-10-22;11.0;24.6;10;22;2011;295;17.8
2011-10-23;11.8;23.0;10;23;2011;296;17.4
2011-10-24;10.3;19.0;10;24;2011;297;14.6
2011-10-25;7.3;17.0;10;25;2011;298;12.2
2011-10-26;8.1;16.8;10;26;2011;299;12.4
2011-10-27;9.8;17.6;10;27;2011;300;13.7
2011-10-28;9.3;20.0;10;28;2011;301;14.6
2011-10-29;6.8;20.6;10;29;2011;302;13.7
2011-10-30;7.9;23.6;10;30;2011;303;15.8
2011-10-31;8.4;23.0;10;31;2011;304;15.7
2011-11-01;13.1;22.4;11;1;2011;305;17.8
2011-11-02;13.4;19.6;11;2;2011;306;16.5
2011-11-03;9.9;17.9;11;3;2011;307;13.9
2011-11-04;8.3;12.7;11;4;2011;308;10.5
2011-11-05;7.4;13.7;11;5;2011;309;10.6
2011-11-06;8.4;15.5;11;6;2011;310;12.0
2011-11-07;10.0;15.2;11;7;2011;311;12.6
2011-11-08;7.5;16.5;11;8;2011;312;12.0
2011-11-09;5.8;15.1;11;9;2011;313;10.4
2011-11-10;9.8;19.3;11;10;2011;314;14.6
2011-11-11;11.8;22.4;11;11;2011;315;17.1
2011-11-12;10.9;22.6;11;12;2011;316;16.8
2011-11-13;12.8;18.8;11;13;2011;317;15.8
2011-11-14;8.8;16.7;11;14;2011;318;12.8
2011-11-15;6.8;14.5;11;15;2011;319;10.6
2011-11-16;5.9;15.0;11;16;2011;320;10.4
2011-11-17;4.2;17.0;11;17;2011;321;10.6
2011-11-18;8.7;17.8;11;18;2011;322;13.2
2011-11-19;10.1;14.9;11;19;2011;323;12.5
2011-11-20;9.2;14.4;11;20;2011;324;11.8
2011-11-21;9.4;16.9;11;21;2011;325;13.2
2011-11-22;8.3;11.2;11;22;2011;326;9.8
2011-11-23;7.9;18.4;11;23;2011;327;13.2
2011-11-24;6.2;17.1;11;24;2011;328;11.6
2011-11-25;2.9;17.1;11;25;2011;329;10.0
2011-11-26;2.0;15.7;11;26;2011;330;8.8
2011-11-27;0.8;16.4;11;27;2011;331;8.6
2011-11-28;2.0;15.6;11;28;2011;332;8.8
2011-11-29;0.9;16.5;11;29;2011;333;8.7
2011-11-30;0.9;14.9;11;30;2011;334;7.9
2011-12-01;0.8;13.6;12;1;2011;335;7.2
2011-12-02;4.9;11.0;12;2;2011;336;8.0
2011-12-03;1.4;12.4;12;3;2011;337;6.9
2011-12-04;0.9;12.9;12;4;2011;338;6.9
2011-12-05;3.2;15.9;12;5;2011;339;9.6
2011-12-06;4.8;17.1;12;6;2011;340;11.0
2011-12-07;0.8;12.3;12;7;2011;341;6.6
2011-12-08;1.2;8.7;12;8;2011;342;5.0
2011-12-09;0.3;7.4;12;9;2011;343;3.8
2011-12-10;2.6;4.5;12;10;2011;344;3.6
2011-12-11;3.8;10.7;12;11;2011;345;7.2
2011-12-12;5.1;11.2;12;12;2011;346;8.2
2011-12-13;6.0;13.0;12;13;2011;347;9.5
2011-12-14;8.1;15.1;12;14;2011;348;11.6
2011-12-15;4.4;12.5;12;15;2011;349;8.4
2011-12-16;6.2;14.2;12;16;2011;350;10.2
2011-12-17;2.7;11.7;12;17;2011;351;7.2
2011-12-18;0.1;11.4;12;18;2011;352;5.8
2011-12-19;-2.2;10.5;12;19;2011;353;4.2
2011-12-20;-1.8;12.3;12;20;2011;354;5.2
2011-12-21;0.9;17.8;12;21;2011;355;9.4
2011-12-22;0.7;17.4;12;22;2011;356;9.0
2011-12-23;-1.0;14.7;12;23;2011;357;6.8
2011-12-24;0.6;13.9;12;24;2011;358;7.2
2011-12-25;-2.2;14.0;12;25;2011;359;5.9
2011-12-26;-0.1;12.7;12;26;2011;360;6.3
2011-12-27;-1.8;13.4;12;27;2011;361;5.8
2011-12-28;-2.6;12.6;12;28;2011;362;5.0
2011-12-29;-0.8;12.5;12;29;2011;363;5.8
2011-12-30;-2.7;12.3;12;30;2011;364;4.8
2011-12-31;-1.8;14.3;12;31;2011;365;6.2
2012-01-01;-1.3;13.6;1;1;2012;1;6.2
2012-01-02;4.9;14.4;1;2;2012;2;9.6
2012-01-03;-0.7;13.3;1;3;2012;3;6.3
2012-01-04;-1.7;16.8;1;4;2012;4;7.6
2012-01-05;-0.7;15.8;1;5;2012;5;7.6
2012-01-06;4.0;18.8;1;6;2012;6;11.4
2012-01-07;0.8;15.5;1;7;2012;7;8.2
2012-01-08;-1.5;14.3;1;8;2012;8;6.4
2012-01-09;-3.8;14.2;1;9;2012;9;5.2
2012-01-10;0.7;12.1;1;10;2012;10;6.4
2012-01-11;-2.3;13.1;1;11;2012;11;5.4
2012-01-12;-0.4;12.2;1;12;2012;12;5.9
2012-01-13;1.3;10.8;1;13;2012;13;6.0
2012-01-14;-1.9;11.9;1;14;2012;14;5.0
2012-01-15;1.2;7.5;1;15;2012;15;4.4
2012-01-16;2.7;6.4;1;16;2012;16;4.6
2012-01-17;2.1;13.7;1;17;2012;17;7.9
2012-01-18;-1.4;13.6;1;18;2012;18;6.1
2012-01-19;-0.9;15.1;1;19;2012;19;7.1
2012-01-20;-0.4;15.6;1;20;2012;20;7.6
2012-01-21;0.4;15.9;1;21;2012;21;8.2
2012-01-22;0.7;16.4;1;22;2012;22;8.6
2012-01-23;0.6;15.6;1;23;2012;23;8.1
2012-01-24;0.0;15.5;1;24;2012;24;7.8
2012-01-25;-1.0;16.1;1;25;2012;25;7.6
2012-01-26;-1.1;13.8;1;26;2012;26;6.4
2012-01-27;2.7;8.7;1;27;2012;27;5.7
2012-01-28;2.2;12.4;1;28;2012;28;7.3
2012-01-29;0.5;11.8;1;29;2012;29;6.2
2012-01-30;-2.3;11.8;1;30;2012;30;4.8
2012-01-31;-3.3;13.4;1;31;2012;31;5.0
2012-02-01;-0.3;12.6;2;1;2012;32;6.2
2012-02-02;-2.1;6.6;2;2;2012;33;2.2
2012-02-03;-4.3;5.9;2;3;2012;34;0.8
2012-02-04;-5.0;6.4;2;4;2012;35;0.7
2012-02-05;-1.5;13.8;2;5;2012;36;6.2
2012-02-06;4.1;14.7;2;6;2012;37;9.4
2012-02-07;-0.5;11.5;2;7;2012;38;5.5
2012-02-08;-2.0;6.4;2;8;2012;39;2.2
2012-02-09;-5.6;9.4;2;9;2012;40;1.9
2012-02-10;-4.3;12.0;2;10;2012;41;3.8
2012-02-11;-4.8;10.0;2;11;2012;42;2.6
2012-02-12;-6.1;8.7;2;12;2012;43;1.3
2012-02-13;-6.1;10.2;2;13;2012;44;2.0
2012-02-14;-1.2;11.3;2;14;2012;45;5.0
2012-02-15;-3.0;12.3;2;15;2012;46;4.6
2012-02-16;-2.0;13.3;2;16;2012;47;5.6
2012-02-17;-2.6;14.0;2;17;2012;48;5.7
2012-02-18;-3.6;15.0;2;18;2012;49;5.7
2012-02-19;-2.4;15.5;2;19;2012;50;6.6
2012-02-20;-1.7;13.5;2;20;2012;51;5.9
2012-02-21;-4.7;15.2;2;21;2012;52;5.2
2012-02-22;-3.1;15.9;2;22;2012;53;6.4
2012-02-23;-4.7;18.1;2;23;2012;54;6.7
2012-02-24;-3.0;20.5;2;24;2012;55;8.8
2012-02-25;-1.2;20.3;2;25;2012;56;9.6
2012-02-26;6.2;21.8;2;26;2012;57;14.0
2012-02-27;4.4;21.4;2;27;2012;58;12.9
2012-02-28;2.3;21.7;2;28;2012;59;12.0
2012-02-29;3.3;22.0;2;29;2012;60;12.6
2012-03-01;3.4;21.8;3;1;2012;61;12.6
2012-03-02;6.5;11.6;3;2;2012;62;9.0
2012-03-03;4.8;16.2;3;3;2012;63;10.5
2012-03-04;8.3;18.5;3;4;2012;64;13.4
2012-03-05;4.0;15.8;3;5;2012;65;9.9
2012-03-06;1.1;15.7;3;6;2012;66;8.4
2012-03-07;-0.7;15.9;3;7;2012;67;7.6
2012-03-08;1.9;19.2;3;8;2012;68;10.6
2012-03-09;0.7;21.9;3;9;2012;69;11.3
2012-03-10;2.6;18.0;3;10;2012;70;10.3
2012-03-11;2.3;21.0;3;11;2012;71;11.6
2012-03-12;2.4;24.1;3;12;2012;72;13.2
2012-03-13;3.7;25.0;3;13;2012;73;14.4
2012-03-14;4.4;26.6;3;14;2012;74;15.5
2012-03-15;9.2;25.4;3;15;2012;75;17.3
2012-03-16;7.0;20.2;3;16;2012;76;13.6
2012-03-17;5.9;17.5;3;17;2012;77;11.7
2012-03-18;3.6;16.2;3;18;2012;78;9.9
2012-03-19;1.7;15.7;3;19;2012;79;8.7
2012-03-20;2.0;11.2;3;20;2012;80;6.6
2012-03-21;0.3;7.1;3;21;2012;81;3.7
2012-03-22;0.5;17.0;3;22;2012;82;8.8
2012-03-23;2.8;20.1;3;23;2012;83;11.4
2012-03-24;5.7;20.7;3;24;2012;84;13.2
2012-03-25;4.9;23.1;3;25;2012;85;14.0
2012-03-26;5.6;21.8;3;26;2012;86;13.7
2012-03-27;6.0;21.2;3;27;2012;87;13.6
2012-03-28;5.3;21.8;3;28;2012;88;13.6
2012-03-29;4.2;21.8;3;29;2012;89;13.0
2012-03-30;6.6;24.1;3;30;2012;90;15.4
2012-03-31;6.4;22.1;3;31;2012;91;14.2
2012-04-01;8.8;21.8;4;1;2012;92;15.3
2012-04-02;9.9;18.6;4;2;2012;93;14.2
2012-04-03;9.6;18.1;4;3;2012;94;13.8
2012-04-04;9.1;14.7;4;4;2012;95;11.9
2012-04-05;7.9;15.2;4;5;2012;96;11.6
2012-04-06;3.1;12.2;4;6;2012;97;7.6
2012-04-07;3.8;12.5;4;7;2012;98;8.2
2012-04-08;3.7;20.5;4;8;2012;99;12.1
2012-04-09;4.9;24.4;4;9;2012;100;14.6
2012-04-10;9.8;18.0;4;10;2012;101;13.9
2012-04-11;6.0;18.4;4;11;2012;102;12.2
2012-04-12;8.4;17.6;4;12;2012;103;13.0
2012-04-13;6.1;15.7;4;13;2012;104;10.9
2012-04-14;6.2;15.5;4;14;2012;105;10.8
2012-04-15;4.6;14.6;4;15;2012;106;9.6
2012-04-16;2.7;14.6;4;16;2012;107;8.6
2012-04-17;3.8;21.6;4;17;2012;108;12.7
2012-04-18;7.3;14.6;4;18;2012;109;11.0
2012-04-19;8.9;17.2;4;19;2012;110;13.0
2012-04-20;7.4;18.9;4;20;2012;111;13.2
2012-04-21;8.0;20.3;4;21;2012;112;14.2
2012-04-22;8.7;20.0;4;22;2012;113;14.4
2012-04-23;6.0;19.4;4;23;2012;114;12.7
2012-04-24;6.1;19.4;4;24;2012;115;12.8
2012-04-25;8.5;20.9;4;25;2012;116;14.7
2012-04-26;7.9;16.5;4;26;2012;117;12.2
2012-04-27;7.8;22.0;4;27;2012;118;14.9
2012-04-28;6.7;13.0;4;28;2012;119;9.8
2012-04-29;5.8;13.6;4;29;2012;120;9.7
2012-04-30;5.7;15.6;4;30;2012;121;10.6
2012-05-01;7.1;16.3;5;1;2012;122;11.7
2012-05-02;5.3;20.2;5;2;2012;123;12.8
2012-05-03;9.8;20.4;5;3;2012;124;15.1
2012-05-04;8.8;16.9;5;4;2012;125;12.8
2012-05-05;9.9;17.7;5;5;2012;126;13.8
2012-05-06;10.0;20.1;5;6;2012;127;15.0
2012-05-07;9.6;22.0;5;7;2012;128;15.8
2012-05-08;13.0;24.6;5;8;2012;129;18.8
2012-05-09;13.4;29.6;5;9;2012;130;21.5
2012-05-10;15.2;34.2;5;10;2012;131;24.7
2012-05-11;16.6;35.5;5;11;2012;132;26.0
2012-05-12;16.3;36.2;5;12;2012;133;26.2
2012-05-13;17.2;34.0;5;13;2012;134;25.6
2012-05-14;18.1;32.3;5;14;2012;135;25.2
2012-05-15;15.7;31.5;5;15;2012;136;23.6
2012-05-16;13.7;32.5;5;16;2012;137;23.1
2012-05-17;15.6;32.7;5;17;2012;138;24.2
2012-05-18;17.5;29.0;5;18;2012;139;23.2
2012-05-19;12.0;19.3;5;19;2012;140;15.6
2012-05-20;7.7;17.7;5;20;2012;141;12.7
2012-05-21;6.6;21.9;5;21;2012;142;14.2
2012-05-22;10.4;26.9;5;22;2012;143;18.6
2012-05-23;11.9;30.9;5;23;2012;144;21.4
2012-05-24;13.9;33.4;5;24;2012;145;23.6
2012-05-25;16.3;32.8;5;25;2012;146;24.6
2012-05-26;12.8;26.3;5;26;2012;147;19.6
2012-05-27;12.3;28.2;5;27;2012;148;20.2
2012-05-28;13.6;31.9;5;28;2012;149;22.8
2012-05-29;15.3;30.9;5;29;2012;150;23.1
2012-05-30;16.9;34.2;5;30;2012;151;25.6
2012-05-31;18.0;36.2;5;31;2012;152;27.1
2012-06-01;19.1;37.2;6;1;2012;153;28.2
2012-06-02;20.0;30.6;6;2;2012;154;25.3
2012-06-03;17.0;29.1;6;3;2012;155;23.0
2012-06-04;15.8;31.7;6;4;2012;156;23.8
2012-06-05;16.6;33.3;6;5;2012;157;25.0
2012-06-06;17.9;32.2;6;6;2012;158;25.0
2012-06-07;18.2;27.7;6;7;2012;159;23.0
2012-06-08;14.5;25.5;6;8;2012;160;20.0
2012-06-09;13.0;28.0;6;9;2012;161;20.5
2012-06-10;16.2;29.2;6;10;2012;162;22.7
2012-06-11;15.5;26.2;6;11;2012;163;20.8
2012-06-12;11.0;26.7;6;12;2012;164;18.8
2012-06-13;13.2;31.0;6;13;2012;165;22.1
2012-06-14;15.8;31.5;6;14;2012;166;23.6
2012-06-15;17.4;32.5;6;15;2012;167;25.0
2012-06-16;18.1;32.4;6;16;2012;168;25.2
2012-06-17;18.4;33.7;6;17;2012;169;26.0
2012-06-18;17.7;33.1;6;18;2012;170;25.4
2012-06-19;19.4;28.6;6;19;2012;171;24.0
2012-06-20;15.6;32.6;6;20;2012;172;24.1
2012-06-21;19.0;29.9;6;21;2012;173;24.4
2012-06-22;16.2;34.6;6;22;2012;174;25.4
2012-06-23;17.3;36.7;6;23;2012;175;27.0
2012-06-24;19.1;38.6;6;24;2012;176;28.8
2012-06-25;19.8;40.1;6;25;2012;177;30.0
2012-06-26;21.8;40.7;6;26;2012;178;31.2
2012-06-27;24.8;40.0;6;27;2012;179;32.4
2012-06-28;23.5;37.1;6;28;2012;180;30.3
2012-06-29;20.0;32.1;6;29;2012;181;26.0
2012-06-30;15.9;27.6;6;30;2012;182;21.8
2012-07-01;15.5;28.4;7;1;2012;183;22.0
2012-07-02;13.9;32.7;7;2;2012;184;23.3
2012-07-03;17.9;35.4;7;3;2012;185;26.6
2012-07-04;20.6;32.0;7;4;2012;186;26.3
2012-07-05;17.6;30.2;7;5;2012;187;23.9
2012-07-06;16.0;31.7;7;6;2012;188;23.8
2012-07-07;18.3;33.9;7;7;2012;189;26.1
2012-07-08;17.0;34.2;7;8;2012;190;25.6
2012-07-09;19.2;34.0;7;9;2012;191;26.6
2012-07-10;18.5;32.6;7;10;2012;192;25.6
2012-07-11;16.7;32.2;7;11;2012;193;24.4
2012-07-12;15.7;35.1;7;12;2012;194;25.4
2012-07-13;18.8;36.1;7;13;2012;195;27.4
2012-07-14;19.3;33.0;7;14;2012;196;26.2
2012-07-15;16.4;34.0;7;15;2012;197;25.2
2012-07-16;19.5;35.6;7;16;2012;198;27.6
2012-07-17;21.1;37.2;7;17;2012;199;29.2
2012-07-18;21.1;39.3;7;18;2012;200;30.2
2012-07-19;22.7;39.3;7;19;2012;201;31.0
2012-07-20;21.1;36.0;7;20;2012;202;28.6
2012-07-21;20.6;36.5;7;21;2012;203;28.6
2012-07-22;20.1;36.5;7;22;2012;204;28.3
2012-07-23;19.7;37.4;7;23;2012;205;28.6
2012-07-24;19.4;36.2;7;24;2012;206;27.8
2012-07-25;20.9;35.9;7;25;2012;207;28.4
2012-07-26;20.1;35.9;7;26;2012;208;28.0
2012-07-27;17.9;33.1;7;27;2012;209;25.5
2012-07-28;18.1;32.7;7;28;2012;210;25.4
2012-07-29;19.1;34.8;7;29;2012;211;27.0
2012-07-30;19.4;38.4;7;30;2012;212;28.9
2012-07-31;22.1;38.6;7;31;2012;213;30.4
2012-08-01;21.3;36.0;8;1;2012;214;28.6
2012-08-02;18.8;35.7;8;2;2012;215;27.2
2012-08-03;18.7;36.4;8;3;2012;216;27.6
2012-08-04;19.3;34.8;8;4;2012;217;27.0
2012-08-05;18.2;30.1;8;5;2012;218;24.2
2012-08-06;15.8;30.9;8;6;2012;219;23.4
2012-08-07;19.2;35.6;8;7;2012;220;27.4
2012-08-08;19.8;37.7;8;8;2012;221;28.8
2012-08-09;21.9;41.7;8;9;2012;222;31.8
2012-08-10;23.9;43.1;8;10;2012;223;33.5
2012-08-11;25.3;39.5;8;11;2012;224;32.4
2012-08-12;19.5;33.5;8;12;2012;225;26.5
2012-08-13;18.9;32.9;8;13;2012;226;25.9
2012-08-14;19.5;33.8;8;14;2012;227;26.6
2012-08-15;18.5;27.2;8;15;2012;228;22.8
2012-08-16;17.1;35.6;8;16;2012;229;26.4
2012-08-17;19.7;41.4;8;17;2012;230;30.6
2012-08-18;22.7;40.3;8;18;2012;231;31.5
2012-08-19;24.6;38.7;8;19;2012;232;31.6
2012-08-20;23.0;39.7;8;20;2012;233;31.4
2012-08-21;24.1;38.6;8;21;2012;234;31.4
2012-08-22;23.7;39.2;8;22;2012;235;31.4
2012-08-23;21.4;35.9;8;23;2012;236;28.6
2012-08-24;17.9;31.3;8;24;2012;237;24.6
2012-08-25;19.0;31.8;8;25;2012;238;25.4
2012-08-26;16.6;34.1;8;26;2012;239;25.4
2012-08-27;16.9;34.8;8;27;2012;240;25.8
2012-08-28;18.8;34.9;8;28;2012;241;26.8
2012-08-29;20.2;33.7;8;29;2012;242;27.0
2012-08-30;18.6;32.5;8;30;2012;243;25.6
2012-08-31;13.7;29.3;8;31;2012;244;21.5
2012-09-01;12.1;27.5;9;1;2012;245;19.8
2012-09-02;12.1;27.9;9;2;2012;246;20.0
2012-09-03;14.3;29.6;9;3;2012;247;22.0
2012-09-04;13.6;30.5;9;4;2012;248;22.0
2012-09-05;14.2;32.1;9;5;2012;249;23.2
2012-09-06;18.4;33.7;9;6;2012;250;26.0
2012-09-07;18.8;33.0;9;7;2012;251;25.9
2012-09-08;16.5;33.7;9;8;2012;252;25.1
2012-09-09;18.2;32.3;9;9;2012;253;25.2
2012-09-10;17.5;29.7;9;10;2012;254;23.6
2012-09-11;17.0;31.8;9;11;2012;255;24.4
2012-09-12;16.8;33.9;9;12;2012;256;25.4
2012-09-13;15.5;29.4;9;13;2012;257;22.4
2012-09-14;12.4;32.1;9;14;2012;258;22.2
2012-09-15;13.7;34.9;9;15;2012;259;24.3
2012-09-16;13.7;35.0;9;16;2012;260;24.4
2012-09-17;18.0;32.0;9;17;2012;261;25.0
2012-09-18;18.5;33.5;9;18;2012;262;26.0
2012-09-19;16.0;31.9;9;19;2012;263;24.0
2012-09-20;18.4;30.6;9;20;2012;264;24.5
2012-09-21;17.4;31.9;9;21;2012;265;24.6
2012-09-22;18.8;32.7;9;22;2012;266;25.8
2012-09-23;16.1;28.5;9;23;2012;267;22.3
2012-09-24;14.5;22.7;9;24;2012;268;18.6
2012-09-25;13.1;20.0;9;25;2012;269;16.6
2012-09-26;11.9;20.2;9;26;2012;270;16.0
2012-09-27;9.9;16.1;9;27;2012;271;13.0
2012-09-28;13.9;15.9;9;28;2012;272;14.9
2012-09-29;13.4;21.1;9;29;2012;273;17.2
2012-09-30;9.5;21.3;9;30;2012;274;15.4
2012-10-01;8.9;23.8;10;1;2012;275;16.4
2012-10-02;10.1;25.0;10;2;2012;276;17.6
2012-10-03;10.3;26.7;10;3;2012;277;18.5
2012-10-04;11.6;26.9;10;4;2012;278;19.2
2012-10-05;10.4;28.6;10;5;2012;279;19.5
2012-10-06;13.0;25.3;10;6;2012;280;19.2
2012-10-07;15.2;28.7;10;7;2012;281;22.0
2012-10-08;14.3;29.3;10;8;2012;282;21.8
2012-10-09;15.4;30.2;10;9;2012;283;22.8
2012-10-10;17.1;28.5;10;10;2012;284;22.8
2012-10-11;16.5;23.8;10;11;2012;285;20.2
2012-10-12;14.3;23.9;10;12;2012;286;19.1
2012-10-13;11.7;22.8;10;13;2012;287;17.2
2012-10-14;10.4;20.5;10;14;2012;288;15.4
2012-10-15;7.0;18.5;10;15;2012;289;12.8
2012-10-16;6.8;22.1;10;16;2012;290;14.4
2012-10-17;6.5;25.3;10;17;2012;291;15.9
2012-10-18;11.8;23.1;10;18;2012;292;17.4
2012-10-19;9.9;15.7;10;19;2012;293;12.8
2012-10-20;10.6;18.1;10;20;2012;294;14.4
2012-10-21;10.1;19.7;10;21;2012;295;14.9
2012-10-22;8.1;22.3;10;22;2012;296;15.2
2012-10-23;9.9;24.6;10;23;2012;297;17.2
2012-10-24;12.9;20.5;10;24;2012;298;16.7
2012-10-25;12.7;19.3;10;25;2012;299;16.0
2012-10-26;11.5;18.3;10;26;2012;300;14.9
2012-10-27;7.4;19.7;10;27;2012;301;13.6
2012-10-28;2.2;14.5;10;28;2012;302;8.4
2012-10-29;0.7;15.7;10;29;2012;303;8.2
2012-10-30;6.2;9.5;10;30;2012;304;7.8
2012-10-31;4.8;13.7;10;31;2012;305;9.2
2012-11-01;6.0;16.7;11;1;2012;306;11.4
2012-11-02;11.1;17.1;11;2;2012;307;14.1
2012-11-03;10.3;14.0;11;3;2012;308;12.2
2012-11-04;10.5;15.3;11;4;2012;309;12.9
2012-11-05;4.6;14.8;11;5;2012;310;9.7
2012-11-06;6.2;15.6;11;6;2012;311;10.9
2012-11-07;3.5;11.1;11;7;2012;312;7.3
2012-11-08;10.5;14.1;11;8;2012;313;12.3
2012-11-09;10.2;17.1;11;9;2012;314;13.6
2012-11-10;7.2;14.1;11;10;2012;315;10.6
2012-11-11;4.8;12.3;11;11;2012;316;8.6
2012-11-12;2.5;15.5;11;12;2012;317;9.0
2012-11-13;1.6;15.4;11;13;2012;318;8.5
2012-11-14;6.4;18.9;11;14;2012;319;12.6
2012-11-15;10.0;20.0;11;15;2012;320;15.0
2012-11-16;9.9;18.6;11;16;2012;321;14.2
2012-11-17;9.1;17.1;11;17;2012;322;13.1
2012-11-18;7.1;16.2;11;18;2012;323;11.6
2012-11-19;7.2;17.5;11;19;2012;324;12.4
2012-11-20;4.4;15.7;11;20;2012;325;10.0
2012-11-21;8.1;13.4;11;21;2012;326;10.8
2012-11-22;6.1;17.1;11;22;2012;327;11.6
2012-11-23;5.0;15.6;11;23;2012;328;10.3
2012-11-24;7.5;16.9;11;24;2012;329;12.2
2012-11-25;7.6;17.3;11;25;2012;330;12.4
2012-11-26;6.1;14.2;11;26;2012;331;10.2
2012-11-27;3.0;10.4;11;27;2012;332;6.7
2012-11-28;0.6;11.0;11;28;2012;333;5.8
2012-11-29;3.1;9.8;11;29;2012;334;6.4
2012-11-30;1.9;7.7;11;30;2012;335;4.8
2012-12-01;-1.4;9.7;12;1;2012;336;4.2
2012-12-02;-1.7;10.9;12;2;2012;337;4.6
2012-12-03;-2.4;12.3;12;3;2012;338;5.0
2012-12-04;1.5;12.4;12;4;2012;339;7.0
2012-12-05;1.4;11.9;12;5;2012;340;6.6
2012-12-06;0.3;10.0;12;6;2012;341;5.2
2012-12-07;4.1;9.1;12;7;2012;342;6.6
2012-12-08;2.9;14.0;12;8;2012;343;8.4
2012-12-09;-1.3;12.2;12;9;2012;344;5.4
2012-12-10;-1.6;10.1;12;10;2012;345;4.2
2012-12-11;-1.8;11.5;12;11;2012;346;4.8
2012-12-12;-2.2;10.4;12;12;2012;347;4.1
2012-12-13;-0.7;9.9;12;13;2012;348;4.6
2012-12-14;8.0;14.6;12;14;2012;349;11.3
2012-12-15;11.2;15.5;12;15;2012;350;13.4
2012-12-16;9.6;14.5;12;16;2012;351;12.0
2012-12-17;6.6;13.5;12;17;2012;352;10.0
2012-12-18;5.3;10.6;12;18;2012;353;8.0
2012-12-19;9.1;13.4;12;19;2012;354;11.2
2012-12-20;8.6;14.9;12;20;2012;355;11.8
2012-12-21;8.3;14.2;12;21;2012;356;11.2
2012-12-22;10.5;15.0;12;22;2012;357;12.8
2012-12-23;5.0;12.9;12;23;2012;358;9.0
2012-12-24;0.5;15.8;12;24;2012;359;8.2
2012-12-25;7.5;14.5;12;25;2012;360;11.0
2012-12-26;3.8;13.3;12;26;2012;361;8.6
2012-12-27;-1.4;8.4;12;27;2012;362;3.5
2012-12-28;-1.4;11.6;12;28;2012;363;5.1
2012-12-29;-1.6;6.3;12;29;2012;364;2.4
2012-12-30;4.0;10.0;12;30;2012;365;7.0
2012-12-31;2.3;6.6;12;31;2012;366;4.4
2013-01-01;3.5;10.9;1;1;2013;1;7.2
2013-01-02;0.2;12.9;1;2;2013;2;6.6
2013-01-03;0.4;12.5;1;3;2013;3;6.4
2013-01-04;-2.2;12.9;1;4;2013;4;5.4
2013-01-05;-2.5;12.7;1;5;2013;5;5.1
2013-01-06;-2.3;11.8;1;6;2013;6;4.8
2013-01-07;-1.3;7.3;1;7;2013;7;3.0
2013-01-08;2.8;6.0;1;8;2013;8;4.4
2013-01-09;0.4;7.2;1;9;2013;9;3.8
2013-01-10;6.0;14.6;1;10;2013;10;10.3
2013-01-11;6.0;11.2;1;11;2013;11;8.6
2013-01-12;6.4;13.4;1;12;2013;12;9.9
2013-01-13;2.8;9.5;1;13;2013;13;6.2
2013-01-14;1.4;10.8;1;14;2013;14;6.1
2013-01-15;0.7;11.2;1;15;2013;15;6.0
2013-01-16;4.8;9.9;1;16;2013;16;7.4
2013-01-17;5.2;12.6;1;17;2013;17;8.9
2013-01-18;10.8;14.9;1;18;2013;18;12.8
2013-01-19;6.1;12.7;1;19;2013;19;9.4
2013-01-20;2.3;8.1;1;20;2013;20;5.2
2013-01-21;3.0;10.5;1;21;2013;21;6.8
2013-01-22;2.1;6.2;1;22;2013;22;4.2
2013-01-23;1.5;9.1;1;23;2013;23;5.3
2013-01-24;5.2;14.1;1;24;2013;24;9.6
2013-01-25;4.1;10.6;1;25;2013;25;7.4
2013-01-26;7.3;18.0;1;26;2013;26;12.6
2013-01-27;4.8;10.3;1;27;2013;27;7.6
2013-01-28;2.2;12.7;1;28;2013;28;7.4
2013-01-29;-0.2;13.7;1;29;2013;29;6.8
2013-01-30;0.9;15.6;1;30;2013;30;8.2
2013-01-31;1.5;16.8;1;31;2013;31;9.2
2013-02-01;2.0;14.4;2;1;2013;32;8.2
2013-02-02;3.5;12.2;2;2;2013;33;7.8
2013-02-03;1.2;11.3;2;3;2013;34;6.2
2013-02-04;0.0;15.8;2;4;2013;35;7.9
2013-02-05;0.9;16.7;2;5;2013;36;8.8
2013-02-06;4.0;12.9;2;6;2013;37;8.4
2013-02-07;2.2;10.7;2;7;2013;38;6.4
2013-02-08;-1.2;12.4;2;8;2013;39;5.6
2013-02-09;0.3;11.7;2;9;2013;40;6.0
2013-02-10;0.8;13.0;2;10;2013;41;6.9
2013-02-11;2.6;9.7;2;11;2013;42;6.2
2013-02-12;1.1;11.6;2;12;2013;43;6.4
2013-02-13;3.0;16.9;2;13;2013;44;10.0
2013-02-14;1.6;17.4;2;14;2013;45;9.5
2013-02-15;1.1;17.1;2;15;2013;46;9.1
2013-02-16;0.9;14.9;2;16;2013;47;7.9
2013-02-17;3.4;11.4;2;17;2013;48;7.4
2013-02-18;4.5;15.3;2;18;2013;49;9.9
2013-02-19;6.5;12.6;2;19;2013;50;9.6
2013-02-20;8.1;15.1;2;20;2013;51;11.6
2013-02-21;6.1;13.2;2;21;2013;52;9.6
2013-02-22;5.7;12.9;2;22;2013;53;9.3
2013-02-23;0.5;7.7;2;23;2013;54;4.1
2013-02-24;-1.2;9.7;2;24;2013;55;4.2
2013-02-25;-1.9;9.3;2;25;2013;56;3.7
2013-02-26;-1.8;11.3;2;26;2013;57;4.8
2013-02-27;0.2;10.9;2;27;2013;58;5.6
2013-02-28;1.1;5.4;2;28;2013;59;3.2
2013-03-01;3.2;12.0;3;1;2013;60;7.6
2013-03-02;0.0;13.9;3;2;2013;61;7.0
2013-03-03;5.6;15.0;3;3;2013;62;10.3
2013-03-04;7.1;11.7;3;4;2013;63;9.4
2013-03-05;8.5;12.2;3;5;2013;64;10.4
2013-03-06;8.2;15.9;3;6;2013;65;12.0
2013-03-07;11.0;17.8;3;7;2013;66;14.4
2013-03-08;7.3;12.9;3;8;2013;67;10.1
2013-03-09;7.3;14.9;3;9;2013;68;11.1
2013-03-10;5.9;13.2;3;10;2013;69;9.6
2013-03-11;5.9;12.8;3;11;2013;70;9.4
2013-03-12;4.4;12.5;3;12;2013;71;8.4
2013-03-13;1.9;8.9;3;13;2013;72;5.4
2013-03-14;-0.7;11.7;3;14;2013;73;5.5
2013-03-15;2.7;15.2;3;15;2013;74;9.0
2013-03-16;6.5;12.8;3;16;2013;75;9.6
2013-03-17;6.0;14.0;3;17;2013;76;10.0
2013-03-18;3.5;13.5;3;18;2013;77;8.5
2013-03-19;2.6;13.9;3;19;2013;78;8.2
2013-03-20;6.4;15.0;3;20;2013;79;10.7
2013-03-21;3.1;18.6;3;21;2013;80;10.8
2013-03-22;7.2;14.7;3;22;2013;81;11.0
2013-03-23;5.5;15.6;3;23;2013;82;10.6
2013-03-24;6.5;13.3;3;24;2013;83;9.9
2013-03-25;6.0;13.9;3;25;2013;84;10.0
2013-03-26;10.0;16.6;3;26;2013;85;13.3
2013-03-27;9.1;15.5;3;27;2013;86;12.3
2013-03-28;10.0;17.0;3;28;2013;87;13.5
2013-03-29;9.5;18.6;3;29;2013;88;14.0
2013-03-30;9.9;17.4;3;30;2013;89;13.6
2013-03-31;9.6;14.2;3;31;2013;90;11.9
2013-04-01;6.8;15.3;4;1;2013;91;11.0
2013-04-02;5.5;15.4;4;2;2013;92;10.4
2013-04-03;3.9;15.2;4;3;2013;93;9.6
2013-04-04;6.2;14.6;4;4;2013;94;10.4
2013-04-05;4.4;11.3;4;5;2013;95;7.8
2013-04-06;2.9;12.6;4;6;2013;96;7.8
2013-04-07;1.2;14.7;4;7;2013;97;8.0
2013-04-08;8.3;14.8;4;8;2013;98;11.6
2013-04-09;6.5;15.5;4;9;2013;99;11.0
2013-04-10;10.2;17.2;4;10;2013;100;13.7
2013-04-11;10.4;17.6;4;11;2013;101;14.0
2013-04-12;6.5;17.5;4;12;2013;102;12.0
2013-04-13;4.0;23.1;4;13;2013;103;13.6
2013-04-14;8.7;27.3;4;14;2013;104;18.0
2013-04-15;10.3;24.6;4;15;2013;105;17.4
2013-04-16;11.7;26.5;4;16;2013;106;19.1
2013-04-17;10.9;29.1;4;17;2013;107;20.0
2013-04-18;13.0;28.0;4;18;2013;108;20.5
2013-04-19;8.2;21.1;4;19;2013;109;14.6
2013-04-20;2.8;20.6;4;20;2013;110;11.7
2013-04-21;4.6;22.5;4;21;2013;111;13.6
2013-04-22;9.4;21.5;4;22;2013;112;15.4
2013-04-23;6.3;21.9;4;23;2013;113;14.1
2013-04-24;8.5;22.5;4;24;2013;114;15.5
2013-04-25;7.0;21.7;4;25;2013;115;14.4
2013-04-26;12.1;21.4;4;26;2013;116;16.8
2013-04-27;5.9;13.7;4;27;2013;117;9.8
2013-04-28;4.3;9.1;4;28;2013;118;6.7
2013-04-29;3.3;14.5;4;29;2013;119;8.9
2013-04-30;5.9;14.7;4;30;2013;120;10.3
2013-05-01;7.6;17.1;5;1;2013;121;12.4
2013-05-02;5.1;20.2;5;2;2013;122;12.6
2013-05-03;5.7;21.3;5;3;2013;123;13.5
2013-05-04;6.0;23.1;5;4;2013;124;14.6
2013-05-05;8.7;25.5;5;5;2013;125;17.1
2013-05-06;9.9;25.2;5;6;2013;126;17.6
2013-05-07;13.3;25.5;5;7;2013;127;19.4
2013-05-08;15.8;26.1;5;8;2013;128;21.0
2013-05-09;14.9;25.3;5;9;2013;129;20.1
2013-05-10;13.3;26.4;5;10;2013;130;19.8
2013-05-11;11.6;26.5;5;11;2013;131;19.0
2013-05-12;9.2;26.8;5;12;2013;132;18.0
2013-05-13;11.1;28.1;5;13;2013;133;19.6
2013-05-14;12.2;25.8;5;14;2013;134;19.0
2013-05-15;7.3;15.2;5;15;2013;135;11.2
2013-05-16;6.0;17.4;5;16;2013;136;11.7
2013-05-17;5.9;11.7;5;17;2013;137;8.8
2013-05-18;5.2;16.0;5;18;2013;138;10.6
2013-05-19;5.4;16.5;5;19;2013;139;11.0
2013-05-20;4.7;17.4;5;20;2013;140;11.0
2013-05-21;5.1;21.0;5;21;2013;141;13.0
2013-05-22;8.8;24.5;5;22;2013;142;16.6
2013-05-23;8.7;25.9;5;23;2013;143;17.3
2013-05-24;10.0;26.0;5;24;2013;144;18.0
2013-05-25;10.2;27.6;5;25;2013;145;18.9
2013-05-26;9.0;25.9;5;26;2013;146;17.4
2013-05-27;10.4;21.0;5;27;2013;147;15.7
2013-05-28;9.6;21.8;5;28;2013;148;15.7
2013-05-29;7.6;20.6;5;29;2013;149;14.1
2013-05-30;6.9;21.8;5;30;2013;150;14.4
2013-05-31;10.9;23.2;5;31;2013;151;17.0
2013-06-01;7.2;25.3;6;1;2013;152;16.2
2013-06-02;9.1;26.3;6;2;2013;153;17.7
2013-06-03;9.9;28.1;6;3;2013;154;19.0
2013-06-04;10.8;30.4;6;4;2013;155;20.6
2013-06-05;14.6;31.3;6;5;2013;156;23.0
2013-06-06;14.5;26.3;6;6;2013;157;20.4
2013-06-07;10.0;19.5;6;7;2013;158;14.8
2013-06-08;9.0;20.2;6;8;2013;159;14.6
2013-06-09;12.0;22.5;6;9;2013;160;17.2
2013-06-10;11.9;25.5;6;10;2013;161;18.7
2013-06-11;12.6;28.6;6;11;2013;162;20.6
2013-06-12;17.0;33.5;6;12;2013;163;25.2
2013-06-13;19.9;34.5;6;13;2013;164;27.2
2013-06-14;19.3;34.4;6;14;2013;165;26.8
2013-06-15;18.5;35.2;6;15;2013;166;26.8
2013-06-16;16.9;35.7;6;16;2013;167;26.3
2013-06-17;13.8;25.3;6;17;2013;168;19.6
2013-06-18;9.9;20.7;6;18;2013;169;15.3
2013-06-19;12.6;22.9;6;19;2013;170;17.8
2013-06-20;12.3;28.3;6;20;2013;171;20.3
2013-06-21;16.1;30.4;6;21;2013;172;23.2
2013-06-22;13.5;33.0;6;22;2013;173;23.2
2013-06-23;18.7;34.3;6;23;2013;174;26.5
2013-06-24;14.0;33.2;6;24;2013;175;23.6
2013-06-25;14.4;34.3;6;25;2013;176;24.4
2013-06-26;16.1;35.0;6;26;2013;177;25.6
2013-06-27;17.3;33.8;6;27;2013;178;25.6
2013-06-28;16.4;33.5;6;28;2013;179;25.0
2013-06-29;16.5;33.0;6;29;2013;180;24.8
2013-06-30;17.6;35.2;6;30;2013;181;26.4
2013-07-01;18.0;36.3;7;1;2013;182;27.2
2013-07-02;19.9;34.8;7;2;2013;183;27.4
2013-07-03;19.0;36.7;7;3;2013;184;27.8
2013-07-04;20.8;37.0;7;4;2013;185;28.9
2013-07-05;22.4;38.2;7;5;2013;186;30.3
2013-07-06;21.2;37.3;7;6;2013;187;29.2
2013-07-07;21.1;38.6;7;7;2013;188;29.8
2013-07-08;20.9;39.4;7;8;2013;189;30.2
2013-07-09;21.4;39.0;7;9;2013;190;30.2
2013-07-10;19.3;36.9;7;10;2013;191;28.1
2013-07-11;19.7;37.2;7;11;2013;192;28.4
2013-07-12;19.0;37.4;7;12;2013;193;28.2
2013-07-13;20.3;35.1;7;13;2013;194;27.7
2013-07-14;18.6;34.4;7;14;2013;195;26.5
2013-07-15;19.7;35.0;7;15;2013;196;27.4
2013-07-16;18.5;35.8;7;16;2013;197;27.2
2013-07-17;19.0;35.6;7;17;2013;198;27.3
2013-07-18;18.8;36.3;7;18;2013;199;27.6
2013-07-19;18.3;37.5;7;19;2013;200;27.9
2013-07-20;20.1;36.6;7;20;2013;201;28.4
2013-07-21;20.2;35.1;7;21;2013;202;27.6
2013-07-22;16.9;35.1;7;22;2013;203;26.0
2013-07-23;21.7;35.3;7;23;2013;204;28.5
2013-07-24;20.0;36.8;7;24;2013;205;28.4
2013-07-25;21.8;37.2;7;25;2013;206;29.5
2013-07-26;20.7;35.8;7;26;2013;207;28.2
2013-07-27;19.0;25.5;7;27;2013;208;22.2
2013-07-28;17.6;26.5;7;28;2013;209;22.0
2013-07-29;14.3;31.2;7;29;2013;210;22.8
2013-07-30;14.6;36.6;7;30;2013;211;25.6
2013-07-31;19.9;39.3;7;31;2013;212;29.6
2013-08-01;19.5;40.3;8;1;2013;213;29.9
2013-08-02;22.3;35.3;8;2;2013;214;28.8
2013-08-03;18.4;35.4;8;3;2013;215;26.9
2013-08-04;17.8;37.6;8;4;2013;216;27.7
2013-08-05;18.0;36.7;8;5;2013;217;27.4
2013-08-06;20.7;32.9;8;6;2013;218;26.8
2013-08-07;19.5;31.2;8;7;2013;219;25.4
2013-08-08;14.9;30.9;8;8;2013;220;22.9
2013-08-09;15.9;34.9;8;9;2013;221;25.4
2013-08-10;17.6;37.9;8;10;2013;222;27.8
2013-08-11;20.3;39.5;8;11;2013;223;29.9
2013-08-12;21.2;37.7;8;12;2013;224;29.4
2013-08-13;18.9;36.9;8;13;2013;225;27.9
2013-08-14;20.9;37.4;8;14;2013;226;29.2
2013-08-15;20.8;37.7;8;15;2013;227;29.2
2013-08-16;21.6;36.6;8;16;2013;228;29.1
2013-08-17;18.1;36.6;8;17;2013;229;27.4
2013-08-18;19.8;37.1;8;18;2013;230;28.4
2013-08-19;20.3;38.9;8;19;2013;231;29.6
2013-08-20;20.6;39.3;8;20;2013;232;30.0
2013-08-21;21.6;38.9;8;21;2013;233;30.2
2013-08-22;21.2;35.5;8;22;2013;234;28.4
2013-08-23;19.2;36.4;8;23;2013;235;27.8
2013-08-24;18.6;35.8;8;24;2013;236;27.2
2013-08-25;17.9;34.2;8;25;2013;237;26.0
2013-08-26;17.9;33.4;8;26;2013;238;25.6
2013-08-27;17.8;32.7;8;27;2013;239;25.2
2013-08-28;17.0;29.7;8;28;2013;240;23.4
2013-08-29;15.0;27.7;8;29;2013;241;21.4
2013-08-30;15.1;29.9;8;30;2013;242;22.5
2013-08-31;15.4;32.1;8;31;2013;243;23.8
2013-09-01;14.6;33.1;9;1;2013;244;23.8
2013-09-02;17.2;33.7;9;2;2013;245;25.4
2013-09-03;16.6;34.8;9;3;2013;246;25.7
2013-09-04;17.5;33.4;9;4;2013;247;25.4
2013-09-05;16.9;30.9;9;5;2013;248;23.9
2013-09-06;17.4;29.9;9;6;2013;249;23.6
2013-09-07;16.4;28.7;9;7;2013;250;22.6
2013-09-08;17.5;29.1;9;8;2013;251;23.3
2013-09-09;13.3;31.0;9;9;2013;252;22.2
2013-09-10;12.6;31.9;9;10;2013;253;22.2
2013-09-11;16.1;27.1;9;11;2013;254;21.6
2013-09-12;11.6;30.4;9;12;2013;255;21.0
2013-09-13;12.0;32.2;9;13;2013;256;22.1
2013-09-14;13.8;31.9;9;14;2013;257;22.8
2013-09-15;16.5;32.5;9;15;2013;258;24.5
2013-09-16;14.5;32.0;9;16;2013;259;23.2
2013-09-17;16.6;31.8;9;17;2013;260;24.2
2013-09-18;14.6;31.4;9;18;2013;261;23.0
2013-09-19;14.7;31.2;9;19;2013;262;23.0
2013-09-20;13.7;31.0;9;20;2013;263;22.4
2013-09-21;14.8;31.1;9;21;2013;264;23.0
2013-09-22;16.8;32.7;9;22;2013;265;24.8
2013-09-23;16.7;33.5;9;23;2013;266;25.1
2013-09-24;16.2;33.0;9;24;2013;267;24.6
2013-09-25;16.8;32.1;9;25;2013;268;24.4
2013-09-26;15.8;33.0;9;26;2013;269;24.4
2013-09-27;19.9;27.2;9;27;2013;270;23.6
2013-09-28;14.5;24.2;9;28;2013;271;19.4
2013-09-29;14.6;19.3;9;29;2013;272;17.0
2013-09-30;15.8;19.9;9;30;2013;273;17.8
2013-10-01;17.1;25.2;10;1;2013;274;21.2
2013-10-02;14.6;27.3;10;2;2013;275;21.0
2013-10-03;17.7;26.2;10;3;2013;276;22.0
2013-10-04;15.3;24.1;10;4;2013;277;19.7
2013-10-05;12.3;25.5;10;5;2013;278;18.9
2013-10-06;11.1;25.1;10;6;2013;279;18.1
2013-10-07;10.3;25.6;10;7;2013;280;18.0
2013-10-08;8.5;26.0;10;8;2013;281;17.2
2013-10-09;10.1;26.4;10;9;2013;282;18.2
2013-10-10;9.7;26.6;10;10;2013;283;18.2
2013-10-11;10.1;25.2;10;11;2013;284;17.6
2013-10-12;7.8;23.3;10;12;2013;285;15.6
2013-10-13;11.5;18.5;10;13;2013;286;15.0
2013-10-14;7.9;23.2;10;14;2013;287;15.6
2013-10-15;14.1;23.1;10;15;2013;288;18.6
2013-10-16;12.4;25.1;10;16;2013;289;18.8
2013-10-17;10.3;27.5;10;17;2013;290;18.9
2013-10-18;10.4;26.9;10;18;2013;291;18.6
2013-10-19;15.3;22.7;10;19;2013;292;19.0
2013-10-20;12.4;21.7;10;20;2013;293;17.0
2013-10-21;9.4;23.1;10;21;2013;294;16.2
2013-10-22;13.7;17.3;10;22;2013;295;15.5
2013-10-23;13.1;20.2;10;23;2013;296;16.6
2013-10-24;14.1;20.7;10;24;2013;297;17.4
2013-10-25;13.5;19.5;10;25;2013;298;16.5
2013-10-26;12.8;20.8;10;26;2013;299;16.8
2013-10-27;10.1;22.5;10;27;2013;300;16.3
2013-10-28;9.2;21.4;10;28;2013;301;15.3
2013-10-29;6.7;16.5;10;29;2013;302;11.6
2013-10-30;4.4;16.9;10;30;2013;303;10.6
2013-10-31;2.5;18.0;10;31;2013;304;10.2
2013-11-01;3.1;17.8;11;1;2013;305;10.4
2013-11-02;8.2;19.6;11;2;2013;306;13.9
2013-11-03;10.4;20.1;11;3;2013;307;15.2
2013-11-04;9.4;16.2;11;4;2013;308;12.8
2013-11-05;13.4;22.6;11;5;2013;309;18.0
2013-11-06;10.4;24.0;11;6;2013;310;17.2
2013-11-07;11.0;17.9;11;7;2013;311;14.4
2013-11-08;10.4;17.9;11;8;2013;312;14.2
2013-11-09;7.8;17.0;11;9;2013;313;12.4
2013-11-10;6.7;19.7;11;10;2013;314;13.2
2013-11-11;7.4;22.6;11;11;2013;315;15.0
2013-11-12;8.0;22.3;11;12;2013;316;15.2
2013-11-13;8.2;19.9;11;13;2013;317;14.0
2013-11-14;4.9;18.4;11;14;2013;318;11.6
2013-11-15;3.1;13.5;11;15;2013;319;8.3
2013-11-16;-0.2;9.6;11;16;2013;320;4.7
2013-11-17;1.8;6.1;11;17;2013;321;4.0
2013-11-18;1.9;11.7;11;18;2013;322;6.8
2013-11-19;3.2;14.9;11;19;2013;323;9.0
2013-11-20;0.5;11.5;11;20;2013;324;6.0
2013-11-21;0.1;11.4;11;21;2013;325;5.8
2013-11-22;1.6;13.3;11;22;2013;326;7.4
2013-11-23;-0.8;12.6;11;23;2013;327;5.9
2013-11-24;-1.0;13.7;11;24;2013;328;6.4
2013-11-25;-1.6;13.9;11;25;2013;329;6.2
2013-11-26;-0.3;12.9;11;26;2013;330;6.3
2013-11-27;-0.2;11.2;11;27;2013;331;5.5
2013-11-28;0.4;9.9;11;28;2013;332;5.2
2013-11-29;-2.8;12.0;11;29;2013;333;4.6
2013-11-30;-2.5;10.2;11;30;2013;334;3.8
2013-12-01;-1.6;13.5;12;1;2013;335;6.0
2013-12-02;-2.7;12.4;12;2;2013;336;4.8
2013-12-03;-3.2;14.5;12;3;2013;337;5.6
2013-12-04;-0.1;16.4;12;4;2013;338;8.2
2013-12-05;-1.3;17.1;12;5;2013;339;7.9
2013-12-06;-2.1;14.9;12;6;2013;340;6.4
2013-12-07;-3.1;15.4;12;7;2013;341;6.2
2013-12-08;-4.6;13.4;12;8;2013;342;4.4
2013-12-09;-2.3;12.4;12;9;2013;343;5.0
2013-12-10;-2.4;7.7;12;10;2013;344;2.6
2013-12-11;0.5;14.8;12;11;2013;345;7.6
2013-12-12;-0.7;12.7;12;12;2013;346;6.0
2013-12-13;-0.6;6.9;12;13;2013;347;3.2
2013-12-14;1.3;14.3;12;14;2013;348;7.8
2013-12-15;0.2;14.0;12;15;2013;349;7.1
2013-12-16;0.2;15.5;12;16;2013;350;7.8
2013-12-17;2.3;11.2;12;17;2013;351;6.8
2013-12-18;3.4;10.0;12;18;2013;352;6.7
2013-12-19;5.3;11.6;12;19;2013;353;8.4
2013-12-20;1.2;11.7;12;20;2013;354;6.4
2013-12-21;-2.3;9.9;12;21;2013;355;3.8
2013-12-22;-0.9;12.2;12;22;2013;356;5.6
2013-12-23;-0.7;12.4;12;23;2013;357;5.8
2013-12-24;3.7;13.2;12;24;2013;358;8.4
2013-12-25;4.3;11.3;12;25;2013;359;7.8
2013-12-26;3.7;10.9;12;26;2013;360;7.3
2013-12-27;7.6;14.8;12;27;2013;361;11.2
2013-12-28;2.9;12.4;12;28;2013;362;7.6
2013-12-29;-0.1;11.0;12;29;2013;363;5.4
2013-12-30;-1.9;9.7;12;30;2013;364;3.9
2013-12-31;3.6;10.2;12;31;2013;365;6.9
2014-01-01;5.3;12.7;1;1;2014;1;9.0
2014-01-02;10.2;13.9;1;2;2014;2;12.0
2014-01-03;10.4;13.0;1;3;2014;3;11.7
2014-01-04;4.6;12.4;1;4;2014;4;8.5
2014-01-05;4.3;10.1;1;5;2014;5;7.2
2014-01-06;6.7;15.4;1;6;2014;6;11.0
2014-01-07;4.5;14.7;1;7;2014;7;9.6
2014-01-08;1.9;14.5;1;8;2014;8;8.2
2014-01-09;1.8;15.9;1;9;2014;9;8.8
2014-01-10;2.7;15.3;1;10;2014;10;9.0
2014-01-11;4.7;12.0;1;11;2014;11;8.4
2014-01-12;-0.7;9.3;1;12;2014;12;4.3
2014-01-13;5.6;11.7;1;13;2014;13;8.6
2014-01-14;6.1;13.0;1;14;2014;14;9.6
2014-01-15;5.5;12.0;1;15;2014;15;8.8
2014-01-16;4.4;10.9;1;16;2014;16;7.6
2014-01-17;4.1;12.8;1;17;2014;17;8.4
2014-01-18;5.6;9.3;1;18;2014;18;7.4
2014-01-19;3.5;8.8;1;19;2014;19;6.2
2014-01-20;3.0;10.6;1;20;2014;20;6.8
2014-01-21;2.3;10.3;1;21;2014;21;6.3
2014-01-22;5.4;13.7;1;22;2014;22;9.6
2014-01-23;2.5;13.2;1;23;2014;23;7.8
2014-01-24;2.4;13.4;1;24;2014;24;7.9
2014-01-25;6.2;17.8;1;25;2014;25;12.0
2014-01-26;5.9;15.6;1;26;2014;26;10.8
2014-01-27;5.4;13.1;1;27;2014;27;9.2
2014-01-28;3.3;9.9;1;28;2014;28;6.6
2014-01-29;4.4;9.9;1;29;2014;29;7.2
2014-01-30;0.8;12.3;1;30;2014;30;6.6
2014-01-31;6.9;13.0;1;31;2014;31;10.0
2014-02-01;2.7;13.2;2;1;2014;32;8.0
2014-02-02;-0.4;11.8;2;2;2014;33;5.7
2014-02-03;-0.3;8.6;2;3;2014;34;4.2
2014-02-04;2.5;10.1;2;4;2014;35;6.3
2014-02-05;8.3;12.7;2;5;2014;36;10.5
2014-02-06;7.2;17.7;2;6;2014;37;12.4
2014-02-07;4.7;10.8;2;7;2014;38;7.8
2014-02-08;5.5;12.8;2;8;2014;39;9.2
2014-02-09;2.7;11.7;2;9;2014;40;7.2
2014-02-10;3.4;10.2;2;10;2014;41;6.8
2014-02-11;3.0;7.1;2;11;2014;42;5.0
2014-02-12;4.5;10.8;2;12;2014;43;7.6
2014-02-13;7.8;17.6;2;13;2014;44;12.7
2014-02-14;11.7;17.8;2;14;2014;45;14.8
2014-02-15;7.0;12.6;2;15;2014;46;9.8
2014-02-16;4.2;12.8;2;16;2014;47;8.5
2014-02-17;0.3;13.4;2;17;2014;48;6.8
2014-02-18;4.7;13.5;2;18;2014;49;9.1
2014-02-19;0.9;15.4;2;19;2014;50;8.2
2014-02-20;2.6;12.0;2;20;2014;51;7.3
2014-02-21;4.8;13.9;2;21;2014;52;9.4
2014-02-22;1.4;12.8;2;22;2014;53;7.1
2014-02-23;0.4;17.8;2;23;2014;54;9.1
2014-02-24;5.9;13.1;2;24;2014;55;9.5
2014-02-25;4.9;12.7;2;25;2014;56;8.8
2014-02-26;4.2;12.8;2;26;2014;57;8.5
2014-02-27;3.6;11.4;2;27;2014;58;7.5
2014-02-28;6.6;14.9;2;28;2014;59;10.8
2014-03-01;6.8;13.7;3;1;2014;60;10.2
2014-03-02;10.7;16.8;3;2;2014;61;13.8
2014-03-03;6.9;12.7;3;3;2014;62;9.8
2014-03-04;4.3;14.4;3;4;2014;63;9.4
2014-03-05;8.0;19.5;3;5;2014;64;13.8
2014-03-06;3.9;21.8;3;6;2014;65;12.8
2014-03-07;5.5;19.9;3;7;2014;66;12.7
2014-03-08;4.2;21.9;3;8;2014;67;13.0
2014-03-09;6.3;19.3;3;9;2014;68;12.8
2014-03-10;2.8;19.0;3;10;2014;69;10.9
2014-03-11;2.6;20.9;3;11;2014;70;11.8
2014-03-12;5.2;18.2;3;12;2014;71;11.7
2014-03-13;3.9;15.2;3;13;2014;72;9.6
2014-03-14;2.5;17.1;3;14;2014;73;9.8
2014-03-15;2.3;20.7;3;15;2014;74;11.5
2014-03-16;4.6;22.9;3;16;2014;75;13.8
2014-03-17;4.1;24.7;3;17;2014;76;14.4
2014-03-18;6.4;24.5;3;18;2014;77;15.4
2014-03-19;9.8;23.3;3;19;2014;78;16.6
2014-03-20;8.7;23.3;3;20;2014;79;16.0
2014-03-21;10.2;20.4;3;21;2014;80;15.3
2014-03-22;7.1;17.3;3;22;2014;81;12.2
2014-03-23;2.4;16.4;3;23;2014;82;9.4
2014-03-24;2.2;15.5;3;24;2014;83;8.8
2014-03-25;4.0;15.2;3;25;2014;84;9.6
2014-03-26;3.7;15.1;3;26;2014;85;9.4
2014-03-27;1.7;15.1;3;27;2014;86;8.4
2014-03-28;4.0;17.1;3;28;2014;87;10.6
2014-03-29;7.7;11.8;3;29;2014;88;9.8
2014-03-30;7.1;15.7;3;30;2014;89;11.4
2014-03-31;8.4;18.4;3;31;2014;90;13.4
2014-04-01;12.3;20.9;4;1;2014;91;16.6
2014-04-02;8.2;15.3;4;2;2014;92;11.8
2014-04-03;6.2;15.2;4;3;2014;93;10.7
2014-04-04;5.7;15.3;4;4;2014;94;10.5
2014-04-05;10.3;21.5;4;5;2014;95;15.9
2014-04-06;11.4;25.0;4;6;2014;96;18.2
2014-04-07;9.9;27.8;4;7;2014;97;18.8
2014-04-08;11.4;27.7;4;8;2014;98;19.6
2014-04-09;12.2;28.6;4;9;2014;99;20.4
2014-04-10;13.5;29.6;4;10;2014;100;21.6
2014-04-11;13.5;27.0;4;11;2014;101;20.2
2014-04-12;10.7;25.7;4;12;2014;102;18.2
2014-04-13;10.2;25.8;4;13;2014;103;18.0
2014-04-14;10.6;27.0;4;14;2014;104;18.8
2014-04-15;11.8;27.6;4;15;2014;105;19.7
2014-04-16;10.8;28.1;4;16;2014;106;19.4
2014-04-17;12.5;29.4;4;17;2014;107;21.0
2014-04-18;11.4;29.5;4;18;2014;108;20.4
2014-04-19;11.4;22.2;4;19;2014;109;16.8
2014-04-20;9.7;20.3;4;20;2014;110;15.0
2014-04-21;10.0;15.2;4;21;2014;111;12.6
2014-04-22;8.3;19.2;4;22;2014;112;13.8
2014-04-23;10.6;21.3;4;23;2014;113;16.0
2014-04-24;7.8;17.4;4;24;2014;114;12.6
2014-04-25;4.8;18.2;4;25;2014;115;11.5
2014-04-26;8.7;18.4;4;26;2014;116;13.6
2014-04-27;7.7;22.2;4;27;2014;117;15.0
2014-04-28;9.7;25.5;4;28;2014;118;17.6
2014-04-29;10.6;26.2;4;29;2014;119;18.4
2014-04-30;12.7;26.7;4;30;2014;120;19.7
2014-05-01;11.1;27.6;5;1;2014;121;19.4
2014-05-02;13.4;26.2;5;2;2014;122;19.8
2014-05-03;7.2;25.2;5;3;2014;123;16.2
2014-05-04;8.1;27.5;5;4;2014;124;17.8
2014-05-05;9.1;30.6;5;5;2014;125;19.8
2014-05-06;12.1;30.4;5;6;2014;126;21.2
2014-05-07;14.9;28.4;5;7;2014;127;21.6
2014-05-08;13.7;30.5;5;8;2014;128;22.1
2014-05-09;15.6;32.1;5;9;2014;129;23.8
2014-05-10;15.3;32.5;5;10;2014;130;23.9
2014-05-11;17.8;31.0;5;11;2014;131;24.4
2014-05-12;11.7;30.6;5;12;2014;132;21.2
2014-05-13;12.6;26.4;5;13;2014;133;19.5
2014-05-14;9.0;27.7;5;14;2014;134;18.4
2014-05-15;12.4;28.7;5;15;2014;135;20.6
2014-05-16;13.8;28.1;5;16;2014;136;21.0
2014-05-17;11.4;27.6;5;17;2014;137;19.5
2014-05-18;11.6;28.3;5;18;2014;138;20.0
2014-05-19;12.3;25.1;5;19;2014;139;18.7
2014-05-20;11.0;20.7;5;20;2014;140;15.8
2014-05-21;8.0;19.8;5;21;2014;141;13.9
2014-05-22;8.0;18.1;5;22;2014;142;13.0
2014-05-23;10.4;21.7;5;23;2014;143;16.0
2014-05-24;9.5;23.9;5;24;2014;144;16.7
2014-05-25;12.4;23.7;5;25;2014;145;18.0
2014-05-26;9.1;24.5;5;26;2014;146;16.8
2014-05-27;13.8;25.0;5;27;2014;147;19.4
2014-05-28;13.5;23.9;5;28;2014;148;18.7
2014-05-29;10.6;26.0;5;29;2014;149;18.3
2014-05-30;12.3;26.7;5;30;2014;150;19.5
2014-05-31;11.8;23.4;5;31;2014;151;17.6
2014-06-01;10.8;27.0;6;1;2014;152;18.9
2014-06-02;12.4;29.1;6;2;2014;153;20.8
2014-06-03;12.9;30.6;6;3;2014;154;21.8
2014-06-04;14.9;28.7;6;4;2014;155;21.8
2014-06-05;13.8;29.2;6;5;2014;156;21.5
2014-06-06;15.5;31.2;6;6;2014;157;23.4
2014-06-07;15.1;27.7;6;7;2014;158;21.4
2014-06-08;13.2;30.9;6;8;2014;159;22.0
2014-06-09;15.4;29.6;6;9;2014;160;22.5
2014-06-10;14.5;30.4;6;10;2014;161;22.4
2014-06-11;17.3;32.5;6;11;2014;162;24.9
2014-06-12;17.2;34.3;6;12;2014;163;25.8
2014-06-13;19.3;36.2;6;13;2014;164;27.8
2014-06-14;19.5;35.9;6;14;2014;165;27.7
2014-06-15;15.0;30.8;6;15;2014;166;22.9
2014-06-16;13.8;28.4;6;16;2014;167;21.1
2014-06-17;13.8;30.4;6;17;2014;168;22.1
2014-06-18;15.7;32.5;6;18;2014;169;24.1
2014-06-19;19.1;33.0;6;19;2014;170;26.0
2014-06-20;20.1;31.7;6;20;2014;171;25.9
2014-06-21;16.9;29.3;6;21;2014;172;23.1
2014-06-22;16.4;29.4;6;22;2014;173;22.9
2014-06-23;16.4;31.2;6;23;2014;174;23.8
2014-06-24;15.5;25.0;6;24;2014;175;20.2
2014-06-25;15.7;29.3;6;25;2014;176;22.5
2014-06-26;17.8;30.5;6;26;2014;177;24.2
2014-06-27;16.7;32.6;6;27;2014;178;24.6
2014-06-28;18.4;31.5;6;28;2014;179;25.0
2014-06-29;16.4;29.8;6;29;2014;180;23.1
2014-06-30;14.1;32.2;6;30;2014;181;23.2
2014-07-01;16.5;28.0;7;1;2014;182;22.2
2014-07-02;13.5;27.9;7;2;2014;183;20.7
2014-07-03;12.7;24.7;7;3;2014;184;18.7
2014-07-04;13.0;30.6;7;4;2014;185;21.8
2014-07-05;17.4;32.7;7;5;2014;186;25.0
2014-07-06;17.5;26.0;7;6;2014;187;21.8
2014-07-07;17.0;29.1;7;7;2014;188;23.0
2014-07-08;15.7;32.5;7;8;2014;189;24.1
2014-07-09;17.2;31.7;7;9;2014;190;24.4
2014-07-10;13.7;30.9;7;10;2014;191;22.3
2014-07-11;15.5;31.8;7;11;2014;192;23.6
2014-07-12;15.9;33.6;7;12;2014;193;24.8
2014-07-13;17.9;35.6;7;13;2014;194;26.8
2014-07-14;21.3;37.2;7;14;2014;195;29.2
2014-07-15;20.9;38.0;7;15;2014;196;29.4
2014-07-16;21.6;40.6;7;16;2014;197;31.1
2014-07-17;22.3;39.9;7;17;2014;198;31.1
2014-07-18;21.6;37.0;7;18;2014;199;29.3
2014-07-19;16.8;24.1;7;19;2014;200;20.4
2014-07-20;14.9;28.7;7;20;2014;201;21.8
2014-07-21;16.1;32.7;7;21;2014;202;24.4
2014-07-22;17.4;36.2;7;22;2014;203;26.8
2014-07-23;18.5;37.6;7;23;2014;204;28.0
2014-07-24;22.1;36.1;7;24;2014;205;29.1
2014-07-25;20.2;35.7;7;25;2014;206;28.0
2014-07-26;19.2;37.2;7;26;2014;207;28.2
2014-07-27;20.4;37.8;7;27;2014;208;29.1
2014-07-28;22.0;36.5;7;28;2014;209;29.2
2014-07-29;19.8;32.1;7;29;2014;210;26.0
2014-07-30;17.2;34.7;7;30;2014;211;26.0
2014-07-31;18.9;36.3;7;31;2014;212;27.6
2014-08-01;20.4;28.7;8;1;2014;213;24.6
2014-08-02;16.5;28.5;8;2;2014;214;22.5
2014-08-03;17.1;31.1;8;3;2014;215;24.1
2014-08-04;18.7;33.6;8;4;2014;216;26.2
2014-08-05;19.7;35.0;8;5;2014;217;27.4
2014-08-06;20.6;35.9;8;6;2014;218;28.2
2014-08-07;21.9;36.6;8;7;2014;219;29.2
2014-08-08;21.6;35.4;8;8;2014;220;28.5
2014-08-09;20.3;34.6;8;9;2014;221;27.4
2014-08-10;19.4;34.1;8;10;2014;222;26.8
2014-08-11;19.7;34.3;8;11;2014;223;27.0
2014-08-12;21.1;35.0;8;12;2014;224;28.0
2014-08-13;19.9;30.8;8;13;2014;225;25.4
2014-08-14;15.8;31.7;8;14;2014;226;23.8
2014-08-15;15.8;34.1;8;15;2014;227;25.0
2014-08-16;18.0;33.3;8;16;2014;228;25.6
2014-08-17;18.8;35.2;8;17;2014;229;27.0
2014-08-18;20.9;35.0;8;18;2014;230;28.0
2014-08-19;21.7;33.9;8;19;2014;231;27.8
2014-08-20;18.4;32.6;8;20;2014;232;25.5
2014-08-21;17.6;32.5;8;21;2014;233;25.0
2014-08-22;18.9;30.8;8;22;2014;234;24.8
2014-08-23;15.8;33.1;8;23;2014;235;24.4
2014-08-24;17.0;34.5;8;24;2014;236;25.8
2014-08-25;18.7;36.5;8;25;2014;237;27.6
2014-08-26;19.3;35.6;8;26;2014;238;27.4
2014-08-27;20.3;36.6;8;27;2014;239;28.4
2014-08-28;20.3;36.2;8;28;2014;240;28.2
2014-08-29;20.8;34.4;8;29;2014;241;27.6
2014-08-30;21.2;35.2;8;30;2014;242;28.2
2014-08-31;21.6;36.1;8;31;2014;243;28.8
2014-09-01;20.3;37.4;9;1;2014;244;28.8
2014-09-02;20.0;39.4;9;2;2014;245;29.7
2014-09-03;22.3;34.7;9;3;2014;246;28.5
2014-09-04;17.6;32.3;9;4;2014;247;25.0
2014-09-05;19.2;33.6;9;5;2014;248;26.4
2014-09-06;20.5;29.4;9;6;2014;249;25.0
2014-09-07;18.3;29.4;9;7;2014;250;23.8
2014-09-08;16.6;30.9;9;8;2014;251;23.8
2014-09-09;16.5;33.1;9;9;2014;252;24.8
2014-09-10;17.1;32.7;9;10;2014;253;24.9
2014-09-11;16.4;28.7;9;11;2014;254;22.6
2014-09-12;17.7;30.7;9;12;2014;255;24.2
2014-09-13;18.9;31.1;9;13;2014;256;25.0
2014-09-14;17.6;30.4;9;14;2014;257;24.0
2014-09-15;14.5;27.9;9;15;2014;258;21.2
2014-09-16;15.3;28.7;9;16;2014;259;22.0
2014-09-17;15.9;27.3;9;17;2014;260;21.6
2014-09-18;15.9;25.2;9;18;2014;261;20.6
2014-09-19;15.3;24.2;9;19;2014;262;19.8
2014-09-20;14.2;27.1;9;20;2014;263;20.6
2014-09-21;14.6;28.8;9;21;2014;264;21.7
2014-09-22;15.3;24.6;9;22;2014;265;20.0
2014-09-23;13.8;24.3;9;23;2014;266;19.0
2014-09-24;13.9;23.2;9;24;2014;267;18.6
2014-09-25;11.2;24.5;9;25;2014;268;17.8
2014-09-26;10.9;26.2;9;26;2014;269;18.6
2014-09-27;15.5;25.3;9;27;2014;270;20.4
2014-09-28;14.7;21.9;9;28;2014;271;18.3
2014-09-29;13.0;25.6;9;29;2014;272;19.3
2014-09-30;12.3;27.8;9;30;2014;273;20.0
2014-10-01;15.4;26.7;10;1;2014;274;21.0
2014-10-02;15.4;27.8;10;2;2014;275;21.6
2014-10-03;15.7;28.6;10;3;2014;276;22.2
2014-10-04;13.9;27.7;10;4;2014;277;20.8
2014-10-05;13.6;26.5;10;5;2014;278;20.0
2014-10-06;13.1;24.6;10;6;2014;279;18.8
2014-10-07;14.9;24.8;10;7;2014;280;19.8
2014-10-08;14.6;26.2;10;8;2014;281;20.4
2014-10-09;15.5;22.7;10;9;2014;282;19.1
2014-10-10;15.1;21.8;10;10;2014;283;18.4
2014-10-11;13.9;23.6;10;11;2014;284;18.8
2014-10-12;13.4;19.9;10;12;2014;285;16.6
2014-10-13;11.6;19.1;10;13;2014;286;15.4
2014-10-14;9.7;17.5;10;14;2014;287;13.6
2014-10-15;11.1;19.8;10;15;2014;288;15.4
2014-10-16;16.7;22.6;10;16;2014;289;19.6
2014-10-17;12.3;25.7;10;17;2014;290;19.0
2014-10-18;12.5;28.9;10;18;2014;291;20.7
2014-10-19;13.9;29.3;10;19;2014;292;21.6
2014-10-20;14.5;28.1;10;20;2014;293;21.3
2014-10-21;11.6;29.8;10;21;2014;294;20.7
2014-10-22;13.9;26.9;10;22;2014;295;20.4
2014-10-23;8.3;26.8;10;23;2014;296;17.6
2014-10-24;11.4;27.9;10;24;2014;297;19.6
2014-10-25;12.1;27.7;10;25;2014;298;19.9
2014-10-26;10.9;27.6;10;26;2014;299;19.2
2014-10-27;8.9;26.1;10;27;2014;300;17.5
2014-10-28;9.6;25.1;10;28;2014;301;17.4
2014-10-29;11.9;26.1;10;29;2014;302;19.0
2014-10-30;8.9;26.7;10;30;2014;303;17.8
2014-10-31;10.7;26.2;10;31;2014;304;18.4
2014-11-01;8.5;23.9;11;1;2014;305;16.2
2014-11-02;7.6;21.8;11;2;2014;306;14.7
2014-11-03;10.2;18.1;11;3;2014;307;14.2
2014-11-04;7.0;13.8;11;4;2014;308;10.4
2014-11-05;4.3;15.0;11;5;2014;309;9.6
2014-11-06;5.2;15.7;11;6;2014;310;10.4
2014-11-07;11.1;19.4;11;7;2014;311;15.2
2014-11-08;9.0;15.3;11;8;2014;312;12.2
2014-11-09;5.7;13.9;11;9;2014;313;9.8
2014-11-10;2.2;14.5;11;10;2014;314;8.4
2014-11-11;7.6;13.3;11;11;2014;315;10.4
2014-11-12;9.4;16.4;11;12;2014;316;12.9
2014-11-13;11.0;19.2;11;13;2014;317;15.1
2014-11-14;8.5;15.5;11;14;2014;318;12.0
2014-11-15;6.0;13.7;11;15;2014;319;9.8
2014-11-16;7.4;12.7;11;16;2014;320;10.0
2014-11-17;6.8;15.4;11;17;2014;321;11.1
2014-11-18;2.4;14.3;11;18;2014;322;8.4
2014-11-19;5.4;17.4;11;19;2014;323;11.4
2014-11-20;9.0;19.0;11;20;2014;324;14.0
2014-11-21;9.5;16.8;11;21;2014;325;13.2
2014-11-22;9.4;17.8;11;22;2014;326;13.6
2014-11-23;12.7;18.7;11;23;2014;327;15.7
2014-11-24;11.4;19.3;11;24;2014;328;15.4
2014-11-25;9.2;17.8;11;25;2014;329;13.5
2014-11-26;8.2;15.1;11;26;2014;330;11.6
2014-11-27;8.0;13.4;11;27;2014;331;10.7
2014-11-28;8.0;10.9;11;28;2014;332;9.4
2014-11-29;6.3;11.9;11;29;2014;333;9.1
2014-11-30;7.5;13.5;11;30;2014;334;10.5
2014-12-01;8.5;16.6;12;1;2014;335;12.6
2014-12-02;4.9;15.4;12;2;2014;336;10.2
2014-12-03;5.2;11.9;12;3;2014;337;8.6
2014-12-04;5.4;12.2;12;4;2014;338;8.8
2014-12-05;4.6;12.9;12;5;2014;339;8.8
2014-12-06;1.8;12.0;12;6;2014;340;6.9
2014-12-07;0.6;12.6;12;7;2014;341;6.6
2014-12-08;-1.1;12.3;12;8;2014;342;5.6
2014-12-09;4.0;11.5;12;9;2014;343;7.8
2014-12-10;0.2;13.9;12;10;2014;344;7.0
2014-12-11;-0.4;14.4;12;11;2014;345;7.0
2014-12-12;-1.1;13.8;12;12;2014;346;6.4
2014-12-13;5.9;13.9;12;13;2014;347;9.9
2014-12-14;7.2;11.2;12;14;2014;348;9.2
2014-12-15;5.3;13.2;12;15;2014;349;9.2
2014-12-16;4.9;15.0;12;16;2014;350;10.0
2014-12-17;3.2;16.0;12;17;2014;351;9.6
2014-12-18;1.9;13.0;12;18;2014;352;7.4
2014-12-19;2.0;6.3;12;19;2014;353;4.2
2014-12-20;0.9;13.6;12;20;2014;354;7.2
2014-12-21;0.8;13.6;12;21;2014;355;7.2
2014-12-22;1.1;13.0;12;22;2014;356;7.0
2014-12-23;-0.4;9.1;12;23;2014;357;4.4
2014-12-24;-1.4;6.1;12;24;2014;358;2.4
2014-12-25;-2.4;12.4;12;25;2014;359;5.0
2014-12-26;0.7;12.9;12;26;2014;360;6.8
2014-12-27;-1.8;9.9;12;27;2014;361;4.0
2014-12-28;0.8;12.4;12;28;2014;362;6.6
2014-12-29;-1.8;10.4;12;29;2014;363;4.3
2014-12-30;-3.4;10.3;12;30;2014;364;3.4
2014-12-31;-5.3;11.3;12;31;2014;365;3.0
2015-01-01;-3.9;12.4;1;1;2015;1;4.2
2015-01-02;-3.6;13.5;1;2;2015;2;5.0
2015-01-03;-2.9;14.1;1;3;2015;3;5.6
2015-01-04;-2.1;16.0;1;4;2015;4;7.0
2015-01-05;-1.4;15.3;1;5;2015;5;7.0
2015-01-06;-2.9;11.6;1;6;2015;6;4.4
2015-01-07;-2.5;11.8;1;7;2015;7;4.6
2015-01-08;-3.2;13.0;1;8;2015;8;4.9
2015-01-09;-2.1;15.9;1;9;2015;9;6.9
2015-01-10;-2.4;15.4;1;10;2015;10;6.5
2015-01-11;-0.6;15.9;1;11;2015;11;7.6
2015-01-12;-0.7;14.8;1;12;2015;12;7.0
2015-01-13;-0.6;14.9;1;13;2015;13;7.2
2015-01-14;1.1;14.0;1;14;2015;14;7.6
2015-01-15;2.7;13.4;1;15;2015;15;8.0
2015-01-16;1.3;10.5;1;16;2015;16;5.9
2015-01-17;-1.3;10.4;1;17;2015;17;4.6
2015-01-18;0.7;4.7;1;18;2015;18;2.7
2015-01-19;1.3;9.4;1;19;2015;19;5.4
2015-01-20;0.2;6.8;1;20;2015;20;3.5
2015-01-21;-1.2;7.2;1;21;2015;21;3.0
2015-01-22;0.7;9.4;1;22;2015;22;5.0
2015-01-23;0.8;10.1;1;23;2015;23;5.4
2015-01-24;-2.0;12.2;1;24;2015;24;5.1
2015-01-25;2.7;16.6;1;25;2015;25;9.6
2015-01-26;1.5;16.6;1;26;2015;26;9.0
2015-01-27;0.6;14.6;1;27;2015;27;7.6
2015-01-28;1.0;15.8;1;28;2015;28;8.4
2015-01-29;1.4;13.9;1;29;2015;29;7.6
2015-01-30;11.7;15.9;1;30;2015;30;13.8
2015-01-31;3.0;13.4;1;31;2015;31;8.2
2015-02-01;0.5;9.7;2;1;2015;32;5.1
2015-02-02;3.7;8.3;2;2;2015;33;6.0
2015-02-03;4.0;11.0;2;3;2015;34;7.5
2015-02-04;0.2;6.0;2;4;2015;35;3.1
2015-02-05;0.3;6.9;2;5;2015;36;3.6
2015-02-06;-1.6;7.4;2;6;2015;37;2.9
2015-02-07;-3.7;6.1;2;7;2015;38;1.2
2015-02-08;-4.2;10.6;2;8;2015;39;3.2
2015-02-09;-2.9;11.1;2;9;2015;40;4.1
2015-02-10;-0.4;12.6;2;10;2015;41;6.1
2015-02-11;3.9;12.7;2;11;2015;42;8.3
2015-02-12;2.2;13.3;2;12;2015;43;7.8
2015-02-13;-1.3;13.7;2;13;2015;44;6.2
2015-02-14;7.3;13.4;2;14;2015;45;10.4
2015-02-15;7.8;15.7;2;15;2015;46;11.8
2015-02-16;4.6;14.0;2;16;2015;47;9.3
2015-02-17;3.7;12.6;2;17;2015;48;8.2
2015-02-18;3.6;13.0;2;18;2015;49;8.3
2015-02-19;1.8;13.4;2;19;2015;50;7.6
2015-02-20;-0.4;12.6;2;20;2015;51;6.1
2015-02-21;5.9;14.3;2;21;2015;52;10.1
2015-02-22;5.8;15.6;2;22;2015;53;10.7
2015-02-23;6.4;15.2;2;23;2015;54;10.8
2015-02-24;3.3;13.3;2;24;2015;55;8.3
2015-02-25;3.2;15.9;2;25;2015;56;9.6
2015-02-26;6.0;13.8;2;26;2015;57;9.9
2015-02-27;4.4;15.6;2;27;2015;58;10.0
2015-02-28;3.4;17.8;2;28;2015;59;10.6
2015-03-01;7.3;19.0;3;1;2015;60;13.2
2015-03-02;8.5;19.2;3;2;2015;61;13.8
2015-03-03;8.3;19.6;3;3;2015;62;14.0
2015-03-04;5.0;18.2;3;4;2015;63;11.6
2015-03-05;-1.0;15.5;3;5;2015;64;7.2
2015-03-06;-0.8;20.5;3;6;2015;65;9.8
2015-03-07;2.9;22.5;3;7;2015;66;12.7
2015-03-08;1.7;24.0;3;8;2015;67;12.8
2015-03-09;2.6;23.9;3;9;2015;68;13.2
2015-03-10;2.6;23.6;3;10;2015;69;13.1
2015-03-11;3.7;23.2;3;11;2015;70;13.4
2015-03-12;3.8;22.5;3;12;2015;71;13.2
2015-03-13;6.3;19.6;3;13;2015;72;13.0
2015-03-14;4.8;14.8;3;14;2015;73;9.8
2015-03-15;0.0;13.3;3;15;2015;74;6.6
2015-03-16;0.2;14.8;3;16;2015;75;7.5
2015-03-17;3.6;15.2;3;17;2015;76;9.4
2015-03-18;4.4;9.1;3;18;2015;77;6.8
2015-03-19;6.9;12.7;3;19;2015;78;9.8
2015-03-20;7.5;13.9;3;20;2015;79;10.7
2015-03-21;7.8;12.2;3;21;2015;80;10.0
2015-03-22;8.1;14.1;3;22;2015;81;11.1
2015-03-23;6.0;11.5;3;23;2015;82;8.8
2015-03-24;6.0;13.8;3;24;2015;83;9.9
2015-03-25;1.7;11.2;3;25;2015;84;6.4
2015-03-26;2.1;16.3;3;26;2015;85;9.2
2015-03-27;8.7;22.0;3;27;2015;86;15.4
2015-03-28;7.4;25.3;3;28;2015;87;16.4
2015-03-29;10.1;23.7;3;29;2015;88;16.9
2015-03-30;9.1;26.0;3;30;2015;89;17.6
2015-03-31;12.2;27.6;3;31;2015;90;19.9
2015-04-01;8.0;23.5;4;1;2015;91;15.8
2015-04-02;6.3;23.7;4;2;2015;92;15.0
2015-04-03;7.4;24.7;4;3;2015;93;16.0
2015-04-04;9.0;24.6;4;4;2015;94;16.8
2015-04-05;6.1;24.8;4;5;2015;95;15.4
2015-04-06;9.6;21.6;4;6;2015;96;15.6
2015-04-07;6.4;17.9;4;7;2015;97;12.2
2015-04-08;7.1;18.1;4;8;2015;98;12.6
2015-04-09;7.1;12.3;4;9;2015;99;9.7
2015-04-10;7.5;17.5;4;10;2015;100;12.5
2015-04-11;7.6;21.6;4;11;2015;101;14.6
2015-04-12;8.5;22.2;4;12;2015;102;15.4
2015-04-13;10.0;23.8;4;13;2015;103;16.9
2015-04-14;11.1;24.6;4;14;2015;104;17.8
2015-04-15;11.1;21.1;4;15;2015;105;16.1
2015-04-16;10.8;18.6;4;16;2015;106;14.7
2015-04-17;9.8;21.4;4;17;2015;107;15.6
2015-04-18;8.9;19.0;4;18;2015;108;14.0
2015-04-19;6.1;19.4;4;19;2015;109;12.8
2015-04-20;5.5;23.5;4;20;2015;110;14.5
2015-04-21;10.4;22.8;4;21;2015;111;16.6
2015-04-22;11.3;22.6;4;22;2015;112;17.0
2015-04-23;9.3;25.4;4;23;2015;113;17.4
2015-04-24;11.8;23.4;4;24;2015;114;17.6
2015-04-25;10.6;19.6;4;25;2015;115;15.1
2015-04-26;9.6;17.9;4;26;2015;116;13.8
2015-04-27;8.3;17.7;4;27;2015;117;13.0
2015-04-28;8.5;21.2;4;28;2015;118;14.8
2015-04-29;10.8;21.1;4;29;2015;119;16.0
2015-04-30;10.7;24.1;4;30;2015;120;17.4
2015-05-01;14.6;24.5;5;1;2015;121;19.6
2015-05-02;14.4;28.7;5;2;2015;122;21.6
2015-05-03;16.4;25.5;5;3;2015;123;21.0
2015-05-04;14.5;26.0;5;4;2015;124;20.2
2015-05-05;10.7;21.3;5;5;2015;125;16.0
2015-05-06;7.6;24.5;5;6;2015;126;16.0
2015-05-07;8.2;30.8;5;7;2015;127;19.5
2015-05-08;13.2;24.4;5;8;2015;128;18.8
2015-05-09;12.7;29.1;5;9;2015;129;20.9
2015-05-10;14.4;33.0;5;10;2015;130;23.7
2015-05-11;16.3;34.3;5;11;2015;131;25.3
2015-05-12;14.6;35.4;5;12;2015;132;25.0
2015-05-13;16.9;37.7;5;13;2015;133;27.3
2015-05-14;16.4;32.4;5;14;2015;134;24.4
2015-05-15;11.3;26.4;5;15;2015;135;18.8
2015-05-16;9.7;29.2;5;16;2015;136;19.4
2015-05-17;13.1;31.5;5;17;2015;137;22.3
2015-05-18;14.8;32.7;5;18;2015;138;23.8
2015-05-19;11.2;26.6;5;19;2015;139;18.9
2015-05-20;6.8;23.5;5;20;2015;140;15.2
2015-05-21;8.7;23.9;5;21;2015;141;16.3
2015-05-22;8.0;24.2;5;22;2015;142;16.1
2015-05-23;10.0;25.5;5;23;2015;143;17.8
2015-05-24;10.9;27.0;5;24;2015;144;19.0
2015-05-25;13.9;27.4;5;25;2015;145;20.6
2015-05-26;12.6;29.7;5;26;2015;146;21.2
2015-05-27;11.8;30.9;5;27;2015;147;21.4
2015-05-28;15.4;33.4;5;28;2015;148;24.4
2015-05-29;15.6;31.4;5;29;2015;149;23.5
2015-05-30;13.4;30.7;5;30;2015;150;22.0
2015-05-31;13.9;32.4;5;31;2015;151;23.2
2015-06-01;14.6;32.3;6;1;2015;152;23.4
2015-06-02;18.3;33.9;6;2;2015;153;26.1
2015-06-03;18.6;34.9;6;3;2015;154;26.8
2015-06-04;17.7;32.7;6;4;2015;155;25.2
2015-06-05;17.1;33.7;6;5;2015;156;25.4
2015-06-06;17.9;34.9;6;6;2015;157;26.4
2015-06-07;18.3;34.7;6;7;2015;158;26.5
2015-06-08;17.4;34.3;6;8;2015;159;25.8
2015-06-09;17.3;33.6;6;9;2015;160;25.4
2015-06-10;16.9;30.1;6;10;2015;161;23.5
2015-06-11;14.6;24.6;6;11;2015;162;19.6
2015-06-12;13.5;24.3;6;12;2015;163;18.9
2015-06-13;13.9;23.2;6;13;2015;164;18.6
2015-06-14;11.5;23.3;6;14;2015;165;17.4
2015-06-15;11.5;21.7;6;15;2015;166;16.6
2015-06-16;11.2;27.3;6;16;2015;167;19.2
2015-06-17;13.7;29.5;6;17;2015;168;21.6
2015-06-18;14.4;32.0;6;18;2015;169;23.2
2015-06-19;16.2;34.6;6;19;2015;170;25.4
2015-06-20;17.9;35.9;6;20;2015;171;26.9
2015-06-21;19.0;37.2;6;21;2015;172;28.1
2015-06-22;22.5;34.9;6;22;2015;173;28.7
2015-06-23;19.3;31.4;6;23;2015;174;25.4
2015-06-24;16.2;32.8;6;24;2015;175;24.5
2015-06-25;17.3;34.9;6;25;2015;176;26.1
2015-06-26;18.9;37.2;6;26;2015;177;28.0
2015-06-27;21.6;39.2;6;27;2015;178;30.4
2015-06-28;22.6;40.7;6;28;2015;179;31.6
2015-06-29;21.9;42.0;6;29;2015;180;32.0
2015-06-30;23.7;40.8;6;30;2015;181;32.2
2015-07-01;22.9;38.8;7;1;2015;182;30.8
2015-07-02;20.5;36.8;7;2;2015;183;28.6
2015-07-03;21.6;39.2;7;3;2015;184;30.4
2015-07-04;21.4;39.5;7;4;2015;185;30.4
2015-07-05;22.5;39.9;7;5;2015;186;31.2
2015-07-06;22.0;42.8;7;6;2015;187;32.4
2015-07-07;25.4;40.8;7;7;2015;188;33.1
2015-07-08;22.9;40.0;7;8;2015;189;31.4
2015-07-09;20.8;40.9;7;9;2015;190;30.8
2015-07-10;24.2;38.1;7;10;2015;191;31.2
2015-07-11;21.1;37.9;7;11;2015;192;29.5
2015-07-12;21.8;38.8;7;12;2015;193;30.3
2015-07-13;22.3;40.2;7;13;2015;194;31.2
2015-07-14;21.7;41.4;7;14;2015;195;31.6
2015-07-15;22.0;41.4;7;15;2015;196;31.7
2015-07-16;23.8;40.7;7;16;2015;197;32.2
2015-07-17;24.4;37.5;7;17;2015;198;31.0
2015-07-18;21.4;35.4;7;18;2015;199;28.4
2015-07-19;22.4;35.8;7;19;2015;200;29.1
2015-07-20;23.0;39.0;7;20;2015;201;31.0
2015-07-21;24.9;38.4;7;21;2015;202;31.6
2015-07-22;23.6;37.4;7;22;2015;203;30.5
2015-07-23;21.4;38.6;7;23;2015;204;30.0
2015-07-24;21.5;34.7;7;24;2015;205;28.1
2015-07-25;20.8;35.8;7;25;2015;206;28.3
2015-07-26;20.9;37.9;7;26;2015;207;29.4
2015-07-27;22.8;38.6;7;27;2015;208;30.7
2015-07-28;23.2;39.3;7;28;2015;209;31.2
2015-07-29;23.5;37.9;7;29;2015;210;30.7
2015-07-30;22.5;35.7;7;30;2015;211;29.1
2015-07-31;18.3;33.1;7;31;2015;212;25.7
2015-08-01;17.0;34.1;8;1;2015;213;25.6
2015-08-02;20.4;38.5;8;2;2015;214;29.4
2015-08-03;22.6;38.7;8;3;2015;215;30.6
2015-08-04;23.0;37.4;8;4;2015;216;30.2
2015-08-05;22.0;39.0;8;5;2015;217;30.5
2015-08-06;19.5;39.2;8;6;2015;218;29.4
2015-08-07;22.0;37.7;8;7;2015;219;29.8
2015-08-08;23.6;36.3;8;8;2015;220;30.0
2015-08-09;17.6;37.0;8;9;2015;221;27.3
2015-08-10;19.1;37.7;8;10;2015;222;28.4
2015-08-11;24.7;35.3;8;11;2015;223;30.0
2015-08-12;21.5;35.0;8;12;2015;224;28.2
2015-08-13;16.5;28.8;8;13;2015;225;22.6
2015-08-14;15.5;28.7;8;14;2015;226;22.1
2015-08-15;17.9;29.8;8;15;2015;227;23.8
2015-08-16;15.9;32.2;8;16;2015;228;24.0
2015-08-17;20.6;32.5;8;17;2015;229;26.6
2015-08-18;18.5;34.2;8;18;2015;230;26.4
2015-08-19;20.7;34.7;8;19;2015;231;27.7
2015-08-20;21.2;37.1;8;20;2015;232;29.2
2015-08-21;21.9;35.8;8;21;2015;233;28.8
2015-08-22;19.3;32.8;8;22;2015;234;26.0
2015-08-23;18.4;26.3;8;23;2015;235;22.4
2015-08-24;15.1;25.7;8;24;2015;236;20.4
2015-08-25;13.0;31.8;8;25;2015;237;22.4
2015-08-26;17.8;34.6;8;26;2015;238;26.2
2015-08-27;19.7;33.4;8;27;2015;239;26.6
2015-08-28;18.7;37.4;8;28;2015;240;28.0
2015-08-29;21.8;37.3;8;29;2015;241;29.6
2015-08-30;21.4;37.2;8;30;2015;242;29.3
2015-08-31;18.5;30.1;8;31;2015;243;24.3
2015-09-01;17.7;31.6;9;1;2015;244;24.6
2015-09-02;17.6;32.9;9;2;2015;245;25.2
2015-09-03;16.3;27.4;9;3;2015;246;21.8
2015-09-04;17.0;28.1;9;4;2015;247;22.6
2015-09-05;14.6;28.3;9;5;2015;248;21.4
2015-09-06;17.6;29.1;9;6;2015;249;23.4
2015-09-07;16.0;26.1;9;7;2015;250;21.0
2015-09-08;12.8;30.5;9;8;2015;251;21.6
2015-09-09;14.2;30.5;9;9;2015;252;22.4
2015-09-10;18.2;30.0;9;10;2015;253;24.1
2015-09-11;16.8;32.3;9;11;2015;254;24.6
2015-09-12;18.9;30.7;9;12;2015;255;24.8
2015-09-13;17.0;25.9;9;13;2015;256;21.4
2015-09-14;14.1;25.0;9;14;2015;257;19.6
2015-09-15;15.1;21.3;9;15;2015;258;18.2
2015-09-16;15.1;24.9;9;16;2015;259;20.0
2015-09-17;10.3;21.6;9;17;2015;260;16.0
2015-09-18;9.5;24.9;9;18;2015;261;17.2
2015-09-19;12.9;28.2;9;19;2015;262;20.6
2015-09-20;11.2;29.9;9;20;2015;263;20.6
2015-09-21;13.0;30.9;9;21;2015;264;22.0
2015-09-22;14.9;29.3;9;22;2015;265;22.1
2015-09-23;14.8;28.3;9;23;2015;266;21.6
2015-09-24;11.9;28.6;9;24;2015;267;20.2
2015-09-25;11.4;31.1;9;25;2015;268;21.2
2015-09-26;13.9;31.4;9;26;2015;269;22.6
2015-09-27;15.4;31.1;9;27;2015;270;23.2
2015-09-28;13.7;26.6;9;28;2015;271;20.2
2015-09-29;11.5;25.3;9;29;2015;272;18.4
2015-09-30;12.4;25.5;9;30;2015;273;19.0
2015-10-01;11.0;26.9;10;1;2015;274;19.0
2015-10-02;13.4;26.7;10;2;2015;275;20.0
2015-10-03;16.7;26.7;10;3;2015;276;21.7
2015-10-04;18.6;24.3;10;4;2015;277;21.4
2015-10-05;16.9;25.2;10;5;2015;278;21.0
2015-10-06;14.2;22.2;10;6;2015;279;18.2
2015-10-07;11.0;22.6;10;7;2015;280;16.8
2015-10-08;9.0;24.2;10;8;2015;281;16.6
2015-10-09;10.6;25.0;10;9;2015;282;17.8
2015-10-10;9.6;24.1;10;10;2015;283;16.8
2015-10-11;14.3;23.9;10;11;2015;284;19.1
2015-10-12;16.1;23.2;10;12;2015;285;19.6
2015-10-13;9.9;22.0;10;13;2015;286;16.0
2015-10-14;6.8;20.1;10;14;2015;287;13.4
2015-10-15;4.4;22.5;10;15;2015;288;13.4
2015-10-16;7.7;24.7;10;16;2015;289;16.2
2015-10-17;12.1;24.5;10;17;2015;290;18.3
2015-10-18;14.2;21.0;10;18;2015;291;17.6
2015-10-19;14.7;22.5;10;19;2015;292;18.6
2015-10-20;10.6;21.8;10;20;2015;293;16.2
2015-10-21;7.0;17.9;10;21;2015;294;12.4
2015-10-22;4.8;22.1;10;22;2015;295;13.4
2015-10-23;7.6;21.8;10;23;2015;296;14.7
2015-10-24;10.1;21.8;10;24;2015;297;16.0
2015-10-25;10.5;23.5;10;25;2015;298;17.0
2015-10-26;13.5;18.2;10;26;2015;299;15.8
2015-10-27;10.2;17.0;10;27;2015;300;13.6
2015-10-28;9.9;17.5;10;28;2015;301;13.7
2015-10-29;11.9;20.2;10;29;2015;302;16.0
2015-10-30;8.8;23.5;10;30;2015;303;16.2
2015-10-31;12.2;23.7;10;31;2015;304;18.0
2015-11-01;12.1;18.8;11;1;2015;305;15.4
2015-11-02;11.1;16.6;11;2;2015;306;13.8
2015-11-03;10.6;16.3;11;3;2015;307;13.4
2015-11-04;10.8;18.8;11;4;2015;308;14.8
2015-11-05;12.1;20.1;11;5;2015;309;16.1
2015-11-06;10.3;22.5;11;6;2015;310;16.4
2015-11-07;10.7;24.2;11;7;2015;311;17.4
2015-11-08;10.3;24.3;11;8;2015;312;17.3
2015-11-09;7.9;22.7;11;9;2015;313;15.3
2015-11-10;5.4;23.1;11;10;2015;314;14.2
2015-11-11;4.3;22.5;11;11;2015;315;13.4
2015-11-12;4.7;22.3;11;12;2015;316;13.5
2015-11-13;4.2;22.1;11;13;2015;317;13.2
2015-11-14;5.7;18.9;11;14;2015;318;12.3
2015-11-15;3.9;20.6;11;15;2015;319;12.2
2015-11-16;3.4;18.7;11;16;2015;320;11.0
2015-11-17;3.5;16.5;11;17;2015;321;10.0
2015-11-18;1.2;19.1;11;18;2015;322;10.2
2015-11-19;4.3;21.6;11;19;2015;323;13.0
2015-11-20;5.2;19.3;11;20;2015;324;12.2
2015-11-21;4.7;15.7;11;21;2015;325;10.2
2015-11-22;1.7;10.0;11;22;2015;326;5.8
2015-11-23;0.6;12.3;11;23;2015;327;6.4
2015-11-24;0.7;13.4;11;24;2015;328;7.0
2015-11-25;6.4;16.3;11;25;2015;329;11.4
2015-11-26;6.8;17.9;11;26;2015;330;12.4
2015-11-27;7.0;18.3;11;27;2015;331;12.6
2015-11-28;2.7;17.8;11;28;2015;332;10.2
2015-11-29;-0.8;15.1;11;29;2015;333;7.2
2015-11-30;-2.5;16.9;11;30;2015;334;7.2
2015-12-01;-1.6;15.8;12;1;2015;335;7.1
2015-12-02;1.0;16.9;12;2;2015;336;9.0
2015-12-03;1.4;18.7;12;3;2015;337;10.0
2015-12-04;1.9;17.5;12;4;2015;338;9.7
2015-12-05;3.9;20.9;12;5;2015;339;12.4
2015-12-06;1.8;16.5;12;6;2015;340;9.2
2015-12-07;4.2;13.8;12;7;2015;341;9.0
2015-12-08;5.6;15.9;12;8;2015;342;10.8
2015-12-09;3.7;16.1;12;9;2015;343;9.9
2015-12-10;4.5;14.9;12;10;2015;344;9.7
2015-12-11;5.6;14.3;12;11;2015;345;10.0
2015-12-12;2.5;12.1;12;12;2015;346;7.3
2015-12-13;2.3;14.8;12;13;2015;347;8.6
2015-12-14;8.3;16.7;12;14;2015;348;12.5
2015-12-15;7.6;19.2;12;15;2015;349;13.4
2015-12-16;3.4;14.3;12;16;2015;350;8.8
2015-12-17;2.7;16.3;12;17;2015;351;9.5
2015-12-18;4.2;18.9;12;18;2015;352;11.6
2015-12-19;1.8;18.5;12;19;2015;353;10.2
2015-12-20;1.8;14.6;12;20;2015;354;8.2
2015-12-21;3.5;13.8;12;21;2015;355;8.6
2015-12-22;0.8;17.0;12;22;2015;356;8.9
2015-12-23;0.0;15.1;12;23;2015;357;7.6
2015-12-24;1.7;13.9;12;24;2015;358;7.8
2015-12-25;0.1;13.0;12;25;2015;359;6.6
2015-12-26;1.8;13.4;12;26;2015;360;7.6
2015-12-27;1.1;15.4;12;27;2015;361;8.2
2015-12-28;7.0;15.9;12;28;2015;362;11.4
2015-12-29;6.4;12.4;12;29;2015;363;9.4
2015-12-30;5.0;14.2;12;30;2015;364;9.6
2015-12-31;8.5;12.8;12;31;2015;365;10.6
2016-01-01;8.3;17.9;1;1;2016;1;13.1
2016-01-02;5.5;13.0;1;2;2016;2;9.2
2016-01-03;5.4;14.2;1;3;2016;3;9.8
2016-01-04;6.9;15.8;1;4;2016;4;11.4
2016-01-05;3.1;10.4;1;5;2016;5;6.8
2016-01-06;2.4;11.3;1;6;2016;6;6.8
2016-01-07;11.1;17.2;1;7;2016;7;14.2
2016-01-08;12.1;16.1;1;8;2016;8;14.1
2016-01-09;10.2;13.7;1;9;2016;9;12.0
2016-01-10;10.6;15.7;1;10;2016;10;13.2
2016-01-11;6.6;14.2;1;11;2016;11;10.4
2016-01-12;2.6;11.6;1;12;2016;12;7.1
2016-01-13;1.0;13.2;1;13;2016;13;7.1
2016-01-14;2.9;10.9;1;14;2016;14;6.9
2016-01-15;1.8;12.0;1;15;2016;15;6.9
2016-01-16;-0.6;10.7;1;16;2016;16;5.0
2016-01-17;-3.0;8.6;1;17;2016;17;2.8
2016-01-18;2.8;11.3;1;18;2016;18;7.0
2016-01-19;2.3;10.1;1;19;2016;19;6.2
2016-01-20;2.2;10.7;1;20;2016;20;6.4
2016-01-21;2.4;11.2;1;21;2016;21;6.8
2016-01-22;8.7;14.9;1;22;2016;22;11.8
2016-01-23;8.8;16.6;1;23;2016;23;12.7
2016-01-24;4.8;20.7;1;24;2016;24;12.8
2016-01-25;5.8;17.4;1;25;2016;25;11.6
2016-01-26;7.1;14.8;1;26;2016;26;11.0
2016-01-27;6.3;13.2;1;27;2016;27;9.8
2016-01-28;6.6;9.6;1;28;2016;28;8.1
2016-01-29;7.1;12.2;1;29;2016;29;9.6
2016-01-30;4.0;14.2;1;30;2016;30;9.1
2016-01-31;5.2;17.3;1;31;2016;31;11.2
2016-02-01;3.1;18.1;2;1;2016;32;10.6
2016-02-02;2.9;15.6;2;2;2016;33;9.2
2016-02-03;4.8;16.7;2;3;2016;34;10.8
2016-02-04;1.7;14.2;2;4;2016;35;8.0
2016-02-05;0.2;12.0;2;5;2016;36;6.1
2016-02-06;1.1;14.0;2;6;2016;37;7.6
2016-02-07;6.0;12.0;2;7;2016;38;9.0
2016-02-08;7.4;12.0;2;8;2016;39;9.7
2016-02-09;10.5;14.0;2;9;2016;40;12.2
2016-02-10;10.1;17.2;2;10;2016;41;13.6
2016-02-11;11.6;17.4;2;11;2016;42;14.5
2016-02-12;9.9;15.4;2;12;2016;43;12.6
2016-02-13;13.0;16.2;2;13;2016;44;14.6
2016-02-14;3.9;13.3;2;14;2016;45;8.6
2016-02-15;1.8;12.3;2;15;2016;46;7.0
2016-02-16;-1.6;11.0;2;16;2016;47;4.7
2016-02-17;-2.9;11.1;2;17;2016;48;4.1
2016-02-18;4.4;11.2;2;18;2016;49;7.8
2016-02-19;1.1;13.2;2;19;2016;50;7.2
2016-02-20;-0.7;16.4;2;20;2016;51;7.8
2016-02-21;0.7;16.1;2;21;2016;52;8.4
2016-02-22;2.2;17.6;2;22;2016;53;9.9
2016-02-23;3.5;17.3;2;23;2016;54;10.4
2016-02-24;3.2;13.8;2;24;2016;55;8.5
2016-02-25;6.8;15.3;2;25;2016;56;11.0
2016-02-26;3.3;10.7;2;26;2016;57;7.0
2016-02-27;3.0;11.1;2;27;2016;58;7.0
2016-02-28;3.9;11.9;2;28;2016;59;7.9
2016-02-29;4.1;14.2;2;29;2016;60;9.2
2016-03-01;0.1;18.5;3;1;2016;61;9.3
2016-03-02;1.8;20.6;3;2;2016;62;11.2
2016-03-03;6.0;17.8;3;3;2016;63;11.9
2016-03-04;1.5;18.4;3;4;2016;64;10.0
2016-03-05;2.3;13.2;3;5;2016;65;7.8
2016-03-06;0.3;13.9;3;6;2016;66;7.1
2016-03-07;2.7;12.3;3;7;2016;67;7.5
2016-03-08;2.0;14.6;3;8;2016;68;8.3
2016-03-09;1.7;15.0;3;9;2016;69;8.4
2016-03-10;3.2;14.0;3;10;2016;70;8.6
2016-03-11;1.1;15.5;3;11;2016;71;8.3
2016-03-12;-0.8;15.6;3;12;2016;72;7.4
2016-03-13;-0.7;17.2;3;13;2016;73;8.2
2016-03-14;1.4;16.4;3;14;2016;74;8.9
2016-03-15;0.4;17.9;3;15;2016;75;9.2
2016-03-16;4.0;17.6;3;16;2016;76;10.8
2016-03-17;2.0;18.9;3;17;2016;77;10.4
2016-03-18;4.9;16.6;3;18;2016;78;10.8
2016-03-19;6.6;14.8;3;19;2016;79;10.7
2016-03-20;3.6;15.3;3;20;2016;80;9.4
2016-03-21;4.1;16.3;3;21;2016;81;10.2
2016-03-22;6.5;15.2;3;22;2016;82;10.8
2016-03-23;5.6;15.4;3;23;2016;83;10.5
2016-03-24;1.2;20.0;3;24;2016;84;10.6
2016-03-25;4.9;19.3;3;25;2016;85;12.1
2016-03-26;6.4;18.0;3;26;2016;86;12.2
2016-03-27;8.3;16.6;3;27;2016;87;12.4
2016-03-28;8.2;16.0;3;28;2016;88;12.1
2016-03-29;9.0;20.5;3;29;2016;89;14.8
2016-03-30;5.7;25.7;3;30;2016;90;15.7
2016-03-31;4.9;12.4;3;31;2016;91;8.6
2016-04-01;0.8;16.1;4;1;2016;92;8.4
2016-04-02;1.0;20.1;4;2;2016;93;10.6
2016-04-03;8.2;15.5;4;3;2016;94;11.8
2016-04-04;7.9;12.0;4;4;2016;95;10.0
2016-04-05;6.9;17.4;4;5;2016;96;12.2
2016-04-06;4.2;20.7;4;6;2016;97;12.4
2016-04-07;5.1;21.8;4;7;2016;98;13.4
2016-04-08;5.3;16.1;4;8;2016;99;10.7
2016-04-09;3.6;19.2;4;9;2016;100;11.4
2016-04-10;6.5;16.0;4;10;2016;101;11.2
2016-04-11;6.0;17.1;4;11;2016;102;11.6
2016-04-12;8.6;15.9;4;12;2016;103;12.2
2016-04-13;7.7;17.3;4;13;2016;104;12.5
2016-04-14;8.9;21.7;4;14;2016;105;15.3
2016-04-15;9.9;20.7;4;15;2016;106;15.3
2016-04-16;10.8;18.7;4;16;2016;107;14.8
2016-04-17;8.8;18.0;4;17;2016;108;13.4
2016-04-18;5.8;23.9;4;18;2016;109;14.8
2016-04-19;10.9;15.3;4;19;2016;110;13.1
2016-04-20;8.7;17.5;4;20;2016;111;13.1
2016-04-21;7.8;19.2;4;21;2016;112;13.5
2016-04-22;10.5;18.9;4;22;2016;113;14.7
2016-04-23;8.4;21.1;4;23;2016;114;14.8
2016-04-24;6.5;21.6;4;24;2016;115;14.0
2016-04-25;6.0;22.1;4;25;2016;116;14.0
2016-04-26;7.1;23.7;4;26;2016;117;15.4
2016-04-27;12.0;24.3;4;27;2016;118;18.2
2016-04-28;10.4;21.8;4;28;2016;119;16.1
2016-04-29;10.5;21.3;4;29;2016;120;15.9
2016-04-30;9.2;21.7;4;30;2016;121;15.4
2016-05-01;3.8;19.4;5;1;2016;122;11.6
2016-05-02;3.9;25.0;5;2;2016;123;14.4
2016-05-03;7.7;28.0;5;3;2016;124;17.8
2016-05-04;9.7;30.2;5;4;2016;125;20.0
2016-05-05;13.3;19.9;5;5;2016;126;16.6
2016-05-06;11.4;19.4;5;6;2016;127;15.4
2016-05-07;10.5;18.9;5;7;2016;128;14.7
2016-05-08;9.6;15.8;5;8;2016;129;12.7
2016-05-09;10.5;17.2;5;9;2016;130;13.8
2016-05-10;8.2;15.2;5;10;2016;131;11.7
2016-05-11;6.9;18.3;5;11;2016;132;12.6
2016-05-12;8.7;16.2;5;12;2016;133;12.4
2016-05-13;8.6;18.1;5;13;2016;134;13.4
2016-05-14;8.1;20.3;5;14;2016;135;14.2
2016-05-15;12.4;23.5;5;15;2016;136;18.0
2016-05-16;10.3;24.9;5;16;2016;137;17.6
2016-05-17;10.1;26.1;5;17;2016;138;18.1
2016-05-18;12.8;27.0;5;18;2016;139;19.9
2016-05-19;13.5;27.3;5;19;2016;140;20.4
2016-05-20;11.8;30.0;5;20;2016;141;20.9
2016-05-21;14.7;31.0;5;21;2016;142;22.8
2016-05-22;12.7;24.1;5;22;2016;143;18.4
2016-05-23;8.8;25.9;5;23;2016;144;17.4
2016-05-24;12.2;28.2;5;24;2016;145;20.2
2016-05-25;14.1;22.8;5;25;2016;146;18.4
2016-05-26;13.4;26.4;5;26;2016;147;19.9
2016-05-27;13.1;26.6;5;27;2016;148;19.8
2016-05-28;11.7;21.9;5;28;2016;149;16.8
2016-05-29;11.3;21.5;5;29;2016;150;16.4
2016-05-30;10.5;24.0;5;30;2016;151;17.2
2016-05-31;10.0;26.2;5;31;2016;152;18.1
2016-06-01;9.8;28.6;6;1;2016;153;19.2
2016-06-02;11.0;30.5;6;2;2016;154;20.8
2016-06-03;15.3;30.7;6;3;2016;155;23.0
2016-06-04;13.8;27.5;6;4;2016;156;20.6
2016-06-05;13.1;30.6;6;5;2016;157;21.8
2016-06-06;15.9;31.5;6;6;2016;158;23.7
2016-06-07;16.4;34.5;6;7;2016;159;25.4
2016-06-08;16.4;35.9;6;8;2016;160;26.2
2016-06-09;18.9;36.4;6;9;2016;161;27.6
2016-06-10;18.8;30.5;6;10;2016;162;24.6
2016-06-11;16.9;32.0;6;11;2016;163;24.4
2016-06-12;18.2;33.1;6;12;2016;164;25.6
2016-06-13;19.3;33.7;6;13;2016;165;26.5
2016-06-14;15.4;30.3;6;14;2016;166;22.8
2016-06-15;13.7;21.5;6;15;2016;167;17.6
2016-06-16;10.9;22.4;6;16;2016;168;16.6
2016-06-17;10.2;25.2;6;17;2016;169;17.7
2016-06-18;13.1;27.2;6;18;2016;170;20.2
2016-06-19;11.0;30.5;6;19;2016;171;20.8
2016-06-20;15.6;34.0;6;20;2016;172;24.8
2016-06-21;18.5;35.5;6;21;2016;173;27.0
2016-06-22;19.2;37.2;6;22;2016;174;28.2
2016-06-23;18.5;35.1;6;23;2016;175;26.8
2016-06-24;18.5;36.5;6;24;2016;176;27.5
2016-06-25;17.7;35.7;6;25;2016;177;26.7
2016-06-26;17.1;34.7;6;26;2016;178;25.9
2016-06-27;18.9;36.6;6;27;2016;179;27.8
2016-06-28;20.6;36.5;6;28;2016;180;28.6
2016-06-29;20.1;36.0;6;29;2016;181;28.0
2016-06-30;20.5;34.7;6;30;2016;182;27.6
2016-07-01;20.2;35.4;7;1;2016;183;27.8
2016-07-02;20.6;37.5;7;2;2016;184;29.0
2016-07-03;20.0;38.3;7;3;2016;185;29.2
2016-07-04;20.9;35.8;7;4;2016;186;28.4
2016-07-05;19.2;37.6;7;5;2016;187;28.4
2016-07-06;19.9;37.1;7;6;2016;188;28.5
2016-07-07;21.3;32.9;7;7;2016;189;27.1
2016-07-08;20.3;36.0;7;8;2016;190;28.2
2016-07-09;21.5;38.4;7;9;2016;191;30.0
2016-07-10;23.1;40.0;7;10;2016;192;31.6
2016-07-11;24.6;37.8;7;11;2016;193;31.2
2016-07-12;20.3;34.7;7;12;2016;194;27.5
2016-07-13;17.4;32.6;7;13;2016;195;25.0
2016-07-14;15.2;33.1;7;14;2016;196;24.2
2016-07-15;15.1;33.2;7;15;2016;197;24.2
2016-07-16;19.1;36.5;7;16;2016;198;27.8
2016-07-17;20.0;38.0;7;17;2016;199;29.0
2016-07-18;20.8;39.9;7;18;2016;200;30.4
2016-07-19;20.6;40.4;7;19;2016;201;30.5
2016-07-20;25.5;38.5;7;20;2016;202;32.0
2016-07-21;21.0;36.7;7;21;2016;203;28.8
2016-07-22;20.5;34.9;7;22;2016;204;27.7
2016-07-23;18.8;33.9;7;23;2016;205;26.4
2016-07-24;18.6;36.2;7;24;2016;206;27.4
2016-07-25;20.1;38.8;7;25;2016;207;29.4
2016-07-26;21.5;40.2;7;26;2016;208;30.8
2016-07-27;23.3;40.5;7;27;2016;209;31.9
2016-07-28;22.9;40.3;7;28;2016;210;31.6
2016-07-29;22.4;41.2;7;29;2016;211;31.8
2016-07-30;25.0;37.2;7;30;2016;212;31.1
2016-07-31;19.9;34.6;7;31;2016;213;27.2
2016-08-01;20.5;36.9;8;1;2016;214;28.7
2016-08-02;19.5;39.2;8;2;2016;215;29.4
2016-08-03;19.6;39.2;8;3;2016;216;29.4
2016-08-04;22.9;37.2;8;4;2016;217;30.0
2016-08-05;21.8;35.7;8;5;2016;218;28.8
2016-08-06;19.1;37.2;8;6;2016;219;28.2
2016-08-07;19.8;37.2;8;7;2016;220;28.5
2016-08-08;21.1;37.4;8;8;2016;221;29.2
2016-08-09;21.0;38.0;8;9;2016;222;29.5
2016-08-10;17.0;31.2;8;10;2016;223;24.1
2016-08-11;15.7;32.9;8;11;2016;224;24.3
2016-08-12;19.1;34.0;8;12;2016;225;26.6
2016-08-13;19.3;35.2;8;13;2016;226;27.2
2016-08-14;20.4;36.2;8;14;2016;227;28.3
2016-08-15;20.4;36.2;8;15;2016;228;28.3
2016-08-16;24.3;35.0;8;16;2016;229;29.6
2016-08-17;19.7;33.9;8;17;2016;230;26.8
2016-08-18;20.2;34.8;8;18;2016;231;27.5
2016-08-19;20.7;34.2;8;19;2016;232;27.4
2016-08-20;21.3;33.7;8;20;2016;233;27.5
2016-08-21;18.0;35.4;8;21;2016;234;26.7
2016-08-22;21.5;37.5;8;22;2016;235;29.5
2016-08-23;22.6;37.8;8;23;2016;236;30.2
2016-08-24;21.5;36.0;8;24;2016;237;28.8
2016-08-25;20.1;36.0;8;25;2016;238;28.0
2016-08-26;20.3;35.3;8;26;2016;239;27.8
2016-08-27;21.1;37.9;8;27;2016;240;29.5
2016-08-28;22.5;36.3;8;28;2016;241;29.4
2016-08-29;22.2;36.4;8;29;2016;242;29.3
2016-08-30;17.7;35.4;8;30;2016;243;26.6
2016-08-31;19.5;35.0;8;31;2016;244;27.2
2016-09-01;20.8;36.2;9;1;2016;245;28.5
2016-09-02;20.6;36.7;9;2;2016;246;28.6
2016-09-03;18.8;37.6;9;3;2016;247;28.2
2016-09-04;20.6;39.5;9;4;2016;248;30.0
2016-09-05;22.6;40.0;9;5;2016;249;31.3
2016-09-06;21.4;41.3;9;6;2016;250;31.4
2016-09-07;23.0;40.2;9;7;2016;251;31.6
2016-09-08;20.3;33.8;9;8;2016;252;27.0
2016-09-09;18.8;32.0;9;9;2016;253;25.4
2016-09-10;18.8;33.7;9;10;2016;254;26.2
2016-09-11;16.7;35.2;9;11;2016;255;26.0
2016-09-12;18.5;36.4;9;12;2016;256;27.4
2016-09-13;14.9;26.9;9;13;2016;257;20.9
2016-09-14;11.8;21.7;9;14;2016;258;16.8
2016-09-15;9.9;21.9;9;15;2016;259;15.9
2016-09-16;11.2;27.3;9;16;2016;260;19.2
2016-09-17;12.0;27.3;9;17;2016;261;19.6
2016-09-18;11.1;26.4;9;18;2016;262;18.8
2016-09-19;11.2;28.1;9;19;2016;263;19.6
2016-09-20;13.1;29.5;9;20;2016;264;21.3
2016-09-21;12.8;30.5;9;21;2016;265;21.6
2016-09-22;12.4;30.2;9;22;2016;266;21.3
2016-09-23;14.9;30.0;9;23;2016;267;22.4
2016-09-24;14.7;29.9;9;24;2016;268;22.3
2016-09-25;15.2;28.8;9;25;2016;269;22.0
2016-09-26;15.8;29.5;9;26;2016;270;22.6
2016-09-27;15.0;30.4;9;27;2016;271;22.7
2016-09-28;16.3;27.6;9;28;2016;272;22.0
2016-09-29;13.3;27.9;9;29;2016;273;20.6
2016-09-30;13.9;28.9;9;30;2016;274;21.4
2016-10-01;13.5;28.4;10;1;2016;275;21.0
2016-10-02;14.8;29.1;10;2;2016;276;22.0
2016-10-03;11.3;31.5;10;3;2016;277;21.4
2016-10-04;13.3;30.1;10;4;2016;278;21.7
2016-10-05;12.5;31.0;10;5;2016;279;21.8
2016-10-06;15.9;30.1;10;6;2016;280;23.0
2016-10-07;8.3;29.0;10;7;2016;281;18.6
2016-10-08;9.6;29.9;10;8;2016;282;19.8
2016-10-09;8.9;28.4;10;9;2016;283;18.6
2016-10-10;10.8;26.7;10;10;2016;284;18.8
2016-10-11;8.5;26.3;10;11;2016;285;17.4
2016-10-12;12.1;15.4;10;12;2016;286;13.8
2016-10-13;11.3;17.1;10;13;2016;287;14.2
2016-10-14;11.5;20.0;10;14;2016;288;15.8
2016-10-15;7.8;22.5;10;15;2016;289;15.2
2016-10-16;7.8;23.0;10;16;2016;290;15.4
2016-10-17;11.8;21.7;10;17;2016;291;16.8
2016-10-18;14.1;20.7;10;18;2016;292;17.4
2016-10-19;15.1;22.8;10;19;2016;293;19.0
2016-10-20;13.6;21.6;10;20;2016;294;17.6
2016-10-21;11.7;20.9;10;21;2016;295;16.3
2016-10-22;14.3;20.9;10;22;2016;296;17.6
2016-10-23;12.3;17.2;10;23;2016;297;14.8
2016-10-24;11.6;18.3;10;24;2016;298;15.0
2016-10-25;12.2;19.5;10;25;2016;299;15.8
2016-10-26;14.3;25.2;10;26;2016;300;19.8
2016-10-27;13.6;26.3;10;27;2016;301;20.0
2016-10-28;15.5;25.3;10;28;2016;302;20.4
2016-10-29;10.6;23.5;10;29;2016;303;17.0
2016-10-30;6.9;25.5;10;30;2016;304;16.2
2016-10-31;5.4;25.8;10;31;2016;305;15.6
2016-11-01;10.3;22.0;11;1;2016;306;16.2
2016-11-02;8.2;24.3;11;2;2016;307;16.2
2016-11-03;8.4;23.2;11;3;2016;308;15.8
2016-11-04;12.4;17.5;11;4;2016;309;15.0
2016-11-05;10.2;18.1;11;5;2016;310;14.2
2016-11-06;5.6;14.5;11;6;2016;311;10.0
2016-11-07;4.1;12.3;11;7;2016;312;8.2
2016-11-08;3.4;13.7;11;8;2016;313;8.6
2016-11-09;7.9;15.7;11;9;2016;314;11.8
2016-11-10;5.1;15.7;11;10;2016;315;10.4
2016-11-11;1.9;16.3;11;11;2016;316;9.1
2016-11-12;2.4;15.2;11;12;2016;317;8.8
2016-11-13;7.2;19.5;11;13;2016;318;13.4
2016-11-14;4.5;17.6;11;14;2016;319;11.0
2016-11-15;1.9;17.0;11;15;2016;320;9.4
2016-11-16;0.4;17.6;11;16;2016;321;9.0
2016-11-17;2.6;20.7;11;17;2016;322;11.6
2016-11-18;4.8;15.4;11;18;2016;323;10.1
2016-11-19;6.4;16.4;11;19;2016;324;11.4
2016-11-20;8.2;13.7;11;20;2016;325;11.0
2016-11-21;7.7;15.4;11;21;2016;326;11.6
2016-11-22;5.8;11.6;11;22;2016;327;8.7
2016-11-23;5.2;11.8;11;23;2016;328;8.5
2016-11-24;3.6;10.1;11;24;2016;329;6.8
2016-11-25;2.8;7.0;11;25;2016;330;4.9
2016-11-26;6.6;11.6;11;26;2016;331;9.1
2016-11-27;8.8;10.3;11;27;2016;332;9.6
2016-11-28;7.0;15.0;11;28;2016;333;11.0
2016-11-29;7.3;15.2;11;29;2016;334;11.2
2016-11-30;8.7;16.2;11;30;2016;335;12.4
2016-12-01;9.1;14.0;12;1;2016;336;11.6
2016-12-02;6.6;13.5;12;2;2016;337;10.0
2016-12-03;5.3;11.7;12;3;2016;338;8.5
2016-12-04;10.7;13.5;12;4;2016;339;12.1
2016-12-05;9.9;14.0;12;5;2016;340;12.0
2016-12-06;5.3;15.6;12;6;2016;341;10.4
2016-12-07;3.7;14.3;12;7;2016;342;9.0
2016-12-08;3.2;13.3;12;8;2016;343;8.2
2016-12-09;2.9000000000000004;13.225;12;9;2016;344;8.024999999999999
2016-12-10;2.6;13.15;12;10;2016;345;7.85
2016-12-11;2.3;13.075;12;11;2016;346;7.675
2016-12-12;2.0;13.0;12;12;2016;347;7.5
2016-12-13;2.8;7.8;12;13;2016;348;5.3
2016-12-14;3.9;10.3;12;14;2016;349;7.1
2016-12-15;6.1;13.0;12;15;2016;350;9.6
2016-12-16;7.3;9.8;12;16;2016;351;8.6
2016-12-17;7.3;14.5;12;17;2016;352;10.9
2016-12-18;3.3;12.9;12;18;2016;353;8.1
2016-12-19;3.0;12.7;12;19;2016;354;7.8
2016-12-20;0.6;10.3;12;20;2016;355;5.4
2016-12-21;1.6;14.4;12;21;2016;356;8.0
2016-12-22;0.9;14.9;12;22;2016;357;7.9
2016-12-23;1.7;15.5;12;23;2016;358;8.6
2016-12-24;0.2;13.9;12;24;2016;359;7.0
2016-12-25;0.0;7.4;12;25;2016;360;3.7
2016-12-26;-0.9;11.4;12;26;2016;361;5.2
2016-12-27;-0.7;14.6;12;27;2016;362;7.0
2016-12-28;1.1;14.8;12;28;2016;363;8.0
2016-12-29;-0.2;12.7;12;29;2016;364;6.2
2016-12-30;-1.8;12.4;12;30;2016;365;5.3
2016-12-31;-2.1;7.8;12;31;2016;366;2.8
2017-01-01;-2.9;2.1;1;1;2017;1;-0.4
2017-01-02;-0.9;6.9;1;2;2017;2;3.0
2017-01-03;2.0;14.8;1;3;2017;3;8.4
2017-01-04;2.5;13.8;1;4;2017;4;8.2
2017-01-05;4.1;13.4;1;5;2017;5;8.8
2017-01-06;-0.4;12.9;1;6;2017;6;6.2
2017-01-07;-1.6;9.6;1;7;2017;7;4.0
2017-01-08;-4.2;13.0;1;8;2017;8;4.4
2017-01-09;-2.0;14.4;1;9;2017;9;6.2
2017-01-10;2.0;13.5;1;10;2017;10;7.8
2017-01-11;7.5;19.2;1;11;2017;11;13.4
2017-01-12;2.0;15.9;1;12;2017;12;9.0
2017-01-13;3.4;11.9;1;13;2017;13;7.6
2017-01-14;-0.9;10.4;1;14;2017;14;4.8
2017-01-15;-0.6;11.6;1;15;2017;15;5.5
2017-01-16;1.3;14.9;1;16;2017;16;8.1
2017-01-17;-1.2;13.7;1;17;2017;17;6.2
2017-01-18;-4.5;7.1;1;18;2017;18;1.3
2017-01-19;-4.2;8.5;1;19;2017;19;2.2
2017-01-20;3.3;11.2;1;20;2017;20;7.2
2017-01-21;0.5;13.0;1;21;2017;21;6.8
2017-01-22;-0.8;14.1;1;22;2017;22;6.6
2017-01-23;-1.0;12.6;1;23;2017;23;5.8
2017-01-24;-0.9;13.6;1;24;2017;24;6.4
2017-01-25;-3.3;12.2;1;25;2017;25;4.4
2017-01-26;-0.1;11.4;1;26;2017;26;5.6
2017-01-27;4.4;9.6;1;27;2017;27;7.0
2017-01-28;2.0;12.0;1;28;2017;28;7.0
2017-01-29;5.2;11.5;1;29;2017;29;8.4
2017-01-30;8.2;14.4;1;30;2017;30;11.3
2017-01-31;6.2;16.1;1;31;2017;31;11.2
2017-02-01;4.2;14.2;2;1;2017;32;9.2
2017-02-02;7.6;14.4;2;2;2017;33;11.0
2017-02-03;7.5;15.5;2;3;2017;34;11.5
2017-02-04;10.8;17.0;2;4;2017;35;13.9
2017-02-05;4.8;12.6;2;5;2017;36;8.7
2017-02-06;4.8;16.3;2;6;2017;37;10.6
2017-02-07;6.6;14.5;2;7;2017;38;10.6
2017-02-08;3.3;12.2;2;8;2017;39;7.8
2017-02-09;-0.6;14.1;2;9;2017;40;6.8
2017-02-10;1.1;9.6;2;10;2017;41;5.4
2017-02-11;5.5;8.9;2;11;2017;42;7.2
2017-02-12;7.9;12.4;2;12;2017;43;10.2
2017-02-13;6.2;13.3;2;13;2017;44;9.8
2017-02-14;2.5;14.0;2;14;2017;45;8.2
2017-02-15;2.8;14.7;2;15;2017;46;8.8
2017-02-16;5.2;14.5;2;16;2017;47;9.8
2017-02-17;2.3;16.0;2;17;2017;48;9.2
2017-02-18;1.8;16.5;2;18;2017;49;9.2
2017-02-19;6.6;15.3;2;19;2017;50;11.0
2017-02-20;1.2;17.1;2;20;2017;51;9.2
2017-02-21;1.1;17.9;2;21;2017;52;9.5
2017-02-22;3.5;20.9;2;22;2017;53;12.2
2017-02-23;9.1;15.4;2;23;2017;54;12.2
2017-02-24;5.7;18.1;2;24;2017;55;11.9
2017-02-25;2.4;19.1;2;25;2017;56;10.8
2017-02-26;5.3;15.1;2;26;2017;57;10.2
2017-02-27;8.3;15.3;2;27;2017;58;11.8
2017-02-28;7.4;14.7;2;28;2017;59;11.0
2017-03-01;4.3;17.7;3;1;2017;60;11.0
2017-03-02;5.5;19.4;3;2;2017;61;12.4
2017-03-03;4.3;13.9;3;3;2017;62;9.1
2017-03-04;2.2;11.6;3;4;2017;63;6.9
2017-03-05;5.5;15.9;3;5;2017;64;10.7
2017-03-06;10.5;19.3;3;6;2017;65;14.9
2017-03-07;7.1;22.0;3;7;2017;66;14.6
2017-03-08;6.1;24.8;3;8;2017;67;15.4
2017-03-09;5.7;27.6;3;9;2017;68;16.6
2017-03-10;6.4;29.0;3;10;2017;69;17.7
2017-03-11;7.2;24.6;3;11;2017;70;15.9
2017-03-12;8.0;20.8;3;12;2017;71;14.4
2017-03-13;6.6;15.1;3;13;2017;72;10.8
2017-03-14;8.0;20.0;3;14;2017;73;14.0
2017-03-15;5.1;21.3;3;15;2017;74;13.2
2017-03-16;5.5;20.2;3;16;2017;75;12.8
2017-03-17;4.1;20.9;3;17;2017;76;12.5
2017-03-18;3.3;22.5;3;18;2017;77;12.9
2017-03-19;3.9;25.0;3;19;2017;78;14.4
2017-03-20;7.6;25.2;3;20;2017;79;16.4
2017-03-21;7.6;16.7;3;21;2017;80;12.2
2017-03-22;3.4;13.4;3;22;2017;81;8.4
2017-03-23;-0.5;8.2;3;23;2017;82;3.8
2017-03-24;-0.3;9.9;3;24;2017;83;4.8
2017-03-25;-0.8;10.4;3;25;2017;84;4.8
2017-03-26;5.5;16.2;3;26;2017;85;10.8
2017-03-27;7.5;15.7;3;27;2017;86;11.6
2017-03-28;7.3;19.0;3;28;2017;87;13.2
2017-03-29;4.4;21.9;3;29;2017;88;13.2
2017-03-30;5.8;23.3;3;30;2017;89;14.6
2017-03-31;10.2;20.0;3;31;2017;90;15.1
2017-04-01;7.0;19.1;4;1;2017;91;13.0
2017-04-02;6.7;20.2;4;2;2017;92;13.4
2017-04-03;4.4;20.5;4;3;2017;93;12.4
2017-04-04;4.1;24.0;4;4;2017;94;14.0
2017-04-05;5.9;20.1;4;5;2017;95;13.0
2017-04-06;6.7;22.2;4;6;2017;96;14.4
2017-04-07;6.4;24.9;4;7;2017;97;15.6
2017-04-08;8.4;24.9;4;8;2017;98;16.6
2017-04-09;8.3;25.1;4;9;2017;99;16.7
2017-04-10;8.5;26.3;4;10;2017;100;17.4
2017-04-11;7.6;28.3;4;11;2017;101;18.0
2017-04-12;9.9;29.3;4;12;2017;102;19.6
2017-04-13;13.0;28.4;4;13;2017;103;20.7
2017-04-14;13.8;26.5;4;14;2017;104;20.2
2017-04-15;11.9;26.6;4;15;2017;105;19.2
2017-04-16;9.7;28.1;4;16;2017;106;18.9
2017-04-17;10.0;28.9;4;17;2017;107;19.4
2017-04-18;11.4;30.0;4;18;2017;108;20.7
2017-04-19;11.6;23.7;4;19;2017;109;17.6
2017-04-20;10.1;21.2;4;20;2017;110;15.6
2017-04-21;6.0;21.6;4;21;2017;111;13.8
2017-04-22;5.9;23.3;4;22;2017;112;14.6
2017-04-23;9.9;27.9;4;23;2017;113;18.9
2017-04-24;11.1;28.3;4;24;2017;114;19.7
2017-04-25;15.1;25.2;4;25;2017;115;20.2
2017-04-26;9.3;21.7;4;26;2017;116;15.5
2017-04-27;5.2;18.0;4;27;2017;117;11.6
2017-04-28;5.0;15.8;4;28;2017;118;10.4
2017-04-29;8.4;18.6;4;29;2017;119;13.5
2017-04-30;8.9;16.5;4;30;2017;120;12.7
2017-05-01;4.1;20.6;5;1;2017;121;12.4
2017-05-02;8.2;26.1;5;2;2017;122;17.2
2017-05-03;9.5;29.7;5;3;2017;123;19.6
2017-05-04;12.7;31.0;5;4;2017;124;21.8
2017-05-05;10.8;25.8;5;5;2017;125;18.3
2017-05-06;8.4;22.6;5;6;2017;126;15.5
2017-05-07;9.0;29.0;5;7;2017;127;19.0
2017-05-08;11.7;31.6;5;8;2017;128;21.6
2017-05-09;13.4;30.5;5;9;2017;129;22.0
2017-05-10;13.2;24.1;5;10;2017;130;18.6
2017-05-11;11.3;20.3;5;11;2017;131;15.8
2017-05-12;11.5;20.2;5;12;2017;132;15.8
2017-05-13;11.5;21.2;5;13;2017;133;16.4
2017-05-14;11.1;25.8;5;14;2017;134;18.4
2017-05-15;11.7;29.5;5;15;2017;135;20.6
2017-05-16;17.6;32.0;5;16;2017;136;24.8
2017-05-17;17.6;30.1;5;17;2017;137;23.8
2017-05-18;13.6;23.9;5;18;2017;138;18.8
2017-05-19;10.3;25.8;5;19;2017;139;18.0
2017-05-20;9.8;29.7;5;20;2017;140;19.8
2017-05-21;15.8;29.3;5;21;2017;141;22.6
2017-05-22;12.6;31.0;5;22;2017;142;21.8
2017-05-23;15.8;34.4;5;23;2017;143;25.1
2017-05-24;17.7;34.3;5;24;2017;144;26.0
2017-05-25;18.6;35.9;5;25;2017;145;27.2
2017-05-26;19.5;35.5;5;26;2017;146;27.5
2017-05-27;19.7;34.8;5;27;2017;147;27.2
2017-05-28;18.7;30.6;5;28;2017;148;24.6
2017-05-29;17.4;27.0;5;29;2017;149;22.2
2017-05-30;15.5;31.4;5;30;2017;150;23.4
2017-05-31;17.0;33.0;5;31;2017;151;25.0
2017-06-01;17.4;33.1;6;1;2017;152;25.2
2017-06-02;19.3;34.8;6;2;2017;153;27.0
2017-06-03;17.6;31.1;6;3;2017;154;24.4
2017-06-04;15.7;29.1;6;4;2017;155;22.4
2017-06-05;11.5;28.5;6;5;2017;156;20.0
2017-06-06;15.4;30.7;6;6;2017;157;23.0
2017-06-07;16.1;35.0;6;7;2017;158;25.6
2017-06-08;18.9;35.6;6;8;2017;159;27.2
2017-06-09;21.2;34.4;6;9;2017;160;27.8
2017-06-10;19.3;37.9;6;10;2017;161;28.6
2017-06-11;21.7;39.1;6;11;2017;162;30.4
2017-06-12;22.2;38.6;6;12;2017;163;30.4
2017-06-13;21.6;38.1;6;13;2017;164;29.8
2017-06-14;21.7;39.9;6;14;2017;165;30.8
2017-06-15;24.1;41.0;6;15;2017;166;32.6
2017-06-16;22.6;40.5;6;16;2017;167;31.6
2017-06-17;23.9;41.2;6;17;2017;168;32.6
2017-06-18;22.4;41.2;6;18;2017;169;31.8
2017-06-19;22.2;37.3;6;19;2017;170;29.8
2017-06-20;20.5;35.8;6;20;2017;171;28.2
2017-06-21;20.9;39.1;6;21;2017;172;30.0
2017-06-22;23.1;38.6;6;22;2017;173;30.8
2017-06-23;23.1;37.3;6;23;2017;174;30.2
2017-06-24;23.1;36.8;6;24;2017;175;30.0
2017-06-25;19.8;35.3;6;25;2017;176;27.6
2017-06-26;17.2;32.4;6;26;2017;177;24.8
2017-06-27;19.2;29.1;6;27;2017;178;24.2
2017-06-28;16.3;26.0;6;28;2017;179;21.2
2017-06-29;12.6;24.9;6;29;2017;180;18.8
2017-06-30;10.9;24.9;6;30;2017;181;17.9
2017-07-01;12.3;27.0;7;1;2017;182;19.6
2017-07-02;13.7;33.4;7;2;2017;183;23.6
2017-07-03;18.4;35.7;7;3;2017;184;27.0
2017-07-04;19.9;37.3;7;4;2017;185;28.6
2017-07-05;20.6;37.7;7;5;2017;186;29.2
2017-07-06;17.6;26.1;7;6;2017;187;21.8
2017-07-07;15.3;24.1;7;7;2017;188;19.7
2017-07-08;16.4;29.3;7;8;2017;189;22.8
2017-07-09;18.6;34.1;7;9;2017;190;26.4
2017-07-10;18.8;34.6;7;10;2017;191;26.7
2017-07-11;19.3;36.7;7;11;2017;192;28.0
2017-07-12;19.7;39.9;7;12;2017;193;29.8
2017-07-13;21.7;42.8;7;13;2017;194;32.2
2017-07-14;23.1;42.2;7;14;2017;195;32.6
2017-07-15;22.8;39.5;7;15;2017;196;31.2
2017-07-16;22.5;40.0;7;16;2017;197;31.2
2017-07-17;22.2;39.3;7;17;2017;198;30.8
2017-07-18;23.2;39.4;7;18;2017;199;31.3
2017-07-19;22.5;33.5;7;19;2017;200;28.0
2017-07-20;19.4;34.2;7;20;2017;201;26.8
2017-07-21;19.4;32.8;7;21;2017;202;26.1
2017-07-22;19.5;34.7;7;22;2017;203;27.1
2017-07-23;19.5;35.5;7;23;2017;204;27.5
2017-07-24;21.7;35.0;7;24;2017;205;28.4
2017-07-25;18.9;34.2;7;25;2017;206;26.6
2017-07-26;18.1;36.3;7;26;2017;207;27.2
2017-07-27;20.3;38.8;7;27;2017;208;29.6
2017-07-28;22.7;39.0;7;28;2017;209;30.8
2017-07-29;21.9;38.2;7;29;2017;210;30.0
2017-07-30;23.5;38.3;7;30;2017;211;30.9
2017-07-31;21.6;35.7;7;31;2017;212;28.6
2017-08-01;20.7;34.0;8;1;2017;213;27.4
2017-08-02;20.5;36.4;8;2;2017;214;28.4
2017-08-03;20.3;38.2;8;3;2017;215;29.2
2017-08-04;24.1;40.6;8;4;2017;216;32.4
2017-08-05;25.8;41.0;8;5;2017;217;33.4
2017-08-06;22.8;38.3;8;6;2017;218;30.6
2017-08-07;21.1;38.4;8;7;2017;219;29.8
2017-08-08;18.7;32.0;8;8;2017;220;25.4
2017-08-09;15.6;31.2;8;9;2017;221;23.4
2017-08-10;12.9;28.8;8;10;2017;222;20.8
2017-08-11;15.1;31.8;8;11;2017;223;23.4
2017-08-12;16.6;34.8;8;12;2017;224;25.7
2017-08-13;19.2;36.3;8;13;2017;225;27.8
2017-08-14;20.6;37.9;8;14;2017;226;29.2
2017-08-15;21.3;36.8;8;15;2017;227;29.0
2017-08-16;20.0;37.0;8;16;2017;228;28.5
2017-08-17;20.1;38.8;8;17;2017;229;29.4
2017-08-18;21.3;38.9;8;18;2017;230;30.1
2017-08-19;22.5;37.8;8;19;2017;231;30.2
2017-08-20;22.4;38.4;8;20;2017;232;30.4
2017-08-21;22.1;38.8;8;21;2017;233;30.4
2017-08-22;22.4;38.3;8;22;2017;234;30.4
2017-08-23;23.3;38.5;8;23;2017;235;30.9
2017-08-24;22.5;37.6;8;24;2017;236;30.0
2017-08-25;20.2;37.1;8;25;2017;237;28.6
2017-08-26;20.6;34.2;8;26;2017;238;27.4
2017-08-27;20.5;31.1;8;27;2017;239;25.8
2017-08-28;17.4;23.4;8;28;2017;240;20.4
2017-08-29;15.8;26.4;8;29;2017;241;21.1
2017-08-30;14.3;27.8;8;30;2017;242;21.0
2017-08-31;16.5;30.8;8;31;2017;243;23.6
2017-09-01;16.6;31.1;9;1;2017;244;23.8
2017-09-02;14.6;29.9;9;2;2017;245;22.2
2017-09-03;14.9;33.2;9;3;2017;246;24.0
2017-09-04;17.2;32.2;9;4;2017;247;24.7
2017-09-05;18.9;34.7;9;5;2017;248;26.8
2017-09-06;18.7;35.5;9;6;2017;249;27.1
2017-09-07;19.1;32.7;9;7;2017;250;25.9
2017-09-08;13.9;33.6;9;8;2017;251;23.8
2017-09-09;17.1;27.1;9;9;2017;252;22.1
2017-09-10;13.0;25.9;9;10;2017;253;19.4
2017-09-11;14.9;32.6;9;11;2017;254;23.8
2017-09-12;17.4;29.7;9;12;2017;255;23.6
2017-09-13;14.2;34.1;9;13;2017;256;24.2
2017-09-14;17.7;32.2;9;14;2017;257;25.0
2017-09-15;13.8;26.0;9;15;2017;258;19.9
2017-09-16;11.3;24.1;9;16;2017;259;17.7
2017-09-17;8.8;27.1;9;17;2017;260;18.0
2017-09-18;11.7;26.9;9;18;2017;261;19.3
2017-09-19;13.1;28.4;9;19;2017;262;20.8
2017-09-20;11.7;31.0;9;20;2017;263;21.4
2017-09-21;11.9;31.4;9;21;2017;264;21.6
2017-09-22;15.9;30.7;9;22;2017;265;23.3
2017-09-23;16.1;30.5;9;23;2017;266;23.3
2017-09-24;14.1;31.7;9;24;2017;267;22.9
2017-09-25;15.6;29.1;9;25;2017;268;22.4
2017-09-26;13.3;28.3;9;26;2017;269;20.8
2017-09-27;15.4;27.7;9;27;2017;270;21.6
2017-09-28;12.5;30.8;9;28;2017;271;21.6
2017-09-29;16.3;31.9;9;29;2017;272;24.1
2017-09-30;16.0;31.1;9;30;2017;273;23.6
2017-10-01;16.5;28.6;10;1;2017;274;22.6
2017-10-02;14.9;30.7;10;2;2017;275;22.8
2017-10-03;16.4;33.3;10;3;2017;276;24.8
2017-10-04;18.0;32.8;10;4;2017;277;25.4
2017-10-05;15.9;33.1;10;5;2017;278;24.5
2017-10-06;15.6;32.1;10;6;2017;279;23.8
2017-10-07;11.2;28.1;10;7;2017;280;19.6
2017-10-08;13.2;30.1;10;8;2017;281;21.6
2017-10-09;10.0;30.6;10;9;2017;282;20.3
2017-10-10;9.2;30.7;10;10;2017;283;20.0
2017-10-11;9.8;30.1;10;11;2017;284;20.0
2017-10-12;11.7;32.3;10;12;2017;285;22.0
2017-10-13;12.9;31.5;10;13;2017;286;22.2
2017-10-14;11.9;31.2;10;14;2017;287;21.6
2017-10-15;16.7;30.8;10;15;2017;288;23.8
2017-10-16;15.2;29.7;10;16;2017;289;22.4
2017-10-17;14.0;22.4;10;17;2017;290;18.2
2017-10-18;10.3;15.4;10;18;2017;291;12.8
2017-10-19;7.1;18.6;10;19;2017;292;12.8
2017-10-20;13.5;22.7;10;20;2017;293;18.1
2017-10-21;13.8;23.5;10;21;2017;294;18.6
2017-10-22;9.8;21.7;10;22;2017;295;15.8
2017-10-23;6.8;23.0;10;23;2017;296;14.9
2017-10-24;7.8;25.6;10;24;2017;297;16.7
2017-10-25;8.6;27.4;10;25;2017;298;18.0
2017-10-26;8.9;27.9;10;26;2017;299;18.4
2017-10-27;9.2;29.2;10;27;2017;300;19.2
2017-10-28;10.0;25.2;10;28;2017;301;17.6
2017-10-29;7.3;23.6;10;29;2017;302;15.4
2017-10-30;6.9;22.1;10;30;2017;303;14.5
2017-10-31;7.6;21.6;10;31;2017;304;14.6
2017-11-01;7.9;22.6;11;1;2017;305;15.2
2017-11-02;10.6;21.7;11;2;2017;306;16.2
2017-11-03;12.8;21.1;11;3;2017;307;17.0
2017-11-04;11.3;16.6;11;4;2017;308;14.0
2017-11-05;9.3;17.1;11;5;2017;309;13.2
2017-11-06;5.9;16.4;11;6;2017;310;11.2
2017-11-07;4.5;18.2;11;7;2017;311;11.4
2017-11-08;4.5;15.9;11;8;2017;312;10.2
2017-11-09;1.6;14.3;11;9;2017;313;8.0
2017-11-10;2.4;19.3;11;10;2017;314;10.8
2017-11-11;6.4;20.5;11;11;2017;315;13.4
2017-11-12;3.2;20.2;11;12;2017;316;11.7
2017-11-13;5.4;16.4;11;13;2017;317;10.9
2017-11-14;1.9;16.1;11;14;2017;318;9.0
2017-11-15;0.3;17.0;11;15;2017;319;8.6
2017-11-16;1.1;19.1;11;16;2017;320;10.1
2017-11-17;1.8;20.8;11;17;2017;321;11.3
2017-11-18;2.6;19.5;11;18;2017;322;11.0
2017-11-19;1.1;19.0;11;19;2017;323;10.0
2017-11-20;0.8;20.3;11;20;2017;324;10.6
2017-11-21;1.0;19.5;11;21;2017;325;10.2
2017-11-22;0.2;18.5;11;22;2017;326;9.4
2017-11-23;5.5;19.2;11;23;2017;327;12.4
2017-11-24;9.4;20.4;11;24;2017;328;14.9
2017-11-25;8.6;17.1;11;25;2017;329;12.8
2017-11-26;2.2;14.8;11;26;2017;330;8.5
2017-11-27;-0.7;12.9;11;27;2017;331;6.1
2017-11-28;4.4;8.6;11;28;2017;332;6.5
2017-11-29;3.1;13.2;11;29;2017;333;8.2
2017-11-30;-0.8;10.6;11;30;2017;334;4.9
2017-12-01;-0.7;10.3;12;1;2017;335;4.8
2017-12-02;-1.2;8.9;12;2;2017;336;3.8
2017-12-03;-0.8;10.8;12;3;2017;337;5.0
2017-12-04;-3.2;11.2;12;4;2017;338;4.0
2017-12-05;-2.7;11.5;12;5;2017;339;4.4
2017-12-06;-3.6;11.6;12;6;2017;340;4.0
2017-12-07;-2.8;12.4;12;7;2017;341;4.8
2017-12-08;1.2;13.3;12;8;2017;342;7.2
2017-12-09;7.3;15.1;12;9;2017;343;11.2
2017-12-10;9.0;13.4;12;10;2017;344;11.2
2017-12-11;4.0;13.3;12;11;2017;345;8.6
2017-12-12;1.6;10.6;12;12;2017;346;6.1
2017-12-13;-0.9;11.3;12;13;2017;347;5.2
2017-12-14;5.0;12.4;12;14;2017;348;8.7
2017-12-15;4.1;11.9;12;15;2017;349;8.0
2017-12-16;1.1;11.6;12;16;2017;350;6.4
2017-12-17;-0.9;11.2;12;17;2017;351;5.2
2017-12-18;-0.3;11.1;12;18;2017;352;5.4
2017-12-19;1.7;13.5;12;19;2017;353;7.6
2017-12-20;-1.6;11.8;12;20;2017;354;5.1
2017-12-21;-0.4;15.0;12;21;2017;355;7.3
2017-12-22;-0.7;14.8;12;22;2017;356;7.0
2017-12-23;0.1;12.8;12;23;2017;357;6.4
2017-12-24;0.9;5.5;12;24;2017;358;3.2
2017-12-25;-0.2;7.3;12;25;2017;359;3.6
2017-12-26;5.1;9.9;12;26;2017;360;7.5
2017-12-27;7.4;12.4;12;27;2017;361;9.9
2017-12-28;7.2;17.2;12;28;2017;362;12.2
2017-12-29;8.5;17.2;12;29;2017;363;12.8
2017-12-30;7.4;16.6;12;30;2017;364;12.0
2017-12-31;5.5;14.3;12;31;2017;365;9.9
2018-01-01;3.9;12.5;1;1;2018;1;8.2
2018-01-02;4.6;14.8;1;2;2018;2;9.7
2018-01-03;9.6;14.1;1;3;2018;3;11.8
2018-01-04;9.7;16.0;1;4;2018;4;12.8
2018-01-05;5.5;14.2;1;5;2018;5;9.8
2018-01-06;4.2;6.2;1;6;2018;6;5.2
2018-01-07;1.1;4.6;1;7;2018;7;2.8
2018-01-08;0.1;8.8;1;8;2018;8;4.4
2018-01-09;-0.3;6.5;1;9;2018;9;3.1
2018-01-10;4.3;10.2;1;10;2018;10;7.2
2018-01-11;3.6;11.4;1;11;2018;11;7.5
2018-01-12;1.2;12.5;1;12;2018;12;6.8
2018-01-13;1.0;4.7;1;13;2018;13;2.8
2018-01-14;1.6;10.0;1;14;2018;14;5.8
2018-01-15;-1.3;11.2;1;15;2018;15;5.0
2018-01-16;2.4;13.8;1;16;2018;16;8.1
2018-01-17;2.3;16.3;1;17;2018;17;9.3
2018-01-18;1.1;15.3;1;18;2018;18;8.2
2018-01-19;0.6;17.0;1;19;2018;19;8.8
2018-01-20;2.4;15.7;1;20;2018;20;9.0
2018-01-21;5.2;17.3;1;21;2018;21;11.2
2018-01-22;3.1;15.7;1;22;2018;22;9.4
2018-01-23;-0.2;16.9;1;23;2018;23;8.4
2018-01-24;-0.1;16.9;1;24;2018;24;8.4
2018-01-25;3.1;9.6;1;25;2018;25;6.4
2018-01-26;3.6;10.5;1;26;2018;26;7.0
2018-01-27;1.0;12.3;1;27;2018;27;6.6
2018-01-28;1.7;12.2;1;28;2018;28;7.0
2018-01-29;2.8;15.6;1;29;2018;29;9.2
2018-01-30;1.0;14.6;1;30;2018;30;7.8
2018-01-31;0.9;14.0;1;31;2018;31;7.4
2018-02-01;0.0;12.9;2;1;2018;32;6.4
2018-02-02;0.6;9.3;2;2;2018;33;5.0
2018-02-03;0.6;11.2;2;3;2018;34;5.9
2018-02-04;1.8;6.0;2;4;2018;35;3.9
2018-02-05;2.0;4.6;2;5;2018;36;3.3
2018-02-06;1.0;8.2;2;6;2018;37;4.6
2018-02-07;-2.9;7.0;2;7;2018;38;2.0
2018-02-08;-4.0;9.4;2;8;2018;39;2.7
2018-02-09;-3.1;10.1;2;9;2018;40;3.5
2018-02-10;1.7;10.9;2;10;2018;41;6.3
2018-02-11;1.0;16.3;2;11;2018;42;8.6
2018-02-12;2.5;11.2;2;12;2018;43;6.8
2018-02-13;-0.9;11.5;2;13;2018;44;5.3
2018-02-14;7.6;12.3;2;14;2018;45;10.0
2018-02-15;7.2;13.6;2;15;2018;46;10.4
2018-02-16;7.3;15.9;2;16;2018;47;11.6
2018-02-17;2.6;15.8;2;17;2018;48;9.2
2018-02-18;2.3;15.0;2;18;2018;49;8.6
2018-02-19;4.7;17.0;2;19;2018;50;10.8
2018-02-20;4.7;17.7;2;20;2018;51;11.2
2018-02-21;1.4;13.6;2;21;2018;52;7.5
2018-02-22;-2.6;12.4;2;22;2018;53;4.9
2018-02-23;-2.7;11.4;2;23;2018;54;4.4
2018-02-24;-4.9;13.9;2;24;2018;55;4.5
2018-02-25;-3.7;15.9;2;25;2018;56;6.1
2018-02-26;-1.9;18.9;2;26;2018;57;8.5
2018-02-27;1.0;8.8;2;27;2018;58;4.9
2018-02-28;6.8;15.8;2;28;2018;59;11.3
2018-03-01;7.4;15.4;3;1;2018;60;11.4
2018-03-02;5.6;14.4;3;2;2018;61;10.0
2018-03-03;7.2;14.3;3;3;2018;62;10.8
2018-03-04;6.6;14.8;3;4;2018;63;10.7
2018-03-05;5.9;10.5;3;5;2018;64;8.2
2018-03-06;4.9;12.3;3;6;2018;65;8.6
2018-03-07;2.1;14.0;3;7;2018;66;8.0
2018-03-08;5.7;14.2;3;8;2018;67;10.0
2018-03-09;9.7;14.2;3;9;2018;68;12.0
2018-03-10;7.8;15.9;3;10;2018;69;11.8
2018-03-11;6.9;12.1;3;11;2018;70;9.5
2018-03-12;8.1;14.5;3;12;2018;71;11.3
2018-03-13;7.2;15.6;3;13;2018;72;11.4
2018-03-14;7.2;16.6;3;14;2018;73;11.9
2018-03-15;6.5;12.4;3;15;2018;74;9.4
2018-03-16;4.8;12.0;3;16;2018;75;8.4
2018-03-17;5.1;9.4;3;17;2018;76;7.2
2018-03-18;4.3;14.1;3;18;2018;77;9.2
2018-03-19;4.0;11.8;3;19;2018;78;7.9
2018-03-20;1.1;11.3;3;20;2018;79;6.2
2018-03-21;-1.0;14.5;3;21;2018;80;6.8
2018-03-22;-1.3;14.5;3;22;2018;81;6.6
2018-03-23;3.5;13.7;3;23;2018;82;8.6
2018-03-24;3.7;13.8;3;24;2018;83;8.8
2018-03-25;5.4;15.1;3;25;2018;84;10.2
2018-03-26;4.5;16.9;3;26;2018;85;10.7
2018-03-27;5.1;21.7;3;27;2018;86;13.4
2018-03-28;7.3;21.9;3;28;2018;87;14.6
2018-03-29;7.1;16.1;3;29;2018;88;11.6
2018-03-30;5.7;12.4;3;30;2018;89;9.0
2018-03-31;4.7;15.0;3;31;2018;90;9.8
2018-04-01;4.4;19.8;4;1;2018;91;12.1
2018-04-02;8.2;21.9;4;2;2018;92;15.0
2018-04-03;8.5;18.8;4;3;2018;93;13.6
2018-04-04;7.6;16.4;4;4;2018;94;12.0
2018-04-05;5.3;21.2;4;5;2018;95;13.2
2018-04-06;7.7;21.9;4;6;2018;96;14.8
2018-04-07;6.9;14.1;4;7;2018;97;10.5
2018-04-08;6.3;15.9;4;8;2018;98;11.1
2018-04-09;4.3;8.4;4;9;2018;99;6.4
2018-04-10;3.9;10.3;4;10;2018;100;7.1
2018-04-11;4.2;12.6;4;11;2018;101;8.4
2018-04-12;5.9;12.8;4;12;2018;102;9.4
2018-04-13;4.8;14.9;4;13;2018;103;9.8
2018-04-14;4.7;18.8;4;14;2018;104;11.8
2018-04-15;9.1;18.2;4;15;2018;105;13.6
2018-04-16;7.2;17.3;4;16;2018;106;12.2
2018-04-17;6.4;23.4;4;17;2018;107;14.9
2018-04-18;8.4;26.5;4;18;2018;108;17.4
2018-04-19;11.9;24.6;4;19;2018;109;18.2
2018-04-20;11.1;21.9;4;20;2018;110;16.5
2018-04-21;11.0;22.5;4;21;2018;111;16.8
2018-04-22;10.8;24.3;4;22;2018;112;17.6
2018-04-23;12.8;25.4;4;23;2018;113;19.1
2018-04-24;12.8;26.3;4;24;2018;114;19.6
2018-04-25;10.4;29.4;4;25;2018;115;19.9
2018-04-26;11.2;28.6;4;26;2018;116;19.9
2018-04-27;14.0;24.2;4;27;2018;117;19.1
2018-04-28;9.0;18.5;4;28;2018;118;13.8
2018-04-29;3.9;13.6;4;29;2018;119;8.8
2018-04-30;4.9;14.1;4;30;2018;120;9.5
2018-05-01;5.1;17.2;5;1;2018;121;11.2
2018-05-02;5.3;18.2;5;2;2018;122;11.8
2018-05-03;8.0;20.3;5;3;2018;123;14.2
2018-05-04;4.3;22.8;5;4;2018;124;13.6
2018-05-05;8.5;25.5;5;5;2018;125;17.0
2018-05-06;12.2;27.0;5;6;2018;126;19.6
2018-05-07;11.9;25.7;5;7;2018;127;18.8
2018-05-08;12.1;29.3;5;8;2018;128;20.7
2018-05-09;12.3;28.1;5;9;2018;129;20.2
2018-05-10;15.0;27.3;5;10;2018;130;21.2
2018-05-11;12.7;27.6;5;11;2018;131;20.2
2018-05-12;9.6;21.5;5;12;2018;132;15.6
2018-05-13;6.0;20.1;5;13;2018;133;13.0
2018-05-14;9.9;21.5;5;14;2018;134;15.7
2018-05-15;8.0;25.2;5;15;2018;135;16.6
2018-05-16;10.7;26.9;5;16;2018;136;18.8
2018-05-17;14.3;27.1;5;17;2018;137;20.7
2018-05-18;13.0;22.9;5;18;2018;138;18.0
2018-05-19;12.8;26.6;5;19;2018;139;19.7
2018-05-20;12.8;25.6;5;20;2018;140;19.2
2018-05-21;14.1;24.8;5;21;2018;141;19.4
2018-05-22;12.0;28.4;5;22;2018;142;20.2
2018-05-23;14.3;28.7;5;23;2018;143;21.5
2018-05-24;14.8;29.7;5;24;2018;144;22.2
2018-05-25;12.9;22.1;5;25;2018;145;17.5
2018-05-26;12.1;23.7;5;26;2018;146;17.9
2018-05-27;12.0;26.5;5;27;2018;147;19.2
2018-05-28;14.7;24.5;5;28;2018;148;19.6
2018-05-29;13.4;21.3;5;29;2018;149;17.4
2018-05-30;12.5;22.8;5;30;2018;150;17.6
2018-05-31;12.4;25.6;5;31;2018;151;19.0
2018-06-01;12.2;26.3;6;1;2018;152;19.2
2018-06-02;12.7;22.5;6;2;2018;153;17.6
2018-06-03;10.4;25.7;6;3;2018;154;18.0
2018-06-04;11.2;20.8;6;4;2018;155;16.0
2018-06-05;11.6;20.9;6;5;2018;156;16.2
2018-06-06;12.1;22.0;6;6;2018;157;17.0
2018-06-07;10.3;25.6;6;7;2018;158;18.0
2018-06-08;14.0;20.1;6;8;2018;159;17.0
2018-06-09;11.2;21.2;6;9;2018;160;16.2
2018-06-10;11.5;21.4;6;10;2018;161;16.4
2018-06-11;12.2;21.9;6;11;2018;162;17.0
2018-06-12;13.6;27.4;6;12;2018;163;20.5
2018-06-13;14.3;27.4;6;13;2018;164;20.8
2018-06-14;12.4;29.3;6;14;2018;165;20.8
2018-06-15;14.6;33.1;6;15;2018;166;23.8
2018-06-16;17.6;33.4;6;16;2018;167;25.5
2018-06-17;16.4;34.0;6;17;2018;168;25.2
2018-06-18;16.7;34.1;6;18;2018;169;25.4
2018-06-19;16.6;34.8;6;19;2018;170;25.7
2018-06-20;19.1;35.0;6;20;2018;171;27.0
2018-06-21;20.9;34.5;6;21;2018;172;27.7
2018-06-22;20.6;35.8;6;22;2018;173;28.2
2018-06-23;20.2;37.7;6;23;2018;174;29.0
2018-06-24;21.3;38.9;6;24;2018;175;30.1
2018-06-25;21.8;37.2;6;25;2018;176;29.5
2018-06-26;21.7;35.5;6;26;2018;177;28.6
2018-06-27;20.5;33.8;6;27;2018;178;27.2
2018-06-28;18.5;33.2;6;28;2018;179;25.8
2018-06-29;18.1;33.4;6;29;2018;180;25.8
2018-06-30;19.6;31.0;6;30;2018;181;25.3
2018-07-01;17.6;29.2;7;1;2018;182;23.4
2018-07-02;16.5;29.0;7;2;2018;183;22.8
2018-07-03;16.2;33.4;7;3;2018;184;24.8
2018-07-04;18.1;28.4;7;4;2018;185;23.2
2018-07-05;16.0;30.6;7;5;2018;186;23.3
2018-07-06;16.3;33.7;7;6;2018;187;25.0
2018-07-07;19.9;35.8;7;7;2018;188;27.8
2018-07-08;20.6;36.5;7;8;2018;189;28.6
2018-07-09;20.1;36.6;7;9;2018;190;28.4
2018-07-10;21.3;36.8;7;10;2018;191;29.0
2018-07-11;20.9;34.1;7;11;2018;192;27.5
2018-07-12;19.3;35.0;7;12;2018;193;27.2
2018-07-13;20.3;36.0;7;13;2018;194;28.2
2018-07-14;20.3;34.9;7;14;2018;195;27.6
2018-07-15;18.1;29.6;7;15;2018;196;23.8
2018-07-16;16.3;31.8;7;16;2018;197;24.0
2018-07-17;17.4;36.6;7;17;2018;198;27.0
2018-07-18;22.0;34.7;7;18;2018;199;28.4
2018-07-19;19.1;35.1;7;19;2018;200;27.1
2018-07-20;18.3;33.0;7;20;2018;201;25.6
2018-07-21;17.7;33.4;7;21;2018;202;25.6
2018-07-22;20.2;35.2;7;22;2018;203;27.7
2018-07-23;20.2;37.3;7;23;2018;204;28.8
2018-07-24;20.7;35.1;7;24;2018;205;27.9
2018-07-25;19.7;36.8;7;25;2018;206;28.2
2018-07-26;20.3;36.1;7;26;2018;207;28.2
2018-07-27;20.7;36.1;7;27;2018;208;28.4
2018-07-28;18.1;35.3;7;28;2018;209;26.7
2018-07-29;19.4;33.4;7;29;2018;210;26.4
2018-07-30;19.1;35.5;7;30;2018;211;27.3
2018-07-31;20.3;37.9;7;31;2018;212;29.1
2018-08-01;20.6;40.0;8;1;2018;213;30.3
2018-08-02;23.8;41.7;8;2;2018;214;32.8
2018-08-03;22.8;42.6;8;3;2018;215;32.7
2018-08-04;23.7;41.0;8;4;2018;216;32.4
2018-08-05;22.3;39.7;8;5;2018;217;31.0
2018-08-06;20.9;41.2;8;6;2018;218;31.0
2018-08-07;23.6;38.1;8;7;2018;219;30.8
2018-08-08;20.0;36.4;8;8;2018;220;28.2
2018-08-09;18.3;32.2;8;9;2018;221;25.2
2018-08-10;17.4;35.2;8;10;2018;222;26.3
2018-08-11;21.7;37.2;8;11;2018;223;29.4
2018-08-12;22.0;36.9;8;12;2018;224;29.4
2018-08-13;20.6;34.6;8;13;2018;225;27.6
2018-08-14;19.4;35.5;8;14;2018;226;27.4
2018-08-15;19.1;37.0;8;15;2018;227;28.0
2018-08-16;21.3;34.6;8;16;2018;228;28.0
2018-08-17;17.9;34.2;8;17;2018;229;26.0
2018-08-18;17.3;33.4;8;18;2018;230;25.4
2018-08-19;19.8;34.3;8;19;2018;231;27.0
2018-08-20;19.8;34.9;8;20;2018;232;27.4
2018-08-21;19.1;36.5;8;21;2018;233;27.8
2018-08-22;19.5;36.4;8;22;2018;234;28.0
2018-08-23;21.6;36.2;8;23;2018;235;28.9
2018-08-24;18.5;36.7;8;24;2018;236;27.6
2018-08-25;17.8;35.3;8;25;2018;237;26.6
2018-08-26;16.8;35.5;8;26;2018;238;26.2
2018-08-27;16.8;38.7;8;27;2018;239;27.8
2018-08-28;22.7;36.7;8;28;2018;240;29.7
2018-08-29;20.1;33.9;8;29;2018;241;27.0
2018-08-30;20.0;35.3;8;30;2018;242;27.6
2018-08-31;21.2;36.4;8;31;2018;243;28.8
2018-09-01;20.8;37.3;9;1;2018;244;29.0
2018-09-02;21.4;37.6;9;2;2018;245;29.5
2018-09-03;22.1;34.8;9;3;2018;246;28.4
2018-09-04;19.4;32.7;9;4;2018;247;26.0
2018-09-05;18.0;29.4;9;5;2018;248;23.7
2018-09-06;18.0;30.4;9;6;2018;249;24.2
2018-09-07;15.6;31.4;9;7;2018;250;23.5
2018-09-08;17.3;26.9;9;8;2018;251;22.1
2018-09-09;14.6;27.0;9;9;2018;252;20.8
2018-09-10;15.7;30.1;9;10;2018;253;22.9
2018-09-11;16.1;30.5;9;11;2018;254;23.3
2018-09-12;19.7;32.6;9;12;2018;255;26.2
2018-09-13;17.2;34.8;9;13;2018;256;26.0
2018-09-14;19.1;34.8;9;14;2018;257;27.0
2018-09-15;19.4;31.7;9;15;2018;258;25.6
2018-09-16;17.3;32.8;9;16;2018;259;25.0
2018-09-17;19.7;32.6;9;17;2018;260;26.2
2018-09-18;17.3;31.6;9;18;2018;261;24.4
2018-09-19;17.5;33.4;9;19;2018;262;25.4
2018-09-20;18.3;34.6;9;20;2018;263;26.4
2018-09-21;18.5;34.5;9;21;2018;264;26.5
2018-09-22;18.2;35.1;9;22;2018;265;26.6
2018-09-23;17.2;36.0;9;23;2018;266;26.6
2018-09-24;18.0;35.3;9;24;2018;267;26.6
2018-09-25;17.2;34.1;9;25;2018;268;25.6
2018-09-26;19.3;30.0;9;26;2018;269;24.6
2018-09-27;16.1;28.8;9;27;2018;270;22.4
2018-09-28;14.2;29.9;9;28;2018;271;22.0
2018-09-29;13.9;31.6;9;29;2018;272;22.8
2018-09-30;13.5;32.1;9;30;2018;273;22.8
2018-10-01;14.9;28.5;10;1;2018;274;21.7
2018-10-02;9.0;27.5;10;2;2018;275;18.2
2018-10-03;10.5;29.8;10;3;2018;276;20.2
2018-10-04;10.6;30.6;10;4;2018;277;20.6
2018-10-05;13.7;30.0;10;5;2018;278;21.8
2018-10-06;11.6;29.8;10;6;2018;279;20.7
2018-10-07;11.9;22.3;10;7;2018;280;17.1
2018-10-08;7.3;22.1;10;8;2018;281;14.7
2018-10-09;8.5;22.9;10;9;2018;282;15.7
2018-10-10;12.8;23.6;10;10;2018;283;18.2
2018-10-11;16.2;24.0;10;11;2018;284;20.1
2018-10-12;16.7;24.6;10;12;2018;285;20.6
2018-10-13;13.4;29.0;10;13;2018;286;21.2
2018-10-14;11.2;22.2;10;14;2018;287;16.7
2018-10-15;8.2;15.7;10;15;2018;288;12.0
2018-10-16;10.8;22.2;10;16;2018;289;16.5
2018-10-17;9.3;24.0;10;17;2018;290;16.6
2018-10-18;12.9;21.5;10;18;2018;291;17.2
2018-10-19;13.6;18.2;10;19;2018;292;15.9
2018-10-20;13.0;21.6;10;20;2018;293;17.3
2018-10-21;14.8;23.2;10;21;2018;294;19.0
2018-10-22;11.8;24.9;10;22;2018;295;18.4
2018-10-23;10.8;24.7;10;23;2018;296;17.8
2018-10-24;10.0;25.7;10;24;2018;297;17.8
2018-10-25;8.4;26.0;10;25;2018;298;17.2
2018-10-26;9.9;16.3;10;26;2018;299;13.1
2018-10-27;5.0;13.9;10;27;2018;300;9.4
2018-10-28;3.9;11.9;10;28;2018;301;7.9
2018-10-29;3.2;13.3;10;29;2018;302;8.2
2018-10-30;6.4;12.0;10;30;2018;303;9.2
2018-10-31;6.9;12.1;10;31;2018;304;9.5
2018-11-01;4.7;17.0;11;1;2018;305;10.8
2018-11-02;9.5;20.3;11;2;2018;306;14.9
2018-11-03;5.5;20.0;11;3;2018;307;12.8
2018-11-04;3.0;17.2;11;4;2018;308;10.1
2018-11-05;7.9;11.5;11;5;2018;309;9.7
2018-11-06;5.3;12.1;11;6;2018;310;8.7
2018-11-07;9.1;16.6;11;7;2018;311;12.8
2018-11-08;5.6;17.0;11;8;2018;312;11.3
2018-11-09;6.0;13.8;11;9;2018;313;9.9
2018-11-10;11.4;16.0;11;10;2018;314;13.7
2018-11-11;11.9;20.4;11;11;2018;315;16.2
2018-11-12;10.5;16.3;11;12;2018;316;13.4
2018-11-13;8.8;18.6;11;13;2018;317;13.7
2018-11-14;10.8;19.1;11;14;2018;318;15.0
2018-11-15;11.7;19.0;11;15;2018;319;15.4
2018-11-16;11.7;19.7;11;16;2018;320;15.7
2018-11-17;10.6;20.5;11;17;2018;321;15.6
2018-11-18;10.7;13.8;11;18;2018;322;12.2
2018-11-19;9.4;12.9;11;19;2018;323;11.2
2018-11-20;8.8;14.2;11;20;2018;324;11.5
2018-11-21;6.8;14.1;11;21;2018;325;10.4
2018-11-22;6.5;15.2;11;22;2018;326;10.8
2018-11-23;5.6;13.2;11;23;2018;327;9.4
2018-11-24;2.3;14.2;11;24;2018;328;8.2
2018-11-25;9.0;15.3;11;25;2018;329;12.2
2018-11-26;5.9;14.2;11;26;2018;330;10.0
2018-11-27;4.8;14.0;11;27;2018;331;9.4
2018-11-28;0.8;15.4;11;28;2018;332;8.1
2018-11-29;-0.1;15.4;11;29;2018;333;7.6
2018-11-30;4.5;13.2;11;30;2018;334;8.8
2018-12-01;1.5;13.6;12;1;2018;335;7.6
2018-12-02;4.7;14.1;12;2;2018;336;9.4
2018-12-03;4.8;12.1;12;3;2018;337;8.4
2018-12-04;3.6;15.7;12;4;2018;338;9.6
2018-12-05;3.3;18.0;12;5;2018;339;10.6
2018-12-06;1.6;18.0;12;6;2018;340;9.8
2018-12-07;2.5;10.5;12;7;2018;341;6.5
2018-12-08;1.3;15.5;12;8;2018;342;8.4
2018-12-09;1.0;17.1;12;9;2018;343;9.0
2018-12-10;1.5;16.6;12;10;2018;344;9.0
2018-12-11;0.6;12.5;12;11;2018;345;6.6
2018-12-12;3.8;10.9;12;12;2018;346;7.4
2018-12-13;4.3;11.3;12;13;2018;347;7.8
2018-12-14;2.3;13.1;12;14;2018;348;7.7
2018-12-15;2.7;13.2;12;15;2018;349;8.0
2018-12-16;6.2;14.7;12;16;2018;350;10.4
2018-12-17;1.3;12.4;12;17;2018;351;6.8
2018-12-18;-0.4;10.8;12;18;2018;352;5.2
2018-12-19;6.1;9.6;12;19;2018;353;7.8
2018-12-20;6.0;11.0;12;20;2018;354;8.5
2018-12-21;5.3;13.2;12;21;2018;355;9.2
2018-12-22;7.6;9.4;12;22;2018;356;8.5
2018-12-23;4.7;9.9;12;23;2018;357;7.3
2018-12-24;1.5;10.7;12;24;2018;358;6.1
2018-12-25;0.6;14.8;12;25;2018;359;7.7
2018-12-26;1.4;14.3;12;26;2018;360;7.8
2018-12-27;-1.1;11.6;12;27;2018;361;5.2
2018-12-28;-1.5;10.8;12;28;2018;362;4.6
2018-12-29;-2.3;13.8;12;29;2018;363;5.8
2018-12-30;-1.7;14.2;12;30;2018;364;6.2
2018-12-31;-1.8;14.9;12;31;2018;365;6.6
2019-01-01;-1.9;15.7;1;1;2019;1;6.9
2019-01-02;-2.9;13.5;1;2;2019;2;5.3
2019-01-03;-2.6;13.7;1;3;2019;3;5.6
2019-01-04;-1.9;13.8;1;4;2019;4;6.0
2019-01-05;-3.5;13.8;1;5;2019;5;5.2
2019-01-06;-4.2;16.2;1;6;2019;6;6.0
2019-01-07;-4.4;16.3;1;7;2019;7;6.0
2019-01-08;-3.0;14.7;1;8;2019;8;5.8
2019-01-09;-2.6;16.3;1;9;2019;9;6.8
2019-01-10;-1.8;11.1;1;10;2019;10;4.6
2019-01-11;-3.7;9.7;1;11;2019;11;3.0
2019-01-12;-2.9;11.8;1;12;2019;12;4.4
2019-01-13;-3.9;13.0;1;13;2019;13;4.6
2019-01-14;-2.2;17.2;1;14;2019;14;7.5
2019-01-15;-1.3;14.6;1;15;2019;15;6.6
2019-01-16;-2.6;11.3;1;16;2019;16;4.4
2019-01-17;-0.7;7.2;1;17;2019;17;3.2
2019-01-18;-1.7;8.7;1;18;2019;18;3.5
2019-01-19;-1.9;6.2;1;19;2019;19;2.2
2019-01-20;4.0;11.9;1;20;2019;20;8.0
2019-01-21;1.7;12.0;1;21;2019;21;6.8
2019-01-22;-0.9;9.6;1;22;2019;22;4.4
2019-01-23;6.6;15.1;1;23;2019;23;10.8
2019-01-24;7.8;18.1;1;24;2019;24;13.0
2019-01-25;5.1;19.0;1;25;2019;25;12.0
2019-01-26;-0.6;17.3;1;26;2019;26;8.4
2019-01-27;1.8;13.8;1;27;2019;27;7.8
2019-01-28;1.5;15.3;1;28;2019;28;8.4
2019-01-29;2.2;12.3;1;29;2019;29;7.2
2019-01-30;4.2;12.5;1;30;2019;30;8.4
2019-01-31;9.3;14.8;1;31;2019;31;12.0
2019-02-01;4.7;12.4;2;1;2019;32;8.6
2019-02-02;1.9;10.5;2;2;2019;33;6.2
2019-02-03;1.2;10.6;2;3;2019;34;5.9
2019-02-04;-2.9;14.1;2;4;2019;35;5.6
2019-02-05;-1.2;18.4;2;5;2019;36;8.6
2019-02-06;0.0;18.6;2;6;2019;37;9.3
2019-02-07;2.2;18.5;2;7;2019;38;10.4
2019-02-08;-0.4;17.4;2;8;2019;39;8.5
2019-02-09;2.1;16.4;2;9;2019;40;9.2
2019-02-10;6.7;14.6;2;10;2019;41;10.6
2019-02-11;5.0;16.6;2;11;2019;42;10.8
2019-02-12;0.8;16.5;2;12;2019;43;8.6
2019-02-13;0.5;17.8;2;13;2019;44;9.2
2019-02-14;3.2;16.9;2;14;2019;45;10.0
2019-02-15;2.8;16.3;2;15;2019;46;9.6
2019-02-16;3.1;18.9;2;16;2019;47;11.0
2019-02-17;2.1;19.3;2;17;2019;48;10.7
2019-02-18;4.8;16.8;2;18;2019;49;10.8
2019-02-19;2.0;17.8;2;19;2019;50;9.9
2019-02-20;3.3;18.7;2;20;2019;51;11.0
2019-02-21;0.8;20.2;2;21;2019;52;10.5
2019-02-22;0.4;22.8;2;22;2019;53;11.6
2019-02-23;-0.2;21.0;2;23;2019;54;10.4
2019-02-24;3.0;22.3;2;24;2019;55;12.6
2019-02-25;3.7;22.2;2;25;2019;56;13.0
2019-02-26;4.6;23.7;2;26;2019;57;14.2
2019-02-27;2.3;23.4;2;27;2019;58;12.8
2019-02-28;3.2;20.4;2;28;2019;59;11.8
2019-03-01;3.7;21.6;3;1;2019;60;12.6
2019-03-02;7.9;22.4;3;2;2019;61;15.2
2019-03-03;3.6;23.1;3;3;2019;62;13.4
2019-03-04;7.8;17.3;3;4;2019;63;12.6
2019-03-05;9.6;17.9;3;5;2019;64;13.8
2019-03-06;6.9;16.5;3;6;2019;65;11.7
2019-03-07;3.6;14.5;3;7;2019;66;9.0
2019-03-08;6.6;18.1;3;8;2019;67;12.4
2019-03-09;3.2;21.0;3;9;2019;68;12.1
2019-03-10;5.6;25.0;3;10;2019;69;15.3
2019-03-11;8.4;22.4;3;11;2019;70;15.4
2019-03-12;4.3;24.2;3;12;2019;71;14.2
2019-03-13;6.4;16.6;3;13;2019;72;11.5
2019-03-14;0.9;20.8;3;14;2019;73;10.8
2019-03-15;2.3;26.1;3;15;2019;74;14.2
2019-03-16;4.1;27.4;3;16;2019;75;15.8
2019-03-17;8.3;21.7;3;17;2019;76;15.0
2019-03-18;6.6;17.3;3;18;2019;77;12.0
2019-03-19;4.4;18.4;3;19;2019;78;11.4
2019-03-20;3.5;16.6;3;20;2019;79;10.0
2019-03-21;3.6;17.6;3;21;2019;80;10.6
2019-03-22;3.1;19.7;3;22;2019;81;11.4
2019-03-23;5.8;21.6;3;23;2019;82;13.7
2019-03-24;7.8;22.6;3;24;2019;83;15.2
2019-03-25;6.2;23.6;3;25;2019;84;14.9
2019-03-26;4.8;23.4;3;26;2019;85;14.1
2019-03-27;4.8;19.7;3;27;2019;86;12.2
2019-03-28;4.9;20.8;3;28;2019;87;12.8
2019-03-29;6.1;20.4;3;29;2019;88;13.2
2019-03-30;6.1;21.0;3;30;2019;89;13.6
2019-03-31;9.1;14.6;3;31;2019;90;11.8
2019-04-01;9.7;20.0;4;1;2019;91;14.8
2019-04-02;7.4;20.6;4;2;2019;92;14.0
2019-04-03;7.3;19.2;4;3;2019;93;13.2
2019-04-04;2.6;17.9;4;4;2019;94;10.2
2019-04-05;6.1;11.1;4;5;2019;95;8.6
2019-04-06;4.4;12.6;4;6;2019;96;8.5
2019-04-07;6.2;14.4;4;7;2019;97;10.3
2019-04-08;8.5;18.2;4;8;2019;98;13.4
2019-04-09;6.8;15.4;4;9;2019;99;11.1
2019-04-10;5.9;14.4;4;10;2019;100;10.2
2019-04-11;3.8;19.0;4;11;2019;101;11.4
2019-04-12;3.5;21.3;4;12;2019;102;12.4
2019-04-13;6.3;24.1;4;13;2019;103;15.2
2019-04-14;11.1;25.3;4;14;2019;104;18.2
2019-04-15;10.8;26.9;4;15;2019;105;18.8
2019-04-16;8.5;24.6;4;16;2019;106;16.6
2019-04-17;10.9;25.8;4;17;2019;107;18.4
2019-04-18;10.0;14.3;4;18;2019;108;12.2
2019-04-19;9.2;14.0;4;19;2019;109;11.6
2019-04-20;9.0;20.7;4;20;2019;110;14.8
2019-04-21;9.3;16.9;4;21;2019;111;13.1
2019-04-22;6.8;21.2;4;22;2019;112;14.0
2019-04-23;6.4;18.35;4;23;2019;113;12.4
2019-04-24;6.0;15.5;4;24;2019;114;10.8
2019-04-25;7.9;13.8;4;25;2019;115;10.8
2019-04-26;6.4;19.6;4;26;2019;116;13.0
2019-04-27;6.7;23.7;4;27;2019;117;15.2
2019-04-28;9.6;26.5;4;28;2019;118;18.0
2019-04-29;11.0;28.3;4;29;2019;119;19.6
2019-04-30;11.8;28.8;4;30;2019;120;20.3
2019-05-01;12.7;28.9;5;1;2019;121;20.8
2019-05-02;12.8;28.4;5;2;2019;122;20.6
2019-05-03;11.5;24.2;5;3;2019;123;17.8
2019-05-04;6.9;25.1;5;4;2019;124;16.0
2019-05-05;9.2;26.7;5;5;2019;125;18.0
2019-05-06;10.2;26.5;5;6;2019;126;18.4
2019-05-07;12.0;25.4;5;7;2019;127;18.7
2019-05-08;14.4;20.0;5;8;2019;128;17.2
2019-05-09;11.6;22.9;5;9;2019;129;17.2
2019-05-10;14.9;26.0;5;10;2019;130;20.4
2019-05-11;13.4;29.9;5;11;2019;131;21.6
2019-05-12;10.5;29.7;5;12;2019;132;20.1
2019-05-13;10.2;32.4;5;13;2019;133;21.3
2019-05-14;12.1;31.5;5;14;2019;134;21.8
2019-05-15;14.3;34.9;5;15;2019;135;24.6
2019-05-16;13.7;31.8;5;16;2019;136;22.8
2019-05-17;9.9;22.1;5;17;2019;137;16.0
2019-05-18;9.7;20.5;5;18;2019;138;15.1
2019-05-19;8.9;23.2;5;19;2019;139;16.0
2019-05-20;8.9;25.2;5;20;2019;140;17.0
2019-05-21;14.3;27.8;5;21;2019;141;21.0
2019-05-22;12.5;30.4;5;22;2019;142;21.4
2019-05-23;14.7;30.8;5;23;2019;143;22.8
2019-05-24;15.4;26.9;5;24;2019;144;21.2
2019-05-25;10.7;26.8;5;25;2019;145;18.8
2019-05-26;10.9;29.7;5;26;2019;146;20.3
2019-05-27;13.8;32.4;5;27;2019;147;23.1
2019-05-28;14.5;29.5;5;28;2019;148;22.0
2019-05-29;11.8;28.8;5;29;2019;149;20.3
2019-05-30;13.5;31.4;5;30;2019;150;22.4
2019-05-31;16.1;33.4;5;31;2019;151;24.8
2019-06-01;15.8;35.0;6;1;2019;152;25.4
2019-06-02;16.9;36.3;6;2;2019;153;26.6
2019-06-03;19.8;35.5;6;3;2019;154;27.6
2019-06-04;17.7;30.4;6;4;2019;155;24.0
2019-06-05;12.4;23.3;6;5;2019;156;17.8
2019-06-06;11.2;26.1;6;6;2019;157;18.6
2019-06-07;10.9;24.0;6;7;2019;158;17.4
2019-06-08;10.0;31.7;6;8;2019;159;20.8
2019-06-09;14.5;28.4;6;9;2019;160;21.4
2019-06-10;13.7;28.3;6;10;2019;161;21.0
2019-06-11;13.1;23.6;6;11;2019;162;18.4
2019-06-12;9.6;28.2;6;12;2019;163;18.9
2019-06-13;12.5;31.0;6;13;2019;164;21.8
2019-06-14;14.3;25.6;6;14;2019;165;20.0
2019-06-15;10.9;27.4;6;15;2019;166;19.2
2019-06-16;11.8;32.2;6;16;2019;167;22.0
2019-06-17;15.2;34.0;6;17;2019;168;24.6
2019-06-18;20.7;32.3;6;18;2019;169;26.5
2019-06-19;17.0;28.1;6;19;2019;170;22.6
2019-06-20;16.3;30.2;6;20;2019;171;23.2
2019-06-21;16.4;31.2;6;21;2019;172;23.8
2019-06-22;17.3;34.2;6;22;2019;173;25.8
2019-06-23;18.3;36.3;6;23;2019;174;27.3
2019-06-24;20.4;35.2;6;24;2019;175;27.8
2019-06-25;18.5;37.5;6;25;2019;176;28.0
2019-06-26;21.9;38.1;6;26;2019;177;30.0
2019-06-27;22.7;40.0;6;27;2019;178;31.4
2019-06-28;22.2;41.7;6;28;2019;179;32.0
2019-06-29;23.2;41.9;6;29;2019;180;32.6
2019-06-30;25.0;39.9;6;30;2019;181;32.4
2019-07-01;22.6;36.3;7;1;2019;182;29.4
2019-07-02;20.1;36.7;7;2;2019;183;28.4
2019-07-03;21.8;37.2;7;3;2019;184;29.5
2019-07-04;22.0;35.7;7;4;2019;185;28.8
2019-07-05;20.6;35.9;7;5;2019;186;28.2
2019-07-06;19.9;36.5;7;6;2019;187;28.2
2019-07-07;20.0;36.4;7;7;2019;188;28.2
2019-07-08;18.2;31.5;7;8;2019;189;24.8
2019-07-09;15.6;32.3;7;9;2019;190;24.0
2019-07-10;18.1;34.6;7;10;2019;191;26.4
2019-07-11;18.2;39.8;7;11;2019;192;29.0
2019-07-12;21.7;41.0;7;12;2019;193;31.4
2019-07-13;23.8;36.9;7;13;2019;194;30.4
2019-07-14;20.6;34.7;7;14;2019;195;27.6
2019-07-15;20.8;37.7;7;15;2019;196;29.2
2019-07-16;21.6;39.6;7;16;2019;197;30.6
2019-07-17;21.8;35.2;7;17;2019;198;28.5
2019-07-18;21.2;38.0;7;18;2019;199;29.6
2019-07-19;22.1;39.6;7;19;2019;200;30.8
2019-07-20;22.9;40.0;7;20;2019;201;31.4
2019-07-21;24.4;40.8;7;21;2019;202;32.6
2019-07-22;23.4;40.1;7;22;2019;203;31.8
2019-07-23;21.4;40.5;7;23;2019;204;31.0
2019-07-24;20.2;39.5;7;24;2019;205;29.8
2019-07-25;23.5;38.7;7;25;2019;206;31.1
2019-07-26;22.6;32.1;7;26;2019;207;27.4
2019-07-27;18.0;27.4;7;27;2019;208;22.7
2019-07-28;16.8;32.3;7;28;2019;209;24.6
2019-07-29;20.9;34.0;7;29;2019;210;27.4
2019-07-30;17.0;33.2;7;30;2019;211;25.1
2019-07-31;19.4;37.4;7;31;2019;212;28.4
2019-08-01;20.4;36.2;8;1;2019;213;28.3
2019-08-02;20.1;37.8;8;2;2019;214;29.0
2019-08-03;19.8;38.2;8;3;2019;215;29.0
2019-08-04;21.8;37.8;8;4;2019;216;29.8
2019-08-05;21.9;38.3;8;5;2019;217;30.1
2019-08-06;22.5;38.0;8;6;2019;218;30.2
2019-08-07;21.4;27.9;8;7;2019;219;24.6
2019-08-08;19.6;36.0;8;8;2019;220;27.8
2019-08-09;21.2;33.4;8;9;2019;221;27.3
2019-08-10;17.9;33.9;8;10;2019;222;25.9
2019-08-11;19.7;30.9;8;11;2019;223;25.3
2019-08-12;15.5;29.9;8;12;2019;224;22.7
2019-08-13;17.5;32.4;8;13;2019;225;25.0
2019-08-14;15.9;35.6;8;14;2019;226;25.8
2019-08-15;19.6;37.8;8;15;2019;227;28.7
2019-08-16;20.8;38.2;8;16;2019;228;29.5
2019-08-17;22.5;39.0;8;17;2019;229;30.8
2019-08-18;22.9;36.8;8;18;2019;230;29.8
2019-08-19;20.8;34.6;8;19;2019;231;27.7
2019-08-20;21.9;34.1;8;20;2019;232;28.0
2019-08-21;21.6;33.6;8;21;2019;233;27.6
2019-08-22;16.9;34.8;8;22;2019;234;25.8
2019-08-23;19.7;34.7;8;23;2019;235;27.2
2019-08-24;19.9;36.6;8;24;2019;236;28.2
2019-08-25;21.0;34.8;8;25;2019;237;27.9
2019-08-26;17.7;32.4;8;26;2019;238;25.0
2019-08-27;15.5;30.1;8;27;2019;239;22.8
2019-08-28;17.0;33.8;8;28;2019;240;25.4
2019-08-29;19.6;36.6;8;29;2019;241;28.1
2019-08-30;21.0;37.2;8;30;2019;242;29.1
2019-08-31;18.1;36.2;8;31;2019;243;27.2
2019-09-01;20.6;35.9;9;1;2019;244;28.2
2019-09-02;19.4;34.5;9;2;2019;245;27.0
2019-09-03;20.0;36.3;9;3;2019;246;28.2
2019-09-04;18.4;36.1;9;4;2019;247;27.2
2019-09-05;18.4;30.7;9;5;2019;248;24.6
2019-09-06;12.5;28.9;9;6;2019;249;20.7
2019-09-07;15.5;30.9;9;7;2019;250;23.2
2019-09-08;17.2;31.7;9;8;2019;251;24.4
2019-09-09;17.6;31.3;9;9;2019;252;24.4
2019-09-10;13.7;23.8;9;10;2019;253;18.8
2019-09-11;12.4;27.7;9;11;2019;254;20.0
2019-09-12;15.3;29.0;9;12;2019;255;22.2
2019-09-13;17.1;21.8;9;13;2019;256;19.4
2019-09-14;15.4;19.8;9;14;2019;257;17.6
2019-09-15;15.9;26.8;9;15;2019;258;21.4
2019-09-16;17.5;27.6;9;16;2019;259;22.6
2019-09-17;17.2;30.8;9;17;2019;260;24.0
2019-09-18;14.2;30.6;9;18;2019;261;22.4
2019-09-19;16.5;30.8;9;19;2019;262;23.6
2019-09-20;18.6;28.1;9;20;2019;263;23.4
2019-09-21;16.900000000000002;27.633333333333333;9;21;2019;264;22.3
2019-09-22;15.2;27.166666666666668;9;22;2019;265;21.2
2019-09-23;13.5;26.7;9;23;2019;266;20.1
2019-09-24;13.5;28.9;9;24;2019;267;21.2
2019-09-25;14.5;27.4;9;25;2019;268;21.0
2019-09-26;13.8;30.6;9;26;2019;269;22.2
2019-09-27;15.6;31.1;9;27;2019;270;23.4
2019-09-28;13.4;32.3;9;28;2019;271;22.8
2019-09-29;12.3;32.1;9;29;2019;272;22.2
2019-09-30;12.5;32.8;9;30;2019;273;22.6
2019-10-01;12.6;29.5;10;1;2019;274;21.0
2019-10-02;12.7;26.2;10;2;2019;275;19.4
2019-10-03;11.3;28.4;10;3;2019;276;19.8
2019-10-04;11.7;30.6;10;4;2019;277;21.2
2019-10-05;12.6;29.4;10;5;2019;278;21.0
2019-10-06;13.9;30.5;10;6;2019;279;22.2
2019-10-07;14.4;30.9;10;7;2019;280;22.6
2019-10-08;13.7;32.6;10;8;2019;281;23.2
2019-10-09;14.8;31.5;10;9;2019;282;23.2
2019-10-10;13.9;30.2;10;10;2019;283;22.0
2019-10-11;16.5;30.0;10;11;2019;284;23.2
2019-10-12;18.0;29.9;10;12;2019;285;24.0
2019-10-13;16.0;27.6;10;13;2019;286;21.8
2019-10-14;9.6;22.3;10;14;2019;287;16.0
2019-10-15;6.8;18.6;10;15;2019;288;12.7
2019-10-16;8.3;20.9;10;16;2019;289;14.6
2019-10-17;10.7;20.3;10;17;2019;290;15.5
2019-10-18;14.9;23.5;10;18;2019;291;19.2
2019-10-19;11.6;19.8;10;19;2019;292;15.7
2019-10-20;8.8;13.4;10;20;2019;293;11.1
2019-10-21;5.3;17.2;10;21;2019;294;11.2
2019-10-22;6.2;12.7;10;22;2019;295;9.4
2019-10-23;8.1;11.3;10;23;2019;296;9.7
2019-10-24;7.5;18.1;10;24;2019;297;12.8
2019-10-25;6.8;22.7;10;25;2019;298;14.8
2019-10-26;7.9;25.3;10;26;2019;299;16.6
2019-10-27;8.5;23.8;10;27;2019;300;16.2
2019-10-28;12.1;23.9;10;28;2019;301;18.0
2019-10-29;12.6;22.3;10;29;2019;302;17.4
2019-10-30;10.3;22.1;10;30;2019;303;16.2
2019-10-31;15.9;23.1;10;31;2019;304;19.5
2019-11-01;16.6;22.7;11;1;2019;305;19.6
2019-11-02;14.7;20.8;11;2;2019;306;17.8
2019-11-03;14.3;19.6;11;3;2019;307;17.0
2019-11-04;11.3;18.1;11;4;2019;308;14.7
2019-11-05;8.3;16.4;11;5;2019;309;12.4
2019-11-06;5.7;16.3;11;6;2019;310;11.0
2019-11-07;7.2;17.1;11;7;2019;311;12.2
2019-11-08;4.3;14.2;11;8;2019;312;9.2
2019-11-09;3.6;13.0;11;9;2019;313;8.3
2019-11-10;6.3;11.0;11;10;2019;314;8.6
2019-11-11;5.4;12.1;11;11;2019;315;8.8
2019-11-12;3.5;14.9;11;12;2019;316;9.2
2019-11-13;11.9;19.1;11;13;2019;317;15.5
2019-11-14;4.1;12.0;11;14;2019;318;8.0
2019-11-15;4.7;10.8;11;15;2019;319;7.8
2019-11-16;3.2;12.1;11;16;2019;320;7.6
2019-11-17;2.2;9.1;11;17;2019;321;5.6
2019-11-18;3.2;12.8;11;18;2019;322;8.0
2019-11-19;0.0;12.9;11;19;2019;323;6.4
2019-11-20;3.9;10.0;11;20;2019;324;7.0
2019-11-21;6.3;12.0;11;21;2019;325;9.2
2019-11-22;6.9;14.1;11;22;2019;326;10.5
2019-11-23;7.4;14.2;11;23;2019;327;10.8
2019-11-24;4.0;12.9;11;24;2019;328;8.4
2019-11-25;9.7;16.8;11;25;2019;329;13.2
2019-11-26;10.0;16.8;11;26;2019;330;13.4
2019-11-27;9.3;14.6;11;27;2019;331;12.0
2019-11-28;8.1;14.3;11;28;2019;332;11.2
2019-11-29;12.1;16.2;11;29;2019;333;14.2
2019-11-30;8.7;18.1;11;30;2019;334;13.4
2019-12-01;7.2;12.1;12;1;2019;335;9.6
2019-12-02;7.1;11.5;12;2;2019;336;9.3
2019-12-03;5.4;9.9;12;3;2019;337;7.6
2019-12-04;6.0;8.3;12;4;2019;338;7.2
2019-12-05;7.4;13.5;12;5;2019;339;10.4
2019-12-06;5.2;14.3;12;6;2019;340;9.8
2019-12-07;3.2;11.8;12;7;2019;341;7.5
2019-12-08;1.4;8.5;12;8;2019;342;5.0
2019-12-09;6.9;11.8;12;9;2019;343;9.4
2019-12-10;1.6;11.1;12;10;2019;344;6.4
2019-12-11;0.5;10.7;12;11;2019;345;5.6
2019-12-12;2.6;12.9;12;12;2019;346;7.8
2019-12-13;9.7;16.0;12;13;2019;347;12.8
2019-12-14;8.8;11.7;12;14;2019;348;10.2
2019-12-15;9.7;16.0;12;15;2019;349;12.8
2019-12-16;7.5;18.7;12;16;2019;350;13.1
2019-12-17;7.8;13.4;12;17;2019;351;10.6
2019-12-18;4.1;13.2;12;18;2019;352;8.6
2019-12-19;10.9;16.0;12;19;2019;353;13.4
2019-12-20;11.9;16.3;12;20;2019;354;14.1
2019-12-21;12.6;19.1;12;21;2019;355;15.8
2019-12-22;10.6;15.4;12;22;2019;356;13.0
2019-12-23;5.7;14.6;12;23;2019;357;10.2
2019-12-24;3.4;15.2;12;24;2019;358;9.3
2019-12-25;2.7;17.6;12;25;2019;359;10.2
2019-12-26;3.0;13.5;12;26;2019;360;8.2
2019-12-27;2.0;14.4;12;27;2019;361;8.2
2019-12-28;-1.1;13.3;12;28;2019;362;6.1
2019-12-29;1.1;14.4;12;29;2019;363;7.8
2019-12-30;-0.6;11.0;12;30;2019;364;5.2
2019-12-31;-1.2;12.3;12;31;2019;365;5.6
2020-01-01;-1.6;11.1;1;1;2020;1;4.8
2020-01-02;-1.5;12.4;1;2;2020;2;5.4
2020-01-03;-0.2;9.5;1;3;2020;3;4.6
2020-01-04;1.0;12.3;1;4;2020;4;6.6
2020-01-05;-2.0;12.6;1;5;2020;5;5.3
2020-01-06;-1.2;14.3;1;6;2020;6;6.6
2020-01-07;-1.1;14.8;1;7;2020;7;6.8
2020-01-08;-0.9;15.1;1;8;2020;8;7.1
2020-01-09;0.8;14.5;1;9;2020;9;7.6
2020-01-10;3.7;13.0;1;10;2020;10;8.4
2020-01-11;-0.9;12.7;1;11;2020;11;5.9
2020-01-12;-3.2;11.9;1;12;2020;12;4.4
2020-01-13;-3.1;9.3;1;13;2020;13;3.1
2020-01-14;-2.6;13.2;1;14;2020;14;5.3
2020-01-15;2.0;10.6;1;15;2020;15;6.3
2020-01-16;6.6;17.5;1;16;2020;16;12.0
2020-01-17;6.4;14.3;1;17;2020;17;10.4
2020-01-18;6.0;11.2;1;18;2020;18;8.6
2020-01-19;4.5;10.2;1;19;2020;19;7.4
2020-01-20;3.2;7.3;1;20;2020;20;5.2
2020-01-21;4.0;8.7;1;21;2020;21;6.4
2020-01-22;3.9;11.4;1;22;2020;22;7.6
2020-01-23;1.7;12.2;1;23;2020;23;7.0
2020-01-24;6.3;11.8;1;24;2020;24;9.0
2020-01-25;6.5;9.7;1;25;2020;25;8.1
2020-01-26;4.8;11.7;1;26;2020;26;8.2
2020-01-27;4.0;12.2;1;27;2020;27;8.1
2020-01-28;9.5;14.3;1;28;2020;28;11.9
2020-01-29;10.6;15.2;1;29;2020;29;12.9
2020-01-30;8.0;13.5;1;30;2020;30;10.8
2020-01-31;9.5;15.0;1;31;2020;31;12.2
2020-02-01;11.0;17.1;2;1;2020;32;14.0
2020-02-02;8.4;14.6;2;2;2020;33;11.5
2020-02-03;6.1;15.2;2;3;2020;34;10.6
2020-02-04;3.3;19.0;2;4;2020;35;11.2
2020-02-05;3.0;16.0;2;5;2020;36;9.5
2020-02-06;5.6;14.2;2;6;2020;37;9.9
2020-02-07;5.2;16.0;2;7;2020;38;10.6
2020-02-08;5.1;12.4;2;8;2020;39;8.8
2020-02-09;2.1;15.4;2;9;2020;40;8.8
2020-02-10;6.1;17.8;2;10;2020;41;12.0
2020-02-11;5.9;12.0;2;11;2020;42;9.0
2020-02-12;9.2;11.8;2;12;2020;43;10.5
2020-02-13;7.8;14.8;2;13;2020;44;11.3
2020-02-14;3.5;12.8;2;14;2020;45;8.2
2020-02-15;2.0;17.9;2;15;2020;46;10.0
2020-02-16;3.2;19.2;2;16;2020;47;11.2
2020-02-17;7.5;15.1;2;17;2020;48;11.3
2020-02-18;4.5;16.0;2;18;2020;49;10.2
2020-02-19;3.0;16.7;2;19;2020;50;9.8
2020-02-20;1.3;18.1;2;20;2020;51;9.7
2020-02-21;1.7;20.6;2;21;2020;52;11.2
2020-02-22;0.6;22.8;2;22;2020;53;11.7
2020-02-23;0.9;22.7;2;23;2020;54;11.8
2020-02-24;2.0;21.9;2;24;2020;55;12.0
2020-02-25;3.8;18.7;2;25;2020;56;11.2
2020-02-26;5.3;17.4;2;26;2020;57;11.4
2020-02-27;3.1;19.2;2;27;2020;58;11.2
2020-02-28;3.8;21.1;2;28;2020;59;12.4
2020-02-29;7.9;16.0;2;29;2020;60;12.0
2020-03-01;9.8;16.6;3;1;2020;61;13.2
2020-03-02;7.1;14.1;3;2;2020;62;10.6
2020-03-03;5.6;16.1;3;3;2020;63;10.8
2020-03-04;11.4;18.3;3;4;2020;64;14.8
2020-03-05;8.5;16.5;3;5;2020;65;12.5
2020-03-06;6.5;14.4;3;6;2020;66;10.4
2020-03-07;4.7;17.1;3;7;2020;67;10.9
2020-03-08;1.2;17.4;3;8;2020;68;9.3
2020-03-09;5.5;19.6;3;9;2020;69;12.6
2020-03-10;6.1;24.1;3;10;2020;70;15.1
2020-03-11;6.6;27.0;3;11;2020;71;16.8
2020-03-12;8.4;27.3;3;12;2020;72;17.8
2020-03-13;9.1;24.3;3;13;2020;73;16.7
2020-03-14;8.2;23.6;3;14;2020;74;15.9
2020-03-15;8.5;21.6;3;15;2020;75;15.0
2020-03-16;3.9;10.7;3;16;2020;76;7.3
2020-03-17;1.9;18.0;3;17;2020;77;10.0
2020-03-18;8.7;16.7;3;18;2020;78;12.7
2020-03-19;7.6;17.8;3;19;2020;79;12.7
2020-03-20;8.6;17.3;3;20;2020;80;13.0
2020-03-21;7.0;12.2;3;21;2020;81;9.6
2020-03-22;5.5;15.8;3;22;2020;82;10.6
2020-03-23;8.5;15.9;3;23;2020;83;12.2
2020-03-24;8.8;15.9;3;24;2020;84;12.4
2020-03-25;6.4;18.3;3;25;2020;85;12.4
2020-03-26;6.5;18.3;3;26;2020;86;12.4
2020-03-27;2.8;10.5;3;27;2020;87;6.6
2020-03-28;0.7;16.9;3;28;2020;88;8.8
2020-03-29;2.8;20.6;3;29;2020;89;11.7
2020-03-30;1.9;12.4;3;30;2020;90;7.2
2020-03-31;2.2;16.2;3;31;2020;91;9.2
2020-04-01;5.8;15.1;4;1;2020;92;10.4
2020-04-02;4.2;17.4;4;2;2020;93;10.8
2020-04-03;5.5;19.2;4;3;2020;94;12.4
2020-04-04;6.5;19.8;4;4;2020;95;13.2
2020-04-05;9.2;22.5;4;5;2020;96;15.8
2020-04-06;13.0;19.7;4;6;2020;97;16.4
2020-04-07;12.4;19.9;4;7;2020;98;16.2
2020-04-08;10.3;23.5;4;8;2020;99;16.9
2020-04-09;11.0;16.2;4;9;2020;100;13.6
2020-04-10;11.5;18.3;4;10;2020;101;14.9
2020-04-11;10.6;20.6;4;11;2020;102;15.6
2020-04-12;9.6;21.5;4;12;2020;103;15.6
2020-04-13;9.7;19.0;4;13;2020;104;14.4
2020-04-14;11.1;19.9;4;14;2020;105;15.5
2020-04-15;10.0;18.3;4;15;2020;106;14.2
2020-04-16;10.4;20.4;4;16;2020;107;15.4
2020-04-17;11.9;19.3;4;17;2020;108;15.6
2020-04-18;10.3;21.8;4;18;2020;109;16.0
2020-04-19;9.9;19.6;4;19;2020;110;14.8
2020-04-20;7.8;17.8;4;20;2020;111;12.8
2020-04-21;8.0;16.4;4;21;2020;112;12.2
2020-04-22;10.1;21.4;4;22;2020;113;15.8
2020-04-23;10.7;22.2;4;23;2020;114;16.4
2020-04-24;11.4;23.7;4;24;2020;115;17.6
2020-04-25;10.5;23.1;4;25;2020;116;16.8
2020-04-26;11.2;20.6;4;26;2020;117;15.9
2020-04-27;9.4;16.9;4;27;2020;118;13.2
2020-04-28;7.6;18.4;4;28;2020;119;13.0
2020-04-29;7.4;20.9;4;29;2020;120;14.2
2020-04-30;10.6;19.1;4;30;2020;121;14.8
2020-05-01;12.0;21.9;5;1;2020;122;17.0
2020-05-02;12.8;28.1;5;2;2020;123;20.4
2020-05-03;11.6;32.3;5;3;2020;124;22.0
2020-05-04;15.4;32.5;5;4;2020;125;24.0
2020-05-05;13.4;26.1;5;5;2020;126;19.8
2020-05-06;11.9;27.2;5;6;2020;127;19.6
2020-05-07;12.3;28.8;5;7;2020;128;20.6
2020-05-08;14.9;30.2;5;8;2020;129;22.6
2020-05-09;12.8;25.2;5;9;2020;130;19.0
2020-05-10;9.9;18.5;5;10;2020;131;14.2
2020-05-11;11.8;20.1;5;11;2020;132;16.0
2020-05-12;10.6;17.6;5;12;2020;133;14.1
2020-05-13;9.6;20.9;5;13;2020;134;15.2
2020-05-14;9.8;17.0;5;14;2020;135;13.4
2020-05-15;9.8;20.0;5;15;2020;136;14.9
2020-05-16;10.8;20.2;5;16;2020;137;15.5
2020-05-17;11.1;24.1;5;17;2020;138;17.6
2020-05-18;11.6;29.2;5;18;2020;139;20.4
2020-05-19;12.6;30.7;5;19;2020;140;21.6
2020-05-20;14.2;32.1;5;20;2020;141;23.2
2020-05-21;16.0;32.9;5;21;2020;142;24.4
2020-05-22;16.9;34.3;5;22;2020;143;25.6
2020-05-23;18.3;34.9;5;23;2020;144;26.6
2020-05-24;16.4;33.7;5;24;2020;145;25.0
2020-05-25;17.9;31.8;5;25;2020;146;24.8
2020-05-26;16.6;27.0;5;26;2020;147;21.8
2020-05-27;14.6;30.6;5;27;2020;148;22.6
2020-05-28;14.7;29.7;5;28;2020;149;22.2
2020-05-29;14.6;32.4;5;29;2020;150;23.5
2020-05-30;17.3;34.4;5;30;2020;151;25.8
2020-05-31;16.7;34.0;5;31;2020;152;25.4
2020-06-01;15.7;29.9;6;1;2020;153;22.8
2020-06-02;17.3;31.6;6;2;2020;154;24.4
2020-06-03;17.8;29.4;6;3;2020;155;23.6
2020-06-04;15.4;25.3;6;4;2020;156;20.4
2020-06-05;11.1;29.5;6;5;2020;157;20.3
2020-06-06;16.9;29.1;6;6;2020;158;23.0
2020-06-07;14.9;26.0;6;7;2020;159;20.4
2020-06-08;12.5;25.5;6;8;2020;160;19.0
2020-06-09;10.5;26.9;6;9;2020;161;18.7
2020-06-10;12.2;29.0;6;10;2020;162;20.6
2020-06-11;14.4;25.7;6;11;2020;163;20.0
2020-06-12;10.5;21.9;6;12;2020;164;16.2
2020-06-13;9.7;25.1;6;13;2020;165;17.4
2020-06-14;13.6;27.4;6;14;2020;166;20.5
2020-06-15;14.0;28.9;6;15;2020;167;21.4
2020-06-16;14.9;28.2;6;16;2020;168;21.6
2020-06-17;14.1;28.5;6;17;2020;169;21.3
2020-06-18;14.8;31.4;6;18;2020;170;23.1
2020-06-19;15.7;32.2;6;19;2020;171;24.0
2020-06-20;17.8;34.1;6;20;2020;172;26.0
2020-06-21;18.6;35.9;6;21;2020;173;27.2
2020-06-22;19.3;37.5;6;22;2020;174;28.4
2020-06-23;20.7;39.3;6;23;2020;175;30.0
2020-06-24;20.3;34.4;6;24;2020;176;27.4
2020-06-25;21.3;36.0;6;25;2020;177;28.6
2020-06-26;20.5;32.6;6;26;2020;178;26.6
2020-06-27;18.7;33.3;6;27;2020;179;26.0
2020-06-28;19.6;36.6;6;28;2020;180;28.1
2020-06-29;21.3;38.1;6;29;2020;181;29.7
2020-06-30;20.9;40.0;6;30;2020;182;30.4
2020-07-01;23.1;36.6;7;1;2020;183;29.8
2020-07-02;21.0;33.6;7;2;2020;184;27.3
2020-07-03;17.6;34.3;7;3;2020;185;26.0
2020-07-04;18.2;36.7;7;4;2020;186;27.4
2020-07-05;19.6;38.7;7;5;2020;187;29.2
2020-07-06;20.7;39.4;7;6;2020;188;30.0
2020-07-07;22.3;40.7;7;7;2020;189;31.5
2020-07-08;23.4;38.1;7;8;2020;190;30.8
2020-07-09;20.2;37.2;7;9;2020;191;28.7
2020-07-10;18.1;36.0;7;10;2020;192;27.0
2020-07-11;21.6;38.5;7;11;2020;193;30.0
2020-07-12;22.6;36.8;7;12;2020;194;29.7
2020-07-13;19.2;36.3;7;13;2020;195;27.8
2020-07-14;20.9;36.1;7;14;2020;196;28.5
2020-07-15;18.0;35.1;7;15;2020;197;26.6
2020-07-16;18.9;37.3;7;16;2020;198;28.1
2020-07-17;21.5;38.4;7;17;2020;199;30.0
2020-07-18;18.5;38.6;7;18;2020;200;28.6
2020-07-19;18.8;38.8;7;19;2020;201;28.8
2020-07-20;20.6;39.4;7;20;2020;202;30.0
2020-07-21;22.0;34.9;7;21;2020;203;28.4
2020-07-22;18.8;35.1;7;22;2020;204;27.0
2020-07-23;21.0;38.2;7;23;2020;205;29.6
2020-07-24;23.9;39.0;7;24;2020;206;31.4
2020-07-25;21.5;39.2;7;25;2020;207;30.4
2020-07-26;23.3;41.7;7;26;2020;208;32.5
2020-07-27;23.9;42.5;7;27;2020;209;33.2
2020-07-28;24.2;38.7;7;28;2020;210;31.4
2020-07-29;23.7;40.5;7;29;2020;211;32.1
2020-07-30;23.7;41.8;7;30;2020;212;32.8
2020-07-31;22.7;41.0;7;31;2020;213;31.8
2020-08-01;24.3;39.1;8;1;2020;214;31.7
2020-08-02;22.8;38.0;8;2;2020;215;30.4
2020-08-03;20.8;34.8;8;3;2020;216;27.8
2020-08-04;19.1;35.5;8;4;2020;217;27.3
2020-08-05;20.5;38.4;8;5;2020;218;29.4
2020-08-06;23.4;40.9;8;6;2020;219;32.2
2020-08-07;23.3;41.4;8;7;2020;220;32.4
2020-08-08;24.1;38.5;8;8;2020;221;31.3
2020-08-09;24.0;40.8;8;9;2020;222;32.4
2020-08-10;22.9;34.5;8;10;2020;223;28.7
2020-08-11;16.5;26.2;8;11;2020;224;21.4
2020-08-12;14.3;30.0;8;12;2020;225;22.2
2020-08-13;17.2;32.8;8;13;2020;226;25.0
2020-08-14;17.9;34.5;8;14;2020;227;26.2
2020-08-15;18.1;30.9;8;15;2020;228;24.5
2020-08-16;15.7;29.7;8;16;2020;229;22.7
2020-08-17;16.9;29.9;8;17;2020;230;23.4
2020-08-18;19.0;32.7;8;18;2020;231;25.8
2020-08-19;20.5;35.5;8;19;2020;232;28.0
2020-08-20;19.0;37.5;8;20;2020;233;28.2
2020-08-21;20.3;35.0;8;21;2020;234;27.6
2020-08-22;19.4;35.1;8;22;2020;235;27.2
2020-08-23;17.9;35.6;8;23;2020;236;26.8
2020-08-24;18.5;36.6;8;24;2020;237;27.6
2020-08-25;18.9;38.4;8;25;2020;238;28.6
2020-08-26;20.5;39.6;8;26;2020;239;30.0
2020-08-27;21.0;39.2;8;27;2020;240;30.1
2020-08-28;20.6;33.6;8;28;2020;241;27.1
2020-08-29;14.3;26.3;8;29;2020;242;20.3
2020-08-30;11.4;25.6;8;30;2020;243;18.5
2020-08-31;11.2;28.2;8;31;2020;244;19.7
2020-09-01;13.6;31.2;9;1;2020;245;22.4
2020-09-02;13.6;31.8;9;2;2020;246;22.7
2020-09-03;14.4;34.6;9;3;2020;247;24.5
2020-09-04;18.4;33.5;9;4;2020;248;26.0
2020-09-05;17.9;35.5;9;5;2020;249;26.7
2020-09-06;19.2;35.6;9;6;2020;250;27.4
2020-09-07;16.4;28.7;9;7;2020;251;22.6
2020-09-08;13.5;28.7;9;8;2020;252;21.1
2020-09-09;14.9;31.4;9;9;2020;253;23.2
2020-09-10;14.3;32.5;9;10;2020;254;23.4
2020-09-11;16.4;33.6;9;11;2020;255;25.0
2020-09-12;15.9;35.3;9;12;2020;256;25.6
2020-09-13;19.9;34.8;9;13;2020;257;27.4
2020-09-14;19.2;33.7;9;14;2020;258;26.4
2020-09-15;19.6;32.3;9;15;2020;259;26.0
2020-09-16;16.6;33.1;9;16;2020;260;24.8
2020-09-17;17.9;28.0;9;17;2020;261;23.0
2020-09-18;15.1;23.2;9;18;2020;262;19.2
2020-09-19;14.8;23.8;9;19;2020;263;19.3
2020-09-20;16.1;24.0;9;20;2020;264;20.0
2020-09-21;14.5;26.0;9;21;2020;265;20.2
2020-09-22;14.4;27.0;9;22;2020;266;20.7
2020-09-23;17.6;25.9;9;23;2020;267;21.8
2020-09-24;15.0;22.8;9;24;2020;268;18.9
2020-09-25;11.3;22.0;9;25;2020;269;16.6
2020-09-26;10.4;22.7;9;26;2020;270;16.6
2020-09-27;12.2;24.5;9;27;2020;271;18.4
2020-09-28;7.3;25.8;9;28;2020;272;16.6
2020-09-29;10.3;28.7;9;29;2020;273;19.5
2020-09-30;10.3;29.0;9;30;2020;274;19.6
2020-10-01;13.3;24.8;10;1;2020;275;19.0
2020-10-02;10.3;19.3;10;2;2020;276;14.8
2020-10-03;7.1;18.9;10;3;2020;277;13.0
2020-10-04;8.9;19.8;10;4;2020;278;14.4
2020-10-05;8.4;21.5;10;5;2020;279;15.0
2020-10-06;10.4;27.7;10;6;2020;280;19.0
2020-10-07;12.7;28.5;10;7;2020;281;20.6
2020-10-08;10.5;28.3;10;8;2020;282;19.4
2020-10-09;10.9;29.6;10;9;2020;283;20.2
2020-10-10;12.5;27.6;10;10;2020;284;20.0
2020-10-11;8.9;21.3;10;11;2020;285;15.1
2020-10-12;5.6;21.1;10;12;2020;286;13.4
2020-10-13;8.0;24.7;10;13;2020;287;16.4
2020-10-14;10.6;20.0;10;14;2020;288;15.3
2020-10-15;6.1;19.6;10;15;2020;289;12.8
2020-10-16;3.8;18.3;10;16;2020;290;11.0
2020-10-17;2.7;21.2;10;17;2020;291;12.0
2020-10-18;4.4;23.0;10;18;2020;292;13.7
2020-10-19;6.7;28.8;10;19;2020;293;17.8
2020-10-20;13.5;25.0;10;20;2020;294;19.2
2020-10-21;14.4;20.0;10;21;2020;295;17.2
2020-10-22;12.0;20.3;10;22;2020;296;16.2
2020-10-23;9.7;17.0;10;23;2020;297;13.4
2020-10-24;6.8;18.3;10;24;2020;298;12.6
2020-10-25;10.6;17.2;10;25;2020;299;13.9
2020-10-26;7.1;15.6;10;26;2020;300;11.4
2020-10-27;4.7;16.0;10;27;2020;301;10.4
2020-10-28;9.8;18.6;10;28;2020;302;14.2
2020-10-29;10.0;19.3;10;29;2020;303;14.6
2020-10-30;5.3;22.6;10;30;2020;304;14.0
2020-10-31;7.8;25.1;10;31;2020;305;16.4
2020-11-01;7.8;23.1;11;1;2020;306;15.4
2020-11-02;7.9;23.1;11;2;2020;307;15.5
2020-11-03;11.3;17.1;11;3;2020;308;14.2
2020-11-04;9.5;12.8;11;4;2020;309;11.2
2020-11-05;10.2;15.0;11;5;2020;310;12.6
2020-11-06;13.5;20.0;11;6;2020;311;16.8
2020-11-07;10.0;17.7;11;7;2020;312;13.8
2020-11-08;6.9;19.6;11;8;2020;313;13.2
2020-11-09;10.2;18.6;11;9;2020;314;14.4
2020-11-10;6.1;16.5;11;10;2020;315;11.3
2020-11-11;3.3;17.6;11;11;2020;316;10.4
2020-11-12;7.3;17.5;11;12;2020;317;12.4
2020-11-13;6.2;18.1;11;13;2020;318;12.2
2020-11-14;9.8;14.6;11;14;2020;319;12.2
2020-11-15;11.1;20.1;11;15;2020;320;15.6
2020-11-16;12.1;20.2;11;16;2020;321;16.2
2020-11-17;8.4;13.0;11;17;2020;322;10.7
2020-11-18;8.7;11.5;11;18;2020;323;10.1
2020-11-19;8.3;21.8;11;19;2020;324;15.0
2020-11-20;6.1;19.0;11;20;2020;325;12.6
2020-11-21;4.0;17.5;11;21;2020;326;10.8
2020-11-22;2.3;15.1;11;22;2020;327;8.7
2020-11-23;0.4;16.5;11;23;2020;328;8.4
2020-11-24;0.6;15.8;11;24;2020;329;8.2
2020-11-25;5.3;17.1;11;25;2020;330;11.2
2020-11-26;9.7;14.3;11;26;2020;331;12.0
2020-11-27;8.2;11.1;11;27;2020;332;9.6
2020-11-28;6.7;11.8;11;28;2020;333;9.2
2020-11-29;5.2;13.8;11;29;2020;334;9.5
2020-11-30;4.2;16.0;11;30;2020;335;10.1
2020-12-01;3.6;17.5;12;1;2020;336;10.6
2020-12-02;2.0;13.6;12;2;2020;337;7.8
2020-12-03;-1.7;11.3;12;3;2020;338;4.8
2020-12-04;1.9;9.8;12;4;2020;339;5.8
2020-12-05;-0.5;8.9;12;5;2020;340;4.2
2020-12-06;1.1;9.5;12;6;2020;341;5.3
2020-12-07;8.0;14.0;12;7;2020;342;11.0
2020-12-08;4.5;12.2;12;8;2020;343;8.4
2020-12-09;0.8;10.9;12;9;2020;344;5.8
2020-12-10;6.6;14.4;12;10;2020;345;10.5
2020-12-11;13.1;17.5;12;11;2020;346;15.3
2020-12-12;8.6;16.0;12;12;2020;347;12.3
2020-12-13;4.3;16.2;12;13;2020;348;10.2
2020-12-14;7.7;16.4;12;14;2020;349;12.0
2020-12-15;6.8;13.4;12;15;2020;350;10.1
2020-12-16;6.9;13.2;12;16;2020;351;10.0
2020-12-17;7.9;15.0;12;17;2020;352;11.4
2020-12-18;5.9;8.9;12;18;2020;353;7.4
2020-12-19;7.5;9.6;12;19;2020;354;8.6
2020-12-20;7.1;13.8;12;20;2020;355;10.4
2020-12-21;6.2;11.2;12;21;2020;356;8.7
2020-12-22;7.8;9.6;12;22;2020;357;8.7
2020-12-23;6.0;12.5;12;23;2020;358;9.2
2020-12-24;6.6;12.0;12;24;2020;359;9.3
2020-12-25;1.0;10.1;12;25;2020;360;5.6
2020-12-26;-3.2;10.8;12;26;2020;361;3.8
2020-12-27;-2.8;9.8;12;27;2020;362;3.5
2020-12-28;4.6;10.6;12;28;2020;363;7.6
2020-12-29;1.3;9.1;12;29;2020;364;5.2
2020-12-30;-1.1;10.1;12;30;2020;365;4.5
2020-12-31;-1.6;9.1;12;31;2020;366;3.8
2021-01-01;1.9;8.8;1;1;2021;1;5.4
2021-01-02;-1.5;6.9;1;2;2021;2;2.7
2021-01-03;-2.7;8.4;1;3;2021;3;2.8
2021-01-04;-0.3;8.5;1;4;2021;4;4.1
2021-01-05;-3.4;8.0;1;5;2021;5;2.3
2021-01-06;-5.5;6.1;1;6;2021;6;0.3
2021-01-07;-0.7;2.3;1;7;2021;7;0.8
2021-01-08;-1.1;1.0;1;8;2021;8;0.0
2021-01-09;-2.4;1.8;1;9;2021;9;-0.3
2021-01-10;-4.1;4.3;1;10;2021;10;0.1
2021-01-11;-8.0;5.2;1;11;2021;11;-1.4
2021-01-12;-13.4;0.9;1;12;2021;12;-6.2
2021-01-13;-11.5;2.4;1;13;2021;13;-4.6
2021-01-14;-10.5;4.4;1;14;2021;14;-3.0
2021-01-15;-9.4;4.9;1;15;2021;15;-2.2
2021-01-16;-10.4;5.7;1;16;2021;16;-2.4
2021-01-17;-9.1;5.5;1;17;2021;17;-1.8
2021-01-18;-7.6;6.5;1;18;2021;18;-0.6
2021-01-19;-5.7;5.5;1;19;2021;19;-0.1
2021-01-20;-1.6;12.7;1;20;2021;20;5.6
2021-01-21;7.3;13.0;1;21;2021;21;10.2
2021-01-22;5.4;12.5;1;22;2021;22;9.0
2021-01-23;5.0;14.2;1;23;2021;23;9.6
2021-01-24;7.8;13.6;1;24;2021;24;10.7
2021-01-25;9.8;15.3;1;25;2021;25;12.6
2021-01-26;11.8;17.0;1;26;2021;26;14.4
2021-01-27;10.7;18.8;1;27;2021;27;14.8
2021-01-28;10.1;17.3;1;28;2021;28;13.7
2021-01-29;9.1;16.0;1;29;2021;29;12.6
2021-01-30;9.0;14.2;1;30;2021;30;11.6
2021-01-31;7.9;14.5;1;31;2021;31;11.2
2021-02-01;9.0;15.3;2;1;2021;32;12.2
2021-02-02;7.8;15.9;2;2;2021;33;11.8
2021-02-03;10.2;14.5;2;3;2021;34;12.4
2021-02-04;9.3;16.4;2;4;2021;35;12.8
2021-02-05;7.1;18.6;2;5;2021;36;12.8
2021-02-06;6.8;13.4;2;6;2021;37;10.1
2021-02-07;5.8;12.0;2;7;2021;38;8.9
2021-02-08;7.7;12.1;2;8;2021;39;9.9
2021-02-09;8.3;11.8;2;9;2021;40;10.0
2021-02-10;7.3;14.9;2;10;2021;41;11.1
2021-02-11;7.6;14.7;2;11;2021;42;11.2
2021-02-12;8.5;16.9;2;12;2021;43;12.7
2021-02-13;5.4;16.5;2;13;2021;44;11.0
2021-02-14;3.1;18.2;2;14;2021;45;10.6
2021-02-15;6.0;17.8;2;15;2021;46;11.9
2021-02-16;3.9;17.3;2;16;2021;47;10.6
2021-02-17;3.6;19.3;2;17;2021;48;11.4
2021-02-18;3.6;18.4;2;18;2021;49;11.0
2021-02-19;2.9;21.1;2;19;2021;50;12.0
2021-02-20;6.6;19.6;2;20;2021;51;13.1
2021-02-21;5.8;12.9;2;21;2021;52;9.4
2021-02-22;5.2;13.5;2;22;2021;53;9.4
2021-02-23;1.4;15.7;2;23;2021;54;8.6
2021-02-24;4.3;18.5;2;24;2021;55;11.4
2021-02-25;6.7;15.3;2;25;2021;56;11.0
2021-02-26;7.3;17.1;2;26;2021;57;12.2
2021-02-27;4.2;18.9;2;27;2021;58;11.6
2021-02-28;5.3;18.0;2;28;2021;59;11.6
2021-03-01;7.0;12.7;3;1;2021;60;9.8
2021-03-02;7.8;16.5;3;2;2021;61;12.2
2021-03-03;9.5;15.6;3;3;2021;62;12.6
2021-03-04;6.5;16.9;3;4;2021;63;11.7
2021-03-05;6.2;17.6;3;5;2021;64;11.9
2021-03-06;5.9;17.8;3;6;2021;65;11.8
2021-03-07;8.5;16.7;3;7;2021;66;12.6
2021-03-08;6.1;15.3;3;8;2021;67;10.7
2021-03-09;6.5;15.2;3;9;2021;68;10.8
2021-03-10;1.4;17.2;3;10;2021;69;9.3
2021-03-11;5.7;19.9;3;11;2021;70;12.8
2021-03-12;6.8;17.1;3;12;2021;71;12.0
2021-03-13;1.9;17.7;3;13;2021;72;9.8
2021-03-14;5.8;17.4;3;14;2021;73;11.6
2021-03-15;3.2;19.7;3;15;2021;74;11.4
2021-03-16;4.5;20.2;3;16;2021;75;12.4
2021-03-17;5.3;20.8;3;17;2021;76;13.0
2021-03-18;5.3;13.8;3;18;2021;77;9.6
2021-03-19;0.4;14.1;3;19;2021;78;7.2
2021-03-20;2.9;13.4;3;20;2021;79;8.2
2021-03-21;-0.5;16.3;3;21;2021;80;7.9
2021-03-22;1.3;18.4;3;22;2021;81;9.8
2021-03-23;2.5;21.0;3;23;2021;82;11.8
2021-03-24;2.7;22.2;3;24;2021;83;12.4
2021-03-25;7.6;22.2;3;25;2021;84;14.9
2021-03-26;8.2;20.5;3;26;2021;85;14.4
2021-03-27;6.8;19.5;3;27;2021;86;13.2
2021-03-28;5.9;23.7;3;28;2021;87;14.8
2021-03-29;10.5;22.8;3;29;2021;88;16.6
2021-03-30;11.0;21.1;3;30;2021;89;16.0
2021-03-31;9.0;25.2;3;31;2021;90;17.1
2021-04-01;11.9;24.3;4;1;2021;91;18.1
2021-04-02;11.8;18.7;4;2;2021;92;15.2
2021-04-03;9.8;22.4;4;3;2021;93;16.1
2021-04-04;7.2;22.1;4;4;2021;94;14.6
2021-04-05;7.0;24.2;4;5;2021;95;15.6
2021-04-06;7.8;25.3;4;6;2021;96;16.6
2021-04-07;6.5;22.8;4;7;2021;97;14.6
2021-04-08;9.3;19.3;4;8;2021;98;14.3
2021-04-09;8.2;17.6;4;9;2021;99;12.9
2021-04-10;9.0;20.2;4;10;2021;100;14.6
2021-04-11;10.4;19.3;4;11;2021;101;14.8
2021-04-12;5.4;19.6;4;12;2021;102;12.5
2021-04-13;10.2;19.4;4;13;2021;103;14.8
2021-04-14;10.9;19.2;4;14;2021;104;15.0
2021-04-15;10.4;18.9;4;15;2021;105;14.6
2021-04-16;8.1;20.3;4;16;2021;106;14.2
2021-04-17;2.5;19.4;4;17;2021;107;11.0
2021-04-18;3.7;20.7;4;18;2021;108;12.2
2021-04-19;8.0;22.1;4;19;2021;109;15.0
2021-04-20;10.6;22.1;4;20;2021;110;16.4
2021-04-21;10.0;18.9;4;21;2021;111;14.4
2021-04-22;9.8;20.2;4;22;2021;112;15.0
2021-04-23;9.7;20.2;4;23;2021;113;15.0
2021-04-24;9.8;18.4;4;24;2021;114;14.1
2021-04-25;9.9;13.1;4;25;2021;115;11.5
2021-04-26;10.1;20.6;4;26;2021;116;15.4
2021-04-27;10.7;21.4;4;27;2021;117;16.0
2021-04-28;11.3;19.9;4;28;2021;118;15.6
2021-04-29;8.9;18.9;4;29;2021;119;13.9
2021-04-30;7.6;18.7;4;30;2021;120;13.2
2021-05-01;6.7;19.0;5;1;2021;121;12.8
2021-05-02;8.1;20.1;5;2;2021;122;14.1
2021-05-03;9.4;20.2;5;3;2021;123;14.8
2021-05-04;8.5;24.0;5;4;2021;124;16.2
2021-05-05;11.1;26.4;5;5;2021;125;18.8
2021-05-06;12.2;27.0;5;6;2021;126;19.6
2021-05-07;12.6;29.7;5;7;2021;127;21.2
2021-05-08;12.8;29.8;5;8;2021;128;21.3
2021-05-09;11.2;21.7;5;9;2021;129;16.4
2021-05-10;7.4;19.3;5;10;2021;130;13.4
2021-05-11;6.6;18.3;5;11;2021;131;12.4
2021-05-12;11.1;20.6;5;12;2021;132;15.8
2021-05-13;8.6;21.1;5;13;2021;133;14.8
2021-05-14;9.1;24.9;5;14;2021;134;17.0
2021-05-15;12.8;27.4;5;15;2021;135;20.1
2021-05-16;13.8;26.1;5;16;2021;136;20.0
2021-05-17;13.6;28.3;5;17;2021;137;21.0
2021-05-18;13.5;27.9;5;18;2021;138;20.7
2021-05-19;13.3;28.9;5;19;2021;139;21.1
2021-05-20;12.5;31.5;5;20;2021;140;22.0
2021-05-21;14.9;30.3;5;21;2021;141;22.6
2021-05-22;13.4;25.4;5;22;2021;142;19.4
2021-05-23;11.7;23.1;5;23;2021;143;17.4
2021-05-24;8.9;24.2;5;24;2021;144;16.6
2021-05-25;11.5;28.9;5;25;2021;145;20.2
2021-05-26;14.4;30.1;5;26;2021;146;22.2
2021-05-27;15.4;29.0;5;27;2021;147;22.2
2021-05-28;16.9;30.2;5;28;2021;148;23.6
2021-05-29;15.4;33.3;5;29;2021;149;24.4
2021-05-30;18.4;34.0;5;30;2021;150;26.2
2021-05-31;18.1;33.0;5;31;2021;151;25.6
2021-06-01;15.3;25.9;6;1;2021;152;20.6
2021-06-02;12.4;29.7;6;2;2021;153;21.0
2021-06-03;15.1;31.6;6;3;2021;154;23.4
2021-06-04;15.6;30.8;6;4;2021;155;23.2
2021-06-05;14.7;23.0;6;5;2021;156;18.8
2021-06-06;12.5;31.9;6;6;2021;157;22.2
2021-06-07;16.5;34.6;6;7;2021;158;25.6
2021-06-08;16.2;36.1;6;8;2021;159;26.2
2021-06-09;19.0;36.4;6;9;2021;160;27.7
2021-06-10;18.0;37.1;6;10;2021;161;27.6
2021-06-11;18.4;36.2;6;11;2021;162;27.3
2021-06-12;17.9;33.4;6;12;2021;163;25.6
2021-06-13;19.9;34.9;6;13;2021;164;27.4
2021-06-14;17.5;34.4;6;14;2021;165;26.0
2021-06-15;19.4;34.9;6;15;2021;166;27.2
2021-06-16;22.0;34.3;6;16;2021;167;28.2
2021-06-17;16.4;25.6;6;17;2021;168;21.0
2021-06-18;14.1;28.3;6;18;2021;169;21.2
2021-06-19;12.3;27.7;6;19;2021;170;20.0
2021-06-20;15.9;20.2;6;20;2021;171;18.0
2021-06-21;13.0;24.0;6;21;2021;172;18.5
2021-06-22;13.4;24.4;6;22;2021;173;18.9
2021-06-23;10.9;27.7;6;23;2021;174;19.3
2021-06-24;14.0;31.4;6;24;2021;175;22.7
2021-06-25;18.2;34.8;6;25;2021;176;26.5
2021-06-26;19.4;34.6;6;26;2021;177;27.0
2021-06-27;19.0;31.6;6;27;2021;178;25.3
2021-06-28;14.4;30.3;6;28;2021;179;22.4
2021-06-29;15.1;32.8;6;29;2021;180;24.0
2021-06-30;17.2;35.5;6;30;2021;181;26.4
2021-07-01;17.6;35.7;7;1;2021;182;26.6
2021-07-02;19.8;35.9;7;2;2021;183;27.8
2021-07-03;18.8;33.9;7;3;2021;184;26.4
2021-07-04;19.2;33.3;7;4;2021;185;26.2
2021-07-05;20.0;36.3;7;5;2021;186;28.2
2021-07-06;15.6;25.8;7;6;2021;187;20.7
2021-07-07;12.2;29.2;7;7;2021;188;20.7
2021-07-08;15.0;32.3;7;8;2021;189;23.6
2021-07-09;18.6;36.3;7;9;2021;190;27.4
2021-07-10;20.8;39.3;7;10;2021;191;30.0
2021-07-11;22.0;42.3;7;11;2021;192;32.2
2021-07-12;18.8;29.9;7;12;2021;193;24.4
2021-07-13;13.8;29.9;7;13;2021;194;21.8
2021-07-14;14.5;31.6;7;14;2021;195;23.0
2021-07-15;16.3;34.6;7;15;2021;196;25.4
2021-07-16;19.7;37.8;7;16;2021;197;28.8
2021-07-17;19.7;40.0;7;17;2021;198;29.8
2021-07-18;22.5;38.6;7;18;2021;199;30.6
2021-07-19;20.4;38.7;7;19;2021;200;29.6
2021-07-20;23.0;37.2;7;20;2021;201;30.1
2021-07-21;20.5;39.5;7;21;2021;202;30.0
2021-07-22;22.0;39.8;7;22;2021;203;30.9
2021-07-23;23.1;35.8;7;23;2021;204;29.4
2021-07-24;16.9;33.0;7;24;2021;205;25.0
2021-07-25;18.9;32.8;7;25;2021;206;25.8
2021-07-26;17.1;32.0;7;26;2021;207;24.6
2021-07-27;19.0;36.0;7;27;2021;208;27.5
2021-07-28;21.4;38.1;7;28;2021;209;29.8
2021-07-29;21.5;38.0;7;29;2021;210;29.8
2021-07-30;21.7;35.8;7;30;2021;211;28.8
2021-07-31;17.9;28.3;7;31;2021;212;23.1
2021-08-01;14.1;29.6;8;1;2021;213;21.8
2021-08-02;15.7;32.6;8;2;2021;214;24.2
2021-08-03;18.3;34.2;8;3;2021;215;26.2
2021-08-04;21.9;34.1;8;4;2021;216;28.0
2021-08-05;20.5;36.9;8;5;2021;217;28.7
2021-08-06;21.2;34.9;8;6;2021;218;28.0
2021-08-07;17.2;30.2;8;7;2021;219;23.7
2021-08-08;15.9;33.5;8;8;2021;220;24.7
2021-08-09;18.9;36.4;8;9;2021;221;27.6
2021-08-10;21.6;36.9;8;10;2021;222;29.2
2021-08-11;24.2;42.1;8;11;2021;223;33.2
2021-08-12;22.7;40.1;8;12;2021;224;31.4
2021-08-13;22.0;44.2;8;13;2021;225;33.1
2021-08-14;25.5;44.1;8;14;2021;226;34.8
2021-08-15;24.4;42.9;8;15;2021;227;33.6
2021-08-16;20.5;39.4;8;16;2021;228;30.0
2021-08-17;18.9;35.7;8;17;2021;229;27.3
2021-08-18;18.3;36.8;8;18;2021;230;27.6
2021-08-19;18.4;35.5;8;19;2021;231;27.0
2021-08-20;19.6;36.5;8;20;2021;232;28.0
2021-08-21;19.9;37.4;8;21;2021;233;28.6
2021-08-22;19.4;39.6;8;22;2021;234;29.5
2021-08-23;22.1;39.1;8;23;2021;235;30.6
2021-08-24;21.9;35.4;8;24;2021;236;28.6
2021-08-25;20.8;34.1;8;25;2021;237;27.4
2021-08-26;20.0;35.6;8;26;2021;238;27.8
2021-08-27;20.7;36.6;8;27;2021;239;28.6
2021-08-28;20.9;33.7;8;28;2021;240;27.3
2021-08-29;20.0;33.3;8;29;2021;241;26.6
2021-08-30;19.7;32.4;8;30;2021;242;26.0
2021-08-31;18.5;33.9;8;31;2021;243;26.2
2021-09-01;17.8;31.15;9;1;2021;244;24.5
2021-09-02;17.1;28.4;9;2;2021;245;22.8
2021-09-03;16.9;31.0;9;3;2021;246;24.0
2021-09-04;16.9;32.4;9;4;2021;247;24.6
2021-09-05;19.8;34.8;9;5;2021;248;27.3
2021-09-06;22.3;34.5;9;6;2021;249;28.4
2021-09-07;19.6;34.9;9;7;2021;250;27.2
2021-09-08;19.3;28.0;9;8;2021;251;23.6
2021-09-09;17.6;28.5;9;9;2021;252;23.0
2021-09-10;17.5;29.3;9;10;2021;253;23.4
2021-09-11;17.9;29.6;9;11;2021;254;23.8
2021-09-12;16.3;33.4;9;12;2021;255;24.8
2021-09-13;19.0;27.8;9;13;2021;256;23.4
2021-09-14;15.2;21.6;9;14;2021;257;18.4
2021-09-15;14.9;24.7;9;15;2021;258;19.8
2021-09-16;16.0;27.3;9;16;2021;259;21.6
2021-09-17;14.9;29.5;9;17;2021;260;22.2
2021-09-18;15.9;27.1;9;18;2021;261;21.5
2021-09-19;12.6;26.5;9;19;2021;262;19.6
2021-09-20;12.3;27.3;9;20;2021;263;19.8
2021-09-21;10.9;23.9;9;21;2021;264;17.4
2021-09-22;14.1;23.2;9;22;2021;265;18.6
2021-09-23;15.6;26.3;9;23;2021;266;21.0
2021-09-24;18.7;25.8;9;24;2021;267;22.2
2021-09-25;14.7;23.3;9;25;2021;268;19.0
2021-09-26;12.9;25.5;9;26;2021;269;19.2
2021-09-27;13.2;27.5;9;27;2021;270;20.4
2021-09-28;12.6;27.3;9;28;2021;271;20.0
2021-09-29;13.3;27.5;9;29;2021;272;20.4
2021-09-30;12.9;27.1;9;30;2021;273;20.0
2021-10-01;12.7;27.2;10;1;2021;274;20.0
2021-10-02;12.1;27.5;10;2;2021;275;19.8
2021-10-03;12.0;20.4;10;3;2021;276;16.2
2021-10-04;9.2;20.9;10;4;2021;277;15.0
2021-10-05;10.4;24.9;10;5;2021;278;17.6
2021-10-06;13.0;25.4;10;6;2021;279;19.2
2021-10-07;9.6;27.3;10;7;2021;280;18.4
2021-10-08;10.2;27.7;10;8;2021;281;19.0
2021-10-09;9.5;26.4;10;9;2021;282;18.0
2021-10-10;10.4;26.2;10;10;2021;283;18.3
2021-10-11;13.3;25.4;10;11;2021;284;19.4
2021-10-12;11.8;25.2;10;12;2021;285;18.5
2021-10-13;10.1;26.3;10;13;2021;286;18.2
2021-10-14;7.2;27.0;10;14;2021;287;17.1
2021-10-15;9.7;25.6;10;15;2021;288;17.6
2021-10-16;9.8;22.8;10;16;2021;289;16.3
2021-10-17;13.7;23.8;10;17;2021;290;18.8
2021-10-18;14.8;26.2;10;18;2021;291;20.5
2021-10-19;14.1;27.1;10;19;2021;292;20.6
2021-10-20;12.8;26.1;10;20;2021;293;19.4
2021-10-21;12.7;22.9;10;21;2021;294;17.8
2021-10-22;9.2;21.7;10;22;2021;295;15.4
2021-10-23;7.0;22.4;10;23;2021;296;14.7
2021-10-24;4.9;23.1;10;24;2021;297;14.0
2021-10-25;6.0;22.3;10;25;2021;298;14.2
2021-10-26;6.2;22.4;10;26;2021;299;14.3
2021-10-27;7.4;22.5;10;27;2021;300;15.0
2021-10-28;5.9;22.7;10;28;2021;301;14.3
2021-10-29;13.7;17.0;10;29;2021;302;15.4
2021-10-30;14.7;20.5;10;30;2021;303;17.6
2021-10-31;14.6;23.1;10;31;2021;304;18.8
2021-11-01;10.3;19.0;11;1;2021;305;14.6
2021-11-02;8.0;13.7;11;2;2021;306;10.8
2021-11-03;6.4;14.4;11;3;2021;307;10.4
2021-11-04;3.7;13.3;11;4;2021;308;8.5
2021-11-05;2.8;14.2;11;5;2021;309;8.5
2021-11-06;1.4;14.8;11;6;2021;310;8.1
2021-11-07;1.1;15.3;11;7;2021;311;8.2
2021-11-08;4.6;20.2;11;8;2021;312;12.4
2021-11-09;4.8;17.8;11;9;2021;313;11.3
2021-11-10;1.9;18.3;11;10;2021;314;10.1
2021-11-11;2.3;18.0;11;11;2021;315;10.2
2021-11-12;2.9;18.8;11;12;2021;316;10.8
2021-11-13;3.2;19.0;11;13;2021;317;11.1
2021-11-14;4.1;19.4;11;14;2021;318;11.8
2021-11-15;5.2;17.1;11;15;2021;319;11.2
2021-11-16;2.6;15.8;11;16;2021;320;9.2
2021-11-17;1.8;16.1;11;17;2021;321;9.0
2021-11-18;2.2;15.8;11;18;2021;322;9.0
2021-11-19;4.9;16.8;11;19;2021;323;10.8
2021-11-20;8.1;14.2;11;20;2021;324;11.2
2021-11-21;8.6;15.0;11;21;2021;325;11.8
2021-11-22;4.9;12.9;11;22;2021;326;8.9
2021-11-23;3.9;6.8;11;23;2021;327;5.4
2021-11-24;2.0;7.6;11;24;2021;328;4.8
2021-11-25;2.6;9.1;11;25;2021;329;5.8
2021-11-26;2.0;12.0;11;26;2021;330;7.0
2021-11-27;2.2;10.9;11;27;2021;331;6.6
2021-11-28;0.5;11.0;11;28;2021;332;5.8
2021-11-29;7.0;15.1;11;29;2021;333;11.0
2021-11-30;1.5;14.4;11;30;2021;334;8.0
2021-12-01;0.8;12.6;12;1;2021;335;6.7
2021-12-02;5.0;11.7;12;2;2021;336;8.4
2021-12-03;1.4;13.7;12;3;2021;337;7.6
2021-12-04;3.2;12.5;12;4;2021;338;7.8
2021-12-05;3.7;14.0;12;5;2021;339;8.8
2021-12-06;3.4;13.5;12;6;2021;340;8.4
2021-12-07;4.7;13.925;12;7;2021;341;9.275
2021-12-08;6.0;14.35;12;8;2021;342;10.15
2021-12-09;7.3;14.775;12;9;2021;343;11.025
2021-12-10;8.6;15.2;12;10;2021;344;11.9
2021-12-11;6.2;19.2;12;11;2021;345;12.7
2021-12-12;2.4;16.3;12;12;2021;346;9.4
2021-12-13;0.7;9.9;12;13;2021;347;5.3
2021-12-14;0.1;14.9;12;14;2021;348;7.5
2021-12-15;0.7;16.5;12;15;2021;349;8.6
2021-12-16;2.2;13.9;12;16;2021;350;8.0
2021-12-17;2.3000000000000003;13.1;12;17;2021;351;7.7
2021-12-18;2.4;12.3;12;18;2021;352;7.4
2021-12-19;5.7;15.2;12;19;2021;353;10.4
2021-12-20;3.2;11.7;12;20;2021;354;7.4
2021-12-21;6.7;13.4;12;21;2021;355;10.0
2021-12-22;5.5;13.25;12;22;2021;356;9.35
2021-12-23;4.3;13.1;12;23;2021;357;8.7
2021-12-24;6.333333333333334;12.733333333333333;12;24;2021;358;9.533333333333331
2021-12-25;8.366666666666667;12.366666666666667;12;25;2021;359;10.366666666666664
2021-12-26;10.4;12.0;12;26;2021;360;11.2
2021-12-27;11.3;16.8;12;27;2021;361;14.0
2021-12-28;9.8;16.0;12;28;2021;362;12.9
2021-12-29;5.7;14.6;12;29;2021;363;10.2
2021-12-30;3.1;11.6;12;30;2021;364;7.4
2021-12-31;3.2;15.7;12;31;2021;365;9.4
2022-01-01;1.9;17.0;1;1;2022;1;9.4
2022-01-02;2.1;16.7;1;2;2022;2;9.4
2022-01-03;3.0;17.8;1;3;2022;3;10.4
2022-01-04;3.3;14.7;1;4;2022;4;9.0
2022-01-05;3.6;11.6;1;5;2022;5;7.6
2022-01-06;3.3142857142857145;11.8;1;6;2022;6;7.557142857142857
2022-01-07;3.0285714285714285;12.0;1;7;2022;7;7.514285714285714
2022-01-08;2.742857142857143;12.2;1;8;2022;8;7.4714285714285715
2022-01-09;2.4571428571428573;12.4;1;9;2022;9;7.428571428571428
2022-01-10;2.171428571428572;12.6;1;10;2022;10;7.385714285714285
2022-01-11;1.885714285714286;12.8;1;11;2022;11;7.3428571428571425
2022-01-12;1.6;13.0;1;12;2022;12;7.3
2022-01-13;0.1500000000000001;11.35;1;13;2022;13;5.75
2022-01-14;-1.3;9.7;1;14;2022;14;4.2
2022-01-15;-2.9;11.5;1;15;2022;15;4.3
2022-01-16;-2.4;11.8;1;16;2022;16;4.7
2022-01-17;-2.1;12.7;1;17;2022;17;5.3
2022-01-18;-3.1;13.3;1;18;2022;18;5.1
2022-01-19;-4.0;14.2;1;19;2022;19;5.1
2022-01-20;-2.3;14.7;1;20;2022;20;6.2
2022-01-21;-0.9;10.9;1;21;2022;21;5.0
2022-01-22;-1.7;11.7;1;22;2022;22;5.0
2022-01-23;0.6;12.8;1;23;2022;23;6.7
2022-01-24;2.4;11.5;1;24;2022;24;7.0
2022-01-25;3.6;11.7;1;25;2022;25;7.6
2022-01-26;2.8;12.5;1;26;2022;26;7.6
2022-01-27;0.2;15.0;1;27;2022;27;7.6
2022-01-28;-1.1;15.3;1;28;2022;28;7.1
2022-01-29;-3.1;17.4;1;29;2022;29;7.2
2022-01-30;-1.3;16.6;1;30;2022;30;7.6
2022-01-31;-1.9;18.4;1;31;2022;31;8.2
2022-02-01;1.4;17.9;2;1;2022;32;9.6
2022-02-02;2.0;20.7;2;2;2022;33;11.4
2022-02-03;0.5;18.4;2;3;2022;34;9.4
2022-02-04;6.9;16.3;2;4;2022;35;11.6
2022-02-05;3.7;15.4;2;5;2022;36;9.6
2022-02-06;2.0;16.4;2;6;2022;37;9.2
2022-02-07;-0.7;19.5;2;7;2022;38;9.4
2022-02-08;1.7;19.5;2;8;2022;39;10.6
2022-02-09;2.7;17.0;2;9;2022;40;9.8
2022-02-10;0.5;18.2;2;10;2022;41;9.4
2022-02-11;2.0;18.1;2;11;2022;42;10.0
2022-02-12;3.9;18.1;2;12;2022;43;11.0
2022-02-13;7.2;15.9;2;13;2022;44;11.6
2022-02-14;4.2;14.1;2;14;2022;45;9.2
2022-02-15;1.4;14.8;2;15;2022;46;8.1
2022-02-16;4.1;16.0;2;16;2022;47;10.0
2022-02-17;2.8;20.3;2;17;2022;48;11.6
2022-02-18;2.6;20.1;2;18;2022;49;11.4
2022-02-19;4.5;13.4;2;19;2022;50;9.0
2022-02-20;-0.6;16.7;2;20;2022;51;8.0
2022-02-21;1.7;19.4;2;21;2022;52;10.6
2022-02-22;1.9;21.4;2;22;2022;53;11.6
2022-02-23;1.9;21.0;2;23;2022;54;11.4
2022-02-24;3.4;19.0;2;24;2022;55;11.2
2022-02-25;8.0;12.1;2;25;2022;56;10.0
2022-02-26;7.7;13.0;2;26;2022;57;10.4
2022-02-27;6.0;14.8;2;27;2022;58;10.4
2022-02-28;2.3;18.6;2;28;2022;59;10.4
2022-03-01;3.1;19.9;3;1;2022;60;11.5
2022-03-02;8.8;17.8;3;2;2022;61;13.3
2022-03-03;6.3;10.6;3;3;2022;62;8.4
2022-03-04;5.9;14.0;3;4;2022;63;10.0
2022-03-05;3.3;14.5;3;5;2022;64;8.9
2022-03-06;0.9;13.1;3;6;2022;65;7.0
2022-03-07;6.2;12.4;3;7;2022;66;9.3
2022-03-08;6.8;14.3;3;8;2022;67;10.6
2022-03-09;3.0;16.9;3;9;2022;68;10.0
2022-03-10;5.6;16.3;3;10;2022;69;11.0
2022-03-11;8.3;13.6;3;11;2022;70;11.0
2022-03-12;5.8;14.2;3;12;2022;71;10.0
2022-03-13;6.5;16.6;3;13;2022;72;11.6
2022-03-14;6.8;13.3;3;14;2022;73;10.0
2022-03-15;12.2;15.5;3;15;2022;74;13.8
2022-03-16;10.7;13.9;3;16;2022;75;12.3
2022-03-17;9.3;13.6;3;17;2022;76;11.4
2022-03-18;5.8;16.1;3;18;2022;77;11.0
2022-03-19;6.3;13.9;3;19;2022;78;10.1
2022-03-20;7.0;16.4;3;20;2022;79;11.7
2022-03-21;7.5;15.5;3;21;2022;80;11.5
2022-03-22;9.1;15.5;3;22;2022;81;12.3
2022-03-23;8.5;11.0;3;23;2022;82;9.8
2022-03-24;7.0;13.4;3;24;2022;83;10.2
2022-03-25;10.2;13.7;3;25;2022;84;12.0
2022-03-26;8.7;14.2;3;26;2022;85;11.4
2022-03-27;7.4;15.4;3;27;2022;86;11.4
2022-03-28;6.5;19.3;3;28;2022;87;12.9
2022-03-29;9.3;16.3;3;29;2022;88;12.8
2022-03-30;9.2;15.3;3;30;2022;89;12.2
2022-03-31;5.7;15.1;3;31;2022;90;10.4
2022-04-01;3.7;12.8;4;1;2022;91;8.2
2022-04-02;0.0;12.7;4;2;2022;92;6.4
2022-04-03;-0.6;12.4;4;3;2022;93;5.9
2022-04-04;0.2;11.1;4;4;2022;94;5.6
2022-04-05;4.1;7.4;4;5;2022;95;5.8
2022-04-06;3.0;17.3;4;6;2022;96;10.2
2022-04-07;6.7;19.1;4;7;2022;97;12.9
2022-04-08;7.3;16.7;4;8;2022;98;12.0
2022-04-09;11.1;17.8;4;9;2022;99;14.4
2022-04-10;7.7;25.8;4;10;2022;100;16.8
2022-04-11;9.8;25.1;4;11;2022;101;17.4
2022-04-12;8.2;18.9;4;12;2022;102;13.6
2022-04-13;5.1;20.3;4;13;2022;103;12.7
2022-04-14;9.7;22.9;4;14;2022;104;16.3
2022-04-15;9.3;25.8;4;15;2022;105;17.6
2022-04-16;11.1;27.4;4;16;2022;106;19.2
2022-04-17;9.5;27.1;4;17;2022;107;18.3
2022-04-18;11.0;27.1;4;18;2022;108;19.0
2022-04-19;7.4;20.9;4;19;2022;109;14.2
2022-04-20;4.3;13.6;4;20;2022;110;9.0
2022-04-21;4.9;18.0;4;21;2022;111;11.4
2022-04-22;7.4;12.5;4;22;2022;112;10.0
2022-04-23;5.6;14.7;4;23;2022;113;10.2
2022-04-24;5.7;18.7;4;24;2022;114;12.2
2022-04-25;6.1;22.5;4;25;2022;115;14.3
2022-04-26;10.5;22.9;4;26;2022;116;16.7
2022-04-27;10.6;20.7;4;27;2022;117;15.6
2022-04-28;8.4;17.7;4;28;2022;118;13.0
2022-04-29;7.9;23.9;4;29;2022;119;15.9
2022-04-30;11.2;24.6;4;30;2022;120;17.9
2022-05-01;14.6;25.9;5;1;2022;121;20.2
2022-05-02;11.0;21.0;5;2;2022;122;16.0
2022-05-03;11.0;18.8;5;3;2022;123;14.9
2022-05-04;10.6;21.5;5;4;2022;124;16.0
2022-05-05;8.1;24.0;5;5;2022;125;16.0
2022-05-06;9.2;25.3;5;6;2022;126;17.2
2022-05-07;9.6;25.8;5;7;2022;127;17.7
2022-05-08;10.6;27.9;5;8;2022;128;19.2
2022-05-09;10.7;29.7;5;9;2022;129;20.2
2022-05-10;13.8;31.1;5;10;2022;130;22.4
2022-05-11;14.1;31.8;5;11;2022;131;23.0
2022-05-12;14.7;29.8;5;12;2022;132;22.2
2022-05-13;13.4;31.5;5;13;2022;133;22.4
2022-05-14;16.8;31.8;5;14;2022;134;24.3
2022-05-15;15.9;26.5;5;15;2022;135;21.2
2022-05-16;13.5;28.3;5;16;2022;136;20.9
2022-05-17;15.1;29.9;5;17;2022;137;22.5
2022-05-18;14.4;34.3;5;18;2022;138;24.4
2022-05-19;16.4;36.5;5;19;2022;139;26.4
2022-05-20;18.8;35.2;5;20;2022;140;27.0
2022-05-21;19.4;36.3;5;21;2022;141;27.8
2022-05-22;17.3;29.1;5;22;2022;142;23.2
2022-05-23;14.6;28.4;5;23;2022;143;21.5
2022-05-24;12.9;24.2;5;24;2022;144;18.6
2022-05-25;7.7;24.9;5;25;2022;145;16.3
2022-05-26;9.8;28.1;5;26;2022;146;19.0
2022-05-27;13.9;32.8;5;27;2022;147;23.4
2022-05-28;15.3;35.1;5;28;2022;148;25.2
2022-05-29;17.9;32.1;5;29;2022;149;25.0
2022-05-30;15.1;24.8;5;30;2022;150;20.0
2022-05-31;13.8;32.8;5;31;2022;151;23.3
2022-06-01;16.6;30.3;6;1;2022;152;23.4
2022-06-02;16.5;29.5;6;2;2022;153;23.0
2022-06-03;17.0;29.1;6;3;2022;154;23.0
2022-06-04;14.7;28.1;6;4;2022;155;21.4
2022-06-05;14.4;30.9;6;5;2022;156;22.6
2022-06-06;16.3;32.3;6;6;2022;157;24.3
2022-06-07;16.2;34.3;6;7;2022;158;25.2
2022-06-08;19.8;31.8;6;8;2022;159;25.8
2022-06-09;18.4;35.0;6;9;2022;160;26.7
2022-06-10;18.8;38.1;6;10;2022;161;28.4
2022-06-11;21.1;39.6;6;11;2022;162;30.4
2022-06-12;21.6;39.5;6;12;2022;163;30.6
2022-06-13;20.7;40.7;6;13;2022;164;30.7
2022-06-14;22.4;41.1;6;14;2022;165;31.8
2022-06-15;23.6;41.0;6;15;2022;166;32.3
2022-06-16;24.8;40.4;6;16;2022;167;32.6
2022-06-17;22.3;41.8;6;17;2022;168;32.0
2022-06-18;23.9;40.5;6;18;2022;169;32.2
2022-06-19;17.1;29.4;6;19;2022;170;23.2
2022-06-20;17.3;28.6;6;20;2022;171;23.0
2022-06-21;14.0;30.5;6;21;2022;172;22.2
2022-06-22;14.6;25.0;6;22;2022;173;19.8
2022-06-23;14.7;24.5;6;23;2022;174;19.6
2022-06-24;12.9;28.8;6;24;2022;175;20.8
2022-06-25;15.7;29.0;6;25;2022;176;22.4
2022-06-26;15.2;29.6;6;26;2022;177;22.4
2022-06-27;14.6;30.4;6;27;2022;178;22.5
2022-06-28;15.0;34.3;6;28;2022;179;24.6
2022-06-29;18.8;34.2;6;29;2022;180;26.5
2022-06-30;17.2;31.3;6;30;2022;181;24.2
2022-07-01;15.1;35.4;7;1;2022;182;25.2
2022-07-02;20.7;37.7;7;2;2022;183;29.2
2022-07-03;23.4;36.7;7;3;2022;184;30.0
2022-07-04;21.6;37.1;7;4;2022;185;29.4
2022-07-05;18.7;38.9;7;5;2022;186;28.8
2022-07-06;20.6;36.2;7;6;2022;187;28.4
2022-07-07;18.3;34.5;7;7;2022;188;26.4
2022-07-08;18.1;37.2;7;8;2022;189;27.6
2022-07-09;21.9;39.6;7;9;2022;190;30.8
2022-07-10;20.9;40.4;7;10;2022;191;30.6
2022-07-11;23.6;40.3;7;11;2022;192;32.0
2022-07-12;23.2;40.9;7;12;2022;193;32.0
2022-07-13;23.2;42.5;7;13;2022;194;32.8
2022-07-14;23.8;42.4;7;14;2022;195;33.1
2022-07-15;23.7;42.2;7;15;2022;196;33.0
2022-07-16;24.1;41.5;7;16;2022;197;32.8
2022-07-17;25.1;40.8;7;17;2022;198;33.0
2022-07-18;22.9;41.9;7;18;2022;199;32.4
2022-07-19;22.1;35.5;7;19;2022;200;28.8
2022-07-20;19.9;39.1;7;20;2022;201;29.5
2022-07-21;23.4;40.5;7;21;2022;202;32.0
2022-07-22;23.4;40.3;7;22;2022;203;31.8
2022-07-23;21.0;40.9;7;23;2022;204;31.0
2022-07-24;24.4;40.2;7;24;2022;205;32.3
2022-07-25;24.4;38.9;7;25;2022;206;31.6
2022-07-26;22.1;38.1;7;26;2022;207;30.1
2022-07-27;21.4;37.1;7;27;2022;208;29.2
2022-07-28;23.2;37.3;7;28;2022;209;30.2
2022-07-29;22.2;38.8;7;29;2022;210;30.5
2022-07-30;23.1;39.5;7;30;2022;211;31.3
2022-07-31;23.1;39.4;7;31;2022;212;31.2
2022-08-01;24.6;40.4;8;1;2022;213;32.5
2022-08-02;24.4;39.8;8;2;2022;214;32.1
2022-08-03;24.0;40.4;8;3;2022;215;32.2
2022-08-04;20.7;40.6;8;4;2022;216;30.6
2022-08-05;22.0;39.6;8;5;2022;217;30.8
2022-08-06;22.7;38.9;8;6;2022;218;30.8
2022-08-07;22.6;38.6;8;7;2022;219;30.6
2022-08-08;20.8;39.2;8;8;2022;220;30.0
2022-08-09;21.4;39.9;8;9;2022;221;30.6
2022-08-10;24.6;38.7;8;10;2022;222;31.6
2022-08-11;25.0;39.0;8;11;2022;223;32.0
2022-08-12;23.7;39.5;8;12;2022;224;31.6
2022-08-13;23.8;31.3;8;13;2022;225;27.6
2022-08-14;19.7;33.7;8;14;2022;226;26.7
2022-08-15;18.9;33.1;8;15;2022;227;26.0
2022-08-16;18.4;30.5;8;16;2022;228;24.4
2022-08-17;16.5;30.3;8;17;2022;229;23.4
2022-08-18;15.0;31.0;8;18;2022;230;23.0
2022-08-19;16.2;33.8;8;19;2022;231;25.0
2022-08-20;15.4;36.9;8;20;2022;232;26.2
2022-08-21;21.1;38.4;8;21;2022;233;29.8
2022-08-22;21.0;37.5;8;22;2022;234;29.2
2022-08-23;21.4;39.6;8;23;2022;235;30.5
2022-08-24;21.8;39.1;8;24;2022;236;30.4
2022-08-25;22.4;36.9;8;25;2022;237;29.6
2022-08-26;20.4;36.6;8;26;2022;238;28.5
2022-08-27;18.2;35.1;8;27;2022;239;26.6
2022-08-28;21.6;36.9;8;28;2022;240;29.2
2022-08-29;24.2;35.4;8;29;2022;241;29.8
2022-08-30;22.8;36.7;8;30;2022;242;29.8
2022-08-31;20.7;33.5;8;31;2022;243;27.1
2022-09-01;17.5;34.1;9;1;2022;244;25.8
2022-09-02;17.7;31.7;9;2;2022;245;24.7
2022-09-03;17.1;29.9;9;3;2022;246;23.5
2022-09-04;16.4;31.1;9;4;2022;247;23.8
2022-09-05;17.1;30.9;9;5;2022;248;24.0
2022-09-06;17.5;30.5;9;6;2022;249;24.0
2022-09-07;16.5;29.2;9;7;2022;250;22.8
2022-09-08;18.5;30.1;9;8;2022;251;24.3
2022-09-09;19.2;33.3;9;9;2022;252;26.2
2022-09-10;18.2;36.5;9;10;2022;253;27.4
2022-09-11;18.8;38.1;9;11;2022;254;28.4
2022-09-12;23.8;31.1;9;12;2022;255;27.4
2022-09-13;16.7;27.9;9;13;2022;256;22.3
2022-09-14;15.4;26.3;9;14;2022;257;20.8
2022-09-15;17.4;26.8;9;15;2022;258;22.1
2022-09-16;16.5;29.9;9;16;2022;259;23.2
2022-09-17;15.9;31.1;9;17;2022;260;23.5
2022-09-18;18.7;32.0;9;18;2022;261;25.4
2022-09-19;18.6;30.9;9;19;2022;262;24.8
2022-09-20;16.6;31.5;9;20;2022;263;24.0
2022-09-21;16.5;29.2;9;21;2022;264;22.8
2022-09-22;16.9;31.1;9;22;2022;265;24.0
2022-09-23;16.0;30.0;9;23;2022;266;23.0
2022-09-24;15.4;27.6;9;24;2022;267;21.5
2022-09-25;11.6;24.8;9;25;2022;268;18.2
2022-09-26;12.8;24.3;9;26;2022;269;18.6
2022-09-27;11.3;25.8;9;27;2022;270;18.6
2022-09-28;13.2;26.6;9;28;2022;271;19.9
2022-09-29;10.5;17.3;9;29;2022;272;13.9
2022-09-30;8.4;22.4;9;30;2022;273;15.4
2022-10-01;7.2;27.0;10;1;2022;274;17.1
2022-10-02;9.7;30.6;10;2;2022;275;20.2
2022-10-03;12.8;32.9;10;3;2022;276;22.8
2022-10-04;13.0;33.1;10;4;2022;277;23.0
2022-10-05;13.4;31.2;10;5;2022;278;22.3
2022-10-06;16.0;27.9;10;6;2022;279;22.0
2022-10-07;13.5;26.5;10;7;2022;280;20.0
2022-10-08;13.5;27.5;10;8;2022;281;20.5
2022-10-09;14.6;28.2;10;9;2022;282;21.4
2022-10-10;15.6;25.0;10;10;2022;283;20.3
2022-10-11;15.1;26.1;10;11;2022;284;20.6
2022-10-12;12.7;24.8;10;12;2022;285;18.8
2022-10-13;12.1;26.7;10;13;2022;286;19.4
2022-10-14;12.4;29.6;10;14;2022;287;21.0
2022-10-15;11.6;29.9;10;15;2022;288;20.8
2022-10-16;13.1;28.6;10;16;2022;289;20.8
2022-10-17;16.7;30.0;10;17;2022;290;23.4
2022-10-18;15.4;31.3;10;18;2022;291;23.4
2022-10-19;20.0;28.3;10;19;2022;292;24.2
2022-10-20;15.5;22.3;10;20;2022;293;18.9
2022-10-21;14.7;21.2;10;21;2022;294;18.0
2022-10-22;13.8;26.1;10;22;2022;295;20.0
2022-10-23;15.6;19.4;10;23;2022;296;17.5
2022-10-24;14.5;21.5;10;24;2022;297;18.0
2022-10-25;13.5;27.1;10;25;2022;298;20.3
2022-10-26;12.9;26.2;10;26;2022;299;19.6
2022-10-27;18.7;32.7;10;27;2022;300;25.7
2022-10-28;14.5;31.3;10;28;2022;301;22.9
2022-10-29;14.0;29.5;10;29;2022;302;21.8
2022-10-30;12.3;21.7;10;30;2022;303;17.0
2022-10-31;10.5;18.8;10;31;2022;304;14.6
2022-11-01;10.2;23.0;11;1;2022;305;16.6
2022-11-02;10.1;24.3;11;2;2022;306;17.2
2022-11-03;12.9;18.0;11;3;2022;307;15.4
2022-11-04;7.9;18.8;11;4;2022;308;13.4
2022-11-05;3.6;20.8;11;5;2022;309;12.2
2022-11-06;2.6;20.8;11;6;2022;310;11.7
2022-11-07;7.8;21.7;11;7;2022;311;14.8
2022-11-08;8.1;19.2;11;8;2022;312;13.6
2022-11-09;10.4;17.8;11;9;2022;313;14.1
2022-11-10;7.8;18.2;11;10;2022;314;13.0
2022-11-11;5.9;17.9;11;11;2022;315;11.9
2022-11-12;13.3;21.9;11;12;2022;316;17.6
2022-11-13;10.6;20.9;11;13;2022;317;15.8
2022-11-14;9.6;19.3;11;14;2022;318;14.4
2022-11-15;13.1;17.5;11;15;2022;319;15.3
2022-11-16;11.4;15.8;11;16;2022;320;13.6
2022-11-17;12.0;19.2;11;17;2022;321;15.6
2022-11-18;7.6;14.8;11;18;2022;322;11.2
2022-11-19;4.0;12.8;11;19;2022;323;8.4
2022-11-20;7.2;17.2;11;20;2022;324;12.2
2022-11-21;8.2;17.0;11;21;2022;325;12.6
2022-11-22;6.7;15.3;11;22;2022;326;11.0
2022-11-23;12.2;17.4;11;23;2022;327;14.8
2022-11-24;9.1;19.8;11;24;2022;328;14.4
2022-11-25;5.7;15.8;11;25;2022;329;10.8
2022-11-26;2.0;16.9;11;26;2022;330;9.4
2022-11-27;1.6;16.7;11;27;2022;331;9.2
2022-11-28;5.0;14.4;11;28;2022;332;9.7
2022-11-29;1.5;14.2;11;29;2022;333;7.8
2022-11-30;0.9;14.3;11;30;2022;334;7.6
2022-12-01;3.4;14.7;12;1;2022;335;9.0
2022-12-02;2.0;12.7;12;2;2022;336;7.4
2022-12-03;-0.2;13.3;12;3;2022;337;6.6
2022-12-04;5.0;10.2;12;4;2022;338;7.6
2022-12-05;5.0;10.9;12;5;2022;339;8.0
2022-12-06;9.3;13.7;12;6;2022;340;11.5
2022-12-07;8.8;14.1;12;7;2022;341;11.4
2022-12-08;8.7;15.8;12;8;2022;342;12.2
2022-12-09;9.2;13.1;12;9;2022;343;11.2
2022-12-10;9.0;13.3;12;10;2022;344;11.2
2022-12-11;7.6;11.4;12;11;2022;345;9.5
2022-12-12;9.4;17.1;12;12;2022;346;13.2
2022-12-13;13.5;16.1;12;13;2022;347;14.8
2022-12-14;10.0;19.0;12;14;2022;348;14.5
2022-12-15;8.4;13.7;12;15;2022;349;11.0
2022-12-16;6.9;11.7;12;16;2022;350;9.3
2022-12-17;7.6;14.3;12;17;2022;351;11.0
2022-12-18;3.2;11.9;12;18;2022;352;7.6
2022-12-19;3.1;14.1;12;19;2022;353;8.6
2022-12-20;4.1;14.0;12;20;2022;354;9.0
2022-12-21;9.8;15.8;12;21;2022;355;12.8
2022-12-22;10.4;15.8;12;22;2022;356;13.1
2022-12-23;9.6;14.6;12;23;2022;357;12.1
2022-12-24;6.9;10.0;12;24;2022;358;8.4
2022-12-25;5.3;19.6;12;25;2022;359;12.4
2022-12-26;4.8;18.5;12;26;2022;360;11.6
2022-12-27;3.0;16.8;12;27;2022;361;9.9
2022-12-28;1.1;16.0;12;28;2022;362;8.6
2022-12-29;7.2;15.2;12;29;2022;363;11.2
2022-12-30;8.3;17.2;12;30;2022;364;12.8
2022-12-31;2.9;16.6;12;31;2022;365;9.8
2023-01-01;6.8;16.0;1;1;2023;1;11.4
2023-01-02;7.9;14.5;1;2;2023;2;11.2
2023-01-03;3.8;12.1;1;3;2023;3;8.0
2023-01-04;1.5;11.9;1;4;2023;4;6.7
2023-01-05;-1.6;14.7;1;5;2023;5;6.6
2023-01-06;-1.4;13.3;1;6;2023;6;6.0
2023-01-07;2.1;12.4;1;7;2023;7;7.2
2023-01-08;10.7;15.9;1;8;2023;8;13.3
2023-01-09;7.6;15.8;1;9;2023;9;11.7
2023-01-10;3.4;14.1;1;10;2023;10;8.8
2023-01-11;5.9;13.6;1;11;2023;11;9.8
2023-01-12;1.9;9.3;1;12;2023;12;5.6
2023-01-13;1.3;10.3;1;13;2023;13;5.8
2023-01-14;0.0;8.9;1;14;2023;14;4.4
2023-01-15;0.7;10.6;1;15;2023;15;5.6
2023-01-16;3.7;12.6;1;16;2023;16;8.2
2023-01-17;5.9;12.7;1;17;2023;17;9.3
2023-01-18;2.0;10.4;1;18;2023;18;6.2
2023-01-19;0.5;10.3;1;19;2023;19;5.4
2023-01-20;9.0;15.5;1;20;2023;20;12.2
2023-01-21;1.7;12.7;1;21;2023;21;7.2
2023-01-22;-1.8;10.4;1;22;2023;22;4.3
2023-01-23;-1.9;9.6;1;23;2023;23;3.8
2023-01-24;-2.9;7.4;1;24;2023;24;2.2
2023-01-25;-3.8;10.7;1;25;2023;25;3.4
2023-01-26;0.3;11.0;1;26;2023;26;5.6
2023-01-27;-1.0;10.6;1;27;2023;27;4.8
2023-01-28;-2.9;11.6;1;28;2023;28;4.4
2023-01-29;-2.4;8.9;1;29;2023;29;3.2
2023-01-30;-3.3;11.0;1;30;2023;30;3.8
2023-01-31;-4.8;13.3;1;31;2023;31;4.2
2023-02-01;-2.9;12.3;2;1;2023;32;4.7
2023-02-02;-2.8;15.0;2;2;2023;33;6.1
2023-02-03;-1.7;17.4;2;3;2023;34;7.8
2023-02-04;-1.7;18.5;2;4;2023;35;8.4
2023-02-05;-0.9;17.8;2;5;2023;36;8.4
2023-02-06;-1.1;14.3;2;6;2023;37;6.6
2023-02-07;0.9;9.1;2;7;2023;38;5.0
2023-02-08;1.7;11.2;2;8;2023;39;6.4
2023-02-09;3.0;13.4;2;9;2023;40;8.2
2023-02-10;1.0;11.5;2;10;2023;41;6.2
2023-02-11;-0.4;12.9;2;11;2023;42;6.2
2023-02-12;1.1;15.0;2;12;2023;43;8.0
2023-02-13;2.0;14.4;2;13;2023;44;8.2
2023-02-14;5.1;12.9;2;14;2023;45;9.0
2023-02-15;2.3;15.5;2;15;2023;46;8.9
2023-02-16;2.7;16.6;2;16;2023;47;9.6
2023-02-17;1.7;18.6;2;17;2023;48;10.2
2023-02-18;6.9;16.7;2;18;2023;49;11.8
2023-02-19;6.2;20.2;2;19;2023;50;13.2
2023-02-20;7.6;20.1;2;20;2023;51;13.8
2023-02-21;7.8;20.3;2;21;2023;52;14.0
2023-02-22;7.0;18.4;2;22;2023;53;12.7
2023-02-23;2.3;12.0;2;23;2023;54;7.2
2023-02-24;-2.1;12.2;2;24;2023;55;5.0
2023-02-25;-0.9;11.8;2;25;2023;56;5.4
2023-02-26;0.4;12.7;2;26;2023;57;6.6
2023-02-27;-2.0;8.4;2;27;2023;58;3.2
2023-02-28;-2.6;11.3;2;28;2023;59;4.4
2023-03-01;-3.2;9.2;3;1;2023;60;3.0
2023-03-02;-2.4;12.4;3;2;2023;61;5.0
2023-03-03;-2.4;15.9;3;3;2023;62;6.8
2023-03-04;-0.7;16.1;3;4;2023;63;7.7
2023-03-05;0.1;11.3;3;5;2023;64;5.7
2023-03-06;5.8;15.2;3;6;2023;65;10.5
2023-03-07;8.7;16.1;3;7;2023;66;12.4
2023-03-08;10.7;19.6;3;8;2023;67;15.2
2023-03-09;13.6;20.7;3;9;2023;68;17.2
2023-03-10;9.2;20.3;3;10;2023;69;14.8
2023-03-11;9.7;21.5;3;11;2023;70;15.6
2023-03-12;9.4;24.6;3;12;2023;71;17.0
2023-03-13;9.4;23.2;3;13;2023;72;16.3
2023-03-14;5.8;18.9;3;14;2023;73;12.4
2023-03-15;3.9;23.8;3;15;2023;74;13.8
2023-03-16;4.5;26.1;3;16;2023;75;15.3
2023-03-17;10.1;18.7;3;17;2023;76;14.4
2023-03-18;6.8;18.0;3;18;2023;77;12.4
2023-03-19;7.5;20.2;3;19;2023;78;13.8
2023-03-20;3.5;22.3;3;20;2023;79;12.9
2023-03-21;5.8;23.3;3;21;2023;80;14.6
2023-03-22;7.0;24.5;3;22;2023;81;15.8
2023-03-23;8.6;24.5;3;23;2023;82;16.6
2023-03-24;10.0;19.9;3;24;2023;83;15.0
2023-03-25;9.9;23.2;3;25;2023;84;16.6
2023-03-26;10.1;22.9;3;26;2023;85;16.5
2023-03-27;5.7;23.0;3;27;2023;86;14.4
2023-03-28;5.5;26.6;3;28;2023;87;16.0
2023-03-29;7.4;28.0;3;29;2023;88;17.7
2023-03-30;13.8;24.3;3;30;2023;89;19.0
2023-03-31;10.7;22.1;3;31;2023;90;16.4
2023-04-01;9.2;22.1;4;1;2023;91;15.6
2023-04-02;5.9;20.9;4;2;2023;92;13.4
2023-04-03;3.9;20.9;4;3;2023;93;12.4
2023-04-04;6.6;22.3;4;4;2023;94;14.4
2023-04-05;4.7;23.8;4;5;2023;95;14.2
2023-04-06;6.2;25.5;4;6;2023;96;15.8
2023-04-07;7.7;26.9;4;7;2023;97;17.3
2023-04-08;7.7;28.1;4;8;2023;98;17.9
2023-04-09;8.8;28.6;4;9;2023;99;18.7
2023-04-10;13.2;28.4;4;10;2023;100;20.8
2023-04-11;12.2;28.1;4;11;2023;101;20.2
2023-04-12;10.4;20.8;4;12;2023;102;15.6
2023-04-13;6.6;20.0;4;13;2023;103;13.3
2023-04-14;6.0;22.3;4;14;2023;104;14.2
2023-04-15;9.7;25.7;4;15;2023;105;17.7
2023-04-16;9.7;26.0;4;16;2023;106;17.8
2023-04-17;7.9;27.2;4;17;2023;107;17.6
2023-04-18;7.9;25.7;4;18;2023;108;16.8
2023-04-19;9.8;27.4;4;19;2023;109;18.6
2023-04-20;9.8;28.5;4;20;2023;110;19.2
2023-04-21;12.5;28.0;4;21;2023;111;20.2
2023-04-22;12.0;21.6;4;22;2023;112;16.8
2023-04-23;9.8;25.2;4;23;2023;113;17.5
2023-04-24;12.6;28.1;4;24;2023;114;20.4
2023-04-25;13.9;29.8;4;25;2023;115;21.8
2023-04-26;14.3;31.7;4;26;2023;116;23.0
2023-04-27;13.8;34.5;4;27;2023;117;24.2
2023-04-28;17.3;34.4;4;28;2023;118;25.8
2023-04-29;17.4;28.5;4;29;2023;119;23.0
2023-04-30;14.8;27.8;4;30;2023;120;21.3
2023-05-01;11.7;29.3;5;1;2023;121;20.5
2023-05-02;12.2;30.6;5;2;2023;122;21.4
2023-05-03;15.6;32.8;5;3;2023;123;24.2
2023-05-04;14.8;26.7;5;4;2023;124;20.8
2023-05-05;12.0;29.3;5;5;2023;125;20.6
2023-05-06;12.2;29.1;5;6;2023;126;20.6
2023-05-07;15.2;30.1;5;7;2023;127;22.6
2023-05-08;14.0;31.1;5;8;2023;128;22.6
2023-05-09;17.1;30.0;5;9;2023;129;23.6
2023-05-10;14.1;27.8;5;10;2023;130;21.0
2023-05-11;11.0;25.4;5;11;2023;131;18.2
2023-05-12;9.6;22.3;5;12;2023;132;16.0
2023-05-13;7.3;23.2;5;13;2023;133;15.2
2023-05-14;9.1;23.7;5;14;2023;134;16.4
2023-05-15;9.7;25.3;5;15;2023;135;17.5
2023-05-16;7.9;25.2;5;16;2023;136;16.6
2023-05-17;9.0;25.1;5;17;2023;137;17.0
2023-05-18;10.4;24.3;5;18;2023;138;17.4
2023-05-19;9.8;23.8;5;19;2023;139;16.8
2023-05-20;8.1;23.2;5;20;2023;140;15.6
2023-05-21;12.6;25.3;5;21;2023;141;19.0
2023-05-22;14.2;25.6;5;22;2023;142;19.9
2023-05-23;13.1;24.8;5;23;2023;143;19.0
2023-05-24;14.4;25.0;5;24;2023;144;19.7
2023-05-25;13.1;27.6;5;25;2023;145;20.4
2023-05-26;13.3;23.4;5;26;2023;146;18.4
2023-05-27;13.7;21.8;5;27;2023;147;17.8
2023-05-28;13.8;22.2;5;28;2023;148;18.0
2023-05-29;14.5;21.2;5;29;2023;149;17.8
2023-05-30;15.1;22.4;5;30;2023;150;18.8
2023-05-31;13.6;24.9;5;31;2023;151;19.2
2023-06-01;15.3;25.6;6;1;2023;152;20.4
2023-06-02;14.9;25.4;6;2;2023;153;20.2
2023-06-03;13.5;28.4;6;3;2023;154;21.0
2023-06-04;15.9;28.3;6;4;2023;155;22.1
2023-06-05;15.8;29.0;6;5;2023;156;22.4
2023-06-06;14.9;30.9;6;6;2023;157;22.9
2023-06-07;17.4;24.2;6;7;2023;158;20.8
2023-06-08;16.9;21.4;6;8;2023;159;19.2
2023-06-09;16.0;26.4;6;9;2023;160;21.2
2023-06-10;16.4;28.3;6;10;2023;161;22.4
2023-06-11;17.8;29.0;6;11;2023;162;23.4
2023-06-12;16.9;30.0;6;12;2023;163;23.4
2023-06-13;16.1;26.0;6;13;2023;164;21.0
2023-06-14;15.3;30.1;6;14;2023;165;22.7
2023-06-15;17.4;32.7;6;15;2023;166;25.0
2023-06-16;18.8;35.4;6;16;2023;167;27.1
2023-06-17;20.3;37.2;6;17;2023;168;28.8
2023-06-18;20.2;33.9;6;18;2023;169;27.0
2023-06-19;21.5;32.9;6;19;2023;170;27.2
2023-06-20;19.3;29.1;6;20;2023;171;24.2
2023-06-21;17.2;31.6;6;21;2023;172;24.4
2023-06-22;15.7;30.6;6;22;2023;173;23.2
2023-06-23;17.9;34.0;6;23;2023;174;26.0
2023-06-24;20.3;36.7;6;24;2023;175;28.5
2023-06-25;21.2;39.9;6;25;2023;176;30.6
2023-06-26;22.2;39.1;6;26;2023;177;30.6
2023-06-27;21.1;37.8;6;27;2023;178;29.4
2023-06-28;22.1;36.7;6;28;2023;179;29.4
2023-06-29;20.9;36.8;6;29;2023;180;28.8
2023-06-30;17.7;32.4;6;30;2023;181;25.0
2023-07-01;18.4;34.1;7;1;2023;182;26.2
2023-07-02;21.0;37.4;7;2;2023;183;29.2
2023-07-03;22.6;37.7;7;3;2023;184;30.2
2023-07-04;21.0;36.1;7;4;2023;185;28.6
2023-07-05;20.7;35.9;7;5;2023;186;28.3
2023-07-06;21.4;36.0;7;6;2023;187;28.7
2023-07-07;21.6;36.9;7;7;2023;188;29.2
2023-07-08;20.0;35.1;7;8;2023;189;27.6
2023-07-09;19.7;37.3;7;9;2023;190;28.5
2023-07-10;21.5;41.5;7;10;2023;191;31.5
2023-07-11;23.9;40.6;7;11;2023;192;32.2
2023-07-12;21.6;34.9;7;12;2023;193;28.2
2023-07-13;21.4;37.2;7;13;2023;194;29.3
2023-07-14;21.5;38.2;7;14;2023;195;29.8
2023-07-15;21.2;33.2;7;15;2023;196;27.2
2023-07-16;18.4;36.8;7;16;2023;197;27.6
2023-07-17;19.5;42.9;7;17;2023;198;31.2
2023-07-18;23.5;41.0;7;18;2023;199;32.2
2023-07-19;26.4;39.9;7;19;2023;200;33.2
2023-07-20;24.4;36.8;7;20;2023;201;30.6
2023-07-21;20.0;33.5;7;21;2023;202;26.8
2023-07-22;18.8;36.0;7;22;2023;203;27.4
2023-07-23;19.1;38.0;7;23;2023;204;28.6
2023-07-24;19.4;32.8;7;24;2023;205;26.1
2023-07-25;17.3;33.3;7;25;2023;206;25.3
2023-07-26;17.9;36.5;7;26;2023;207;27.2
2023-07-27;19.7;35.6;7;27;2023;208;27.6
2023-07-28;20.4;36.1;7;28;2023;209;28.2
2023-07-29;21.1;37.0;7;29;2023;210;29.0
2023-07-30;23.0;38.6;7;30;2023;211;30.8
2023-07-31;22.6;38.4;7;31;2023;212;30.5
2023-08-01;22.8;38.3;8;1;2023;213;30.6
2023-08-02;22.9;36.7;8;2;2023;214;29.8
2023-08-03;21.6;34.3;8;3;2023;215;28.0
2023-08-04;16.4;30.9;8;4;2023;216;23.6
2023-08-05;15.2;36.0;8;5;2023;217;25.6
2023-08-06;19.1;39.1;8;6;2023;218;29.1
2023-08-07;18.7;39.8;8;7;2023;219;29.2
2023-08-08;22.4;40.9;8;8;2023;220;31.6
2023-08-09;25.2;41.2;8;9;2023;221;33.2
2023-08-10;25.3;39.4;8;10;2023;222;32.4
2023-08-11;20.9;40.8;8;11;2023;223;30.8
2023-08-12;23.8;40.2;8;12;2023;224;32.0
2023-08-13;23.5;39.6;8;13;2023;225;31.6
2023-08-14;21.0;37.7;8;14;2023;226;29.4
2023-08-15;20.0;38.6;8;15;2023;227;29.3
2023-08-16;21.0;37.4;8;16;2023;228;29.2
2023-08-17;21.0;37.7;8;17;2023;229;29.4
2023-08-18;21.3;35.4;8;18;2023;230;28.4
2023-08-19;22.4;38.1;8;19;2023;231;30.2
2023-08-20;22.6;40.1;8;20;2023;232;31.4
2023-08-21;24.3;42.1;8;21;2023;233;33.2
2023-08-22;24.7;40.9;8;22;2023;234;32.8
2023-08-23;24.6;40.1;8;23;2023;235;32.4
2023-08-24;22.0;40.9;8;24;2023;236;31.4
2023-08-25;23.8;39.3;8;25;2023;237;31.6
2023-08-26;21.0;34.1;8;26;2023;238;27.6
2023-08-27;16.1;26.9;8;27;2023;239;21.5
2023-08-28;14.9;30.3;8;28;2023;240;22.6
2023-08-29;17.6;31.3;8;29;2023;241;24.4
2023-08-30;16.1;30.8;8;30;2023;242;23.4
2023-08-31;16.1;34.7;8;31;2023;243;25.4
2023-09-01;17.6;34.4;9;1;2023;244;26.0
2023-09-02;16.4;27.4;9;2;2023;245;21.9
2023-09-03;16.0;20.1;9;3;2023;246;18.0
2023-09-04;16.5;26.1;9;4;2023;247;21.3
2023-09-05;16.6;28.4;9;5;2023;248;22.5
2023-09-06;18.8;30.0;9;6;2023;249;24.4
2023-09-07;20.3;31.0;9;7;2023;250;25.6
2023-09-08;19.9;32.2;9;8;2023;251;26.0
2023-09-09;20.4;29.1;9;9;2023;252;24.8
2023-09-10;18.2;31.8;9;10;2023;253;25.0
2023-09-11;19.5;28.1;9;11;2023;254;23.8
2023-09-12;17.6;28.7;9;12;2023;255;23.2
2023-09-13;15.4;30.4;9;13;2023;256;22.9
2023-09-14;19.1;30.0;9;14;2023;257;24.6
2023-09-15;17.7;28.0;9;15;2023;258;22.8
2023-09-16;18.0;24.4;9;16;2023;259;21.2
2023-09-17;16.9;22.5;9;17;2023;260;19.7
2023-09-18;14.7;22.7;9;18;2023;261;18.7
2023-09-19;13.0;26.9;9;19;2023;262;20.0
2023-09-20;14.2;26.7;9;20;2023;263;20.4
2023-09-21;14.8;22.3;9;21;2023;264;18.6
2023-09-22;11.7;23.4;9;22;2023;265;17.6
2023-09-23;11.1;25.5;9;23;2023;266;18.3
2023-09-24;11.3;28.7;9;24;2023;267;20.0
2023-09-25;12.4;30.4;9;25;2023;268;21.4
2023-09-26;15.5;30.6;9;26;2023;269;23.0
2023-09-27;16.4;31.1;9;27;2023;270;23.8
2023-09-28;14.6;31.9;9;28;2023;271;23.2
2023-09-29;14.7;32.8;9;29;2023;272;23.8
2023-09-30;16.8;33.2;9;30;2023;273;25.0
2023-10-01;15.7;34.1;10;1;2023;274;24.9
2023-10-02;15.3;32.7;10;2;2023;275;24.0
2023-10-03;14.1;33.4;10;3;2023;276;23.8
2023-10-04;15.9;32.4;10;4;2023;277;24.2
2023-10-05;15.3;32.8;10;5;2023;278;24.0
2023-10-06;15.0;32.9;10;6;2023;279;24.0
2023-10-07;14.8;33.0;10;7;2023;280;23.9
2023-10-08;13.5;32.3;10;8;2023;281;22.9
2023-10-09;16.3;31.1;10;9;2023;282;23.7
2023-10-10;13.9;30.4;10;10;2023;283;22.2
2023-10-11;11.9;31.0;10;11;2023;284;21.4
2023-10-12;11.6;30.5;10;12;2023;285;21.0
2023-10-13;12.0;28.9;10;13;2023;286;20.4
2023-10-14;15.0;24.4;10;14;2023;287;19.7
2023-10-15;12.4;24.4;10;15;2023;288;18.4
2023-10-16;15.2;23.6;10;16;2023;289;19.4
2023-10-17;17.2;27.8;10;17;2023;290;22.5
2023-10-18;15.8;22.8;10;18;2023;291;19.3
2023-10-19;12.7;21.0;10;19;2023;292;16.8
2023-10-20;11.4;17.5;10;20;2023;293;14.4
2023-10-21;8.1;17.7;10;21;2023;294;12.9
2023-10-22;10.1;15.9;10;22;2023;295;13.0
2023-10-23;11.4;17.6;10;23;2023;296;14.5
2023-10-24;9.2;15.8;10;24;2023;297;12.5
2023-10-25;12.4;19.7;10;25;2023;298;16.0
2023-10-26;12.3;21.4;10;26;2023;299;16.8
2023-10-27;9.9;17.6;10;27;2023;300;13.8
2023-10-28;12.2;19.8;10;28;2023;301;16.0
2023-10-29;14.1;19.7;10;29;2023;302;16.9
2023-10-30;9.4;16.3;10;30;2023;303;12.8
2023-10-31;8.2;15.2;10;31;2023;304;11.7
2023-11-01;8.6;18.3;11;1;2023;305;13.4
2023-11-02;8.5;18.2;11;2;2023;306;13.4
2023-11-03;8.5;15.0;11;3;2023;307;11.8
2023-11-04;11.4;18.8;11;4;2023;308;15.1
2023-11-05;9.0;16.0;11;5;2023;309;12.5
2023-11-06;6.3;15.3;11;6;2023;310;10.8
2023-11-07;3.4;13.3;11;7;2023;311;8.4
2023-11-08;5.4;15.5;11;8;2023;312;10.4
2023-11-09;10.1;17.9;11;9;2023;313;14.0
2023-11-10;7.1;16.7;11;10;2023;314;11.9
2023-11-11;13.7;18.9;11;11;2023;315;16.3
2023-11-12;13.5;20.4;11;12;2023;316;17.0
2023-11-13;12.9;21.2;11;13;2023;317;17.0
2023-11-14;8.4;20.9;11;14;2023;318;14.6
2023-11-15;9.8;14.5;11;15;2023;319;12.2
2023-11-16;9.1;17.8;11;16;2023;320;13.4
2023-11-17;9.9;17.3;11;17;2023;321;13.6
2023-11-18;7.6;19.7;11;18;2023;322;13.6
2023-11-19;5.6;20.8;11;19;2023;323;13.2
2023-11-20;5.5;19.7;11;20;2023;324;12.6
2023-11-21;5.6;15.4;11;21;2023;325;10.5
2023-11-22;3.8;16.2;11;22;2023;326;10.0
2023-11-23;1.6;15.0;11;23;2023;327;8.3
2023-11-24;0.3;16.6;11;24;2023;328;8.4
2023-11-25;1.1;18.8;11;25;2023;329;10.0
2023-11-26;2.0;16.8;11;26;2023;330;9.4
2023-11-27;6.1;14.2;11;27;2023;331;10.2
2023-11-28;8.1;15.4;11;28;2023;332;11.8
2023-11-29;11.6;16.8;11;29;2023;333;14.2
2023-11-30;12.5;19.8;11;30;2023;334;16.2
2023-12-01;5.5;16.2;12;1;2023;335;10.8
2023-12-02;3.2;12.2;12;2;2023;336;7.7
2023-12-03;-0.3;9.8;12;3;2023;337;4.8
2023-12-04;6.6;12.8;12;4;2023;338;9.7
2023-12-05;3.7;9.5;12;5;2023;339;6.6
2023-12-06;3.8;11.2;12;6;2023;340;7.5
2023-12-07;3.8;10.9;12;7;2023;341;7.4
2023-12-08;7.2;14.2;12;8;2023;342;10.7
2023-12-09;7.0;14.2;12;9;2023;343;10.6
2023-12-10;10.7;14.7;12;10;2023;344;12.7
2023-12-11;8.5;15.2;12;11;2023;345;11.8
2023-12-12;5.8;16.9;12;12;2023;346;11.4
2023-12-13;5.2;14.2;12;13;2023;347;9.7
2023-12-14;3.3;13.8;12;14;2023;348;8.6
2023-12-15;2.1;15.2;12;15;2023;349;8.6
2023-12-16;1.2;12.1;12;16;2023;350;6.6
2023-12-17;-0.4;13.1;12;17;2023;351;6.4
2023-12-18;-0.5;14.6;12;18;2023;352;7.0
2023-12-19;-1.6;13.3;12;19;2023;353;5.8
2023-12-20;0.2;14.3;12;20;2023;354;7.2
2023-12-21;1.9;14.6;12;21;2023;355;8.2
2023-12-22;0.7;15.4;12;22;2023;356;8.0
2023-12-23;-0.6;15.5;12;23;2023;357;7.4
2023-12-24;-1.7;14.2;12;24;2023;358;6.2
2023-12-25;-1.6;12.6;12;25;2023;359;5.5
2023-12-26;-2.0;3.6;12;26;2023;360;0.8
2023-12-27;-2.4;3.3;12;27;2023;361;0.4
2023-12-28;-1.9;5.9;12;28;2023;362;2.0
2023-12-29;2.3;8.3;12;29;2023;363;5.3
2023-12-30;-1.4;14.1;12;30;2023;364;6.4
2023-12-31;4.5;10.6;12;31;2023;365;7.6
